niche_id,tool,domain,meta_lookup_url,meta_active_ads,meta_ads_60d,meta_ads_120d,meta_platforms,meta_cta,google_lookup_url,google_advertiser_page_url,google_ad_count,google_formats,google_overlap_90d_pass,linkedin_lookup_url,linkedin_present,linkedin_date_ranges,headcount_bonus,headcount_bonus_evidence_url,direct_response_cta,verified_score,pending_signals,notes
46,GorillaDesk,gorilladesk.com,https://www.facebook.com/ads/library/?active_status=active&ad_type=all&country=US&q=GorillaDesk&search_type=keyword_unordered&media_type=all,unverified (host blocked),unverified (host blocked),unverified (host blocked),unverified (host blocked),unverified (host blocked),https://adstransparency.google.com/?region=US&domain=gorilladesk.com,unverified (host blocked),unverified (host blocked),unverified (host blocked),unverified (host blocked),https://www.linkedin.com/ad-library/search?keyword=GorillaDesk,unverified (host blocked),unverified (host blocked),2,https://www.zoominfo.com/c/gorilladesk-llc/363455027,unverified (host blocked),2,"Meta +3, Google +3, LinkedIn +1, CTA +1 pending audit",headcount_bonus=2 only where a result showed <50 employees or bootstrapped (URL in evidence column).
46,WildPipe,wildpipe.com,https://www.facebook.com/ads/library/?active_status=active&ad_type=all&country=US&q=WildPipe&search_type=keyword_unordered&media_type=all,unverified (host blocked),unverified (host blocked),unverified (host blocked),unverified (host blocked),unverified (host blocked),https://adstransparency.google.com/?region=US&domain=wildpipe.com,unverified (host blocked),unverified (host blocked),unverified (host blocked),unverified (host blocked),https://www.linkedin.com/ad-library/search?keyword=WildPipe,unverified (host blocked),unverified (host blocked),0,n/a,unverified (host blocked),0,"Meta +3, Google +3, LinkedIn +1, CTA +1 pending audit",headcount_bonus=2 only where a result showed <50 employees or bootstrapped (URL in evidence column).
46,Pocomos,pocomos.com,https://www.facebook.com/ads/library/?active_status=active&ad_type=all&country=US&q=Pocomos&search_type=keyword_unordered&media_type=all,unverified (host blocked),unverified (host blocked),unverified (host blocked),unverified (host blocked),unverified (host blocked),https://adstransparency.google.com/?region=US&domain=pocomos.com,unverified (host blocked),unverified (host blocked),unverified (host blocked),unverified (host blocked),https://www.linkedin.com/ad-library/search?keyword=Pocomos,unverified (host blocked),unverified (host blocked),2,https://rocketreach.co/pocomos-pest-control-software-profile_b5ec8df2f42e7c0e,unverified (host blocked),2,"Meta +3, Google +3, LinkedIn +1, CTA +1 pending audit",headcount_bonus=2 only where a result showed <50 employees or bootstrapped (URL in evidence column).
46,QuoteIQ,myquoteiq.com,https://www.facebook.com/ads/library/?active_status=active&ad_type=all&country=US&q=QuoteIQ&search_type=keyword_unordered&media_type=all,unverified (host blocked),unverified (host blocked),unverified (host blocked),unverified (host blocked),unverified (host blocked),https://adstransparency.google.com/?region=US&domain=myquoteiq.com,unverified (host blocked),unverified (host blocked),unverified (host blocked),unverified (host blocked),https://www.linkedin.com/ad-library/search?keyword=QuoteIQ,unverified (host blocked),unverified (host blocked),0,n/a,unverified (host blocked),0,"Meta +3, Google +3, LinkedIn +1, CTA +1 pending audit",headcount_bonus=2 only where a result showed <50 employees or bootstrapped (URL in evidence column).
46,FieldRoutes,fieldroutes.com,https://www.facebook.com/ads/library/?active_status=active&ad_type=all&country=US&q=FieldRoutes&search_type=keyword_unordered&media_type=all,unverified (host blocked),unverified (host blocked),unverified (host blocked),unverified (host blocked),unverified (host blocked),https://adstransparency.google.com/?region=US&domain=fieldroutes.com,unverified (host blocked),unverified (host blocked),unverified (host blocked),unverified (host blocked),https://www.linkedin.com/ad-library/search?keyword=FieldRoutes,unverified (host blocked),unverified (host blocked),0,n/a,unverified (host blocked),0,"Meta +3, Google +3, LinkedIn +1, CTA +1 pending audit",headcount_bonus=2 only where a result showed <50 employees or bootstrapped (URL in evidence column).
46,PestPac (WorkWave),pestpac.com,https://www.facebook.com/ads/library/?active_status=active&ad_type=all&country=US&q=PestPac%20%28WorkWave%29&search_type=keyword_unordered&media_type=all,unverified (host blocked),unverified (host blocked),unverified (host blocked),unverified (host blocked),unverified (host blocked),https://adstransparency.google.com/?region=US&domain=pestpac.com,unverified (host blocked),unverified (host blocked),unverified (host blocked),unverified (host blocked),https://www.linkedin.com/ad-library/search?keyword=PestPac%20%28WorkWave%29,unverified (host blocked),unverified (host blocked),0,n/a,unverified (host blocked),0,"Meta +3, Google +3, LinkedIn +1, CTA +1 pending audit",headcount_bonus=2 only where a result showed <50 employees or bootstrapped (URL in evidence column).
46,Briostack,briostack.com,https://www.facebook.com/ads/library/?active_status=active&ad_type=all&country=US&q=Briostack&search_type=keyword_unordered&media_type=all,unverified (host blocked),unverified (host blocked),unverified (host blocked),unverified (host blocked),unverified (host blocked),https://adstransparency.google.com/?region=US&domain=briostack.com,unverified (host blocked),unverified (host blocked),unverified (host blocked),unverified (host blocked),https://www.linkedin.com/ad-library/search?keyword=Briostack,unverified (host blocked),unverified (host blocked),0,n/a,unverified (host blocked),0,"Meta +3, Google +3, LinkedIn +1, CTA +1 pending audit",headcount_bonus=2 only where a result showed <50 employees or bootstrapped (URL in evidence column).
46,Deelo,deelo.ai,https://www.facebook.com/ads/library/?active_status=active&ad_type=all&country=US&q=Deelo&search_type=keyword_unordered&media_type=all,unverified (host blocked),unverified (host blocked),unverified (host blocked),unverified (host blocked),unverified (host blocked),https://adstransparency.google.com/?region=US&domain=deelo.ai,unverified (host blocked),unverified (host blocked),unverified (host blocked),unverified (host blocked),https://www.linkedin.com/ad-library/search?keyword=Deelo,unverified (host blocked),unverified (host blocked),0,n/a,unverified (host blocked),0,"Meta +3, Google +3, LinkedIn +1, CTA +1 pending audit",headcount_bonus=2 only where a result showed <50 employees or bootstrapped (URL in evidence column).
46,Smart Service,smartservice.com,https://www.facebook.com/ads/library/?active_status=active&ad_type=all&country=US&q=Smart%20Service&search_type=keyword_unordered&media_type=all,unverified (host blocked),unverified (host blocked),unverified (host blocked),unverified (host blocked),unverified (host blocked),https://adstransparency.google.com/?region=US&domain=smartservice.com,unverified (host blocked),unverified (host blocked),unverified (host blocked),unverified (host blocked),https://www.linkedin.com/ad-library/search?keyword=Smart%20Service,unverified (host blocked),unverified (host blocked),0,n/a,unverified (host blocked),0,"Meta +3, Google +3, LinkedIn +1, CTA +1 pending audit",headcount_bonus=2 only where a result showed <50 employees or bootstrapped (URL in evidence column).
63,CROSStrax,crosstrax.co,https://www.facebook.com/ads/library/?active_status=active&ad_type=all&country=US&q=CROSStrax&search_type=keyword_unordered&media_type=all,unverified (host blocked),unverified (host blocked),unverified (host blocked),unverified (host blocked),unverified (host blocked),https://adstransparency.google.com/?region=US&domain=crosstrax.co,unverified (host blocked),unverified (host blocked),unverified (host blocked),unverified (host blocked),https://www.linkedin.com/ad-library/search?keyword=CROSStrax,unverified (host blocked),unverified (host blocked),0,n/a,unverified (host blocked),0,"Meta +3, Google +3, LinkedIn +1, CTA +1 pending audit",headcount_bonus=2 only where a result showed <50 employees or bootstrapped (URL in evidence column).
63,Trackops,trackops.com,https://www.facebook.com/ads/library/?active_status=active&ad_type=all&country=US&q=Trackops&search_type=keyword_unordered&media_type=all,unverified (host blocked),unverified (host blocked),unverified (host blocked),unverified (host blocked),unverified (host blocked),https://adstransparency.google.com/?region=US&domain=trackops.com,unverified (host blocked),unverified (host blocked),unverified (host blocked),unverified (host blocked),https://www.linkedin.com/ad-library/search?keyword=Trackops,unverified (host blocked),unverified (host blocked),2,https://www.linkedin.com/company/trackops-llc,unverified (host blocked),2,"Meta +3, Google +3, LinkedIn +1, CTA +1 pending audit",headcount_bonus=2 only where a result showed <50 employees or bootstrapped (URL in evidence column).
63,Kaseware,kaseware.com,https://www.facebook.com/ads/library/?active_status=active&ad_type=all&country=US&q=Kaseware&search_type=keyword_unordered&media_type=all,unverified (host blocked),unverified (host blocked),unverified (host blocked),unverified (host blocked),unverified (host blocked),https://adstransparency.google.com/?region=US&domain=kaseware.com,unverified (host blocked),unverified (host blocked),unverified (host blocked),unverified (host blocked),https://www.linkedin.com/ad-library/search?keyword=Kaseware,unverified (host blocked),unverified (host blocked),0,n/a,unverified (host blocked),0,"Meta +3, Google +3, LinkedIn +1, CTA +1 pending audit",headcount_bonus=2 only where a result showed <50 employees or bootstrapped (URL in evidence column).
63,THERMS,therms.io,https://www.facebook.com/ads/library/?active_status=active&ad_type=all&country=US&q=THERMS&search_type=keyword_unordered&media_type=all,unverified (host blocked),unverified (host blocked),unverified (host blocked),unverified (host blocked),unverified (host blocked),https://adstransparency.google.com/?region=US&domain=therms.io,unverified (host blocked),unverified (host blocked),unverified (host blocked),unverified (host blocked),https://www.linkedin.com/ad-library/search?keyword=THERMS,unverified (host blocked),unverified (host blocked),0,n/a,unverified (host blocked),0,"Meta +3, Google +3, LinkedIn +1, CTA +1 pending audit",headcount_bonus=2 only where a result showed <50 employees or bootstrapped (URL in evidence column).
63,Case Jacket,casejacket.com,https://www.facebook.com/ads/library/?active_status=active&ad_type=all&country=US&q=Case%20Jacket&search_type=keyword_unordered&media_type=all,unverified (host blocked),unverified (host blocked),unverified (host blocked),unverified (host blocked),unverified (host blocked),https://adstransparency.google.com/?region=US&domain=casejacket.com,unverified (host blocked),unverified (host blocked),unverified (host blocked),unverified (host blocked),https://www.linkedin.com/ad-library/search?keyword=Case%20Jacket,unverified (host blocked),unverified (host blocked),0,n/a,unverified (host blocked),0,"Meta +3, Google +3, LinkedIn +1, CTA +1 pending audit",headcount_bonus=2 only where a result showed <50 employees or bootstrapped (URL in evidence column).
63,CaseFlow Investigator,caseflowinvestigator.com,https://www.facebook.com/ads/library/?active_status=active&ad_type=all&country=US&q=CaseFlow%20Investigator&search_type=keyword_unordered&media_type=all,unverified (host blocked),unverified (host blocked),unverified (host blocked),unverified (host blocked),unverified (host blocked),https://adstransparency.google.com/?region=US&domain=caseflowinvestigator.com,unverified (host blocked),unverified (host blocked),unverified (host blocked),unverified (host blocked),https://www.linkedin.com/ad-library/search?keyword=CaseFlow%20Investigator,unverified (host blocked),unverified (host blocked),0,n/a,unverified (host blocked),0,"Meta +3, Google +3, LinkedIn +1, CTA +1 pending audit",headcount_bonus=2 only where a result showed <50 employees or bootstrapped (URL in evidence column).
63,Deelo,deelo.ai,https://www.facebook.com/ads/library/?active_status=active&ad_type=all&country=US&q=Deelo&search_type=keyword_unordered&media_type=all,unverified (host blocked),unverified (host blocked),unverified (host blocked),unverified (host blocked),unverified (host blocked),https://adstransparency.google.com/?region=US&domain=deelo.ai,unverified (host blocked),unverified (host blocked),unverified (host blocked),unverified (host blocked),https://www.linkedin.com/ad-library/search?keyword=Deelo,unverified (host blocked),unverified (host blocked),0,n/a,unverified (host blocked),0,"Meta +3, Google +3, LinkedIn +1, CTA +1 pending audit",headcount_bonus=2 only where a result showed <50 employees or bootstrapped (URL in evidence column).
63,Tracers,tracers.com,https://www.facebook.com/ads/library/?active_status=active&ad_type=all&country=US&q=Tracers&search_type=keyword_unordered&media_type=all,unverified (host blocked),unverified (host blocked),unverified (host blocked),unverified (host blocked),unverified (host blocked),https://adstransparency.google.com/?region=US&domain=tracers.com,unverified (host blocked),unverified (host blocked),unverified (host blocked),unverified (host blocked),https://www.linkedin.com/ad-library/search?keyword=Tracers,unverified (host blocked),unverified (host blocked),0,n/a,unverified (host blocked),0,"Meta +3, Google +3, LinkedIn +1, CTA +1 pending audit",headcount_bonus=2 only where a result showed <50 employees or bootstrapped (URL in evidence column).
72,TaxDome,taxdome.com,https://www.facebook.com/ads/library/?active_status=active&ad_type=all&country=US&q=TaxDome&search_type=keyword_unordered&media_type=all,unverified (host blocked),unverified (host blocked),unverified (host blocked),unverified (host blocked),unverified (host blocked),https://adstransparency.google.com/?region=US&domain=taxdome.com,unverified (host blocked),unverified (host blocked),unverified (host blocked),unverified (host blocked),https://www.linkedin.com/ad-library/search?keyword=TaxDome,unverified (host blocked),unverified (host blocked),2,https://www.linkedin.com/posts/taxdome_did-you-know-taxdome-is-bootstrapped-since-activity-7419770955696332800-JsDp,unverified (host blocked),2,"Meta +3, Google +3, LinkedIn +1, CTA +1 pending audit",headcount_bonus=2 only where a result showed <50 employees or bootstrapped (URL in evidence column).
72,Canopy,getcanopy.com,https://www.facebook.com/ads/library/?active_status=active&ad_type=all&country=US&q=Canopy&search_type=keyword_unordered&media_type=all,unverified (host blocked),unverified (host blocked),unverified (host blocked),unverified (host blocked),unverified (host blocked),https://adstransparency.google.com/?region=US&domain=getcanopy.com,unverified (host blocked),unverified (host blocked),unverified (host blocked),unverified (host blocked),https://www.linkedin.com/ad-library/search?keyword=Canopy,unverified (host blocked),unverified (host blocked),0,n/a,unverified (host blocked),0,"Meta +3, Google +3, LinkedIn +1, CTA +1 pending audit",headcount_bonus=2 only where a result showed <50 employees or bootstrapped (URL in evidence column).
72,Taxaroo,taxaroo.com,https://www.facebook.com/ads/library/?active_status=active&ad_type=all&country=US&q=Taxaroo&search_type=keyword_unordered&media_type=all,unverified (host blocked),unverified (host blocked),unverified (host blocked),unverified (host blocked),unverified (host blocked),https://adstransparency.google.com/?region=US&domain=taxaroo.com,unverified (host blocked),unverified (host blocked),unverified (host blocked),unverified (host blocked),https://www.linkedin.com/ad-library/search?keyword=Taxaroo,unverified (host blocked),unverified (host blocked),2,https://www.linkedin.com/company/taxaroo,unverified (host blocked),2,"Meta +3, Google +3, LinkedIn +1, CTA +1 pending audit",headcount_bonus=2 only where a result showed <50 employees or bootstrapped (URL in evidence column).
72,Conecta CRM,holaconecta.com,https://www.facebook.com/ads/library/?active_status=active&ad_type=all&country=US&q=Conecta%20CRM&search_type=keyword_unordered&media_type=all,unverified (host blocked),unverified (host blocked),unverified (host blocked),unverified (host blocked),unverified (host blocked),https://adstransparency.google.com/?region=US&domain=holaconecta.com,unverified (host blocked),unverified (host blocked),unverified (host blocked),unverified (host blocked),https://www.linkedin.com/ad-library/search?keyword=Conecta%20CRM,unverified (host blocked),unverified (host blocked),0,n/a,unverified (host blocked),0,"Meta +3, Google +3, LinkedIn +1, CTA +1 pending audit",headcount_bonus=2 only where a result showed <50 employees or bootstrapped (URL in evidence column).
72,ProClient,proclient.com,https://www.facebook.com/ads/library/?active_status=active&ad_type=all&country=US&q=ProClient&search_type=keyword_unordered&media_type=all,unverified (host blocked),unverified (host blocked),unverified (host blocked),unverified (host blocked),unverified (host blocked),https://adstransparency.google.com/?region=US&domain=proclient.com,unverified (host blocked),unverified (host blocked),unverified (host blocked),unverified (host blocked),https://www.linkedin.com/ad-library/search?keyword=ProClient,unverified (host blocked),unverified (host blocked),0,n/a,unverified (host blocked),0,"Meta +3, Google +3, LinkedIn +1, CTA +1 pending audit",headcount_bonus=2 only where a result showed <50 employees or bootstrapped (URL in evidence column).
72,EZnet Scheduler,eznetscheduler.com,https://www.facebook.com/ads/library/?active_status=active&ad_type=all&country=US&q=EZnet%20Scheduler&search_type=keyword_unordered&media_type=all,unverified (host blocked),unverified (host blocked),unverified (host blocked),unverified (host blocked),unverified (host blocked),https://adstransparency.google.com/?region=US&domain=eznetscheduler.com,unverified (host blocked),unverified (host blocked),unverified (host blocked),unverified (host blocked),https://www.linkedin.com/ad-library/search?keyword=EZnet%20Scheduler,unverified (host blocked),unverified (host blocked),0,n/a,unverified (host blocked),0,"Meta +3, Google +3, LinkedIn +1, CTA +1 pending audit",headcount_bonus=2 only where a result showed <50 employees or bootstrapped (URL in evidence column).
72,Bookedin,bookedin.com,https://www.facebook.com/ads/library/?active_status=active&ad_type=all&country=US&q=Bookedin&search_type=keyword_unordered&media_type=all,unverified (host blocked),unverified (host blocked),unverified (host blocked),unverified (host blocked),unverified (host blocked),https://adstransparency.google.com/?region=US&domain=bookedin.com,unverified (host blocked),unverified (host blocked),unverified (host blocked),unverified (host blocked),https://www.linkedin.com/ad-library/search?keyword=Bookedin,unverified (host blocked),unverified (host blocked),0,n/a,unverified (host blocked),0,"Meta +3, Google +3, LinkedIn +1, CTA +1 pending audit",headcount_bonus=2 only where a result showed <50 employees or bootstrapped (URL in evidence column).
72,SuiteDash,suitedash.com,https://www.facebook.com/ads/library/?active_status=active&ad_type=all&country=US&q=SuiteDash&search_type=keyword_unordered&media_type=all,unverified (host blocked),unverified (host blocked),unverified (host blocked),unverified (host blocked),unverified (host blocked),https://adstransparency.google.com/?region=US&domain=suitedash.com,unverified (host blocked),unverified (host blocked),unverified (host blocked),unverified (host blocked),https://www.linkedin.com/ad-library/search?keyword=SuiteDash,unverified (host blocked),unverified (host blocked),0,n/a,unverified (host blocked),0,"Meta +3, Google +3, LinkedIn +1, CTA +1 pending audit",headcount_bonus=2 only where a result showed <50 employees or bootstrapped (URL in evidence column).
79,Qualia,qualia.com,https://www.facebook.com/ads/library/?active_status=active&ad_type=all&country=US&q=Qualia&search_type=keyword_unordered&media_type=all,unverified (host blocked),unverified (host blocked),unverified (host blocked),unverified (host blocked),unverified (host blocked),https://adstransparency.google.com/?region=US&domain=qualia.com,unverified (host blocked),unverified (host blocked),unverified (host blocked),unverified (host blocked),https://www.linkedin.com/ad-library/search?keyword=Qualia,unverified (host blocked),unverified (host blocked),0,n/a,unverified (host blocked),0,"Meta +3, Google +3, LinkedIn +1, CTA +1 pending audit",headcount_bonus=2 only where a result showed <50 employees or bootstrapped (URL in evidence column).
79,SoftPro,softprocorp.com,https://www.facebook.com/ads/library/?active_status=active&ad_type=all&country=US&q=SoftPro&search_type=keyword_unordered&media_type=all,unverified (host blocked),unverified (host blocked),unverified (host blocked),unverified (host blocked),unverified (host blocked),https://adstransparency.google.com/?region=US&domain=softprocorp.com,unverified (host blocked),unverified (host blocked),unverified (host blocked),unverified (host blocked),https://www.linkedin.com/ad-library/search?keyword=SoftPro,unverified (host blocked),unverified (host blocked),0,n/a,unverified (host blocked),0,"Meta +3, Google +3, LinkedIn +1, CTA +1 pending audit",headcount_bonus=2 only where a result showed <50 employees or bootstrapped (URL in evidence column).
79,Settlor,settlor.com,https://www.facebook.com/ads/library/?active_status=active&ad_type=all&country=US&q=Settlor&search_type=keyword_unordered&media_type=all,unverified (host blocked),unverified (host blocked),unverified (host blocked),unverified (host blocked),unverified (host blocked),https://adstransparency.google.com/?region=US&domain=settlor.com,unverified (host blocked),unverified (host blocked),unverified (host blocked),unverified (host blocked),https://www.linkedin.com/ad-library/search?keyword=Settlor,unverified (host blocked),unverified (host blocked),2,https://settlor.com/about/,unverified (host blocked),2,"Meta +3, Google +3, LinkedIn +1, CTA +1 pending audit",headcount_bonus=2 only where a result showed <50 employees or bootstrapped (URL in evidence column).
79,AccuTitle,accu-title.com,https://www.facebook.com/ads/library/?active_status=active&ad_type=all&country=US&q=AccuTitle&search_type=keyword_unordered&media_type=all,unverified (host blocked),unverified (host blocked),unverified (host blocked),unverified (host blocked),unverified (host blocked),https://adstransparency.google.com/?region=US&domain=accu-title.com,unverified (host blocked),unverified (host blocked),unverified (host blocked),unverified (host blocked),https://www.linkedin.com/ad-library/search?keyword=AccuTitle,unverified (host blocked),unverified (host blocked),0,n/a,unverified (host blocked),0,"Meta +3, Google +3, LinkedIn +1, CTA +1 pending audit",headcount_bonus=2 only where a result showed <50 employees or bootstrapped (URL in evidence column).
79,TitleTap,titletap.com,https://www.facebook.com/ads/library/?active_status=active&ad_type=all&country=US&q=TitleTap&search_type=keyword_unordered&media_type=all,unverified (host blocked),unverified (host blocked),unverified (host blocked),unverified (host blocked),unverified (host blocked),https://adstransparency.google.com/?region=US&domain=titletap.com,unverified (host blocked),unverified (host blocked),unverified (host blocked),unverified (host blocked),https://www.linkedin.com/ad-library/search?keyword=TitleTap,unverified (host blocked),unverified (host blocked),2,https://leadiq.com/c/titletap/5a1ddb532300005e00e8e4ef,unverified (host blocked),2,"Meta +3, Google +3, LinkedIn +1, CTA +1 pending audit",headcount_bonus=2 only where a result showed <50 employees or bootstrapped (URL in evidence column).
79,Title 360 CRM,title360crm.com,https://www.facebook.com/ads/library/?active_status=active&ad_type=all&country=US&q=Title%20360%20CRM&search_type=keyword_unordered&media_type=all,unverified (host blocked),unverified (host blocked),unverified (host blocked),unverified (host blocked),unverified (host blocked),https://adstransparency.google.com/?region=US&domain=title360crm.com,unverified (host blocked),unverified (host blocked),unverified (host blocked),unverified (host blocked),https://www.linkedin.com/ad-library/search?keyword=Title%20360%20CRM,unverified (host blocked),unverified (host blocked),0,n/a,unverified (host blocked),0,"Meta +3, Google +3, LinkedIn +1, CTA +1 pending audit",headcount_bonus=2 only where a result showed <50 employees or bootstrapped (URL in evidence column).
79,CloseWise,closewise.com,https://www.facebook.com/ads/library/?active_status=active&ad_type=all&country=US&q=CloseWise&search_type=keyword_unordered&media_type=all,unverified (host blocked),unverified (host blocked),unverified (host blocked),unverified (host blocked),unverified (host blocked),https://adstransparency.google.com/?region=US&domain=closewise.com,unverified (host blocked),unverified (host blocked),unverified (host blocked),unverified (host blocked),https://www.linkedin.com/ad-library/search?keyword=CloseWise,unverified (host blocked),unverified (host blocked),0,n/a,unverified (host blocked),0,"Meta +3, Google +3, LinkedIn +1, CTA +1 pending audit",headcount_bonus=2 only where a result showed <50 employees or bootstrapped (URL in evidence column).
79,TitleLogix,unverified,https://www.facebook.com/ads/library/?active_status=active&ad_type=all&country=US&q=TitleLogix&search_type=keyword_unordered&media_type=all,unverified (host blocked),unverified (host blocked),unverified (host blocked),unverified (host blocked),unverified (host blocked),unverified (domain unknown),unverified (host blocked),unverified (host blocked),unverified (host blocked),unverified (host blocked),https://www.linkedin.com/ad-library/search?keyword=TitleLogix,unverified (host blocked),unverified (host blocked),0,n/a,unverified (host blocked),0,"Meta +3, Google +3, LinkedIn +1, CTA +1 pending audit",headcount_bonus=2 only where a result showed <50 employees or bootstrapped (URL in evidence column).
86,ASA Automotive Systems (GTX / TireMaster),asaauto.com,https://www.facebook.com/ads/library/?active_status=active&ad_type=all&country=US&q=ASA%20Automotive%20Systems%20%28GTX%20%2F%20TireMaster%29&search_type=keyword_unordered&media_type=all,unverified (host blocked),unverified (host blocked),unverified (host blocked),unverified (host blocked),unverified (host blocked),https://adstransparency.google.com/?region=US&domain=asaauto.com,unverified (host blocked),unverified (host blocked),unverified (host blocked),unverified (host blocked),https://www.linkedin.com/ad-library/search?keyword=ASA%20Automotive%20Systems%20%28GTX%20%2F%20TireMaster%29,unverified (host blocked),unverified (host blocked),0,n/a,unverified (host blocked),0,"Meta +3, Google +3, LinkedIn +1, CTA +1 pending audit",headcount_bonus=2 only where a result showed <50 employees or bootstrapped (URL in evidence column).
86,Tire Guru,tireguru.net,https://www.facebook.com/ads/library/?active_status=active&ad_type=all&country=US&q=Tire%20Guru&search_type=keyword_unordered&media_type=all,unverified (host blocked),unverified (host blocked),unverified (host blocked),unverified (host blocked),unverified (host blocked),https://adstransparency.google.com/?region=US&domain=tireguru.net,unverified (host blocked),unverified (host blocked),unverified (host blocked),unverified (host blocked),https://www.linkedin.com/ad-library/search?keyword=Tire%20Guru,unverified (host blocked),unverified (host blocked),2,https://leadiq.com/c/tire-guru-software-websites-and-more/5eb99f00102cc03532d8b557,unverified (host blocked),2,"Meta +3, Google +3, LinkedIn +1, CTA +1 pending audit",headcount_bonus=2 only where a result showed <50 employees or bootstrapped (URL in evidence column).
86,TireShop (FreedomSoft),tireshopsoftware.com,https://www.facebook.com/ads/library/?active_status=active&ad_type=all&country=US&q=TireShop%20%28FreedomSoft%29&search_type=keyword_unordered&media_type=all,unverified (host blocked),unverified (host blocked),unverified (host blocked),unverified (host blocked),unverified (host blocked),https://adstransparency.google.com/?region=US&domain=tireshopsoftware.com,unverified (host blocked),unverified (host blocked),unverified (host blocked),unverified (host blocked),https://www.linkedin.com/ad-library/search?keyword=TireShop%20%28FreedomSoft%29,unverified (host blocked),unverified (host blocked),0,n/a,unverified (host blocked),0,"Meta +3, Google +3, LinkedIn +1, CTA +1 pending audit",headcount_bonus=2 only where a result showed <50 employees or bootstrapped (URL in evidence column).
86,Torque360,torque360.co,https://www.facebook.com/ads/library/?active_status=active&ad_type=all&country=US&q=Torque360&search_type=keyword_unordered&media_type=all,unverified (host blocked),unverified (host blocked),unverified (host blocked),unverified (host blocked),unverified (host blocked),https://adstransparency.google.com/?region=US&domain=torque360.co,unverified (host blocked),unverified (host blocked),unverified (host blocked),unverified (host blocked),https://www.linkedin.com/ad-library/search?keyword=Torque360,unverified (host blocked),unverified (host blocked),0,n/a,unverified (host blocked),0,"Meta +3, Google +3, LinkedIn +1, CTA +1 pending audit",headcount_bonus=2 only where a result showed <50 employees or bootstrapped (URL in evidence column).
86,AutoLeap,autoleap.com,https://www.facebook.com/ads/library/?active_status=active&ad_type=all&country=US&q=AutoLeap&search_type=keyword_unordered&media_type=all,unverified (host blocked),unverified (host blocked),unverified (host blocked),unverified (host blocked),unverified (host blocked),https://adstransparency.google.com/?region=US&domain=autoleap.com,unverified (host blocked),unverified (host blocked),unverified (host blocked),unverified (host blocked),https://www.linkedin.com/ad-library/search?keyword=AutoLeap,unverified (host blocked),unverified (host blocked),0,n/a,unverified (host blocked),0,"Meta +3, Google +3, LinkedIn +1, CTA +1 pending audit",headcount_bonus=2 only where a result showed <50 employees or bootstrapped (URL in evidence column).
86,Tekmetric,tekmetric.com,https://www.facebook.com/ads/library/?active_status=active&ad_type=all&country=US&q=Tekmetric&search_type=keyword_unordered&media_type=all,unverified (host blocked),unverified (host blocked),unverified (host blocked),unverified (host blocked),unverified (host blocked),https://adstransparency.google.com/?region=US&domain=tekmetric.com,unverified (host blocked),unverified (host blocked),unverified (host blocked),unverified (host blocked),https://www.linkedin.com/ad-library/search?keyword=Tekmetric,unverified (host blocked),unverified (host blocked),0,n/a,unverified (host blocked),0,"Meta +3, Google +3, LinkedIn +1, CTA +1 pending audit",headcount_bonus=2 only where a result showed <50 employees or bootstrapped (URL in evidence column).
86,Anolla,anolla.com,https://www.facebook.com/ads/library/?active_status=active&ad_type=all&country=US&q=Anolla&search_type=keyword_unordered&media_type=all,unverified (host blocked),unverified (host blocked),unverified (host blocked),unverified (host blocked),unverified (host blocked),https://adstransparency.google.com/?region=US&domain=anolla.com,unverified (host blocked),unverified (host blocked),unverified (host blocked),unverified (host blocked),https://www.linkedin.com/ad-library/search?keyword=Anolla,unverified (host blocked),unverified (host blocked),0,n/a,unverified (host blocked),0,"Meta +3, Google +3, LinkedIn +1, CTA +1 pending audit",headcount_bonus=2 only where a result showed <50 employees or bootstrapped (URL in evidence column).
86,EZnet Scheduler,eznetscheduler.com,https://www.facebook.com/ads/library/?active_status=active&ad_type=all&country=US&q=EZnet%20Scheduler&search_type=keyword_unordered&media_type=all,unverified (host blocked),unverified (host blocked),unverified (host blocked),unverified (host blocked),unverified (host blocked),https://adstransparency.google.com/?region=US&domain=eznetscheduler.com,unverified (host blocked),unverified (host blocked),unverified (host blocked),unverified (host blocked),https://www.linkedin.com/ad-library/search?keyword=EZnet%20Scheduler,unverified (host blocked),unverified (host blocked),0,n/a,unverified (host blocked),0,"Meta +3, Google +3, LinkedIn +1, CTA +1 pending audit",headcount_bonus=2 only where a result showed <50 employees or bootstrapped (URL in evidence column).
86,Used Tire Shop,usedtireshop.net,https://www.facebook.com/ads/library/?active_status=active&ad_type=all&country=US&q=Used%20Tire%20Shop&search_type=keyword_unordered&media_type=all,unverified (host blocked),unverified (host blocked),unverified (host blocked),unverified (host blocked),unverified (host blocked),https://adstransparency.google.com/?region=US&domain=usedtireshop.net,unverified (host blocked),unverified (host blocked),unverified (host blocked),unverified (host blocked),https://www.linkedin.com/ad-library/search?keyword=Used%20Tire%20Shop,unverified (host blocked),unverified (host blocked),0,n/a,unverified (host blocked),0,"Meta +3, Google +3, LinkedIn +1, CTA +1 pending audit",headcount_bonus=2 only where a result showed <50 employees or bootstrapped (URL in evidence column).
86,Tire Power (TCS Technologies),tcstire.com,https://www.facebook.com/ads/library/?active_status=active&ad_type=all&country=US&q=Tire%20Power%20%28TCS%20Technologies%29&search_type=keyword_unordered&media_type=all,unverified (host blocked),unverified (host blocked),unverified (host blocked),unverified (host blocked),unverified (host blocked),https://adstransparency.google.com/?region=US&domain=tcstire.com,unverified (host blocked),unverified (host blocked),unverified (host blocked),unverified (host blocked),https://www.linkedin.com/ad-library/search?keyword=Tire%20Power%20%28TCS%20Technologies%29,unverified (host blocked),unverified (host blocked),0,n/a,unverified (host blocked),0,"Meta +3, Google +3, LinkedIn +1, CTA +1 pending audit",headcount_bonus=2 only where a result showed <50 employees or bootstrapped (URL in evidence column).
94,OnTime 360 (Vesigo Studios),ontime360.com,https://www.facebook.com/ads/library/?active_status=active&ad_type=all&country=US&q=OnTime%20360%20%28Vesigo%20Studios%29&search_type=keyword_unordered&media_type=all,unverified (host blocked),unverified (host blocked),unverified (host blocked),unverified (host blocked),unverified (host blocked),https://adstransparency.google.com/?region=US&domain=ontime360.com,unverified (host blocked),unverified (host blocked),unverified (host blocked),unverified (host blocked),https://www.linkedin.com/ad-library/search?keyword=OnTime%20360%20%28Vesigo%20Studios%29,unverified (host blocked),unverified (host blocked),0,n/a,unverified (host blocked),0,"Meta +3, Google +3, LinkedIn +1, CTA +1 pending audit",headcount_bonus=2 only where a result showed <50 employees or bootstrapped (URL in evidence column).
94,CXT Software,cxtsoftware.com,https://www.facebook.com/ads/library/?active_status=active&ad_type=all&country=US&q=CXT%20Software&search_type=keyword_unordered&media_type=all,unverified (host blocked),unverified (host blocked),unverified (host blocked),unverified (host blocked),unverified (host blocked),https://adstransparency.google.com/?region=US&domain=cxtsoftware.com,unverified (host blocked),unverified (host blocked),unverified (host blocked),unverified (host blocked),https://www.linkedin.com/ad-library/search?keyword=CXT%20Software,unverified (host blocked),unverified (host blocked),2,https://www.linkedin.com/company/cxtsoftware,unverified (host blocked),2,"Meta +3, Google +3, LinkedIn +1, CTA +1 pending audit",headcount_bonus=2 only where a result showed <50 employees or bootstrapped (URL in evidence column).
94,Shipday,shipday.com,https://www.facebook.com/ads/library/?active_status=active&ad_type=all&country=US&q=Shipday&search_type=keyword_unordered&media_type=all,unverified (host blocked),unverified (host blocked),unverified (host blocked),unverified (host blocked),unverified (host blocked),https://adstransparency.google.com/?region=US&domain=shipday.com,unverified (host blocked),unverified (host blocked),unverified (host blocked),unverified (host blocked),https://www.linkedin.com/ad-library/search?keyword=Shipday,unverified (host blocked),unverified (host blocked),2,https://getlatka.com/companies/shipday.com,unverified (host blocked),2,"Meta +3, Google +3, LinkedIn +1, CTA +1 pending audit",headcount_bonus=2 only where a result showed <50 employees or bootstrapped (URL in evidence column).
94,Track-POD,track-pod.com,https://www.facebook.com/ads/library/?active_status=active&ad_type=all&country=US&q=Track-POD&search_type=keyword_unordered&media_type=all,unverified (host blocked),unverified (host blocked),unverified (host blocked),unverified (host blocked),unverified (host blocked),https://adstransparency.google.com/?region=US&domain=track-pod.com,unverified (host blocked),unverified (host blocked),unverified (host blocked),unverified (host blocked),https://www.linkedin.com/ad-library/search?keyword=Track-POD,unverified (host blocked),unverified (host blocked),0,n/a,unverified (host blocked),0,"Meta +3, Google +3, LinkedIn +1, CTA +1 pending audit",headcount_bonus=2 only where a result showed <50 employees or bootstrapped (URL in evidence column).
94,Onfleet,onfleet.com,https://www.facebook.com/ads/library/?active_status=active&ad_type=all&country=US&q=Onfleet&search_type=keyword_unordered&media_type=all,unverified (host blocked),unverified (host blocked),unverified (host blocked),unverified (host blocked),unverified (host blocked),https://adstransparency.google.com/?region=US&domain=onfleet.com,unverified (host blocked),unverified (host blocked),unverified (host blocked),unverified (host blocked),https://www.linkedin.com/ad-library/search?keyword=Onfleet,unverified (host blocked),unverified (host blocked),0,n/a,unverified (host blocked),0,"Meta +3, Google +3, LinkedIn +1, CTA +1 pending audit",headcount_bonus=2 only where a result showed <50 employees or bootstrapped (URL in evidence column).
94,Wodely,wodely.com,https://www.facebook.com/ads/library/?active_status=active&ad_type=all&country=US&q=Wodely&search_type=keyword_unordered&media_type=all,unverified (host blocked),unverified (host blocked),unverified (host blocked),unverified (host blocked),unverified (host blocked),https://adstransparency.google.com/?region=US&domain=wodely.com,unverified (host blocked),unverified (host blocked),unverified (host blocked),unverified (host blocked),https://www.linkedin.com/ad-library/search?keyword=Wodely,unverified (host blocked),unverified (host blocked),0,n/a,unverified (host blocked),0,"Meta +3, Google +3, LinkedIn +1, CTA +1 pending audit",headcount_bonus=2 only where a result showed <50 employees or bootstrapped (URL in evidence column).
94,Routific,routific.com,https://www.facebook.com/ads/library/?active_status=active&ad_type=all&country=US&q=Routific&search_type=keyword_unordered&media_type=all,unverified (host blocked),unverified (host blocked),unverified (host blocked),unverified (host blocked),unverified (host blocked),https://adstransparency.google.com/?region=US&domain=routific.com,unverified (host blocked),unverified (host blocked),unverified (host blocked),unverified (host blocked),https://www.linkedin.com/ad-library/search?keyword=Routific,unverified (host blocked),unverified (host blocked),0,n/a,unverified (host blocked),0,"Meta +3, Google +3, LinkedIn +1, CTA +1 pending audit",headcount_bonus=2 only where a result showed <50 employees or bootstrapped (URL in evidence column).
94,Simply Dispatch,courier-software.com,https://www.facebook.com/ads/library/?active_status=active&ad_type=all&country=US&q=Simply%20Dispatch&search_type=keyword_unordered&media_type=all,unverified (host blocked),unverified (host blocked),unverified (host blocked),unverified (host blocked),unverified (host blocked),https://adstransparency.google.com/?region=US&domain=courier-software.com,unverified (host blocked),unverified (host blocked),unverified (host blocked),unverified (host blocked),https://www.linkedin.com/ad-library/search?keyword=Simply%20Dispatch,unverified (host blocked),unverified (host blocked),0,n/a,unverified (host blocked),0,"Meta +3, Google +3, LinkedIn +1, CTA +1 pending audit",headcount_bonus=2 only where a result showed <50 employees or bootstrapped (URL in evidence column).
94,Transvirtual,transvirtual.com,https://www.facebook.com/ads/library/?active_status=active&ad_type=all&country=US&q=Transvirtual&search_type=keyword_unordered&media_type=all,unverified (host blocked),unverified (host blocked),unverified (host blocked),unverified (host blocked),unverified (host blocked),https://adstransparency.google.com/?region=US&domain=transvirtual.com,unverified (host blocked),unverified (host blocked),unverified (host blocked),unverified (host blocked),https://www.linkedin.com/ad-library/search?keyword=Transvirtual,unverified (host blocked),unverified (host blocked),0,n/a,unverified (host blocked),0,"Meta +3, Google +3, LinkedIn +1, CTA +1 pending audit",headcount_bonus=2 only where a result showed <50 employees or bootstrapped (URL in evidence column).
102,DockMaster,dockmaster.com,https://www.facebook.com/ads/library/?active_status=active&ad_type=all&country=US&q=DockMaster&search_type=keyword_unordered&media_type=all,unverified (host blocked),unverified (host blocked),unverified (host blocked),unverified (host blocked),unverified (host blocked),https://adstransparency.google.com/?region=US&domain=dockmaster.com,unverified (host blocked),unverified (host blocked),unverified (host blocked),unverified (host blocked),https://www.linkedin.com/ad-library/search?keyword=DockMaster,unverified (host blocked),unverified (host blocked),0,n/a,unverified (host blocked),0,"Meta +3, Google +3, LinkedIn +1, CTA +1 pending audit",headcount_bonus=2 only where a result showed <50 employees or bootstrapped (URL in evidence column).
102,MARINAGO (Scribble Software),marinago.com,https://www.facebook.com/ads/library/?active_status=active&ad_type=all&country=US&q=MARINAGO%20%28Scribble%20Software%29&search_type=keyword_unordered&media_type=all,unverified (host blocked),unverified (host blocked),unverified (host blocked),unverified (host blocked),unverified (host blocked),https://adstransparency.google.com/?region=US&domain=marinago.com,unverified (host blocked),unverified (host blocked),unverified (host blocked),unverified (host blocked),https://www.linkedin.com/ad-library/search?keyword=MARINAGO%20%28Scribble%20Software%29,unverified (host blocked),unverified (host blocked),0,n/a,unverified (host blocked),0,"Meta +3, Google +3, LinkedIn +1, CTA +1 pending audit",headcount_bonus=2 only where a result showed <50 employees or bootstrapped (URL in evidence column).
102,SlipBoss,slipboss.com,https://www.facebook.com/ads/library/?active_status=active&ad_type=all&country=US&q=SlipBoss&search_type=keyword_unordered&media_type=all,unverified (host blocked),unverified (host blocked),unverified (host blocked),unverified (host blocked),unverified (host blocked),https://adstransparency.google.com/?region=US&domain=slipboss.com,unverified (host blocked),unverified (host blocked),unverified (host blocked),unverified (host blocked),https://www.linkedin.com/ad-library/search?keyword=SlipBoss,unverified (host blocked),unverified (host blocked),0,n/a,unverified (host blocked),0,"Meta +3, Google +3, LinkedIn +1, CTA +1 pending audit",headcount_bonus=2 only where a result showed <50 employees or bootstrapped (URL in evidence column).
102,Dockwa,marinas.dockwa.com,https://www.facebook.com/ads/library/?active_status=active&ad_type=all&country=US&q=Dockwa&search_type=keyword_unordered&media_type=all,unverified (host blocked),unverified (host blocked),unverified (host blocked),unverified (host blocked),unverified (host blocked),https://adstransparency.google.com/?region=US&domain=marinas.dockwa.com,unverified (host blocked),unverified (host blocked),unverified (host blocked),unverified (host blocked),https://www.linkedin.com/ad-library/search?keyword=Dockwa,unverified (host blocked),unverified (host blocked),2,https://getlatka.com/companies/dockwa.com,unverified (host blocked),2,"Meta +3, Google +3, LinkedIn +1, CTA +1 pending audit",headcount_bonus=2 only where a result showed <50 employees or bootstrapped (URL in evidence column).
102,MarinaOffice,marinaoffice.net,https://www.facebook.com/ads/library/?active_status=active&ad_type=all&country=US&q=MarinaOffice&search_type=keyword_unordered&media_type=all,unverified (host blocked),unverified (host blocked),unverified (host blocked),unverified (host blocked),unverified (host blocked),https://adstransparency.google.com/?region=US&domain=marinaoffice.net,unverified (host blocked),unverified (host blocked),unverified (host blocked),unverified (host blocked),https://www.linkedin.com/ad-library/search?keyword=MarinaOffice,unverified (host blocked),unverified (host blocked),0,n/a,unverified (host blocked),0,"Meta +3, Google +3, LinkedIn +1, CTA +1 pending audit",headcount_bonus=2 only where a result showed <50 employees or bootstrapped (URL in evidence column).
102,Storable Marine,storablemarine.com,https://www.facebook.com/ads/library/?active_status=active&ad_type=all&country=US&q=Storable%20Marine&search_type=keyword_unordered&media_type=all,unverified (host blocked),unverified (host blocked),unverified (host blocked),unverified (host blocked),unverified (host blocked),https://adstransparency.google.com/?region=US&domain=storablemarine.com,unverified (host blocked),unverified (host blocked),unverified (host blocked),unverified (host blocked),https://www.linkedin.com/ad-library/search?keyword=Storable%20Marine,unverified (host blocked),unverified (host blocked),0,n/a,unverified (host blocked),0,"Meta +3, Google +3, LinkedIn +1, CTA +1 pending audit",headcount_bonus=2 only where a result showed <50 employees or bootstrapped (URL in evidence column).
102,DealerRock,dealerrock.com,https://www.facebook.com/ads/library/?active_status=active&ad_type=all&country=US&q=DealerRock&search_type=keyword_unordered&media_type=all,unverified (host blocked),unverified (host blocked),unverified (host blocked),unverified (host blocked),unverified (host blocked),https://adstransparency.google.com/?region=US&domain=dealerrock.com,unverified (host blocked),unverified (host blocked),unverified (host blocked),unverified (host blocked),https://www.linkedin.com/ad-library/search?keyword=DealerRock,unverified (host blocked),unverified (host blocked),0,n/a,unverified (host blocked),0,"Meta +3, Google +3, LinkedIn +1, CTA +1 pending audit",headcount_bonus=2 only where a result showed <50 employees or bootstrapped (URL in evidence column).
102,BiT DMS,bitdms.com,https://www.facebook.com/ads/library/?active_status=active&ad_type=all&country=US&q=BiT%20DMS&search_type=keyword_unordered&media_type=all,unverified (host blocked),unverified (host blocked),unverified (host blocked),unverified (host blocked),unverified (host blocked),https://adstransparency.google.com/?region=US&domain=bitdms.com,unverified (host blocked),unverified (host blocked),unverified (host blocked),unverified (host blocked),https://www.linkedin.com/ad-library/search?keyword=BiT%20DMS,unverified (host blocked),unverified (host blocked),0,n/a,unverified (host blocked),0,"Meta +3, Google +3, LinkedIn +1, CTA +1 pending audit",headcount_bonus=2 only where a result showed <50 employees or bootstrapped (URL in evidence column).
102,Lightspeed DMS,lightspeeddms.com,https://www.facebook.com/ads/library/?active_status=active&ad_type=all&country=US&q=Lightspeed%20DMS&search_type=keyword_unordered&media_type=all,unverified (host blocked),unverified (host blocked),unverified (host blocked),unverified (host blocked),unverified (host blocked),https://adstransparency.google.com/?region=US&domain=lightspeeddms.com,unverified (host blocked),unverified (host blocked),unverified (host blocked),unverified (host blocked),https://www.linkedin.com/ad-library/search?keyword=Lightspeed%20DMS,unverified (host blocked),unverified (host blocked),0,n/a,unverified (host blocked),0,"Meta +3, Google +3, LinkedIn +1, CTA +1 pending audit",headcount_bonus=2 only where a result showed <50 employees or bootstrapped (URL in evidence column).
102,Ideal Computer Systems,idealcomputersystems.com,https://www.facebook.com/ads/library/?active_status=active&ad_type=all&country=US&q=Ideal%20Computer%20Systems&search_type=keyword_unordered&media_type=all,unverified (host blocked),unverified (host blocked),unverified (host blocked),unverified (host blocked),unverified (host blocked),https://adstransparency.google.com/?region=US&domain=idealcomputersystems.com,unverified (host blocked),unverified (host blocked),unverified (host blocked),unverified (host blocked),https://www.linkedin.com/ad-library/search?keyword=Ideal%20Computer%20Systems,unverified (host blocked),unverified (host blocked),0,n/a,unverified (host blocked),0,"Meta +3, Google +3, LinkedIn +1, CTA +1 pending audit",headcount_bonus=2 only where a result showed <50 employees or bootstrapped (URL in evidence column).
102,Slipax,slipax.com,https://www.facebook.com/ads/library/?active_status=active&ad_type=all&country=US&q=Slipax&search_type=keyword_unordered&media_type=all,unverified (host blocked),unverified (host blocked),unverified (host blocked),unverified (host blocked),unverified (host blocked),https://adstransparency.google.com/?region=US&domain=slipax.com,unverified (host blocked),unverified (host blocked),unverified (host blocked),unverified (host blocked),https://www.linkedin.com/ad-library/search?keyword=Slipax,unverified (host blocked),unverified (host blocked),0,n/a,unverified (host blocked),0,"Meta +3, Google +3, LinkedIn +1, CTA +1 pending audit",headcount_bonus=2 only where a result showed <50 employees or bootstrapped (URL in evidence column).
102,Slipify,slipifymarinas.com,https://www.facebook.com/ads/library/?active_status=active&ad_type=all&country=US&q=Slipify&search_type=keyword_unordered&media_type=all,unverified (host blocked),unverified (host blocked),unverified (host blocked),unverified (host blocked),unverified (host blocked),https://adstransparency.google.com/?region=US&domain=slipifymarinas.com,unverified (host blocked),unverified (host blocked),unverified (host blocked),unverified (host blocked),https://www.linkedin.com/ad-library/search?keyword=Slipify,unverified (host blocked),unverified (host blocked),0,n/a,unverified (host blocked),0,"Meta +3, Google +3, LinkedIn +1, CTA +1 pending audit",headcount_bonus=2 only where a result showed <50 employees or bootstrapped (URL in evidence column).
109,Epicor Eagle,epicor.com,https://www.facebook.com/ads/library/?active_status=active&ad_type=all&country=US&q=Epicor%20Eagle&search_type=keyword_unordered&media_type=all,unverified (host blocked),unverified (host blocked),unverified (host blocked),unverified (host blocked),unverified (host blocked),https://adstransparency.google.com/?region=US&domain=epicor.com,unverified (host blocked),unverified (host blocked),unverified (host blocked),unverified (host blocked),https://www.linkedin.com/ad-library/search?keyword=Epicor%20Eagle,unverified (host blocked),unverified (host blocked),0,n/a,unverified (host blocked),0,"Meta +3, Google +3, LinkedIn +1, CTA +1 pending audit",headcount_bonus=2 only where a result showed <50 employees or bootstrapped (URL in evidence column).
109,Rundoo,rundoo.ai,https://www.facebook.com/ads/library/?active_status=active&ad_type=all&country=US&q=Rundoo&search_type=keyword_unordered&media_type=all,unverified (host blocked),unverified (host blocked),unverified (host blocked),unverified (host blocked),unverified (host blocked),https://adstransparency.google.com/?region=US&domain=rundoo.ai,unverified (host blocked),unverified (host blocked),unverified (host blocked),unverified (host blocked),https://www.linkedin.com/ad-library/search?keyword=Rundoo,unverified (host blocked),unverified (host blocked),0,n/a,unverified (host blocked),0,"Meta +3, Google +3, LinkedIn +1, CTA +1 pending audit",headcount_bonus=2 only where a result showed <50 employees or bootstrapped (URL in evidence column).
109,RockSolid MAX (ECI),ecisolutions.com,https://www.facebook.com/ads/library/?active_status=active&ad_type=all&country=US&q=RockSolid%20MAX%20%28ECI%29&search_type=keyword_unordered&media_type=all,unverified (host blocked),unverified (host blocked),unverified (host blocked),unverified (host blocked),unverified (host blocked),https://adstransparency.google.com/?region=US&domain=ecisolutions.com,unverified (host blocked),unverified (host blocked),unverified (host blocked),unverified (host blocked),https://www.linkedin.com/ad-library/search?keyword=RockSolid%20MAX%20%28ECI%29,unverified (host blocked),unverified (host blocked),0,n/a,unverified (host blocked),0,"Meta +3, Google +3, LinkedIn +1, CTA +1 pending audit",headcount_bonus=2 only where a result showed <50 employees or bootstrapped (URL in evidence column).
109,The General Store,thegeneralstore.com,https://www.facebook.com/ads/library/?active_status=active&ad_type=all&country=US&q=The%20General%20Store&search_type=keyword_unordered&media_type=all,unverified (host blocked),unverified (host blocked),unverified (host blocked),unverified (host blocked),unverified (host blocked),https://adstransparency.google.com/?region=US&domain=thegeneralstore.com,unverified (host blocked),unverified (host blocked),unverified (host blocked),unverified (host blocked),https://www.linkedin.com/ad-library/search?keyword=The%20General%20Store,unverified (host blocked),unverified (host blocked),2,https://www.linkedin.com/company/crichlow-data-sciences-inc-,unverified (host blocked),2,"Meta +3, Google +3, LinkedIn +1, CTA +1 pending audit",headcount_bonus=2 only where a result showed <50 employees or bootstrapped (URL in evidence column).
109,Paladin POS,paladinpointofsale.com,https://www.facebook.com/ads/library/?active_status=active&ad_type=all&country=US&q=Paladin%20POS&search_type=keyword_unordered&media_type=all,unverified (host blocked),unverified (host blocked),unverified (host blocked),unverified (host blocked),unverified (host blocked),https://adstransparency.google.com/?region=US&domain=paladinpointofsale.com,unverified (host blocked),unverified (host blocked),unverified (host blocked),unverified (host blocked),https://www.linkedin.com/ad-library/search?keyword=Paladin%20POS,unverified (host blocked),unverified (host blocked),0,n/a,unverified (host blocked),0,"Meta +3, Google +3, LinkedIn +1, CTA +1 pending audit",headcount_bonus=2 only where a result showed <50 employees or bootstrapped (URL in evidence column).
109,KORONA POS,koronapos.com,https://www.facebook.com/ads/library/?active_status=active&ad_type=all&country=US&q=KORONA%20POS&search_type=keyword_unordered&media_type=all,unverified (host blocked),unverified (host blocked),unverified (host blocked),unverified (host blocked),unverified (host blocked),https://adstransparency.google.com/?region=US&domain=koronapos.com,unverified (host blocked),unverified (host blocked),unverified (host blocked),unverified (host blocked),https://www.linkedin.com/ad-library/search?keyword=KORONA%20POS,unverified (host blocked),unverified (host blocked),0,n/a,unverified (host blocked),0,"Meta +3, Google +3, LinkedIn +1, CTA +1 pending audit",headcount_bonus=2 only where a result showed <50 employees or bootstrapped (URL in evidence column).
109,Celerant,celerant.com,https://www.facebook.com/ads/library/?active_status=active&ad_type=all&country=US&q=Celerant&search_type=keyword_unordered&media_type=all,unverified (host blocked),unverified (host blocked),unverified (host blocked),unverified (host blocked),unverified (host blocked),https://adstransparency.google.com/?region=US&domain=celerant.com,unverified (host blocked),unverified (host blocked),unverified (host blocked),unverified (host blocked),https://www.linkedin.com/ad-library/search?keyword=Celerant,unverified (host blocked),unverified (host blocked),0,n/a,unverified (host blocked),0,"Meta +3, Google +3, LinkedIn +1, CTA +1 pending audit",headcount_bonus=2 only where a result showed <50 employees or bootstrapped (URL in evidence column).
109,POS Nation,posnation.com,https://www.facebook.com/ads/library/?active_status=active&ad_type=all&country=US&q=POS%20Nation&search_type=keyword_unordered&media_type=all,unverified (host blocked),unverified (host blocked),unverified (host blocked),unverified (host blocked),unverified (host blocked),https://adstransparency.google.com/?region=US&domain=posnation.com,unverified (host blocked),unverified (host blocked),unverified (host blocked),unverified (host blocked),https://www.linkedin.com/ad-library/search?keyword=POS%20Nation,unverified (host blocked),unverified (host blocked),0,n/a,unverified (host blocked),0,"Meta +3, Google +3, LinkedIn +1, CTA +1 pending audit",headcount_bonus=2 only where a result showed <50 employees or bootstrapped (URL in evidence column).
109,Lightspeed Retail,lightspeedhq.com,https://www.facebook.com/ads/library/?active_status=active&ad_type=all&country=US&q=Lightspeed%20Retail&search_type=keyword_unordered&media_type=all,unverified (host blocked),unverified (host blocked),unverified (host blocked),unverified (host blocked),unverified (host blocked),https://adstransparency.google.com/?region=US&domain=lightspeedhq.com,unverified (host blocked),unverified (host blocked),unverified (host blocked),unverified (host blocked),https://www.linkedin.com/ad-library/search?keyword=Lightspeed%20Retail,unverified (host blocked),unverified (host blocked),0,n/a,unverified (host blocked),0,"Meta +3, Google +3, LinkedIn +1, CTA +1 pending audit",headcount_bonus=2 only where a result showed <50 employees or bootstrapped (URL in evidence column).
109,XEPOS,xe-pos.com,https://www.facebook.com/ads/library/?active_status=active&ad_type=all&country=US&q=XEPOS&search_type=keyword_unordered&media_type=all,unverified (host blocked),unverified (host blocked),unverified (host blocked),unverified (host blocked),unverified (host blocked),https://adstransparency.google.com/?region=US&domain=xe-pos.com,unverified (host blocked),unverified (host blocked),unverified (host blocked),unverified (host blocked),https://www.linkedin.com/ad-library/search?keyword=XEPOS,unverified (host blocked),unverified (host blocked),0,n/a,unverified (host blocked),0,"Meta +3, Google +3, LinkedIn +1, CTA +1 pending audit",headcount_bonus=2 only where a result showed <50 employees or bootstrapped (URL in evidence column).
116,PioneerRx,pioneerrx.com,https://www.facebook.com/ads/library/?active_status=active&ad_type=all&country=US&q=PioneerRx&search_type=keyword_unordered&media_type=all,unverified (host blocked),unverified (host blocked),unverified (host blocked),unverified (host blocked),unverified (host blocked),https://adstransparency.google.com/?region=US&domain=pioneerrx.com,unverified (host blocked),unverified (host blocked),unverified (host blocked),unverified (host blocked),https://www.linkedin.com/ad-library/search?keyword=PioneerRx,unverified (host blocked),unverified (host blocked),0,n/a,unverified (host blocked),0,"Meta +3, Google +3, LinkedIn +1, CTA +1 pending audit",headcount_bonus=2 only where a result showed <50 employees or bootstrapped (URL in evidence column).
116,BestRx,bestrx.com,https://www.facebook.com/ads/library/?active_status=active&ad_type=all&country=US&q=BestRx&search_type=keyword_unordered&media_type=all,unverified (host blocked),unverified (host blocked),unverified (host blocked),unverified (host blocked),unverified (host blocked),https://adstransparency.google.com/?region=US&domain=bestrx.com,unverified (host blocked),unverified (host blocked),unverified (host blocked),unverified (host blocked),https://www.linkedin.com/ad-library/search?keyword=BestRx,unverified (host blocked),unverified (host blocked),0,n/a,unverified (host blocked),0,"Meta +3, Google +3, LinkedIn +1, CTA +1 pending audit",headcount_bonus=2 only where a result showed <50 employees or bootstrapped (URL in evidence column).
116,Datascan,datascanpharmacy.com,https://www.facebook.com/ads/library/?active_status=active&ad_type=all&country=US&q=Datascan&search_type=keyword_unordered&media_type=all,unverified (host blocked),unverified (host blocked),unverified (host blocked),unverified (host blocked),unverified (host blocked),https://adstransparency.google.com/?region=US&domain=datascanpharmacy.com,unverified (host blocked),unverified (host blocked),unverified (host blocked),unverified (host blocked),https://www.linkedin.com/ad-library/search?keyword=Datascan,unverified (host blocked),unverified (host blocked),0,n/a,unverified (host blocked),0,"Meta +3, Google +3, LinkedIn +1, CTA +1 pending audit",headcount_bonus=2 only where a result showed <50 employees or bootstrapped (URL in evidence column).
116,Computer-Rx (Outcomes),outcomes.com,https://www.facebook.com/ads/library/?active_status=active&ad_type=all&country=US&q=Computer-Rx%20%28Outcomes%29&search_type=keyword_unordered&media_type=all,unverified (host blocked),unverified (host blocked),unverified (host blocked),unverified (host blocked),unverified (host blocked),https://adstransparency.google.com/?region=US&domain=outcomes.com,unverified (host blocked),unverified (host blocked),unverified (host blocked),unverified (host blocked),https://www.linkedin.com/ad-library/search?keyword=Computer-Rx%20%28Outcomes%29,unverified (host blocked),unverified (host blocked),0,n/a,unverified (host blocked),0,"Meta +3, Google +3, LinkedIn +1, CTA +1 pending audit",headcount_bonus=2 only where a result showed <50 employees or bootstrapped (URL in evidence column).
116,Rx30 (RedSail),redsailtechnologies.com,https://www.facebook.com/ads/library/?active_status=active&ad_type=all&country=US&q=Rx30%20%28RedSail%29&search_type=keyword_unordered&media_type=all,unverified (host blocked),unverified (host blocked),unverified (host blocked),unverified (host blocked),unverified (host blocked),https://adstransparency.google.com/?region=US&domain=redsailtechnologies.com,unverified (host blocked),unverified (host blocked),unverified (host blocked),unverified (host blocked),https://www.linkedin.com/ad-library/search?keyword=Rx30%20%28RedSail%29,unverified (host blocked),unverified (host blocked),0,n/a,unverified (host blocked),0,"Meta +3, Google +3, LinkedIn +1, CTA +1 pending audit",headcount_bonus=2 only where a result showed <50 employees or bootstrapped (URL in evidence column).
116,Liberty Software,unverified,https://www.facebook.com/ads/library/?active_status=active&ad_type=all&country=US&q=Liberty%20Software&search_type=keyword_unordered&media_type=all,unverified (host blocked),unverified (host blocked),unverified (host blocked),unverified (host blocked),unverified (host blocked),unverified (domain unknown),unverified (host blocked),unverified (host blocked),unverified (host blocked),unverified (host blocked),https://www.linkedin.com/ad-library/search?keyword=Liberty%20Software,unverified (host blocked),unverified (host blocked),0,n/a,unverified (host blocked),0,"Meta +3, Google +3, LinkedIn +1, CTA +1 pending audit",headcount_bonus=2 only where a result showed <50 employees or bootstrapped (URL in evidence column).
116,Lumistry,lumistry.com,https://www.facebook.com/ads/library/?active_status=active&ad_type=all&country=US&q=Lumistry&search_type=keyword_unordered&media_type=all,unverified (host blocked),unverified (host blocked),unverified (host blocked),unverified (host blocked),unverified (host blocked),https://adstransparency.google.com/?region=US&domain=lumistry.com,unverified (host blocked),unverified (host blocked),unverified (host blocked),unverified (host blocked),https://www.linkedin.com/ad-library/search?keyword=Lumistry,unverified (host blocked),unverified (host blocked),2,https://getlatka.com/companies/Lumistry#team,unverified (host blocked),2,"Meta +3, Google +3, LinkedIn +1, CTA +1 pending audit",headcount_bonus=2 only where a result showed <50 employees or bootstrapped (URL in evidence column).
116,Refill Assistant,refillassistant.com,https://www.facebook.com/ads/library/?active_status=active&ad_type=all&country=US&q=Refill%20Assistant&search_type=keyword_unordered&media_type=all,unverified (host blocked),unverified (host blocked),unverified (host blocked),unverified (host blocked),unverified (host blocked),https://adstransparency.google.com/?region=US&domain=refillassistant.com,unverified (host blocked),unverified (host blocked),unverified (host blocked),unverified (host blocked),https://www.linkedin.com/ad-library/search?keyword=Refill%20Assistant,unverified (host blocked),unverified (host blocked),0,n/a,unverified (host blocked),0,"Meta +3, Google +3, LinkedIn +1, CTA +1 pending audit",headcount_bonus=2 only where a result showed <50 employees or bootstrapped (URL in evidence column).
116,RevealSite,revealsite.com,https://www.facebook.com/ads/library/?active_status=active&ad_type=all&country=US&q=RevealSite&search_type=keyword_unordered&media_type=all,unverified (host blocked),unverified (host blocked),unverified (host blocked),unverified (host blocked),unverified (host blocked),https://adstransparency.google.com/?region=US&domain=revealsite.com,unverified (host blocked),unverified (host blocked),unverified (host blocked),unverified (host blocked),https://www.linkedin.com/ad-library/search?keyword=RevealSite,unverified (host blocked),unverified (host blocked),0,n/a,unverified (host blocked),0,"Meta +3, Google +3, LinkedIn +1, CTA +1 pending audit",headcount_bonus=2 only where a result showed <50 employees or bootstrapped (URL in evidence column).
116,Enliven Health,enlivenhealth.co,https://www.facebook.com/ads/library/?active_status=active&ad_type=all&country=US&q=Enliven%20Health&search_type=keyword_unordered&media_type=all,unverified (host blocked),unverified (host blocked),unverified (host blocked),unverified (host blocked),unverified (host blocked),https://adstransparency.google.com/?region=US&domain=enlivenhealth.co,unverified (host blocked),unverified (host blocked),unverified (host blocked),unverified (host blocked),https://www.linkedin.com/ad-library/search?keyword=Enliven%20Health,unverified (host blocked),unverified (host blocked),0,n/a,unverified (host blocked),0,"Meta +3, Google +3, LinkedIn +1, CTA +1 pending audit",headcount_bonus=2 only where a result showed <50 employees or bootstrapped (URL in evidence column).
123,MoeGo,moego.pet,https://www.facebook.com/ads/library/?active_status=active&ad_type=all&country=US&q=MoeGo&search_type=keyword_unordered&media_type=all,unverified (host blocked),unverified (host blocked),unverified (host blocked),unverified (host blocked),unverified (host blocked),https://adstransparency.google.com/?region=US&domain=moego.pet,unverified (host blocked),unverified (host blocked),unverified (host blocked),unverified (host blocked),https://www.linkedin.com/ad-library/search?keyword=MoeGo,unverified (host blocked),unverified (host blocked),0,n/a,unverified (host blocked),0,"Meta +3, Google +3, LinkedIn +1, CTA +1 pending audit",headcount_bonus=2 only where a result showed <50 employees or bootstrapped (URL in evidence column).
123,Groomer.io,groomer.io,https://www.facebook.com/ads/library/?active_status=active&ad_type=all&country=US&q=Groomer.io&search_type=keyword_unordered&media_type=all,unverified (host blocked),unverified (host blocked),unverified (host blocked),unverified (host blocked),unverified (host blocked),https://adstransparency.google.com/?region=US&domain=groomer.io,unverified (host blocked),unverified (host blocked),unverified (host blocked),unverified (host blocked),https://www.linkedin.com/ad-library/search?keyword=Groomer.io,unverified (host blocked),unverified (host blocked),2,https://pitchbook.com/profiles/company/494755-03,unverified (host blocked),2,"Meta +3, Google +3, LinkedIn +1, CTA +1 pending audit",headcount_bonus=2 only where a result showed <50 employees or bootstrapped (URL in evidence column).
123,Groomsoft,groomsoft.com,https://www.facebook.com/ads/library/?active_status=active&ad_type=all&country=US&q=Groomsoft&search_type=keyword_unordered&media_type=all,unverified (host blocked),unverified (host blocked),unverified (host blocked),unverified (host blocked),unverified (host blocked),https://adstransparency.google.com/?region=US&domain=groomsoft.com,unverified (host blocked),unverified (host blocked),unverified (host blocked),unverified (host blocked),https://www.linkedin.com/ad-library/search?keyword=Groomsoft,unverified (host blocked),unverified (host blocked),0,n/a,unverified (host blocked),0,"Meta +3, Google +3, LinkedIn +1, CTA +1 pending audit",headcount_bonus=2 only where a result showed <50 employees or bootstrapped (URL in evidence column).
123,GrooMore,groomore.com,https://www.facebook.com/ads/library/?active_status=active&ad_type=all&country=US&q=GrooMore&search_type=keyword_unordered&media_type=all,unverified (host blocked),unverified (host blocked),unverified (host blocked),unverified (host blocked),unverified (host blocked),https://adstransparency.google.com/?region=US&domain=groomore.com,unverified (host blocked),unverified (host blocked),unverified (host blocked),unverified (host blocked),https://www.linkedin.com/ad-library/search?keyword=GrooMore,unverified (host blocked),unverified (host blocked),0,n/a,unverified (host blocked),0,"Meta +3, Google +3, LinkedIn +1, CTA +1 pending audit",headcount_bonus=2 only where a result showed <50 employees or bootstrapped (URL in evidence column).
123,Animalo,animalo.com,https://www.facebook.com/ads/library/?active_status=active&ad_type=all&country=US&q=Animalo&search_type=keyword_unordered&media_type=all,unverified (host blocked),unverified (host blocked),unverified (host blocked),unverified (host blocked),unverified (host blocked),https://adstransparency.google.com/?region=US&domain=animalo.com,unverified (host blocked),unverified (host blocked),unverified (host blocked),unverified (host blocked),https://www.linkedin.com/ad-library/search?keyword=Animalo,unverified (host blocked),unverified (host blocked),0,n/a,unverified (host blocked),0,"Meta +3, Google +3, LinkedIn +1, CTA +1 pending audit",headcount_bonus=2 only where a result showed <50 employees or bootstrapped (URL in evidence column).
123,Koalendar,koalendar.com,https://www.facebook.com/ads/library/?active_status=active&ad_type=all&country=US&q=Koalendar&search_type=keyword_unordered&media_type=all,unverified (host blocked),unverified (host blocked),unverified (host blocked),unverified (host blocked),unverified (host blocked),https://adstransparency.google.com/?region=US&domain=koalendar.com,unverified (host blocked),unverified (host blocked),unverified (host blocked),unverified (host blocked),https://www.linkedin.com/ad-library/search?keyword=Koalendar,unverified (host blocked),unverified (host blocked),0,n/a,unverified (host blocked),0,"Meta +3, Google +3, LinkedIn +1, CTA +1 pending audit",headcount_bonus=2 only where a result showed <50 employees or bootstrapped (URL in evidence column).
123,Vonigo,vonigo.com,https://www.facebook.com/ads/library/?active_status=active&ad_type=all&country=US&q=Vonigo&search_type=keyword_unordered&media_type=all,unverified (host blocked),unverified (host blocked),unverified (host blocked),unverified (host blocked),unverified (host blocked),https://adstransparency.google.com/?region=US&domain=vonigo.com,unverified (host blocked),unverified (host blocked),unverified (host blocked),unverified (host blocked),https://www.linkedin.com/ad-library/search?keyword=Vonigo,unverified (host blocked),unverified (host blocked),0,n/a,unverified (host blocked),0,"Meta +3, Google +3, LinkedIn +1, CTA +1 pending audit",headcount_bonus=2 only where a result showed <50 employees or bootstrapped (URL in evidence column).
123,Vagaro,vagaro.com,https://www.facebook.com/ads/library/?active_status=active&ad_type=all&country=US&q=Vagaro&search_type=keyword_unordered&media_type=all,unverified (host blocked),unverified (host blocked),unverified (host blocked),unverified (host blocked),unverified (host blocked),https://adstransparency.google.com/?region=US&domain=vagaro.com,unverified (host blocked),unverified (host blocked),unverified (host blocked),unverified (host blocked),https://www.linkedin.com/ad-library/search?keyword=Vagaro,unverified (host blocked),unverified (host blocked),0,n/a,unverified (host blocked),0,"Meta +3, Google +3, LinkedIn +1, CTA +1 pending audit",headcount_bonus=2 only where a result showed <50 employees or bootstrapped (URL in evidence column).
123,DaySmart Pet,daysmart.com,https://www.facebook.com/ads/library/?active_status=active&ad_type=all&country=US&q=DaySmart%20Pet&search_type=keyword_unordered&media_type=all,unverified (host blocked),unverified (host blocked),unverified (host blocked),unverified (host blocked),unverified (host blocked),https://adstransparency.google.com/?region=US&domain=daysmart.com,unverified (host blocked),unverified (host blocked),unverified (host blocked),unverified (host blocked),https://www.linkedin.com/ad-library/search?keyword=DaySmart%20Pet,unverified (host blocked),unverified (host blocked),0,n/a,unverified (host blocked),0,"Meta +3, Google +3, LinkedIn +1, CTA +1 pending audit",headcount_bonus=2 only where a result showed <50 employees or bootstrapped (URL in evidence column).
123,ShakeYourTail,shakeyourtail.com,https://www.facebook.com/ads/library/?active_status=active&ad_type=all&country=US&q=ShakeYourTail&search_type=keyword_unordered&media_type=all,unverified (host blocked),unverified (host blocked),unverified (host blocked),unverified (host blocked),unverified (host blocked),https://adstransparency.google.com/?region=US&domain=shakeyourtail.com,unverified (host blocked),unverified (host blocked),unverified (host blocked),unverified (host blocked),https://www.linkedin.com/ad-library/search?keyword=ShakeYourTail,unverified (host blocked),unverified (host blocked),0,n/a,unverified (host blocked),0,"Meta +3, Google +3, LinkedIn +1, CTA +1 pending audit",headcount_bonus=2 only where a result showed <50 employees or bootstrapped (URL in evidence column).
123,Anolla,anolla.com,https://www.facebook.com/ads/library/?active_status=active&ad_type=all&country=US&q=Anolla&search_type=keyword_unordered&media_type=all,unverified (host blocked),unverified (host blocked),unverified (host blocked),unverified (host blocked),unverified (host blocked),https://adstransparency.google.com/?region=US&domain=anolla.com,unverified (host blocked),unverified (host blocked),unverified (host blocked),unverified (host blocked),https://www.linkedin.com/ad-library/search?keyword=Anolla,unverified (host blocked),unverified (host blocked),0,n/a,unverified (host blocked),0,"Meta +3, Google +3, LinkedIn +1, CTA +1 pending audit",headcount_bonus=2 only where a result showed <50 employees or bootstrapped (URL in evidence column).
130,MassageBook,massagebook.com,https://www.facebook.com/ads/library/?active_status=active&ad_type=all&country=US&q=MassageBook&search_type=keyword_unordered&media_type=all,unverified (host blocked),unverified (host blocked),unverified (host blocked),unverified (host blocked),unverified (host blocked),https://adstransparency.google.com/?region=US&domain=massagebook.com,unverified (host blocked),unverified (host blocked),unverified (host blocked),unverified (host blocked),https://www.linkedin.com/ad-library/search?keyword=MassageBook,unverified (host blocked),unverified (host blocked),2,https://tracxn.com/d/companies/massagebook/__j6PUrHPPyVmaKKrYUsmb2TLdgO9yyST81EtywSzW988,unverified (host blocked),2,"Meta +3, Google +3, LinkedIn +1, CTA +1 pending audit",headcount_bonus=2 only where a result showed <50 employees or bootstrapped (URL in evidence column).
130,ClinicSense,clinicsense.com,https://www.facebook.com/ads/library/?active_status=active&ad_type=all&country=US&q=ClinicSense&search_type=keyword_unordered&media_type=all,unverified (host blocked),unverified (host blocked),unverified (host blocked),unverified (host blocked),unverified (host blocked),https://adstransparency.google.com/?region=US&domain=clinicsense.com,unverified (host blocked),unverified (host blocked),unverified (host blocked),unverified (host blocked),https://www.linkedin.com/ad-library/search?keyword=ClinicSense,unverified (host blocked),unverified (host blocked),2,https://www.crunchbase.com/organization/clinicsense,unverified (host blocked),2,"Meta +3, Google +3, LinkedIn +1, CTA +1 pending audit",headcount_bonus=2 only where a result showed <50 employees or bootstrapped (URL in evidence column).
130,Ruana,getruana.com,https://www.facebook.com/ads/library/?active_status=active&ad_type=all&country=US&q=Ruana&search_type=keyword_unordered&media_type=all,unverified (host blocked),unverified (host blocked),unverified (host blocked),unverified (host blocked),unverified (host blocked),https://adstransparency.google.com/?region=US&domain=getruana.com,unverified (host blocked),unverified (host blocked),unverified (host blocked),unverified (host blocked),https://www.linkedin.com/ad-library/search?keyword=Ruana,unverified (host blocked),unverified (host blocked),0,n/a,unverified (host blocked),0,"Meta +3, Google +3, LinkedIn +1, CTA +1 pending audit",headcount_bonus=2 only where a result showed <50 employees or bootstrapped (URL in evidence column).
130,Noterro,noterro.com,https://www.facebook.com/ads/library/?active_status=active&ad_type=all&country=US&q=Noterro&search_type=keyword_unordered&media_type=all,unverified (host blocked),unverified (host blocked),unverified (host blocked),unverified (host blocked),unverified (host blocked),https://adstransparency.google.com/?region=US&domain=noterro.com,unverified (host blocked),unverified (host blocked),unverified (host blocked),unverified (host blocked),https://www.linkedin.com/ad-library/search?keyword=Noterro,unverified (host blocked),unverified (host blocked),0,n/a,unverified (host blocked),0,"Meta +3, Google +3, LinkedIn +1, CTA +1 pending audit",headcount_bonus=2 only where a result showed <50 employees or bootstrapped (URL in evidence column).
130,Zanda,zandahealth.com,https://www.facebook.com/ads/library/?active_status=active&ad_type=all&country=US&q=Zanda&search_type=keyword_unordered&media_type=all,unverified (host blocked),unverified (host blocked),unverified (host blocked),unverified (host blocked),unverified (host blocked),https://adstransparency.google.com/?region=US&domain=zandahealth.com,unverified (host blocked),unverified (host blocked),unverified (host blocked),unverified (host blocked),https://www.linkedin.com/ad-library/search?keyword=Zanda,unverified (host blocked),unverified (host blocked),0,n/a,unverified (host blocked),0,"Meta +3, Google +3, LinkedIn +1, CTA +1 pending audit",headcount_bonus=2 only where a result showed <50 employees or bootstrapped (URL in evidence column).
130,Yocale,yocale.com,https://www.facebook.com/ads/library/?active_status=active&ad_type=all&country=US&q=Yocale&search_type=keyword_unordered&media_type=all,unverified (host blocked),unverified (host blocked),unverified (host blocked),unverified (host blocked),unverified (host blocked),https://adstransparency.google.com/?region=US&domain=yocale.com,unverified (host blocked),unverified (host blocked),unverified (host blocked),unverified (host blocked),https://www.linkedin.com/ad-library/search?keyword=Yocale,unverified (host blocked),unverified (host blocked),0,n/a,unverified (host blocked),0,"Meta +3, Google +3, LinkedIn +1, CTA +1 pending audit",headcount_bonus=2 only where a result showed <50 employees or bootstrapped (URL in evidence column).
130,WellnessLiving,wellnessliving.com,https://www.facebook.com/ads/library/?active_status=active&ad_type=all&country=US&q=WellnessLiving&search_type=keyword_unordered&media_type=all,unverified (host blocked),unverified (host blocked),unverified (host blocked),unverified (host blocked),unverified (host blocked),https://adstransparency.google.com/?region=US&domain=wellnessliving.com,unverified (host blocked),unverified (host blocked),unverified (host blocked),unverified (host blocked),https://www.linkedin.com/ad-library/search?keyword=WellnessLiving,unverified (host blocked),unverified (host blocked),0,n/a,unverified (host blocked),0,"Meta +3, Google +3, LinkedIn +1, CTA +1 pending audit",headcount_bonus=2 only where a result showed <50 employees or bootstrapped (URL in evidence column).
130,Koalendar,koalendar.com,https://www.facebook.com/ads/library/?active_status=active&ad_type=all&country=US&q=Koalendar&search_type=keyword_unordered&media_type=all,unverified (host blocked),unverified (host blocked),unverified (host blocked),unverified (host blocked),unverified (host blocked),https://adstransparency.google.com/?region=US&domain=koalendar.com,unverified (host blocked),unverified (host blocked),unverified (host blocked),unverified (host blocked),https://www.linkedin.com/ad-library/search?keyword=Koalendar,unverified (host blocked),unverified (host blocked),0,n/a,unverified (host blocked),0,"Meta +3, Google +3, LinkedIn +1, CTA +1 pending audit",headcount_bonus=2 only where a result showed <50 employees or bootstrapped (URL in evidence column).
138,ElderSuite,eldersuite.com,https://www.facebook.com/ads/library/?active_status=active&ad_type=all&country=US&q=ElderSuite&search_type=keyword_unordered&media_type=all,unverified (host blocked),unverified (host blocked),unverified (host blocked),unverified (host blocked),unverified (host blocked),https://adstransparency.google.com/?region=US&domain=eldersuite.com,unverified (host blocked),unverified (host blocked),unverified (host blocked),unverified (host blocked),https://www.linkedin.com/ad-library/search?keyword=ElderSuite,unverified (host blocked),unverified (host blocked),0,n/a,unverified (host blocked),0,"Meta +3, Google +3, LinkedIn +1, CTA +1 pending audit",headcount_bonus=2 only where a result showed <50 employees or bootstrapped (URL in evidence column).
138,MyAdultDayCare,myadultdaycare.com,https://www.facebook.com/ads/library/?active_status=active&ad_type=all&country=US&q=MyAdultDayCare&search_type=keyword_unordered&media_type=all,unverified (host blocked),unverified (host blocked),unverified (host blocked),unverified (host blocked),unverified (host blocked),https://adstransparency.google.com/?region=US&domain=myadultdaycare.com,unverified (host blocked),unverified (host blocked),unverified (host blocked),unverified (host blocked),https://www.linkedin.com/ad-library/search?keyword=MyAdultDayCare,unverified (host blocked),unverified (host blocked),0,n/a,unverified (host blocked),0,"Meta +3, Google +3, LinkedIn +1, CTA +1 pending audit",headcount_bonus=2 only where a result showed <50 employees or bootstrapped (URL in evidence column).
138,StoriiCare,storiicare.com,https://www.facebook.com/ads/library/?active_status=active&ad_type=all&country=US&q=StoriiCare&search_type=keyword_unordered&media_type=all,unverified (host blocked),unverified (host blocked),unverified (host blocked),unverified (host blocked),unverified (host blocked),https://adstransparency.google.com/?region=US&domain=storiicare.com,unverified (host blocked),unverified (host blocked),unverified (host blocked),unverified (host blocked),https://www.linkedin.com/ad-library/search?keyword=StoriiCare,unverified (host blocked),unverified (host blocked),2,https://pitchbook.com/profiles/company/180082-63,unverified (host blocked),2,"Meta +3, Google +3, LinkedIn +1, CTA +1 pending audit",headcount_bonus=2 only where a result showed <50 employees or bootstrapped (URL in evidence column).
138,One Care Portal,onecareportal.com,https://www.facebook.com/ads/library/?active_status=active&ad_type=all&country=US&q=One%20Care%20Portal&search_type=keyword_unordered&media_type=all,unverified (host blocked),unverified (host blocked),unverified (host blocked),unverified (host blocked),unverified (host blocked),https://adstransparency.google.com/?region=US&domain=onecareportal.com,unverified (host blocked),unverified (host blocked),unverified (host blocked),unverified (host blocked),https://www.linkedin.com/ad-library/search?keyword=One%20Care%20Portal,unverified (host blocked),unverified (host blocked),0,n/a,unverified (host blocked),0,"Meta +3, Google +3, LinkedIn +1, CTA +1 pending audit",headcount_bonus=2 only where a result showed <50 employees or bootstrapped (URL in evidence column).
138,WellSky Adult Day,wellsky.com,https://www.facebook.com/ads/library/?active_status=active&ad_type=all&country=US&q=WellSky%20Adult%20Day&search_type=keyword_unordered&media_type=all,unverified (host blocked),unverified (host blocked),unverified (host blocked),unverified (host blocked),unverified (host blocked),https://adstransparency.google.com/?region=US&domain=wellsky.com,unverified (host blocked),unverified (host blocked),unverified (host blocked),unverified (host blocked),https://www.linkedin.com/ad-library/search?keyword=WellSky%20Adult%20Day,unverified (host blocked),unverified (host blocked),0,n/a,unverified (host blocked),0,"Meta +3, Google +3, LinkedIn +1, CTA +1 pending audit",headcount_bonus=2 only where a result showed <50 employees or bootstrapped (URL in evidence column).
138,Carecenta,carecenta.com,https://www.facebook.com/ads/library/?active_status=active&ad_type=all&country=US&q=Carecenta&search_type=keyword_unordered&media_type=all,unverified (host blocked),unverified (host blocked),unverified (host blocked),unverified (host blocked),unverified (host blocked),https://adstransparency.google.com/?region=US&domain=carecenta.com,unverified (host blocked),unverified (host blocked),unverified (host blocked),unverified (host blocked),https://www.linkedin.com/ad-library/search?keyword=Carecenta,unverified (host blocked),unverified (host blocked),0,n/a,unverified (host blocked),0,"Meta +3, Google +3, LinkedIn +1, CTA +1 pending audit",headcount_bonus=2 only where a result showed <50 employees or bootstrapped (URL in evidence column).
138,myEZcare,myezcare.com,https://www.facebook.com/ads/library/?active_status=active&ad_type=all&country=US&q=myEZcare&search_type=keyword_unordered&media_type=all,unverified (host blocked),unverified (host blocked),unverified (host blocked),unverified (host blocked),unverified (host blocked),https://adstransparency.google.com/?region=US&domain=myezcare.com,unverified (host blocked),unverified (host blocked),unverified (host blocked),unverified (host blocked),https://www.linkedin.com/ad-library/search?keyword=myEZcare,unverified (host blocked),unverified (host blocked),0,n/a,unverified (host blocked),0,"Meta +3, Google +3, LinkedIn +1, CTA +1 pending audit",headcount_bonus=2 only where a result showed <50 employees or bootstrapped (URL in evidence column).
138,Ankota,ankota.com,https://www.facebook.com/ads/library/?active_status=active&ad_type=all&country=US&q=Ankota&search_type=keyword_unordered&media_type=all,unverified (host blocked),unverified (host blocked),unverified (host blocked),unverified (host blocked),unverified (host blocked),https://adstransparency.google.com/?region=US&domain=ankota.com,unverified (host blocked),unverified (host blocked),unverified (host blocked),unverified (host blocked),https://www.linkedin.com/ad-library/search?keyword=Ankota,unverified (host blocked),unverified (host blocked),0,n/a,unverified (host blocked),0,"Meta +3, Google +3, LinkedIn +1, CTA +1 pending audit",headcount_bonus=2 only where a result showed <50 employees or bootstrapped (URL in evidence column).
145,My Music Staff (Port 443 Inc.),mymusicstaff.com,https://www.facebook.com/ads/library/?active_status=active&ad_type=all&country=US&q=My%20Music%20Staff%20%28Port%20443%20Inc.%29&search_type=keyword_unordered&media_type=all,unverified (host blocked),unverified (host blocked),unverified (host blocked),unverified (host blocked),unverified (host blocked),https://adstransparency.google.com/?region=US&domain=mymusicstaff.com,unverified (host blocked),unverified (host blocked),unverified (host blocked),unverified (host blocked),https://www.linkedin.com/ad-library/search?keyword=My%20Music%20Staff%20%28Port%20443%20Inc.%29,unverified (host blocked),unverified (host blocked),0,n/a,unverified (host blocked),0,"Meta +3, Google +3, LinkedIn +1, CTA +1 pending audit",headcount_bonus=2 only where a result showed <50 employees or bootstrapped (URL in evidence column).
145,Opus1.io,opus1.io,https://www.facebook.com/ads/library/?active_status=active&ad_type=all&country=US&q=Opus1.io&search_type=keyword_unordered&media_type=all,unverified (host blocked),unverified (host blocked),unverified (host blocked),unverified (host blocked),unverified (host blocked),https://adstransparency.google.com/?region=US&domain=opus1.io,unverified (host blocked),unverified (host blocked),unverified (host blocked),unverified (host blocked),https://www.linkedin.com/ad-library/search?keyword=Opus1.io,unverified (host blocked),unverified (host blocked),2,https://getlatka.com/companies/opus1.io,unverified (host blocked),2,"Meta +3, Google +3, LinkedIn +1, CTA +1 pending audit",headcount_bonus=2 only where a result showed <50 employees or bootstrapped (URL in evidence column).
145,Fons,unverified,https://www.facebook.com/ads/library/?active_status=active&ad_type=all&country=US&q=Fons&search_type=keyword_unordered&media_type=all,unverified (host blocked),unverified (host blocked),unverified (host blocked),unverified (host blocked),unverified (host blocked),unverified (domain unknown),unverified (host blocked),unverified (host blocked),unverified (host blocked),unverified (host blocked),https://www.linkedin.com/ad-library/search?keyword=Fons,unverified (host blocked),unverified (host blocked),0,n/a,unverified (host blocked),0,"Meta +3, Google +3, LinkedIn +1, CTA +1 pending audit",headcount_bonus=2 only where a result showed <50 employees or bootstrapped (URL in evidence column).
145,Teachworks,teachworks.com,https://www.facebook.com/ads/library/?active_status=active&ad_type=all&country=US&q=Teachworks&search_type=keyword_unordered&media_type=all,unverified (host blocked),unverified (host blocked),unverified (host blocked),unverified (host blocked),unverified (host blocked),https://adstransparency.google.com/?region=US&domain=teachworks.com,unverified (host blocked),unverified (host blocked),unverified (host blocked),unverified (host blocked),https://www.linkedin.com/ad-library/search?keyword=Teachworks,unverified (host blocked),unverified (host blocked),0,n/a,unverified (host blocked),0,"Meta +3, Google +3, LinkedIn +1, CTA +1 pending audit",headcount_bonus=2 only where a result showed <50 employees or bootstrapped (URL in evidence column).
145,Duet (Music Teacher's Helper),duetpartner.com,https://www.facebook.com/ads/library/?active_status=active&ad_type=all&country=US&q=Duet%20%28Music%20Teacher%27s%20Helper%29&search_type=keyword_unordered&media_type=all,unverified (host blocked),unverified (host blocked),unverified (host blocked),unverified (host blocked),unverified (host blocked),https://adstransparency.google.com/?region=US&domain=duetpartner.com,unverified (host blocked),unverified (host blocked),unverified (host blocked),unverified (host blocked),https://www.linkedin.com/ad-library/search?keyword=Duet%20%28Music%20Teacher%27s%20Helper%29,unverified (host blocked),unverified (host blocked),0,n/a,unverified (host blocked),0,"Meta +3, Google +3, LinkedIn +1, CTA +1 pending audit",headcount_bonus=2 only where a result showed <50 employees or bootstrapped (URL in evidence column).
145,Jackrabbit Music,jackrabbitclass.com,https://www.facebook.com/ads/library/?active_status=active&ad_type=all&country=US&q=Jackrabbit%20Music&search_type=keyword_unordered&media_type=all,unverified (host blocked),unverified (host blocked),unverified (host blocked),unverified (host blocked),unverified (host blocked),https://adstransparency.google.com/?region=US&domain=jackrabbitclass.com,unverified (host blocked),unverified (host blocked),unverified (host blocked),unverified (host blocked),https://www.linkedin.com/ad-library/search?keyword=Jackrabbit%20Music,unverified (host blocked),unverified (host blocked),0,n/a,unverified (host blocked),0,"Meta +3, Google +3, LinkedIn +1, CTA +1 pending audit",headcount_bonus=2 only where a result showed <50 employees or bootstrapped (URL in evidence column).
145,Jumbula,jumbula.com,https://www.facebook.com/ads/library/?active_status=active&ad_type=all&country=US&q=Jumbula&search_type=keyword_unordered&media_type=all,unverified (host blocked),unverified (host blocked),unverified (host blocked),unverified (host blocked),unverified (host blocked),https://adstransparency.google.com/?region=US&domain=jumbula.com,unverified (host blocked),unverified (host blocked),unverified (host blocked),unverified (host blocked),https://www.linkedin.com/ad-library/search?keyword=Jumbula,unverified (host blocked),unverified (host blocked),0,n/a,unverified (host blocked),0,"Meta +3, Google +3, LinkedIn +1, CTA +1 pending audit",headcount_bonus=2 only where a result showed <50 employees or bootstrapped (URL in evidence column).
145,Teach 'n Go,teachngo.com,https://www.facebook.com/ads/library/?active_status=active&ad_type=all&country=US&q=Teach%20%27n%20Go&search_type=keyword_unordered&media_type=all,unverified (host blocked),unverified (host blocked),unverified (host blocked),unverified (host blocked),unverified (host blocked),https://adstransparency.google.com/?region=US&domain=teachngo.com,unverified (host blocked),unverified (host blocked),unverified (host blocked),unverified (host blocked),https://www.linkedin.com/ad-library/search?keyword=Teach%20%27n%20Go,unverified (host blocked),unverified (host blocked),0,n/a,unverified (host blocked),0,"Meta +3, Google +3, LinkedIn +1, CTA +1 pending audit",headcount_bonus=2 only where a result showed <50 employees or bootstrapped (URL in evidence column).
145,Noto,withnoto.com,https://www.facebook.com/ads/library/?active_status=active&ad_type=all&country=US&q=Noto&search_type=keyword_unordered&media_type=all,unverified (host blocked),unverified (host blocked),unverified (host blocked),unverified (host blocked),unverified (host blocked),https://adstransparency.google.com/?region=US&domain=withnoto.com,unverified (host blocked),unverified (host blocked),unverified (host blocked),unverified (host blocked),https://www.linkedin.com/ad-library/search?keyword=Noto,unverified (host blocked),unverified (host blocked),0,n/a,unverified (host blocked),0,"Meta +3, Google +3, LinkedIn +1, CTA +1 pending audit",headcount_bonus=2 only where a result showed <50 employees or bootstrapped (URL in evidence column).
145,Bizzly,bizzly.net,https://www.facebook.com/ads/library/?active_status=active&ad_type=all&country=US&q=Bizzly&search_type=keyword_unordered&media_type=all,unverified (host blocked),unverified (host blocked),unverified (host blocked),unverified (host blocked),unverified (host blocked),https://adstransparency.google.com/?region=US&domain=bizzly.net,unverified (host blocked),unverified (host blocked),unverified (host blocked),unverified (host blocked),https://www.linkedin.com/ad-library/search?keyword=Bizzly,unverified (host blocked),unverified (host blocked),0,n/a,unverified (host blocked),0,"Meta +3, Google +3, LinkedIn +1, CTA +1 pending audit",headcount_bonus=2 only where a result showed <50 employees or bootstrapped (URL in evidence column).
145,Nova Music,trynovamusic.com,https://www.facebook.com/ads/library/?active_status=active&ad_type=all&country=US&q=Nova%20Music&search_type=keyword_unordered&media_type=all,unverified (host blocked),unverified (host blocked),unverified (host blocked),unverified (host blocked),unverified (host blocked),https://adstransparency.google.com/?region=US&domain=trynovamusic.com,unverified (host blocked),unverified (host blocked),unverified (host blocked),unverified (host blocked),https://www.linkedin.com/ad-library/search?keyword=Nova%20Music,unverified (host blocked),unverified (host blocked),0,n/a,unverified (host blocked),0,"Meta +3, Google +3, LinkedIn +1, CTA +1 pending audit",headcount_bonus=2 only where a result showed <50 employees or bootstrapped (URL in evidence column).
153,Campspot,campspot.com,https://www.facebook.com/ads/library/?active_status=active&ad_type=all&country=US&q=Campspot&search_type=keyword_unordered&media_type=all,unverified (host blocked),unverified (host blocked),unverified (host blocked),unverified (host blocked),unverified (host blocked),https://adstransparency.google.com/?region=US&domain=campspot.com,unverified (host blocked),unverified (host blocked),unverified (host blocked),unverified (host blocked),https://www.linkedin.com/ad-library/search?keyword=Campspot,unverified (host blocked),unverified (host blocked),0,n/a,unverified (host blocked),0,"Meta +3, Google +3, LinkedIn +1, CTA +1 pending audit",headcount_bonus=2 only where a result showed <50 employees or bootstrapped (URL in evidence column).
153,CampLife,software.camplife.com,https://www.facebook.com/ads/library/?active_status=active&ad_type=all&country=US&q=CampLife&search_type=keyword_unordered&media_type=all,unverified (host blocked),unverified (host blocked),unverified (host blocked),unverified (host blocked),unverified (host blocked),https://adstransparency.google.com/?region=US&domain=software.camplife.com,unverified (host blocked),unverified (host blocked),unverified (host blocked),unverified (host blocked),https://www.linkedin.com/ad-library/search?keyword=CampLife,unverified (host blocked),unverified (host blocked),2,https://leadiq.com/c/camplife/5a1dcf0a2300005b00d68dec,unverified (host blocked),2,"Meta +3, Google +3, LinkedIn +1, CTA +1 pending audit",headcount_bonus=2 only where a result showed <50 employees or bootstrapped (URL in evidence column).
153,Firefly Reservations,fireflyreservations.com,https://www.facebook.com/ads/library/?active_status=active&ad_type=all&country=US&q=Firefly%20Reservations&search_type=keyword_unordered&media_type=all,unverified (host blocked),unverified (host blocked),unverified (host blocked),unverified (host blocked),unverified (host blocked),https://adstransparency.google.com/?region=US&domain=fireflyreservations.com,unverified (host blocked),unverified (host blocked),unverified (host blocked),unverified (host blocked),https://www.linkedin.com/ad-library/search?keyword=Firefly%20Reservations,unverified (host blocked),unverified (host blocked),0,n/a,unverified (host blocked),0,"Meta +3, Google +3, LinkedIn +1, CTA +1 pending audit",headcount_bonus=2 only where a result showed <50 employees or bootstrapped (URL in evidence column).
153,Bonfire,letsbonfire.com,https://www.facebook.com/ads/library/?active_status=active&ad_type=all&country=US&q=Bonfire&search_type=keyword_unordered&media_type=all,unverified (host blocked),unverified (host blocked),unverified (host blocked),unverified (host blocked),unverified (host blocked),https://adstransparency.google.com/?region=US&domain=letsbonfire.com,unverified (host blocked),unverified (host blocked),unverified (host blocked),unverified (host blocked),https://www.linkedin.com/ad-library/search?keyword=Bonfire,unverified (host blocked),unverified (host blocked),2,https://gust.com/companies/letsbonfire,unverified (host blocked),2,"Meta +3, Google +3, LinkedIn +1, CTA +1 pending audit",headcount_bonus=2 only where a result showed <50 employees or bootstrapped (URL in evidence column).
153,RoverPass,software.roverpass.com,https://www.facebook.com/ads/library/?active_status=active&ad_type=all&country=US&q=RoverPass&search_type=keyword_unordered&media_type=all,unverified (host blocked),unverified (host blocked),unverified (host blocked),unverified (host blocked),unverified (host blocked),https://adstransparency.google.com/?region=US&domain=software.roverpass.com,unverified (host blocked),unverified (host blocked),unverified (host blocked),unverified (host blocked),https://www.linkedin.com/ad-library/search?keyword=RoverPass,unverified (host blocked),unverified (host blocked),2,https://tracxn.com/d/companies/roverpass/__QpiSrUS8oDllHLS_Uu05zzXRbZ4ABeudFSsQirO3XIU,unverified (host blocked),2,"Meta +3, Google +3, LinkedIn +1, CTA +1 pending audit",headcount_bonus=2 only where a result showed <50 employees or bootstrapped (URL in evidence column).
153,ReservationKey,reservationkey.com,https://www.facebook.com/ads/library/?active_status=active&ad_type=all&country=US&q=ReservationKey&search_type=keyword_unordered&media_type=all,unverified (host blocked),unverified (host blocked),unverified (host blocked),unverified (host blocked),unverified (host blocked),https://adstransparency.google.com/?region=US&domain=reservationkey.com,unverified (host blocked),unverified (host blocked),unverified (host blocked),unverified (host blocked),https://www.linkedin.com/ad-library/search?keyword=ReservationKey,unverified (host blocked),unverified (host blocked),0,n/a,unverified (host blocked),0,"Meta +3, Google +3, LinkedIn +1, CTA +1 pending audit",headcount_bonus=2 only where a result showed <50 employees or bootstrapped (URL in evidence column).
153,Campground Master,campgroundmaster.com,https://www.facebook.com/ads/library/?active_status=active&ad_type=all&country=US&q=Campground%20Master&search_type=keyword_unordered&media_type=all,unverified (host blocked),unverified (host blocked),unverified (host blocked),unverified (host blocked),unverified (host blocked),https://adstransparency.google.com/?region=US&domain=campgroundmaster.com,unverified (host blocked),unverified (host blocked),unverified (host blocked),unverified (host blocked),https://www.linkedin.com/ad-library/search?keyword=Campground%20Master,unverified (host blocked),unverified (host blocked),0,n/a,unverified (host blocked),0,"Meta +3, Google +3, LinkedIn +1, CTA +1 pending audit",headcount_bonus=2 only where a result showed <50 employees or bootstrapped (URL in evidence column).
153,GraceSoft,gracesoft.com,https://www.facebook.com/ads/library/?active_status=active&ad_type=all&country=US&q=GraceSoft&search_type=keyword_unordered&media_type=all,unverified (host blocked),unverified (host blocked),unverified (host blocked),unverified (host blocked),unverified (host blocked),https://adstransparency.google.com/?region=US&domain=gracesoft.com,unverified (host blocked),unverified (host blocked),unverified (host blocked),unverified (host blocked),https://www.linkedin.com/ad-library/search?keyword=GraceSoft,unverified (host blocked),unverified (host blocked),0,n/a,unverified (host blocked),0,"Meta +3, Google +3, LinkedIn +1, CTA +1 pending audit",headcount_bonus=2 only where a result showed <50 employees or bootstrapped (URL in evidence column).
153,Premier Campground Management (PCM),premiercampground.com,https://www.facebook.com/ads/library/?active_status=active&ad_type=all&country=US&q=Premier%20Campground%20Management%20%28PCM%29&search_type=keyword_unordered&media_type=all,unverified (host blocked),unverified (host blocked),unverified (host blocked),unverified (host blocked),unverified (host blocked),https://adstransparency.google.com/?region=US&domain=premiercampground.com,unverified (host blocked),unverified (host blocked),unverified (host blocked),unverified (host blocked),https://www.linkedin.com/ad-library/search?keyword=Premier%20Campground%20Management%20%28PCM%29,unverified (host blocked),unverified (host blocked),0,n/a,unverified (host blocked),0,"Meta +3, Google +3, LinkedIn +1, CTA +1 pending audit",headcount_bonus=2 only where a result showed <50 employees or bootstrapped (URL in evidence column).
153,Keepr,keeprstay.com,https://www.facebook.com/ads/library/?active_status=active&ad_type=all&country=US&q=Keepr&search_type=keyword_unordered&media_type=all,unverified (host blocked),unverified (host blocked),unverified (host blocked),unverified (host blocked),unverified (host blocked),https://adstransparency.google.com/?region=US&domain=keeprstay.com,unverified (host blocked),unverified (host blocked),unverified (host blocked),unverified (host blocked),https://www.linkedin.com/ad-library/search?keyword=Keepr,unverified (host blocked),unverified (host blocked),0,n/a,unverified (host blocked),0,"Meta +3, Google +3, LinkedIn +1, CTA +1 pending audit",headcount_bonus=2 only where a result showed <50 employees or bootstrapped (URL in evidence column).
160,LinenTech,linentech.net,https://www.facebook.com/ads/library/?active_status=active&ad_type=all&country=US&q=LinenTech&search_type=keyword_unordered&media_type=all,unverified (host blocked),unverified (host blocked),unverified (host blocked),unverified (host blocked),unverified (host blocked),https://adstransparency.google.com/?region=US&domain=linentech.net,unverified (host blocked),unverified (host blocked),unverified (host blocked),unverified (host blocked),https://www.linkedin.com/ad-library/search?keyword=LinenTech,unverified (host blocked),unverified (host blocked),2,https://tracxn.com/d/companies/linentech/__YMDBqXWWz6sUBRAX0loR2FHEvvUezjpw98qZSkPvgbM,unverified (host blocked),2,"Meta +3, Google +3, LinkedIn +1, CTA +1 pending audit",headcount_bonus=2 only where a result showed <50 employees or bootstrapped (URL in evidence column).
160,Textile Technologies (RouteManager),textile-tech.com,https://www.facebook.com/ads/library/?active_status=active&ad_type=all&country=US&q=Textile%20Technologies%20%28RouteManager%29&search_type=keyword_unordered&media_type=all,unverified (host blocked),unverified (host blocked),unverified (host blocked),unverified (host blocked),unverified (host blocked),https://adstransparency.google.com/?region=US&domain=textile-tech.com,unverified (host blocked),unverified (host blocked),unverified (host blocked),unverified (host blocked),https://www.linkedin.com/ad-library/search?keyword=Textile%20Technologies%20%28RouteManager%29,unverified (host blocked),unverified (host blocked),0,n/a,unverified (host blocked),0,"Meta +3, Google +3, LinkedIn +1, CTA +1 pending audit",headcount_bonus=2 only where a result showed <50 employees or bootstrapped (URL in evidence column).
160,TCS Laundry,unverified,https://www.facebook.com/ads/library/?active_status=active&ad_type=all&country=US&q=TCS%20Laundry&search_type=keyword_unordered&media_type=all,unverified (host blocked),unverified (host blocked),unverified (host blocked),unverified (host blocked),unverified (host blocked),unverified (domain unknown),unverified (host blocked),unverified (host blocked),unverified (host blocked),unverified (host blocked),https://www.linkedin.com/ad-library/search?keyword=TCS%20Laundry,unverified (host blocked),unverified (host blocked),0,n/a,unverified (host blocked),0,"Meta +3, Google +3, LinkedIn +1, CTA +1 pending audit",headcount_bonus=2 only where a result showed <50 employees or bootstrapped (URL in evidence column).
160,LinenMaster,linenmaster.com,https://www.facebook.com/ads/library/?active_status=active&ad_type=all&country=US&q=LinenMaster&search_type=keyword_unordered&media_type=all,unverified (host blocked),unverified (host blocked),unverified (host blocked),unverified (host blocked),unverified (host blocked),https://adstransparency.google.com/?region=US&domain=linenmaster.com,unverified (host blocked),unverified (host blocked),unverified (host blocked),unverified (host blocked),https://www.linkedin.com/ad-library/search?keyword=LinenMaster,unverified (host blocked),unverified (host blocked),0,n/a,unverified (host blocked),0,"Meta +3, Google +3, LinkedIn +1, CTA +1 pending audit",headcount_bonus=2 only where a result showed <50 employees or bootstrapped (URL in evidence column).
160,Easy RFID Pro,easyrfidpro.com,https://www.facebook.com/ads/library/?active_status=active&ad_type=all&country=US&q=Easy%20RFID%20Pro&search_type=keyword_unordered&media_type=all,unverified (host blocked),unverified (host blocked),unverified (host blocked),unverified (host blocked),unverified (host blocked),https://adstransparency.google.com/?region=US&domain=easyrfidpro.com,unverified (host blocked),unverified (host blocked),unverified (host blocked),unverified (host blocked),https://www.linkedin.com/ad-library/search?keyword=Easy%20RFID%20Pro,unverified (host blocked),unverified (host blocked),0,n/a,unverified (host blocked),0,"Meta +3, Google +3, LinkedIn +1, CTA +1 pending audit",headcount_bonus=2 only where a result showed <50 employees or bootstrapped (URL in evidence column).
160,Booqable,booqable.com,https://www.facebook.com/ads/library/?active_status=active&ad_type=all&country=US&q=Booqable&search_type=keyword_unordered&media_type=all,unverified (host blocked),unverified (host blocked),unverified (host blocked),unverified (host blocked),unverified (host blocked),https://adstransparency.google.com/?region=US&domain=booqable.com,unverified (host blocked),unverified (host blocked),unverified (host blocked),unverified (host blocked),https://www.linkedin.com/ad-library/search?keyword=Booqable,unverified (host blocked),unverified (host blocked),0,n/a,unverified (host blocked),0,"Meta +3, Google +3, LinkedIn +1, CTA +1 pending audit",headcount_bonus=2 only where a result showed <50 employees or bootstrapped (URL in evidence column).
160,InTempo,intemposoftware.com,https://www.facebook.com/ads/library/?active_status=active&ad_type=all&country=US&q=InTempo&search_type=keyword_unordered&media_type=all,unverified (host blocked),unverified (host blocked),unverified (host blocked),unverified (host blocked),unverified (host blocked),https://adstransparency.google.com/?region=US&domain=intemposoftware.com,unverified (host blocked),unverified (host blocked),unverified (host blocked),unverified (host blocked),https://www.linkedin.com/ad-library/search?keyword=InTempo,unverified (host blocked),unverified (host blocked),0,n/a,unverified (host blocked),0,"Meta +3, Google +3, LinkedIn +1, CTA +1 pending audit",headcount_bonus=2 only where a result showed <50 employees or bootstrapped (URL in evidence column).
