niche_id,tool,domain,meta_lookup_url,meta_active_ads,meta_ads_60d,meta_ads_120d,meta_platforms,meta_cta,google_lookup_url,google_advertiser_page_url,google_ad_count,google_formats,google_overlap_90d_pass,linkedin_lookup_url,linkedin_present,linkedin_date_ranges,headcount_bonus,headcount_bonus_evidence_url,direct_response_cta,verified_score,pending_signals,notes,method_score,verification_status
1,Bella FSM,bellafsm.com,https://www.facebook.com/ads/library/?active_status=active&ad_type=all&country=US&q=Bella%20FSM&search_type=keyword_unordered&media_type=all,unverified (host blocked),unverified (host blocked),unverified (host blocked),unverified (host blocked),unverified (host blocked),https://adstransparency.google.com/?region=US&domain=bellafsm.com,unverified,unverified (host blocked),unverified (host blocked),unverified (host blocked),https://www.linkedin.com/ad-library/search?keyword=Bella%20FSM,unverified (host blocked),unverified (host blocked),0,unverified,unverified,0,"Meta +3, Google +3, LinkedIn +1, CTA +1 pending manual audit",headcount/funding not verified in results. adstransparency.google.com advertiser-page search not run (session search budget exhausted).,pending (Meta/Google/LinkedIn ad libraries blocked by egress policy; only headcount bonus verifiable),search-verified (URL-cited)
1,PumpDocket,pumpdocket.com,https://www.facebook.com/ads/library/?active_status=active&ad_type=all&country=US&q=PumpDocket&search_type=keyword_unordered&media_type=all,unverified (host blocked),unverified (host blocked),unverified (host blocked),unverified (host blocked),unverified (host blocked),https://adstransparency.google.com/?region=US&domain=pumpdocket.com,unverified,unverified (host blocked),unverified (host blocked),unverified (host blocked),https://www.linkedin.com/ad-library/search?keyword=PumpDocket,unverified (host blocked),unverified (host blocked),0,unverified,unverified,0,"Meta +3, Google +3, LinkedIn +1, CTA +1 pending manual audit",headcount/funding not verified in results. adstransparency.google.com advertiser-page search not run (session search budget exhausted).,pending (Meta/Google/LinkedIn ad libraries blocked by egress policy; only headcount bonus verifiable),search-verified (URL-cited)
1,PumperPro,pumperpro.app,https://www.facebook.com/ads/library/?active_status=active&ad_type=all&country=US&q=PumperPro&search_type=keyword_unordered&media_type=all,unverified (host blocked),unverified (host blocked),unverified (host blocked),unverified (host blocked),unverified (host blocked),https://adstransparency.google.com/?region=US&domain=pumperpro.app,unverified,unverified (host blocked),unverified (host blocked),unverified (host blocked),https://www.linkedin.com/ad-library/search?keyword=PumperPro,unverified (host blocked),unverified (host blocked),0,unverified,unverified,0,"Meta +3, Google +3, LinkedIn +1, CTA +1 pending manual audit",headcount/funding not verified in results. adstransparency.google.com advertiser-page search not run (session search budget exhausted).,pending (Meta/Google/LinkedIn ad libraries blocked by egress policy; only headcount bonus verifiable),search-verified (URL-cited)
1,SepticPro,septicprotools.com,https://www.facebook.com/ads/library/?active_status=active&ad_type=all&country=US&q=SepticPro&search_type=keyword_unordered&media_type=all,unverified (host blocked),unverified (host blocked),unverified (host blocked),unverified (host blocked),unverified (host blocked),https://adstransparency.google.com/?region=US&domain=septicprotools.com,unverified,unverified (host blocked),unverified (host blocked),unverified (host blocked),https://www.linkedin.com/ad-library/search?keyword=SepticPro,unverified (host blocked),unverified (host blocked),0,unverified,unverified,0,"Meta +3, Google +3, LinkedIn +1, CTA +1 pending manual audit",headcount/funding not verified in results. adstransparency.google.com advertiser-page search not run (session search budget exhausted).,pending (Meta/Google/LinkedIn ad libraries blocked by egress policy; only headcount bonus verifiable),search-verified (URL-cited)
1,ServiceCore,servicecore.com,https://www.facebook.com/ads/library/?active_status=active&ad_type=all&country=US&q=ServiceCore&search_type=keyword_unordered&media_type=all,unverified (host blocked),unverified (host blocked),unverified (host blocked),unverified (host blocked),unverified (host blocked),https://adstransparency.google.com/?region=US&domain=servicecore.com,unverified,unverified (host blocked),unverified (host blocked),unverified (host blocked),https://www.linkedin.com/ad-library/search?keyword=ServiceCore,unverified (host blocked),unverified (host blocked),0,unverified,unverified,0,"Meta +3, Google +3, LinkedIn +1, CTA +1 pending manual audit","163 employees, VC-backed; no bonus. adstransparency.google.com advertiser-page search not run (session search budget exhausted).",pending (Meta/Google/LinkedIn ad libraries blocked by egress policy; only headcount bonus verifiable),search-verified (URL-cited)
1,ServiceTitan,servicetitan.com,https://www.facebook.com/ads/library/?active_status=active&ad_type=all&country=US&q=ServiceTitan&search_type=keyword_unordered&media_type=all,unverified (host blocked),unverified (host blocked),unverified (host blocked),unverified (host blocked),unverified (host blocked),https://adstransparency.google.com/?region=US&domain=servicetitan.com,unverified,unverified (host blocked),unverified (host blocked),unverified (host blocked),https://www.linkedin.com/ad-library/search?keyword=ServiceTitan,unverified (host blocked),unverified (host blocked),0,unverified,unverified,0,"Meta +3, Google +3, LinkedIn +1, CTA +1 pending manual audit",headcount/funding not verified in results. adstransparency.google.com advertiser-page search not run (session search budget exhausted).,pending (Meta/Google/LinkedIn ad libraries blocked by egress policy; only headcount bonus verifiable),search-verified (URL-cited)
1,Smart Service,smartservice.com,https://www.facebook.com/ads/library/?active_status=active&ad_type=all&country=US&q=Smart%20Service&search_type=keyword_unordered&media_type=all,unverified (host blocked),unverified (host blocked),unverified (host blocked),unverified (host blocked),unverified (host blocked),https://adstransparency.google.com/?region=US&domain=smartservice.com,unverified,unverified (host blocked),unverified (host blocked),unverified (host blocked),https://www.linkedin.com/ad-library/search?keyword=Smart%20Service,unverified (host blocked),unverified (host blocked),0,unverified,unverified,0,"Meta +3, Google +3, LinkedIn +1, CTA +1 pending manual audit",headcount/funding not verified in results. adstransparency.google.com advertiser-page search not run (session search budget exhausted).,pending (Meta/Google/LinkedIn ad libraries blocked by egress policy; only headcount bonus verifiable),search-verified (URL-cited)
2,DrillerDB,drillerdb.com,https://www.facebook.com/ads/library/?active_status=active&ad_type=all&country=US&q=DrillerDB&search_type=keyword_unordered&media_type=all,unverified (host blocked),unverified (host blocked),unverified (host blocked),unverified (host blocked),unverified (host blocked),https://adstransparency.google.com/?region=US&domain=drillerdb.com,unverified,unverified (host blocked),unverified (host blocked),unverified (host blocked),https://www.linkedin.com/ad-library/search?keyword=DrillerDB,unverified (host blocked),unverified (host blocked),2,https://growjo.com/company/DrillerDB,unverified,2,"Meta +3, Google +3, LinkedIn +1, CTA +1 pending manual audit",Growjo lists 0 employees; founded 2024. adstransparency.google.com advertiser-page search not run (session search budget exhausted).,pending (Meta/Google/LinkedIn ad libraries blocked by egress policy; only headcount bonus verifiable),search-verified (URL-cited)
2,IKOL,ikol.com,https://www.facebook.com/ads/library/?active_status=active&ad_type=all&country=US&q=IKOL&search_type=keyword_unordered&media_type=all,unverified (host blocked),unverified (host blocked),unverified (host blocked),unverified (host blocked),unverified (host blocked),https://adstransparency.google.com/?region=US&domain=ikol.com,unverified,unverified (host blocked),unverified (host blocked),unverified (host blocked),https://www.linkedin.com/ad-library/search?keyword=IKOL,unverified (host blocked),unverified (host blocked),0,unverified,unverified,0,"Meta +3, Google +3, LinkedIn +1, CTA +1 pending manual audit",headcount/funding not verified in results. adstransparency.google.com advertiser-page search not run (session search budget exhausted).,pending (Meta/Google/LinkedIn ad libraries blocked by egress policy; only headcount bonus verifiable),search-verified (URL-cited)
2,Jobber,getjobber.com,https://www.facebook.com/ads/library/?active_status=active&ad_type=all&country=US&q=Jobber&search_type=keyword_unordered&media_type=all,unverified (host blocked),unverified (host blocked),unverified (host blocked),unverified (host blocked),unverified (host blocked),https://adstransparency.google.com/?region=US&domain=getjobber.com,unverified,unverified (host blocked),unverified (host blocked),unverified (host blocked),https://www.linkedin.com/ad-library/search?keyword=Jobber,unverified (host blocked),unverified (host blocked),0,unverified,unverified,0,"Meta +3, Google +3, LinkedIn +1, CTA +1 pending manual audit",headcount/funding not verified in results. adstransparency.google.com advertiser-page search not run (session search budget exhausted).,pending (Meta/Google/LinkedIn ad libraries blocked by egress policy; only headcount bonus verifiable),search-verified (URL-cited)
2,WellMagic,wellmagic.net,https://www.facebook.com/ads/library/?active_status=active&ad_type=all&country=US&q=WellMagic&search_type=keyword_unordered&media_type=all,unverified (host blocked),unverified (host blocked),unverified (host blocked),unverified (host blocked),unverified (host blocked),https://adstransparency.google.com/?region=US&domain=wellmagic.net,unverified,unverified (host blocked),unverified (host blocked),unverified (host blocked),https://www.linkedin.com/ad-library/search?keyword=WellMagic,unverified (host blocked),unverified (host blocked),0,unverified,unverified,0,"Meta +3, Google +3, LinkedIn +1, CTA +1 pending manual audit",headcount/funding not verified in results. adstransparency.google.com advertiser-page search not run (session search budget exhausted).,pending (Meta/Google/LinkedIn ad libraries blocked by egress policy; only headcount bonus verifiable),search-verified (URL-cited)
3,AccuLynx,acculynx.com,https://www.facebook.com/ads/library/?active_status=active&ad_type=all&country=US&q=AccuLynx&search_type=keyword_unordered&media_type=all,unverified (host blocked),unverified (host blocked),unverified (host blocked),unverified (host blocked),unverified (host blocked),https://adstransparency.google.com/?region=US&domain=acculynx.com,unverified,unverified (host blocked),unverified (host blocked),unverified (host blocked),https://www.linkedin.com/ad-library/search?keyword=AccuLynx,unverified (host blocked),unverified (host blocked),0,unverified,unverified,0,"Meta +3, Google +3, LinkedIn +1, CTA +1 pending manual audit",GetLatka lists bootstrapped but Verisk acquisition 2025-07-30 and 175 employees supersede; no bonus. adstransparency.google.com advertiser-page search not run (session search budget exhausted).,pending (Meta/Google/LinkedIn ad libraries blocked by egress policy; only headcount bonus verifiable),search-verified (URL-cited)
3,JobNimbus,jobnimbus.com,https://www.facebook.com/ads/library/?active_status=active&ad_type=all&country=US&q=JobNimbus&search_type=keyword_unordered&media_type=all,unverified (host blocked),unverified (host blocked),unverified (host blocked),unverified (host blocked),unverified (host blocked),https://adstransparency.google.com/?region=US&domain=jobnimbus.com,unverified,unverified (host blocked),unverified (host blocked),unverified (host blocked),https://www.linkedin.com/ad-library/search?keyword=JobNimbus,unverified (host blocked),unverified (host blocked),0,unverified,unverified,0,"Meta +3, Google +3, LinkedIn +1, CTA +1 pending manual audit",headcount/funding not verified in results. adstransparency.google.com advertiser-page search not run (session search budget exhausted).,pending (Meta/Google/LinkedIn ad libraries blocked by egress policy; only headcount bonus verifiable),search-verified (URL-cited)
3,Leap,leaptodigital.com,https://www.facebook.com/ads/library/?active_status=active&ad_type=all&country=US&q=Leap&search_type=keyword_unordered&media_type=all,unverified (host blocked),unverified (host blocked),unverified (host blocked),unverified (host blocked),unverified (host blocked),https://adstransparency.google.com/?region=US&domain=leaptodigital.com,unverified,unverified (host blocked),unverified (host blocked),unverified (host blocked),https://www.linkedin.com/ad-library/search?keyword=Leap,unverified (host blocked),unverified (host blocked),0,unverified,unverified,0,"Meta +3, Google +3, LinkedIn +1, CTA +1 pending manual audit",headcount/funding not verified in results. adstransparency.google.com advertiser-page search not run (session search budget exhausted).,pending (Meta/Google/LinkedIn ad libraries blocked by egress policy; only headcount bonus verifiable),search-verified (URL-cited)
3,RoofSnap,roofsnap.com,https://www.facebook.com/ads/library/?active_status=active&ad_type=all&country=US&q=RoofSnap&search_type=keyword_unordered&media_type=all,unverified (host blocked),unverified (host blocked),unverified (host blocked),unverified (host blocked),unverified (host blocked),https://adstransparency.google.com/?region=US&domain=roofsnap.com,unverified,unverified (host blocked),unverified (host blocked),unverified (host blocked),https://www.linkedin.com/ad-library/search?keyword=RoofSnap,unverified (host blocked),unverified (host blocked),2,https://softwareconnect.com/reviews/roofsnap/,unverified,2,"Meta +3, Google +3, LinkedIn +1, CTA +1 pending manual audit",1-10 employees (owned by EverCommerce). adstransparency.google.com advertiser-page search not run (session search budget exhausted).,pending (Meta/Google/LinkedIn ad libraries blocked by egress policy; only headcount bonus verifiable),search-verified (URL-cited)
3,Roofr,roofr.com,https://www.facebook.com/ads/library/?active_status=active&ad_type=all&country=US&q=Roofr&search_type=keyword_unordered&media_type=all,unverified (host blocked),unverified (host blocked),unverified (host blocked),unverified (host blocked),unverified (host blocked),https://adstransparency.google.com/?region=US&domain=roofr.com,unverified,unverified (host blocked),unverified (host blocked),unverified (host blocked),https://www.linkedin.com/ad-library/search?keyword=Roofr,unverified (host blocked),unverified (host blocked),0,unverified,unverified,0,"Meta +3, Google +3, LinkedIn +1, CTA +1 pending manual audit",headcount/funding not verified in results. adstransparency.google.com advertiser-page search not run (session search budget exhausted).,pending (Meta/Google/LinkedIn ad libraries blocked by egress policy; only headcount bonus verifiable),search-verified (URL-cited)
3,ServiceTitan,servicetitan.com,https://www.facebook.com/ads/library/?active_status=active&ad_type=all&country=US&q=ServiceTitan&search_type=keyword_unordered&media_type=all,unverified (host blocked),unverified (host blocked),unverified (host blocked),unverified (host blocked),unverified (host blocked),https://adstransparency.google.com/?region=US&domain=servicetitan.com,unverified,unverified (host blocked),unverified (host blocked),unverified (host blocked),https://www.linkedin.com/ad-library/search?keyword=ServiceTitan,unverified (host blocked),unverified (host blocked),0,unverified,unverified,0,"Meta +3, Google +3, LinkedIn +1, CTA +1 pending manual audit",headcount/funding not verified in results. adstransparency.google.com advertiser-page search not run (session search budget exhausted).,pending (Meta/Google/LinkedIn ad libraries blocked by egress policy; only headcount bonus verifiable),search-verified (URL-cited)
4,FenceCloud,fence.cloud,https://www.facebook.com/ads/library/?active_status=active&ad_type=all&country=US&q=FenceCloud&search_type=keyword_unordered&media_type=all,unverified (host blocked),unverified (host blocked),unverified (host blocked),unverified (host blocked),unverified (host blocked),https://adstransparency.google.com/?region=US&domain=fence.cloud,unverified,unverified (host blocked),unverified (host blocked),unverified (host blocked),https://www.linkedin.com/ad-library/search?keyword=FenceCloud,unverified (host blocked),unverified (host blocked),0,unverified,unverified,0,"Meta +3, Google +3, LinkedIn +1, CTA +1 pending manual audit",headcount/funding not verified in results. adstransparency.google.com advertiser-page search not run (session search budget exhausted).,pending (Meta/Google/LinkedIn ad libraries blocked by egress policy; only headcount bonus verifiable),search-verified (URL-cited)
4,ProDBX,prodbx.com,https://www.facebook.com/ads/library/?active_status=active&ad_type=all&country=US&q=ProDBX&search_type=keyword_unordered&media_type=all,unverified (host blocked),unverified (host blocked),unverified (host blocked),unverified (host blocked),unverified (host blocked),https://adstransparency.google.com/?region=US&domain=prodbx.com,unverified,unverified (host blocked),unverified (host blocked),unverified (host blocked),https://www.linkedin.com/ad-library/search?keyword=ProDBX,unverified (host blocked),unverified (host blocked),0,unverified,unverified,0,"Meta +3, Google +3, LinkedIn +1, CTA +1 pending manual audit",headcount/funding not verified in results. adstransparency.google.com advertiser-page search not run (session search budget exhausted).,pending (Meta/Google/LinkedIn ad libraries blocked by egress policy; only headcount bonus verifiable),candidate (prior knowledge; not search-verified)
4,QuoteIQ,myquoteiq.com,https://www.facebook.com/ads/library/?active_status=active&ad_type=all&country=US&q=QuoteIQ&search_type=keyword_unordered&media_type=all,unverified (host blocked),unverified (host blocked),unverified (host blocked),unverified (host blocked),unverified (host blocked),https://adstransparency.google.com/?region=US&domain=myquoteiq.com,unverified,unverified (host blocked),unverified (host blocked),unverified (host blocked),https://www.linkedin.com/ad-library/search?keyword=QuoteIQ,unverified (host blocked),unverified (host blocked),2,https://bootstrappers.com/mike-vida-quoteiq/,unverified,2,"Meta +3, Google +3, LinkedIn +1, CTA +1 pending manual audit",11-50 employees (Tracxn) and self-funded. adstransparency.google.com advertiser-page search not run (session search budget exhausted).,pending (Meta/Google/LinkedIn ad libraries blocked by egress policy; only headcount bonus verifiable),search-verified (URL-cited)
4,Visual Fence Pro,visualfencepro.com,https://www.facebook.com/ads/library/?active_status=active&ad_type=all&country=US&q=Visual%20Fence%20Pro&search_type=keyword_unordered&media_type=all,unverified (host blocked),unverified (host blocked),unverified (host blocked),unverified (host blocked),unverified (host blocked),https://adstransparency.google.com/?region=US&domain=visualfencepro.com,unverified,unverified (host blocked),unverified (host blocked),unverified (host blocked),https://www.linkedin.com/ad-library/search?keyword=Visual%20Fence%20Pro,unverified (host blocked),unverified (host blocked),0,unverified,unverified,0,"Meta +3, Google +3, LinkedIn +1, CTA +1 pending manual audit",headcount/funding not verified in results. adstransparency.google.com advertiser-page search not run (session search budget exhausted).,pending (Meta/Google/LinkedIn ad libraries blocked by egress policy; only headcount bonus verifiable),search-verified (URL-cited)
5,Contractor+,contractorplus.app,https://www.facebook.com/ads/library/?active_status=active&ad_type=all&country=US&q=Contractor%2B%20%28garage%20door%29&search_type=keyword_unordered&media_type=all,unverified (host blocked),unverified (host blocked),unverified (host blocked),unverified (host blocked),unverified (host blocked),https://adstransparency.google.com/?region=US&domain=contractorplus.app,,unverified (host blocked),unverified (host blocked),unverified (host blocked),https://www.linkedin.com/ad-library/search?keyword=Contractor%2B%20%28garage%20door%29,unverified (host blocked),unverified (host blocked),0,,,0,"Meta +3, Google +3, LinkedIn +1, CTA +1 pending audit",,pending (audit),search-verified (URL-cited)
5,FieldPulse,fieldpulse.com,https://www.facebook.com/ads/library/?active_status=active&ad_type=all&country=US&q=FieldPulse&search_type=keyword_unordered&media_type=all,unverified (host blocked),unverified (host blocked),unverified (host blocked),unverified (host blocked),unverified (host blocked),https://adstransparency.google.com/?region=US&domain=fieldpulse.com,unverified,unverified (host blocked),unverified (host blocked),unverified (host blocked),https://www.linkedin.com/ad-library/search?keyword=FieldPulse,unverified (host blocked),unverified (host blocked),0,unverified,unverified,0,"Meta +3, Google +3, LinkedIn +1, CTA +1 pending manual audit",headcount/funding not verified in results. adstransparency.google.com advertiser-page search not run (session search budget exhausted).,pending (Meta/Google/LinkedIn ad libraries blocked by egress policy; only headcount bonus verifiable),search-verified (URL-cited)
5,Garage Door OS,garagedooros.com,https://www.facebook.com/ads/library/?active_status=active&ad_type=all&country=US&q=Garage%20Door%20OS&search_type=keyword_unordered&media_type=all,unverified (host blocked),unverified (host blocked),unverified (host blocked),unverified (host blocked),unverified (host blocked),https://adstransparency.google.com/?region=US&domain=garagedooros.com,,unverified (host blocked),unverified (host blocked),unverified (host blocked),https://www.linkedin.com/ad-library/search?keyword=Garage%20Door%20OS,unverified (host blocked),unverified (host blocked),0,,,0,"Meta +3, Google +3, LinkedIn +1, CTA +1 pending audit",,pending (audit),search-verified (URL-cited)
5,Insite4Doors,insite4doors.com,https://www.facebook.com/ads/library/?active_status=active&ad_type=all&country=US&q=Insite4Doors&search_type=keyword_unordered&media_type=all,unverified (host blocked),unverified (host blocked),unverified (host blocked),unverified (host blocked),unverified (host blocked),https://adstransparency.google.com/?region=US&domain=insite4doors.com,,unverified (host blocked),unverified (host blocked),unverified (host blocked),https://www.linkedin.com/ad-library/search?keyword=Insite4Doors,unverified (host blocked),unverified (host blocked),0,,,0,"Meta +3, Google +3, LinkedIn +1, CTA +1 pending audit",,pending (audit),search-verified (URL-cited)
5,Jobber,getjobber.com,https://www.facebook.com/ads/library/?active_status=active&ad_type=all&country=US&q=Jobber&search_type=keyword_unordered&media_type=all,unverified (host blocked),unverified (host blocked),unverified (host blocked),unverified (host blocked),unverified (host blocked),https://adstransparency.google.com/?region=US&domain=getjobber.com,unverified,unverified (host blocked),unverified (host blocked),unverified (host blocked),https://www.linkedin.com/ad-library/search?keyword=Jobber,unverified (host blocked),unverified (host blocked),0,unverified,unverified,0,"Meta +3, Google +3, LinkedIn +1, CTA +1 pending manual audit",headcount/funding not verified in results. adstransparency.google.com advertiser-page search not run (session search budget exhausted).,pending (Meta/Google/LinkedIn ad libraries blocked by egress policy; only headcount bonus verifiable),search-verified (URL-cited)
5,QuoteIQ,myquoteiq.com,https://www.facebook.com/ads/library/?active_status=active&ad_type=all&country=US&q=QuoteIQ&search_type=keyword_unordered&media_type=all,unverified (host blocked),unverified (host blocked),unverified (host blocked),unverified (host blocked),unverified (host blocked),https://adstransparency.google.com/?region=US&domain=myquoteiq.com,unverified,unverified (host blocked),unverified (host blocked),unverified (host blocked),https://www.linkedin.com/ad-library/search?keyword=QuoteIQ,unverified (host blocked),unverified (host blocked),2,https://bootstrappers.com/mike-vida-quoteiq/,unverified,2,"Meta +3, Google +3, LinkedIn +1, CTA +1 pending manual audit",11-50 employees (Tracxn) and self-funded. adstransparency.google.com advertiser-page search not run (session search budget exhausted).,pending (Meta/Google/LinkedIn ad libraries blocked by egress policy; only headcount bonus verifiable),search-verified (URL-cited)
5,Service Pro (MSI Data) - garage door,msidata.com,https://www.facebook.com/ads/library/?active_status=active&ad_type=all&country=US&q=Service%20Pro%20%28MSI%20Data%29%20-%20garage%20door&search_type=keyword_unordered&media_type=all,unverified (host blocked),unverified (host blocked),unverified (host blocked),unverified (host blocked),unverified (host blocked),https://adstransparency.google.com/?region=US&domain=msidata.com,,unverified (host blocked),unverified (host blocked),unverified (host blocked),https://www.linkedin.com/ad-library/search?keyword=Service%20Pro%20%28MSI%20Data%29%20-%20garage%20door,unverified (host blocked),unverified (host blocked),0,,,0,"Meta +3, Google +3, LinkedIn +1, CTA +1 pending audit",,pending (audit),search-verified (URL-cited)
5,ServiceBridge,servicebridge.com,https://www.facebook.com/ads/library/?active_status=active&ad_type=all&country=US&q=ServiceBridge&search_type=keyword_unordered&media_type=all,unverified (host blocked),unverified (host blocked),unverified (host blocked),unverified (host blocked),unverified (host blocked),https://adstransparency.google.com/?region=US&domain=servicebridge.com,unverified,unverified (host blocked),unverified (host blocked),unverified (host blocked),https://www.linkedin.com/ad-library/search?keyword=ServiceBridge,unverified (host blocked),unverified (host blocked),0,unverified,unverified,0,"Meta +3, Google +3, LinkedIn +1, CTA +1 pending manual audit",headcount/funding not verified in results. adstransparency.google.com advertiser-page search not run (session search budget exhausted).,pending (Meta/Google/LinkedIn ad libraries blocked by egress policy; only headcount bonus verifiable),search-verified (URL-cited)
5,ServiceTitan,servicetitan.com,https://www.facebook.com/ads/library/?active_status=active&ad_type=all&country=US&q=ServiceTitan&search_type=keyword_unordered&media_type=all,unverified (host blocked),unverified (host blocked),unverified (host blocked),unverified (host blocked),unverified (host blocked),https://adstransparency.google.com/?region=US&domain=servicetitan.com,unverified,unverified (host blocked),unverified (host blocked),unverified (host blocked),https://www.linkedin.com/ad-library/search?keyword=ServiceTitan,unverified (host blocked),unverified (host blocked),0,unverified,unverified,0,"Meta +3, Google +3, LinkedIn +1, CTA +1 pending manual audit",headcount/funding not verified in results. adstransparency.google.com advertiser-page search not run (session search budget exhausted).,pending (Meta/Google/LinkedIn ad libraries blocked by egress policy; only headcount bonus verifiable),search-verified (URL-cited)
5,Smart Service,smartservice.com,https://www.facebook.com/ads/library/?active_status=active&ad_type=all&country=US&q=Smart%20Service&search_type=keyword_unordered&media_type=all,unverified (host blocked),unverified (host blocked),unverified (host blocked),unverified (host blocked),unverified (host blocked),https://adstransparency.google.com/?region=US&domain=smartservice.com,unverified,unverified (host blocked),unverified (host blocked),unverified (host blocked),https://www.linkedin.com/ad-library/search?keyword=Smart%20Service,unverified (host blocked),unverified (host blocked),0,unverified,unverified,0,"Meta +3, Google +3, LinkedIn +1, CTA +1 pending manual audit",headcount/funding not verified in results. adstransparency.google.com advertiser-page search not run (session search budget exhausted).,pending (Meta/Google/LinkedIn ad libraries blocked by egress policy; only headcount bonus verifiable),search-verified (URL-cited)
5,Workiz,workiz.com,https://www.facebook.com/ads/library/?active_status=active&ad_type=all&country=US&q=Workiz&search_type=keyword_unordered&media_type=all,unverified (host blocked),unverified (host blocked),unverified (host blocked),unverified (host blocked),unverified (host blocked),https://adstransparency.google.com/?region=US&domain=workiz.com,unverified,unverified (host blocked),unverified (host blocked),unverified (host blocked),https://www.linkedin.com/ad-library/search?keyword=Workiz,unverified (host blocked),unverified (host blocked),0,unverified,unverified,0,"Meta +3, Google +3, LinkedIn +1, CTA +1 pending manual audit",headcount/funding not verified in results. adstransparency.google.com advertiser-page search not run (session search budget exhausted).,pending (Meta/Google/LinkedIn ad libraries blocked by egress policy; only headcount bonus verifiable),search-verified (URL-cited)
6,Allpro Insulator,allprotechnology.com,https://www.facebook.com/ads/library/?active_status=active&ad_type=all&country=US&q=Allpro%20Insulator&search_type=keyword_unordered&media_type=all,unverified (host blocked),unverified (host blocked),unverified (host blocked),unverified (host blocked),unverified (host blocked),https://adstransparency.google.com/?region=US&domain=allprotechnology.com,unverified,unverified (host blocked),unverified (host blocked),unverified (host blocked),https://www.linkedin.com/ad-library/search?keyword=Allpro%20Insulator,unverified (host blocked),unverified (host blocked),0,unverified,unverified,0,"Meta +3, Google +3, LinkedIn +1, CTA +1 pending manual audit",headcount/funding not verified in results. adstransparency.google.com advertiser-page search not run (session search budget exhausted).,pending (Meta/Google/LinkedIn ad libraries blocked by egress policy; only headcount bonus verifiable),search-verified (URL-cited)
6,FieldCamp,fieldcamp.ai,https://www.facebook.com/ads/library/?active_status=active&ad_type=all&country=US&q=FieldCamp&search_type=keyword_unordered&media_type=all,unverified (host blocked),unverified (host blocked),unverified (host blocked),unverified (host blocked),unverified (host blocked),https://adstransparency.google.com/?region=US&domain=fieldcamp.ai,unverified,unverified (host blocked),unverified (host blocked),unverified (host blocked),https://www.linkedin.com/ad-library/search?keyword=FieldCamp,unverified (host blocked),unverified (host blocked),0,unverified,unverified,0,"Meta +3, Google +3, LinkedIn +1, CTA +1 pending manual audit",headcount/funding not verified in results. adstransparency.google.com advertiser-page search not run (session search budget exhausted).,pending (Meta/Google/LinkedIn ad libraries blocked by egress policy; only headcount bonus verifiable),search-verified (URL-cited)
6,FieldGroove,fieldgroove.com,https://www.facebook.com/ads/library/?active_status=active&ad_type=all&country=US&q=FieldGroove&search_type=keyword_unordered&media_type=all,unverified (host blocked),unverified (host blocked),unverified (host blocked),unverified (host blocked),unverified (host blocked),https://adstransparency.google.com/?region=US&domain=fieldgroove.com,unverified,unverified (host blocked),unverified (host blocked),unverified (host blocked),https://www.linkedin.com/ad-library/search?keyword=FieldGroove,unverified (host blocked),unverified (host blocked),2,https://www.linkedin.com/company/fieldgroove,unverified,2,"Meta +3, Google +3, LinkedIn +1, CTA +1 pending manual audit",11-50 employees. adstransparency.google.com advertiser-page search not run (session search budget exhausted).,pending (Meta/Google/LinkedIn ad libraries blocked by egress policy; only headcount bonus verifiable),search-verified (URL-cited)
6,QuoteIQ,myquoteiq.com,https://www.facebook.com/ads/library/?active_status=active&ad_type=all&country=US&q=QuoteIQ&search_type=keyword_unordered&media_type=all,unverified (host blocked),unverified (host blocked),unverified (host blocked),unverified (host blocked),unverified (host blocked),https://adstransparency.google.com/?region=US&domain=myquoteiq.com,unverified,unverified (host blocked),unverified (host blocked),unverified (host blocked),https://www.linkedin.com/ad-library/search?keyword=QuoteIQ,unverified (host blocked),unverified (host blocked),2,https://bootstrappers.com/mike-vida-quoteiq/,unverified,2,"Meta +3, Google +3, LinkedIn +1, CTA +1 pending manual audit",11-50 employees (Tracxn) and self-funded. adstransparency.google.com advertiser-page search not run (session search budget exhausted).,pending (Meta/Google/LinkedIn ad libraries blocked by egress policy; only headcount bonus verifiable),search-verified (URL-cited)
7,ArcSite,arcsite.com,https://www.facebook.com/ads/library/?active_status=active&ad_type=all&country=US&q=ArcSite&search_type=keyword_unordered&media_type=all,unverified (host blocked),unverified (host blocked),unverified (host blocked),unverified (host blocked),unverified (host blocked),https://adstransparency.google.com/?region=US&domain=arcsite.com,unverified,unverified (host blocked),unverified (host blocked),unverified (host blocked),https://www.linkedin.com/ad-library/search?keyword=ArcSite,unverified (host blocked),unverified (host blocked),0,unverified,unverified,0,"Meta +3, Google +3, LinkedIn +1, CTA +1 pending manual audit",headcount/funding not verified in results. adstransparency.google.com advertiser-page search not run (session search budget exhausted).,pending (Meta/Google/LinkedIn ad libraries blocked by egress policy; only headcount bonus verifiable),search-verified (URL-cited)
7,GutterCalc Pro,guttercalc.net,https://www.facebook.com/ads/library/?active_status=active&ad_type=all&country=US&q=GutterCalc%20Pro&search_type=keyword_unordered&media_type=all,unverified (host blocked),unverified (host blocked),unverified (host blocked),unverified (host blocked),unverified (host blocked),https://adstransparency.google.com/?region=US&domain=guttercalc.net,unverified,unverified (host blocked),unverified (host blocked),unverified (host blocked),https://www.linkedin.com/ad-library/search?keyword=GutterCalc%20Pro,unverified (host blocked),unverified (host blocked),0,unverified,unverified,0,"Meta +3, Google +3, LinkedIn +1, CTA +1 pending manual audit",headcount/funding not verified in results. adstransparency.google.com advertiser-page search not run (session search budget exhausted).,pending (Meta/Google/LinkedIn ad libraries blocked by egress policy; only headcount bonus verifiable),search-verified (URL-cited)
7,QuoteIQ,myquoteiq.com,https://www.facebook.com/ads/library/?active_status=active&ad_type=all&country=US&q=QuoteIQ&search_type=keyword_unordered&media_type=all,unverified (host blocked),unverified (host blocked),unverified (host blocked),unverified (host blocked),unverified (host blocked),https://adstransparency.google.com/?region=US&domain=myquoteiq.com,unverified,unverified (host blocked),unverified (host blocked),unverified (host blocked),https://www.linkedin.com/ad-library/search?keyword=QuoteIQ,unverified (host blocked),unverified (host blocked),2,https://bootstrappers.com/mike-vida-quoteiq/,unverified,2,"Meta +3, Google +3, LinkedIn +1, CTA +1 pending manual audit",11-50 employees (Tracxn) and self-funded. adstransparency.google.com advertiser-page search not run (session search budget exhausted).,pending (Meta/Google/LinkedIn ad libraries blocked by egress policy; only headcount bonus verifiable),search-verified (URL-cited)
7,RoofSnap,roofsnap.com,https://www.facebook.com/ads/library/?active_status=active&ad_type=all&country=US&q=RoofSnap&search_type=keyword_unordered&media_type=all,unverified (host blocked),unverified (host blocked),unverified (host blocked),unverified (host blocked),unverified (host blocked),https://adstransparency.google.com/?region=US&domain=roofsnap.com,unverified,unverified (host blocked),unverified (host blocked),unverified (host blocked),https://www.linkedin.com/ad-library/search?keyword=RoofSnap,unverified (host blocked),unverified (host blocked),2,https://softwareconnect.com/reviews/roofsnap/,unverified,2,"Meta +3, Google +3, LinkedIn +1, CTA +1 pending manual audit",1-10 employees (owned by EverCommerce). adstransparency.google.com advertiser-page search not run (session search budget exhausted).,pending (Meta/Google/LinkedIn ad libraries blocked by egress policy; only headcount bonus verifiable),search-verified (URL-cited)
8,Projul,projul.com,https://www.facebook.com/ads/library/?active_status=active&ad_type=all&country=US&q=Projul&search_type=keyword_unordered&media_type=all,unverified (host blocked),unverified (host blocked),unverified (host blocked),unverified (host blocked),unverified (host blocked),https://adstransparency.google.com/?region=US&domain=projul.com,unverified,unverified (host blocked),unverified (host blocked),unverified (host blocked),https://www.linkedin.com/ad-library/search?keyword=Projul,unverified (host blocked),unverified (host blocked),2,https://projul.com/why-us/,unverified,2,"Meta +3, Google +3, LinkedIn +1, CTA +1 pending manual audit",self-funded; 10-50 employees (softwareconnect). adstransparency.google.com advertiser-page search not run (session search budget exhausted).,pending (Meta/Google/LinkedIn ad libraries blocked by egress policy; only headcount bonus verifiable),search-verified (URL-cited)
8,QuoteIQ,myquoteiq.com,https://www.facebook.com/ads/library/?active_status=active&ad_type=all&country=US&q=QuoteIQ&search_type=keyword_unordered&media_type=all,unverified (host blocked),unverified (host blocked),unverified (host blocked),unverified (host blocked),unverified (host blocked),https://adstransparency.google.com/?region=US&domain=myquoteiq.com,unverified,unverified (host blocked),unverified (host blocked),unverified (host blocked),https://www.linkedin.com/ad-library/search?keyword=QuoteIQ,unverified (host blocked),unverified (host blocked),2,https://bootstrappers.com/mike-vida-quoteiq/,unverified,2,"Meta +3, Google +3, LinkedIn +1, CTA +1 pending manual audit",11-50 employees (Tracxn) and self-funded. adstransparency.google.com advertiser-page search not run (session search budget exhausted).,pending (Meta/Google/LinkedIn ad libraries blocked by egress policy; only headcount bonus verifiable),search-verified (URL-cited)
8,ScopeTakeoff,scopetakeoff.com,https://www.facebook.com/ads/library/?active_status=active&ad_type=all&country=US&q=ScopeTakeoff&search_type=keyword_unordered&media_type=all,unverified (host blocked),unverified (host blocked),unverified (host blocked),unverified (host blocked),unverified (host blocked),https://adstransparency.google.com/?region=US&domain=scopetakeoff.com,unverified,unverified (host blocked),unverified (host blocked),unverified (host blocked),https://www.linkedin.com/ad-library/search?keyword=ScopeTakeoff,unverified (host blocked),unverified (host blocked),0,unverified,unverified,0,"Meta +3, Google +3, LinkedIn +1, CTA +1 pending manual audit",headcount/funding not verified in results. adstransparency.google.com advertiser-page search not run (session search budget exhausted).,pending (Meta/Google/LinkedIn ad libraries blocked by egress policy; only headcount bonus verifiable),search-verified (URL-cited)
9,Clientility,clientility.com,https://www.facebook.com/ads/library/?active_status=active&ad_type=all&country=US&q=Clientility&search_type=keyword_unordered&media_type=all,unverified (host blocked),unverified (host blocked),unverified (host blocked),unverified (host blocked),unverified (host blocked),https://adstransparency.google.com/?region=US&domain=clientility.com,unverified,unverified (host blocked),unverified (host blocked),unverified (host blocked),https://www.linkedin.com/ad-library/search?keyword=Clientility,unverified (host blocked),unverified (host blocked),0,unverified,unverified,0,"Meta +3, Google +3, LinkedIn +1, CTA +1 pending manual audit",headcount/funding not verified in results. adstransparency.google.com advertiser-page search not run (session search budget exhausted).,pending (Meta/Google/LinkedIn ad libraries blocked by egress policy; only headcount bonus verifiable),search-verified (URL-cited)
9,DripJobs,dripjobs.com,https://www.facebook.com/ads/library/?active_status=active&ad_type=all&country=US&q=DripJobs&search_type=keyword_unordered&media_type=all,unverified (host blocked),unverified (host blocked),unverified (host blocked),unverified (host blocked),unverified (host blocked),https://adstransparency.google.com/?region=US&domain=dripjobs.com,unverified,unverified (host blocked),unverified (host blocked),unverified (host blocked),https://www.linkedin.com/ad-library/search?keyword=DripJobs,unverified (host blocked),unverified (host blocked),0,unverified,unverified,0,"Meta +3, Google +3, LinkedIn +1, CTA +1 pending manual audit",headcount/funding not verified in results. adstransparency.google.com advertiser-page search not run (session search budget exhausted).,pending (Meta/Google/LinkedIn ad libraries blocked by egress policy; only headcount bonus verifiable),search-verified (URL-cited)
9,Estimate Rocket,estimaterocket.com,https://www.facebook.com/ads/library/?active_status=active&ad_type=all&country=US&q=Estimate%20Rocket&search_type=keyword_unordered&media_type=all,unverified (host blocked),unverified (host blocked),unverified (host blocked),unverified (host blocked),unverified (host blocked),https://adstransparency.google.com/?region=US&domain=estimaterocket.com,,unverified (host blocked),unverified (host blocked),unverified (host blocked),https://www.linkedin.com/ad-library/search?keyword=Estimate%20Rocket,unverified (host blocked),unverified (host blocked),0,,,0,"Meta +3, Google +3, LinkedIn +1, CTA +1 pending audit",,pending (audit),search-verified (URL-cited)
9,PaintForce Painting Estimator,unverified,https://www.facebook.com/ads/library/?active_status=active&ad_type=all&country=US&q=PaintForce%20Painting%20Estimator&search_type=keyword_unordered&media_type=all,unverified (host blocked),unverified (host blocked),unverified (host blocked),unverified (host blocked),unverified (host blocked),https://adstransparency.google.com/?region=US&domain=,,unverified (host blocked),unverified (host blocked),unverified (host blocked),https://www.linkedin.com/ad-library/search?keyword=PaintForce%20Painting%20Estimator,unverified (host blocked),unverified (host blocked),0,,,0,"Meta +3, Google +3, LinkedIn +1, CTA +1 pending audit",,pending (audit),search-verified (URL-cited)
9,PaintPricing,paintpricing.com,https://www.facebook.com/ads/library/?active_status=active&ad_type=all&country=US&q=PaintPricing&search_type=keyword_unordered&media_type=all,unverified (host blocked),unverified (host blocked),unverified (host blocked),unverified (host blocked),unverified (host blocked),https://adstransparency.google.com/?region=US&domain=paintpricing.com,,unverified (host blocked),unverified (host blocked),unverified (host blocked),https://www.linkedin.com/ad-library/search?keyword=PaintPricing,unverified (host blocked),unverified (host blocked),0,,,0,"Meta +3, Google +3, LinkedIn +1, CTA +1 pending audit",,pending (audit),search-verified (URL-cited)
9,PaintScout,paintscout.com,https://www.facebook.com/ads/library/?active_status=active&ad_type=all&country=US&q=PaintScout&search_type=keyword_unordered&media_type=all,unverified (host blocked),unverified (host blocked),unverified (host blocked),unverified (host blocked),unverified (host blocked),https://adstransparency.google.com/?region=US&domain=paintscout.com,unverified,unverified (host blocked),unverified (host blocked),unverified (host blocked),https://www.linkedin.com/ad-library/search?keyword=PaintScout,unverified (host blocked),unverified (host blocked),0,unverified,unverified,0,"Meta +3, Google +3, LinkedIn +1, CTA +1 pending manual audit",headcount/funding not verified in results. adstransparency.google.com advertiser-page search not run (session search budget exhausted).,pending (Meta/Google/LinkedIn ad libraries blocked by egress policy; only headcount bonus verifiable),search-verified (URL-cited)
9,Painting Contractor Estimates (iOS app),unverified,https://www.facebook.com/ads/library/?active_status=active&ad_type=all&country=US&q=Painting%20Contractor%20Estimates%20%28iOS%20app%29&search_type=keyword_unordered&media_type=all,unverified (host blocked),unverified (host blocked),unverified (host blocked),unverified (host blocked),unverified (host blocked),https://adstransparency.google.com/?region=US&domain=,,unverified (host blocked),unverified (host blocked),unverified (host blocked),https://www.linkedin.com/ad-library/search?keyword=Painting%20Contractor%20Estimates%20%28iOS%20app%29,unverified (host blocked),unverified (host blocked),0,,,0,"Meta +3, Google +3, LinkedIn +1, CTA +1 pending audit",,pending (audit),search-verified (URL-cited)
9,QuoteIQ,myquoteiq.com,https://www.facebook.com/ads/library/?active_status=active&ad_type=all&country=US&q=QuoteIQ&search_type=keyword_unordered&media_type=all,unverified (host blocked),unverified (host blocked),unverified (host blocked),unverified (host blocked),unverified (host blocked),https://adstransparency.google.com/?region=US&domain=myquoteiq.com,unverified,unverified (host blocked),unverified (host blocked),unverified (host blocked),https://www.linkedin.com/ad-library/search?keyword=QuoteIQ,unverified (host blocked),unverified (host blocked),2,https://bootstrappers.com/mike-vida-quoteiq/,unverified,2,"Meta +3, Google +3, LinkedIn +1, CTA +1 pending manual audit",11-50 employees (Tracxn) and self-funded. adstransparency.google.com advertiser-page search not run (session search budget exhausted).,pending (Meta/Google/LinkedIn ad libraries blocked by egress policy; only headcount bonus verifiable),search-verified (URL-cited)
9,Werx (painting),werxapp.com,https://www.facebook.com/ads/library/?active_status=active&ad_type=all&country=US&q=Werx%20%28painting%29&search_type=keyword_unordered&media_type=all,unverified (host blocked),unverified (host blocked),unverified (host blocked),unverified (host blocked),unverified (host blocked),https://adstransparency.google.com/?region=US&domain=werxapp.com,,unverified (host blocked),unverified (host blocked),unverified (host blocked),https://www.linkedin.com/ad-library/search?keyword=Werx%20%28painting%29,unverified (host blocked),unverified (host blocked),0,,,0,"Meta +3, Google +3, LinkedIn +1, CTA +1 pending audit",,pending (audit),search-verified (URL-cited)
10,AGTEK Gradework,agtek.com,https://www.facebook.com/ads/library/?active_status=active&ad_type=all&country=US&q=AGTEK%20Gradework&search_type=keyword_unordered&media_type=all,unverified (host blocked),unverified (host blocked),unverified (host blocked),unverified (host blocked),unverified (host blocked),https://adstransparency.google.com/?region=US&domain=agtek.com,unverified,unverified (host blocked),unverified (host blocked),unverified (host blocked),https://www.linkedin.com/ad-library/search?keyword=AGTEK%20Gradework,unverified (host blocked),unverified (host blocked),0,unverified,unverified,0,"Meta +3, Google +3, LinkedIn +1, CTA +1 pending manual audit",headcount/funding not verified in results. adstransparency.google.com advertiser-page search not run (session search budget exhausted).,pending (Meta/Google/LinkedIn ad libraries blocked by egress policy; only headcount bonus verifiable),candidate (prior knowledge; not search-verified)
10,EarthWorks Excavation Software (Tally Systems),earthworksos.com,https://www.facebook.com/ads/library/?active_status=active&ad_type=all&country=US&q=EarthWorks%20Excavation%20Software%20%28Tally%20Systems%29&search_type=keyword_unordered&media_type=all,unverified (host blocked),unverified (host blocked),unverified (host blocked),unverified (host blocked),unverified (host blocked),https://adstransparency.google.com/?region=US&domain=earthworksos.com,unverified,unverified (host blocked),unverified (host blocked),unverified (host blocked),https://www.linkedin.com/ad-library/search?keyword=EarthWorks%20Excavation%20Software%20%28Tally%20Systems%29,unverified (host blocked),unverified (host blocked),0,unverified,unverified,0,"Meta +3, Google +3, LinkedIn +1, CTA +1 pending manual audit",headcount/funding not verified in results. adstransparency.google.com advertiser-page search not run (session search budget exhausted).,pending (Meta/Google/LinkedIn ad libraries blocked by egress policy; only headcount bonus verifiable),search-verified (URL-cited)
10,HCSS HeavyBid,hcss.com,https://www.facebook.com/ads/library/?active_status=active&ad_type=all&country=US&q=HCSS%20HeavyBid&search_type=keyword_unordered&media_type=all,unverified (host blocked),unverified (host blocked),unverified (host blocked),unverified (host blocked),unverified (host blocked),https://adstransparency.google.com/?region=US&domain=hcss.com,unverified,unverified (host blocked),unverified (host blocked),unverified (host blocked),https://www.linkedin.com/ad-library/search?keyword=HCSS%20HeavyBid,unverified (host blocked),unverified (host blocked),0,unverified,unverified,0,"Meta +3, Google +3, LinkedIn +1, CTA +1 pending manual audit",headcount/funding not verified in results. adstransparency.google.com advertiser-page search not run (session search budget exhausted).,pending (Meta/Google/LinkedIn ad libraries blocked by egress policy; only headcount bonus verifiable),search-verified (URL-cited)
10,Knowify,knowify.com,https://www.facebook.com/ads/library/?active_status=active&ad_type=all&country=US&q=Knowify&search_type=keyword_unordered&media_type=all,unverified (host blocked),unverified (host blocked),unverified (host blocked),unverified (host blocked),unverified (host blocked),https://adstransparency.google.com/?region=US&domain=knowify.com,unverified,unverified (host blocked),unverified (host blocked),unverified (host blocked),https://www.linkedin.com/ad-library/search?keyword=Knowify,unverified (host blocked),unverified (host blocked),0,unverified,unverified,0,"Meta +3, Google +3, LinkedIn +1, CTA +1 pending manual audit",headcount/funding not verified in results. adstransparency.google.com advertiser-page search not run (session search budget exhausted).,pending (Meta/Google/LinkedIn ad libraries blocked by egress policy; only headcount bonus verifiable),candidate (prior knowledge; not search-verified)
10,QuoteIQ,myquoteiq.com,https://www.facebook.com/ads/library/?active_status=active&ad_type=all&country=US&q=QuoteIQ&search_type=keyword_unordered&media_type=all,unverified (host blocked),unverified (host blocked),unverified (host blocked),unverified (host blocked),unverified (host blocked),https://adstransparency.google.com/?region=US&domain=myquoteiq.com,unverified,unverified (host blocked),unverified (host blocked),unverified (host blocked),https://www.linkedin.com/ad-library/search?keyword=QuoteIQ,unverified (host blocked),unverified (host blocked),2,https://bootstrappers.com/mike-vida-quoteiq/,unverified,2,"Meta +3, Google +3, LinkedIn +1, CTA +1 pending manual audit",11-50 employees (Tracxn) and self-funded. adstransparency.google.com advertiser-page search not run (session search budget exhausted).,pending (Meta/Google/LinkedIn ad libraries blocked by egress policy; only headcount bonus verifiable),search-verified (URL-cited)
11,Bitumio,bitumio.com,https://www.facebook.com/ads/library/?active_status=active&ad_type=all&country=US&q=Bitumio&search_type=keyword_unordered&media_type=all,unverified (host blocked),unverified (host blocked),unverified (host blocked),unverified (host blocked),unverified (host blocked),https://adstransparency.google.com/?region=US&domain=bitumio.com,unverified,unverified (host blocked),unverified (host blocked),unverified (host blocked),https://www.linkedin.com/ad-library/search?keyword=Bitumio,unverified (host blocked),unverified (host blocked),0,unverified,unverified,0,"Meta +3, Google +3, LinkedIn +1, CTA +1 pending manual audit","Search '""Bitumio"" adstransparency.google.com' returned no advertiser-page URL.",pending (Meta/Google/LinkedIn ad libraries blocked by egress policy; only headcount bonus verifiable),search-verified (URL-cited)
11,GoPave,gopavecrm.com,https://www.facebook.com/ads/library/?active_status=active&ad_type=all&country=US&q=GoPave&search_type=keyword_unordered&media_type=all,unverified (host blocked),unverified (host blocked),unverified (host blocked),unverified (host blocked),unverified (host blocked),https://adstransparency.google.com/?region=US&domain=gopavecrm.com,unverified,unverified (host blocked),unverified (host blocked),unverified (host blocked),https://www.linkedin.com/ad-library/search?keyword=GoPave,unverified (host blocked),unverified (host blocked),0,unverified,unverified,0,"Meta +3, Google +3, LinkedIn +1, CTA +1 pending manual audit",No adstransparency advertiser-page URL surfaced in search results.,pending (Meta/Google/LinkedIn ad libraries blocked by egress policy; only headcount bonus verifiable),search-verified (URL-cited)
11,OneCrew,getonecrew.com,https://www.facebook.com/ads/library/?active_status=active&ad_type=all&country=US&q=OneCrew&search_type=keyword_unordered&media_type=all,unverified (host blocked),unverified (host blocked),unverified (host blocked),unverified (host blocked),unverified (host blocked),https://adstransparency.google.com/?region=US&domain=getonecrew.com,unverified,unverified (host blocked),unverified (host blocked),unverified (host blocked),https://www.linkedin.com/ad-library/search?keyword=OneCrew,unverified (host blocked),unverified (host blocked),2,https://tracxn.com/d/companies/onecrew-software/__isHokKjZ3PfDIUiYIGY9V_NBmtQgdWuXc5M0CQxSYYw (29 employees; ZoomInfo 10),unverified,2,"Meta +3, Google +3, LinkedIn +1, CTA +1 pending manual audit",No adstransparency advertiser-page URL surfaced in search results.,pending (Meta/Google/LinkedIn ad libraries blocked by egress policy; only headcount bonus verifiable),search-verified (URL-cited)
11,PavementSoft,pavementsoft.com,https://www.facebook.com/ads/library/?active_status=active&ad_type=all&country=US&q=PavementSoft&search_type=keyword_unordered&media_type=all,unverified (host blocked),unverified (host blocked),unverified (host blocked),unverified (host blocked),unverified (host blocked),https://adstransparency.google.com/?region=US&domain=pavementsoft.com,unverified,unverified (host blocked),unverified (host blocked),unverified (host blocked),https://www.linkedin.com/ad-library/search?keyword=PavementSoft,unverified (host blocked),unverified (host blocked),0,unverified,unverified,0,"Meta +3, Google +3, LinkedIn +1, CTA +1 pending manual audit",No adstransparency advertiser-page URL surfaced in search results.,pending (Meta/Google/LinkedIn ad libraries blocked by egress policy; only headcount bonus verifiable),search-verified (URL-cited)
11,Projul,projul.com,https://www.facebook.com/ads/library/?active_status=active&ad_type=all&country=US&q=Projul&search_type=keyword_unordered&media_type=all,unverified (host blocked),unverified (host blocked),unverified (host blocked),unverified (host blocked),unverified (host blocked),https://adstransparency.google.com/?region=US&domain=projul.com,unverified,unverified (host blocked),unverified (host blocked),unverified (host blocked),https://www.linkedin.com/ad-library/search?keyword=Projul,unverified (host blocked),unverified (host blocked),0,unverified,unverified,0,"Meta +3, Google +3, LinkedIn +1, CTA +1 pending manual audit",No adstransparency advertiser-page URL surfaced in search results.,pending (Meta/Google/LinkedIn ad libraries blocked by egress policy; only headcount bonus verifiable),search-verified (URL-cited)
11,QuoteIQ,myquoteiq.com,https://www.facebook.com/ads/library/?active_status=active&ad_type=all&country=US&q=QuoteIQ&search_type=keyword_unordered&media_type=all,unverified (host blocked),unverified (host blocked),unverified (host blocked),unverified (host blocked),unverified (host blocked),https://adstransparency.google.com/?region=US&domain=myquoteiq.com,unverified,unverified (host blocked),unverified (host blocked),unverified (host blocked),https://www.linkedin.com/ad-library/search?keyword=QuoteIQ,unverified (host blocked),unverified (host blocked),0,unverified,unverified,0,"Meta +3, Google +3, LinkedIn +1, CTA +1 pending manual audit",No adstransparency advertiser-page URL surfaced in search results.,pending (Meta/Google/LinkedIn ad libraries blocked by egress policy; only headcount bonus verifiable),search-verified (URL-cited)
11,SaaSphalt,saasphalt.com,https://www.facebook.com/ads/library/?active_status=active&ad_type=all&country=US&q=SaaSphalt&search_type=keyword_unordered&media_type=all,unverified (host blocked),unverified (host blocked),unverified (host blocked),unverified (host blocked),unverified (host blocked),https://adstransparency.google.com/?region=US&domain=saasphalt.com,unverified,unverified (host blocked),unverified (host blocked),unverified (host blocked),https://www.linkedin.com/ad-library/search?keyword=SaaSphalt,unverified (host blocked),unverified (host blocked),0,unverified,unverified,0,"Meta +3, Google +3, LinkedIn +1, CTA +1 pending manual audit",No adstransparency advertiser-page URL surfaced in search results.,pending (Meta/Google/LinkedIn ad libraries blocked by egress policy; only headcount bonus verifiable),search-verified (URL-cited)
11,ScopeTakeoff,scopetakeoff.com,https://www.facebook.com/ads/library/?active_status=active&ad_type=all&country=US&q=ScopeTakeoff&search_type=keyword_unordered&media_type=all,unverified (host blocked),unverified (host blocked),unverified (host blocked),unverified (host blocked),unverified (host blocked),https://adstransparency.google.com/?region=US&domain=scopetakeoff.com,unverified,unverified (host blocked),unverified (host blocked),unverified (host blocked),https://www.linkedin.com/ad-library/search?keyword=ScopeTakeoff,unverified (host blocked),unverified (host blocked),0,unverified,unverified,0,"Meta +3, Google +3, LinkedIn +1, CTA +1 pending manual audit",No adstransparency advertiser-page URL surfaced in search results.,pending (Meta/Google/LinkedIn ad libraries blocked by egress policy; only headcount bonus verifiable),search-verified (URL-cited)
12,BuildOps,buildops.com,https://www.facebook.com/ads/library/?active_status=active&ad_type=all&country=US&q=BuildOps&search_type=keyword_unordered&media_type=all,unverified (host blocked),unverified (host blocked),unverified (host blocked),unverified (host blocked),unverified (host blocked),https://adstransparency.google.com/?region=US&domain=buildops.com,unverified,unverified (host blocked),unverified (host blocked),unverified (host blocked),https://www.linkedin.com/ad-library/search?keyword=BuildOps,unverified (host blocked),unverified (host blocked),0,unverified,unverified,0,"Meta +3, Google +3, LinkedIn +1, CTA +1 pending manual audit",No adstransparency advertiser-page URL surfaced in search results.,pending (Meta/Google/LinkedIn ad libraries blocked by egress policy; only headcount bonus verifiable),search-verified (URL-cited)
12,Essential,withessential.com,https://www.facebook.com/ads/library/?active_status=active&ad_type=all&country=US&q=Essential&search_type=keyword_unordered&media_type=all,unverified (host blocked),unverified (host blocked),unverified (host blocked),unverified (host blocked),unverified (host blocked),https://adstransparency.google.com/?region=US&domain=withessential.com,unverified,unverified (host blocked),unverified (host blocked),unverified (host blocked),https://www.linkedin.com/ad-library/search?keyword=Essential,unverified (host blocked),unverified (host blocked),0,unverified,unverified,0,"Meta +3, Google +3, LinkedIn +1, CTA +1 pending manual audit",No adstransparency advertiser-page URL surfaced in search results.,pending (Meta/Google/LinkedIn ad libraries blocked by egress policy; only headcount bonus verifiable),search-verified (URL-cited)
12,Inspect Point,inspectpoint.com,https://www.facebook.com/ads/library/?active_status=active&ad_type=all&country=US&q=Inspect%20Point&search_type=keyword_unordered&media_type=all,unverified (host blocked),unverified (host blocked),unverified (host blocked),unverified (host blocked),unverified (host blocked),https://adstransparency.google.com/?region=US&domain=inspectpoint.com,unverified,unverified (host blocked),unverified (host blocked),unverified (host blocked),https://www.linkedin.com/ad-library/search?keyword=Inspect%20Point,unverified (host blocked),unverified (host blocked),2,"https://pitchbook.com/profiles/company/439227-91 (36 employees; conflicting: LeadIQ ~64, ZoomInfo 51-200; bootstrapped until 2022)",unverified,2,"Meta +3, Google +3, LinkedIn +1, CTA +1 pending manual audit",No adstransparency advertiser-page URL surfaced in search results.,pending (Meta/Google/LinkedIn ad libraries blocked by egress policy; only headcount bonus verifiable),search-verified (URL-cited)
12,ServiceTrade,servicetrade.com,https://www.facebook.com/ads/library/?active_status=active&ad_type=all&country=US&q=ServiceTrade&search_type=keyword_unordered&media_type=all,unverified (host blocked),unverified (host blocked),unverified (host blocked),unverified (host blocked),unverified (host blocked),https://adstransparency.google.com/?region=US&domain=servicetrade.com,unverified,unverified (host blocked),unverified (host blocked),unverified (host blocked),https://www.linkedin.com/ad-library/search?keyword=ServiceTrade,unverified (host blocked),unverified (host blocked),0,unverified,unverified,0,"Meta +3, Google +3, LinkedIn +1, CTA +1 pending manual audit",No adstransparency advertiser-page URL surfaced in search results.,pending (Meta/Google/LinkedIn ad libraries blocked by egress policy; only headcount bonus verifiable),search-verified (URL-cited)
12,Uptick,uptickhq.com,https://www.facebook.com/ads/library/?active_status=active&ad_type=all&country=US&q=Uptick&search_type=keyword_unordered&media_type=all,unverified (host blocked),unverified (host blocked),unverified (host blocked),unverified (host blocked),unverified (host blocked),https://adstransparency.google.com/?region=US&domain=uptickhq.com,unverified,unverified (host blocked),unverified (host blocked),unverified (host blocked),https://www.linkedin.com/ad-library/search?keyword=Uptick,unverified (host blocked),unverified (host blocked),0,unverified,unverified,0,"Meta +3, Google +3, LinkedIn +1, CTA +1 pending manual audit",No adstransparency advertiser-page URL surfaced in search results.,pending (Meta/Google/LinkedIn ad libraries blocked by egress policy; only headcount bonus verifiable),search-verified (URL-cited)
13,FieldForce Tracker,fieldforcetracker.com,https://www.facebook.com/ads/library/?active_status=active&ad_type=all&country=US&q=FieldForce%20Tracker&search_type=keyword_unordered&media_type=all,unverified (host blocked),unverified (host blocked),unverified (host blocked),unverified (host blocked),unverified (host blocked),https://adstransparency.google.com/?region=US&domain=fieldforcetracker.com,unverified,unverified (host blocked),unverified (host blocked),unverified (host blocked),https://www.linkedin.com/ad-library/search?keyword=FieldForce%20Tracker,unverified (host blocked),unverified (host blocked),0,unverified,unverified,0,"Meta +3, Google +3, LinkedIn +1, CTA +1 pending manual audit",No adstransparency advertiser-page URL surfaced in search results.,pending (Meta/Google/LinkedIn ad libraries blocked by egress policy; only headcount bonus verifiable),search-verified (URL-cited)
13,ReachOut Suite,reachoutsuite.com,https://www.facebook.com/ads/library/?active_status=active&ad_type=all&country=US&q=ReachOut%20Suite&search_type=keyword_unordered&media_type=all,unverified (host blocked),unverified (host blocked),unverified (host blocked),unverified (host blocked),unverified (host blocked),https://adstransparency.google.com/?region=US&domain=reachoutsuite.com,unverified,unverified (host blocked),unverified (host blocked),unverified (host blocked),https://www.linkedin.com/ad-library/search?keyword=ReachOut%20Suite,unverified (host blocked),unverified (host blocked),0,unverified,unverified,0,"Meta +3, Google +3, LinkedIn +1, CTA +1 pending manual audit",No adstransparency advertiser-page URL surfaced in search results.,pending (Meta/Google/LinkedIn ad libraries blocked by egress policy; only headcount bonus verifiable),search-verified (URL-cited)
13,Repair-CRM,repair-crm.com,https://www.facebook.com/ads/library/?active_status=active&ad_type=all&country=US&q=Repair-CRM&search_type=keyword_unordered&media_type=all,unverified (host blocked),unverified (host blocked),unverified (host blocked),unverified (host blocked),unverified (host blocked),https://adstransparency.google.com/?region=US&domain=repair-crm.com,unverified,unverified (host blocked),unverified (host blocked),unverified (host blocked),https://www.linkedin.com/ad-library/search?keyword=Repair-CRM,unverified (host blocked),unverified (host blocked),0,unverified,unverified,0,"Meta +3, Google +3, LinkedIn +1, CTA +1 pending manual audit",No adstransparency advertiser-page URL surfaced in search results.,pending (Meta/Google/LinkedIn ad libraries blocked by egress policy; only headcount bonus verifiable),search-verified (URL-cited)
13,SecurityTrax,securitytrax.com,https://www.facebook.com/ads/library/?active_status=active&ad_type=all&country=US&q=SecurityTrax&search_type=keyword_unordered&media_type=all,unverified (host blocked),unverified (host blocked),unverified (host blocked),unverified (host blocked),unverified (host blocked),https://adstransparency.google.com/?region=US&domain=securitytrax.com,unverified,unverified (host blocked),unverified (host blocked),unverified (host blocked),https://www.linkedin.com/ad-library/search?keyword=SecurityTrax,unverified (host blocked),unverified (host blocked),2,https://pitchbook.com/profiles/company/151141-06 (11 employees),unverified,2,"Meta +3, Google +3, LinkedIn +1, CTA +1 pending manual audit",No adstransparency advertiser-page URL surfaced in search results.,pending (Meta/Google/LinkedIn ad libraries blocked by egress policy; only headcount bonus verifiable),search-verified (URL-cited)
13,ServiceTitan,servicetitan.com,https://www.facebook.com/ads/library/?active_status=active&ad_type=all&country=US&q=ServiceTitan&search_type=keyword_unordered&media_type=all,unverified (host blocked),unverified (host blocked),unverified (host blocked),unverified (host blocked),unverified (host blocked),https://adstransparency.google.com/?region=US&domain=servicetitan.com,unverified,unverified (host blocked),unverified (host blocked),unverified (host blocked),https://www.linkedin.com/ad-library/search?keyword=ServiceTitan,unverified (host blocked),unverified (host blocked),0,unverified,unverified,0,"Meta +3, Google +3, LinkedIn +1, CTA +1 pending manual audit",No adstransparency advertiser-page URL surfaced in search results.,pending (Meta/Google/LinkedIn ad libraries blocked by egress policy; only headcount bonus verifiable),search-verified (URL-cited)
13,SuretyPRO / AlarmBase / CESware,unverified,unverified,unverified (host blocked),unverified (host blocked),unverified (host blocked),unverified (host blocked),unverified (host blocked),unverified,unverified,unverified (host blocked),unverified (host blocked),unverified (host blocked),unverified,unverified (host blocked),unverified (host blocked),0,unverified,unverified,0,"Meta +3, Google +3, LinkedIn +1, CTA +1 pending manual audit",Domain not surfaced; lookup URLs cannot be formed.,pending (Meta/Google/LinkedIn ad libraries blocked by egress policy; only headcount bonus verifiable),candidate (prior knowledge; not search-verified)
13,WorkHorse SCS,workhorsescs.com,https://www.facebook.com/ads/library/?active_status=active&ad_type=all&country=US&q=WorkHorse%20SCS&search_type=keyword_unordered&media_type=all,unverified (host blocked),unverified (host blocked),unverified (host blocked),unverified (host blocked),unverified (host blocked),https://adstransparency.google.com/?region=US&domain=workhorsescs.com,unverified,unverified (host blocked),unverified (host blocked),unverified (host blocked),https://www.linkedin.com/ad-library/search?keyword=WorkHorse%20SCS,unverified (host blocked),unverified (host blocked),0,unverified,unverified,0,"Meta +3, Google +3, LinkedIn +1, CTA +1 pending manual audit",No adstransparency advertiser-page URL surfaced in search results.,pending (Meta/Google/LinkedIn ad libraries blocked by egress policy; only headcount bonus verifiable),search-verified (URL-cited)
14,123worx,123worx.com,https://www.facebook.com/ads/library/?active_status=active&ad_type=all&country=US&q=123worx&search_type=keyword_unordered&media_type=all,unverified (host blocked),unverified (host blocked),unverified (host blocked),unverified (host blocked),unverified (host blocked),https://adstransparency.google.com/?region=US&domain=123worx.com,unverified,unverified (host blocked),unverified (host blocked),unverified (host blocked),https://www.linkedin.com/ad-library/search?keyword=123worx,unverified (host blocked),unverified (host blocked),0,unverified,unverified,0,"Meta +3, Google +3, LinkedIn +1, CTA +1 pending manual audit",No adstransparency advertiser-page URL surfaced in search results.,pending (Meta/Google/LinkedIn ad libraries blocked by egress policy; only headcount bonus verifiable),search-verified (URL-cited)
14,Houzz Pro,houzz.com,https://www.facebook.com/ads/library/?active_status=active&ad_type=all&country=US&q=Houzz%20Pro&search_type=keyword_unordered&media_type=all,unverified (host blocked),unverified (host blocked),unverified (host blocked),unverified (host blocked),unverified (host blocked),https://adstransparency.google.com/?region=US&domain=houzz.com,unverified,unverified (host blocked),unverified (host blocked),unverified (host blocked),https://www.linkedin.com/ad-library/search?keyword=Houzz%20Pro,unverified (host blocked),unverified (host blocked),0,unverified,unverified,0,"Meta +3, Google +3, LinkedIn +1, CTA +1 pending manual audit",No adstransparency advertiser-page URL surfaced in search results.,pending (Meta/Google/LinkedIn ad libraries blocked by egress policy; only headcount bonus verifiable),search-verified (URL-cited)
14,Poologics,poologics.com,https://www.facebook.com/ads/library/?active_status=active&ad_type=all&country=US&q=Poologics&search_type=keyword_unordered&media_type=all,unverified (host blocked),unverified (host blocked),unverified (host blocked),unverified (host blocked),unverified (host blocked),https://adstransparency.google.com/?region=US&domain=poologics.com,unverified,unverified (host blocked),unverified (host blocked),unverified (host blocked),https://www.linkedin.com/ad-library/search?keyword=Poologics,unverified (host blocked),unverified (host blocked),0,unverified,unverified,0,"Meta +3, Google +3, LinkedIn +1, CTA +1 pending manual audit",No adstransparency advertiser-page URL surfaced in search results.,pending (Meta/Google/LinkedIn ad libraries blocked by egress policy; only headcount bonus verifiable),search-verified (URL-cited)
14,ProDBX,prodbx.com,https://www.facebook.com/ads/library/?active_status=active&ad_type=all&country=US&q=ProDBX&search_type=keyword_unordered&media_type=all,unverified (host blocked),unverified (host blocked),unverified (host blocked),unverified (host blocked),unverified (host blocked),https://adstransparency.google.com/?region=US&domain=prodbx.com,unverified,unverified (host blocked),unverified (host blocked),unverified (host blocked),https://www.linkedin.com/ad-library/search?keyword=ProDBX,unverified (host blocked),unverified (host blocked),0,unverified,unverified,0,"Meta +3, Google +3, LinkedIn +1, CTA +1 pending manual audit",No adstransparency advertiser-page URL surfaced in search results.,pending (Meta/Google/LinkedIn ad libraries blocked by egress policy; only headcount bonus verifiable),search-verified (URL-cited)
14,QuoteIQ,myquoteiq.com,https://www.facebook.com/ads/library/?active_status=active&ad_type=all&country=US&q=QuoteIQ&search_type=keyword_unordered&media_type=all,unverified (host blocked),unverified (host blocked),unverified (host blocked),unverified (host blocked),unverified (host blocked),https://adstransparency.google.com/?region=US&domain=myquoteiq.com,unverified,unverified (host blocked),unverified (host blocked),unverified (host blocked),https://www.linkedin.com/ad-library/search?keyword=QuoteIQ,unverified (host blocked),unverified (host blocked),0,unverified,unverified,0,"Meta +3, Google +3, LinkedIn +1, CTA +1 pending manual audit",No adstransparency advertiser-page URL surfaced in search results.,pending (Meta/Google/LinkedIn ad libraries blocked by egress policy; only headcount bonus verifiable),search-verified (URL-cited)
14,Streamline CRM,streamlinecrm.com,https://www.facebook.com/ads/library/?active_status=active&ad_type=all&country=US&q=Streamline%20CRM&search_type=keyword_unordered&media_type=all,unverified (host blocked),unverified (host blocked),unverified (host blocked),unverified (host blocked),unverified (host blocked),https://adstransparency.google.com/?region=US&domain=streamlinecrm.com,unverified,unverified (host blocked),unverified (host blocked),unverified (host blocked),https://www.linkedin.com/ad-library/search?keyword=Streamline%20CRM,unverified (host blocked),unverified (host blocked),0,unverified,unverified,0,"Meta +3, Google +3, LinkedIn +1, CTA +1 pending manual audit",No adstransparency advertiser-page URL surfaced in search results.,pending (Meta/Google/LinkedIn ad libraries blocked by egress policy; only headcount bonus verifiable),search-verified (URL-cited)
15,Builder Prime,builderprime.com,https://www.facebook.com/ads/library/?active_status=active&ad_type=all&country=US&q=Builder%20Prime&search_type=keyword_unordered&media_type=all,unverified (host blocked),unverified (host blocked),unverified (host blocked),unverified (host blocked),unverified (host blocked),https://adstransparency.google.com/?region=US&domain=builderprime.com,unverified,unverified (host blocked),unverified (host blocked),unverified (host blocked),https://www.linkedin.com/ad-library/search?keyword=Builder%20Prime,unverified (host blocked),unverified (host blocked),0,unverified,unverified,0,"Meta +3, Google +3, LinkedIn +1, CTA +1 pending manual audit",No adstransparency advertiser-page URL surfaced in search results.,pending (Meta/Google/LinkedIn ad libraries blocked by egress policy; only headcount bonus verifiable),search-verified (URL-cited)
15,Contractor Accelerator,contractoraccelerator.com,https://www.facebook.com/ads/library/?active_status=active&ad_type=all&country=US&q=Contractor%20Accelerator&search_type=keyword_unordered&media_type=all,unverified (host blocked),unverified (host blocked),unverified (host blocked),unverified (host blocked),unverified (host blocked),https://adstransparency.google.com/?region=US&domain=contractoraccelerator.com,unverified,unverified (host blocked),unverified (host blocked),unverified (host blocked),https://www.linkedin.com/ad-library/search?keyword=Contractor%20Accelerator,unverified (host blocked),unverified (host blocked),0,unverified,unverified,0,"Meta +3, Google +3, LinkedIn +1, CTA +1 pending manual audit",No adstransparency advertiser-page URL surfaced in search results.,pending (Meta/Google/LinkedIn ad libraries blocked by egress policy; only headcount bonus verifiable),search-verified (URL-cited)
15,QuoteIQ,myquoteiq.com,https://www.facebook.com/ads/library/?active_status=active&ad_type=all&country=US&q=QuoteIQ&search_type=keyword_unordered&media_type=all,unverified (host blocked),unverified (host blocked),unverified (host blocked),unverified (host blocked),unverified (host blocked),https://adstransparency.google.com/?region=US&domain=myquoteiq.com,unverified,unverified (host blocked),unverified (host blocked),unverified (host blocked),https://www.linkedin.com/ad-library/search?keyword=QuoteIQ,unverified (host blocked),unverified (host blocked),0,unverified,unverified,0,"Meta +3, Google +3, LinkedIn +1, CTA +1 pending manual audit",No adstransparency advertiser-page URL surfaced in search results.,pending (Meta/Google/LinkedIn ad libraries blocked by egress policy; only headcount bonus verifiable),search-verified (URL-cited)
16,Builder Prime,builderprime.com,https://www.facebook.com/ads/library/?active_status=active&ad_type=all&country=US&q=Builder%20Prime&search_type=keyword_unordered&media_type=all,unverified (host blocked),unverified (host blocked),unverified (host blocked),unverified (host blocked),unverified (host blocked),https://adstransparency.google.com/?region=US&domain=builderprime.com,unverified,unverified (host blocked),unverified (host blocked),unverified (host blocked),https://www.linkedin.com/ad-library/search?keyword=Builder%20Prime,unverified (host blocked),unverified (host blocked),0,unverified,unverified,0,"Meta +3, Google +3, LinkedIn +1, CTA +1 pending manual audit",No adstransparency advertiser-page URL surfaced in search results.,pending (Meta/Google/LinkedIn ad libraries blocked by egress policy; only headcount bonus verifiable),search-verified (URL-cited)
16,FieldGroove,fieldgroove.com,https://www.facebook.com/ads/library/?active_status=active&ad_type=all&country=US&q=FieldGroove&search_type=keyword_unordered&media_type=all,unverified (host blocked),unverified (host blocked),unverified (host blocked),unverified (host blocked),unverified (host blocked),https://adstransparency.google.com/?region=US&domain=fieldgroove.com,unverified,unverified (host blocked),unverified (host blocked),unverified (host blocked),https://www.linkedin.com/ad-library/search?keyword=FieldGroove,unverified (host blocked),unverified (host blocked),0,unverified,unverified,0,"Meta +3, Google +3, LinkedIn +1, CTA +1 pending manual audit",No adstransparency advertiser-page URL surfaced in search results.,pending (Meta/Google/LinkedIn ad libraries blocked by egress policy; only headcount bonus verifiable),search-verified (URL-cited)
16,FloorSoft,floorsoft.com,https://www.facebook.com/ads/library/?active_status=active&ad_type=all&country=US&q=FloorSoft&search_type=keyword_unordered&media_type=all,unverified (host blocked),unverified (host blocked),unverified (host blocked),unverified (host blocked),unverified (host blocked),https://adstransparency.google.com/?region=US&domain=floorsoft.com,unverified,unverified (host blocked),unverified (host blocked),unverified (host blocked),https://www.linkedin.com/ad-library/search?keyword=FloorSoft,unverified (host blocked),unverified (host blocked),0,unverified,unverified,0,"Meta +3, Google +3, LinkedIn +1, CTA +1 pending manual audit",No adstransparency advertiser-page URL surfaced in search results.,pending (Meta/Google/LinkedIn ad libraries blocked by egress policy; only headcount bonus verifiable),search-verified (URL-cited)
16,Floorzap,floorzap.com,https://www.facebook.com/ads/library/?active_status=active&ad_type=all&country=US&q=Floorzap&search_type=keyword_unordered&media_type=all,unverified (host blocked),unverified (host blocked),unverified (host blocked),unverified (host blocked),unverified (host blocked),https://adstransparency.google.com/?region=US&domain=floorzap.com,unverified,unverified (host blocked),unverified (host blocked),unverified (host blocked),https://www.linkedin.com/ad-library/search?keyword=Floorzap,unverified (host blocked),unverified (host blocked),0,unverified,unverified,0,"Meta +3, Google +3, LinkedIn +1, CTA +1 pending manual audit",No adstransparency advertiser-page URL surfaced in search results.,pending (Meta/Google/LinkedIn ad libraries blocked by egress policy; only headcount bonus verifiable),search-verified (URL-cited)
16,Measure Square,measuresquare.com,https://www.facebook.com/ads/library/?active_status=active&ad_type=all&country=US&q=Measure%20Square&search_type=keyword_unordered&media_type=all,unverified (host blocked),unverified (host blocked),unverified (host blocked),unverified (host blocked),unverified (host blocked),https://adstransparency.google.com/?region=US&domain=measuresquare.com,unverified,unverified (host blocked),unverified (host blocked),unverified (host blocked),https://www.linkedin.com/ad-library/search?keyword=Measure%20Square,unverified (host blocked),unverified (host blocked),0,unverified,unverified,0,"Meta +3, Google +3, LinkedIn +1, CTA +1 pending manual audit",No adstransparency advertiser-page URL surfaced in search results.,pending (Meta/Google/LinkedIn ad libraries blocked by egress policy; only headcount bonus verifiable),search-verified (URL-cited)
16,ProjectsForce 360,projectsforce.com,https://www.facebook.com/ads/library/?active_status=active&ad_type=all&country=US&q=ProjectsForce%20360&search_type=keyword_unordered&media_type=all,unverified (host blocked),unverified (host blocked),unverified (host blocked),unverified (host blocked),unverified (host blocked),https://adstransparency.google.com/?region=US&domain=projectsforce.com,unverified,unverified (host blocked),unverified (host blocked),unverified (host blocked),https://www.linkedin.com/ad-library/search?keyword=ProjectsForce%20360,unverified (host blocked),unverified (host blocked),0,unverified,unverified,0,"Meta +3, Google +3, LinkedIn +1, CTA +1 pending manual audit",No adstransparency advertiser-page URL surfaced in search results.,pending (Meta/Google/LinkedIn ad libraries blocked by egress policy; only headcount bonus verifiable),search-verified (URL-cited)
16,Projul,projul.com,https://www.facebook.com/ads/library/?active_status=active&ad_type=all&country=US&q=Projul&search_type=keyword_unordered&media_type=all,unverified (host blocked),unverified (host blocked),unverified (host blocked),unverified (host blocked),unverified (host blocked),https://adstransparency.google.com/?region=US&domain=projul.com,unverified,unverified (host blocked),unverified (host blocked),unverified (host blocked),https://www.linkedin.com/ad-library/search?keyword=Projul,unverified (host blocked),unverified (host blocked),0,unverified,unverified,0,"Meta +3, Google +3, LinkedIn +1, CTA +1 pending manual audit",No adstransparency advertiser-page URL surfaced in search results.,pending (Meta/Google/LinkedIn ad libraries blocked by egress policy; only headcount bonus verifiable),search-verified (URL-cited)
16,QuoteIQ,myquoteiq.com,https://www.facebook.com/ads/library/?active_status=active&ad_type=all&country=US&q=QuoteIQ&search_type=keyword_unordered&media_type=all,unverified (host blocked),unverified (host blocked),unverified (host blocked),unverified (host blocked),unverified (host blocked),https://adstransparency.google.com/?region=US&domain=myquoteiq.com,unverified,unverified (host blocked),unverified (host blocked),unverified (host blocked),https://www.linkedin.com/ad-library/search?keyword=QuoteIQ,unverified (host blocked),unverified (host blocked),0,unverified,unverified,0,"Meta +3, Google +3, LinkedIn +1, CTA +1 pending manual audit",No adstransparency advertiser-page URL surfaced in search results.,pending (Meta/Google/LinkedIn ad libraries blocked by egress policy; only headcount bonus verifiable),search-verified (URL-cited)
16,WorkQuote,workquote.app,https://www.facebook.com/ads/library/?active_status=active&ad_type=all&country=US&q=WorkQuote&search_type=keyword_unordered&media_type=all,unverified (host blocked),unverified (host blocked),unverified (host blocked),unverified (host blocked),unverified (host blocked),https://adstransparency.google.com/?region=US&domain=workquote.app,unverified,unverified (host blocked),unverified (host blocked),unverified (host blocked),https://www.linkedin.com/ad-library/search?keyword=WorkQuote,unverified (host blocked),unverified (host blocked),0,unverified,unverified,0,"Meta +3, Google +3, LinkedIn +1, CTA +1 pending manual audit",No adstransparency advertiser-page URL surfaced in search results.,pending (Meta/Google/LinkedIn ad libraries blocked by egress policy; only headcount bonus verifiable),search-verified (URL-cited)
17,Accentis,unverified,unverified,unverified (host blocked),unverified (host blocked),unverified (host blocked),unverified (host blocked),unverified (host blocked),unverified,unverified,unverified (host blocked),unverified (host blocked),unverified (host blocked),unverified,unverified (host blocked),unverified (host blocked),0,unverified,unverified,0,"Meta +3, Google +3, LinkedIn +1, CTA +1 pending manual audit",Domain not surfaced; lookup URLs cannot be formed.,pending (Meta/Google/LinkedIn ad libraries blocked by egress policy; only headcount bonus verifiable),candidate (prior knowledge; not search-verified)
17,FieldPulse,fieldpulse.com,https://www.facebook.com/ads/library/?active_status=active&ad_type=all&country=US&q=FieldPulse&search_type=keyword_unordered&media_type=all,unverified (host blocked),unverified (host blocked),unverified (host blocked),unverified (host blocked),unverified (host blocked),https://adstransparency.google.com/?region=US&domain=fieldpulse.com,unverified,unverified (host blocked),unverified (host blocked),unverified (host blocked),https://www.linkedin.com/ad-library/search?keyword=FieldPulse,unverified (host blocked),unverified (host blocked),0,unverified,unverified,0,"Meta +3, Google +3, LinkedIn +1, CTA +1 pending manual audit",No adstransparency advertiser-page URL surfaced in search results.,pending (Meta/Google/LinkedIn ad libraries blocked by egress policy; only headcount bonus verifiable),search-verified (URL-cited)
17,GlasPacLX (GTS Services),gtsservices.com,https://www.facebook.com/ads/library/?active_status=active&ad_type=all&country=US&q=GlasPacLX%20%28GTS%20Services%29&search_type=keyword_unordered&media_type=all,unverified (host blocked),unverified (host blocked),unverified (host blocked),unverified (host blocked),unverified (host blocked),https://adstransparency.google.com/?region=US&domain=gtsservices.com,unverified,unverified (host blocked),unverified (host blocked),unverified (host blocked),https://www.linkedin.com/ad-library/search?keyword=GlasPacLX%20%28GTS%20Services%29,unverified (host blocked),unverified (host blocked),0,unverified,unverified,0,"Meta +3, Google +3, LinkedIn +1, CTA +1 pending manual audit",No adstransparency advertiser-page URL surfaced in search results.,pending (Meta/Google/LinkedIn ad libraries blocked by egress policy; only headcount bonus verifiable),search-verified (URL-cited)
17,GlassManager,glassmanager.com,https://www.facebook.com/ads/library/?active_status=active&ad_type=all&country=US&q=GlassManager&search_type=keyword_unordered&media_type=all,unverified (host blocked),unverified (host blocked),unverified (host blocked),unverified (host blocked),unverified (host blocked),https://adstransparency.google.com/?region=US&domain=glassmanager.com,unverified,unverified (host blocked),unverified (host blocked),unverified (host blocked),https://www.linkedin.com/ad-library/search?keyword=GlassManager,unverified (host blocked),unverified (host blocked),0,unverified,unverified,0,"Meta +3, Google +3, LinkedIn +1, CTA +1 pending manual audit",No adstransparency advertiser-page URL surfaced in search results.,pending (Meta/Google/LinkedIn ad libraries blocked by egress policy; only headcount bonus verifiable),search-verified (URL-cited)
17,Smart Glazier Software,smartglazier.com,https://www.facebook.com/ads/library/?active_status=active&ad_type=all&country=US&q=Smart%20Glazier%20Software&search_type=keyword_unordered&media_type=all,unverified (host blocked),unverified (host blocked),unverified (host blocked),unverified (host blocked),unverified (host blocked),https://adstransparency.google.com/?region=US&domain=smartglazier.com,unverified,unverified (host blocked),unverified (host blocked),unverified (host blocked),https://www.linkedin.com/ad-library/search?keyword=Smart%20Glazier%20Software,unverified (host blocked),unverified (host blocked),0,unverified,unverified,0,"Meta +3, Google +3, LinkedIn +1, CTA +1 pending manual audit",No adstransparency advertiser-page URL surfaced in search results.,pending (Meta/Google/LinkedIn ad libraries blocked by egress policy; only headcount bonus verifiable),search-verified (URL-cited)
18,Builder Prime,builderprime.com,https://www.facebook.com/ads/library/?active_status=active&ad_type=all&country=US&q=Builder%20Prime&search_type=keyword_unordered&media_type=all,unverified (host blocked),unverified (host blocked),unverified (host blocked),unverified (host blocked),unverified (host blocked),https://adstransparency.google.com/?region=US&domain=builderprime.com,unverified,unverified (host blocked),unverified (host blocked),unverified (host blocked),https://www.linkedin.com/ad-library/search?keyword=Builder%20Prime,unverified (host blocked),unverified (host blocked),0,unverified,unverified,0,"Meta +3, Google +3, LinkedIn +1, CTA +1 pending manual audit",No adstransparency advertiser-page URL surfaced in search results.,pending (Meta/Google/LinkedIn ad libraries blocked by egress policy; only headcount bonus verifiable),search-verified (URL-cited)
18,Houzz Pro,houzz.com,https://www.facebook.com/ads/library/?active_status=active&ad_type=all&country=US&q=Houzz%20Pro&search_type=keyword_unordered&media_type=all,unverified (host blocked),unverified (host blocked),unverified (host blocked),unverified (host blocked),unverified (host blocked),https://adstransparency.google.com/?region=US&domain=houzz.com,unverified,unverified (host blocked),unverified (host blocked),unverified (host blocked),https://www.linkedin.com/ad-library/search?keyword=Houzz%20Pro,unverified (host blocked),unverified (host blocked),0,unverified,unverified,0,"Meta +3, Google +3, LinkedIn +1, CTA +1 pending manual audit",No adstransparency advertiser-page URL surfaced in search results.,pending (Meta/Google/LinkedIn ad libraries blocked by egress policy; only headcount bonus verifiable),search-verified (URL-cited)
18,JobNimbus,jobnimbus.com,https://www.facebook.com/ads/library/?active_status=active&ad_type=all&country=US&q=JobNimbus&search_type=keyword_unordered&media_type=all,unverified (host blocked),unverified (host blocked),unverified (host blocked),unverified (host blocked),unverified (host blocked),https://adstransparency.google.com/?region=US&domain=jobnimbus.com,unverified,unverified (host blocked),unverified (host blocked),unverified (host blocked),https://www.linkedin.com/ad-library/search?keyword=JobNimbus,unverified (host blocked),unverified (host blocked),0,unverified,unverified,0,"Meta +3, Google +3, LinkedIn +1, CTA +1 pending manual audit",No adstransparency advertiser-page URL surfaced in search results.,pending (Meta/Google/LinkedIn ad libraries blocked by egress policy; only headcount bonus verifiable),search-verified (URL-cited)
18,Projul,projul.com,https://www.facebook.com/ads/library/?active_status=active&ad_type=all&country=US&q=Projul&search_type=keyword_unordered&media_type=all,unverified (host blocked),unverified (host blocked),unverified (host blocked),unverified (host blocked),unverified (host blocked),https://adstransparency.google.com/?region=US&domain=projul.com,unverified,unverified (host blocked),unverified (host blocked),unverified (host blocked),https://www.linkedin.com/ad-library/search?keyword=Projul,unverified (host blocked),unverified (host blocked),0,unverified,unverified,0,"Meta +3, Google +3, LinkedIn +1, CTA +1 pending manual audit",No adstransparency advertiser-page URL surfaced in search results.,pending (Meta/Google/LinkedIn ad libraries blocked by egress policy; only headcount bonus verifiable),search-verified (URL-cited)
18,QuoteIQ,myquoteiq.com,https://www.facebook.com/ads/library/?active_status=active&ad_type=all&country=US&q=QuoteIQ&search_type=keyword_unordered&media_type=all,unverified (host blocked),unverified (host blocked),unverified (host blocked),unverified (host blocked),unverified (host blocked),https://adstransparency.google.com/?region=US&domain=myquoteiq.com,unverified,unverified (host blocked),unverified (host blocked),unverified (host blocked),https://www.linkedin.com/ad-library/search?keyword=QuoteIQ,unverified (host blocked),unverified (host blocked),0,unverified,unverified,0,"Meta +3, Google +3, LinkedIn +1, CTA +1 pending manual audit",No adstransparency advertiser-page URL surfaced in search results.,pending (Meta/Google/LinkedIn ad libraries blocked by egress policy; only headcount bonus verifiable),search-verified (URL-cited)
19,Eano,eano.com,https://www.facebook.com/ads/library/?active_status=active&ad_type=all&country=US&q=Eano&search_type=keyword_unordered&media_type=all,unverified (host blocked),unverified (host blocked),unverified (host blocked),unverified (host blocked),unverified (host blocked),https://adstransparency.google.com/?region=US&domain=eano.com,unverified,unverified (host blocked),unverified (host blocked),unverified (host blocked),https://www.linkedin.com/ad-library/search?keyword=Eano,unverified (host blocked),unverified (host blocked),0,unverified,unverified,0,"Meta +3, Google +3, LinkedIn +1, CTA +1 pending manual audit",No adstransparency advertiser-page URL surfaced in search results.,pending (Meta/Google/LinkedIn ad libraries blocked by egress policy; only headcount bonus verifiable),search-verified (URL-cited)
19,Outdoor Estimates,outdoorestimates.com,https://www.facebook.com/ads/library/?active_status=active&ad_type=all&country=US&q=Outdoor%20Estimates&search_type=keyword_unordered&media_type=all,unverified (host blocked),unverified (host blocked),unverified (host blocked),unverified (host blocked),unverified (host blocked),https://adstransparency.google.com/?region=US&domain=outdoorestimates.com,unverified,unverified (host blocked),unverified (host blocked),unverified (host blocked),https://www.linkedin.com/ad-library/search?keyword=Outdoor%20Estimates,unverified (host blocked),unverified (host blocked),0,unverified,unverified,0,"Meta +3, Google +3, LinkedIn +1, CTA +1 pending manual audit",No adstransparency advertiser-page URL surfaced in search results.,pending (Meta/Google/LinkedIn ad libraries blocked by egress policy; only headcount bonus verifiable),search-verified (URL-cited)
19,Projul,projul.com,https://www.facebook.com/ads/library/?active_status=active&ad_type=all&country=US&q=Projul&search_type=keyword_unordered&media_type=all,unverified (host blocked),unverified (host blocked),unverified (host blocked),unverified (host blocked),unverified (host blocked),https://adstransparency.google.com/?region=US&domain=projul.com,unverified,unverified (host blocked),unverified (host blocked),unverified (host blocked),https://www.linkedin.com/ad-library/search?keyword=Projul,unverified (host blocked),unverified (host blocked),0,unverified,unverified,0,"Meta +3, Google +3, LinkedIn +1, CTA +1 pending manual audit",No adstransparency advertiser-page URL surfaced in search results.,pending (Meta/Google/LinkedIn ad libraries blocked by egress policy; only headcount bonus verifiable),search-verified (URL-cited)
19,QuoteIQ,myquoteiq.com,https://www.facebook.com/ads/library/?active_status=active&ad_type=all&country=US&q=QuoteIQ&search_type=keyword_unordered&media_type=all,unverified (host blocked),unverified (host blocked),unverified (host blocked),unverified (host blocked),unverified (host blocked),https://adstransparency.google.com/?region=US&domain=myquoteiq.com,unverified,unverified (host blocked),unverified (host blocked),unverified (host blocked),https://www.linkedin.com/ad-library/search?keyword=QuoteIQ,unverified (host blocked),unverified (host blocked),0,unverified,unverified,0,"Meta +3, Google +3, LinkedIn +1, CTA +1 pending manual audit",No adstransparency advertiser-page URL surfaced in search results.,pending (Meta/Google/LinkedIn ad libraries blocked by egress policy; only headcount bonus verifiable),search-verified (URL-cited)
19,ScapeCubed,scapecubed.com,https://www.facebook.com/ads/library/?active_status=active&ad_type=all&country=US&q=ScapeCubed&search_type=keyword_unordered&media_type=all,unverified (host blocked),unverified (host blocked),unverified (host blocked),unverified (host blocked),unverified (host blocked),https://adstransparency.google.com/?region=US&domain=scapecubed.com,unverified,unverified (host blocked),unverified (host blocked),unverified (host blocked),https://www.linkedin.com/ad-library/search?keyword=ScapeCubed,unverified (host blocked),unverified (host blocked),0,unverified,unverified,0,"Meta +3, Google +3, LinkedIn +1, CTA +1 pending manual audit",No adstransparency advertiser-page URL surfaced in search results.,pending (Meta/Google/LinkedIn ad libraries blocked by egress policy; only headcount bonus verifiable),search-verified (URL-cited)
20,BlindMatrix,blindmatrix.com,https://www.facebook.com/ads/library/?active_status=active&ad_type=all&country=US&q=BlindMatrix&search_type=keyword_unordered&media_type=all,unverified (host blocked),unverified (host blocked),unverified (host blocked),unverified (host blocked),unverified (host blocked),https://adstransparency.google.com/?region=US&domain=blindmatrix.com,unverified,unverified (host blocked),unverified (host blocked),unverified (host blocked),https://www.linkedin.com/ad-library/search?keyword=BlindMatrix,unverified (host blocked),unverified (host blocked),0,unverified,unverified,0,"Meta +3, Google +3, LinkedIn +1, CTA +1 pending manual audit",No adstransparency advertiser-page URL surfaced in search results.,pending (Meta/Google/LinkedIn ad libraries blocked by egress policy; only headcount bonus verifiable),search-verified (URL-cited)
20,Blinds Portal,blindsportal.com,https://www.facebook.com/ads/library/?active_status=active&ad_type=all&country=US&q=Blinds%20Portal&search_type=keyword_unordered&media_type=all,unverified (host blocked),unverified (host blocked),unverified (host blocked),unverified (host blocked),unverified (host blocked),https://adstransparency.google.com/?region=US&domain=blindsportal.com,unverified,unverified (host blocked),unverified (host blocked),unverified (host blocked),https://www.linkedin.com/ad-library/search?keyword=Blinds%20Portal,unverified (host blocked),unverified (host blocked),0,unverified,unverified,0,"Meta +3, Google +3, LinkedIn +1, CTA +1 pending manual audit",No adstransparency advertiser-page URL surfaced in search results.,pending (Meta/Google/LinkedIn ad libraries blocked by egress policy; only headcount bonus verifiable),search-verified (URL-cited)
20,BlindsBook,blindsbook.com,https://www.facebook.com/ads/library/?active_status=active&ad_type=all&country=US&q=BlindsBook&search_type=keyword_unordered&media_type=all,unverified (host blocked),unverified (host blocked),unverified (host blocked),unverified (host blocked),unverified (host blocked),https://adstransparency.google.com/?region=US&domain=blindsbook.com,unverified,unverified (host blocked),unverified (host blocked),unverified (host blocked),https://www.linkedin.com/ad-library/search?keyword=BlindsBook,unverified (host blocked),unverified (host blocked),0,unverified,unverified,0,"Meta +3, Google +3, LinkedIn +1, CTA +1 pending manual audit",No adstransparency advertiser-page URL surfaced in search results.,pending (Meta/Google/LinkedIn ad libraries blocked by egress policy; only headcount bonus verifiable),search-verified (URL-cited)
20,MyBlindCo,myblindcoapp.com,https://www.facebook.com/ads/library/?active_status=active&ad_type=all&country=US&q=MyBlindCo&search_type=keyword_unordered&media_type=all,unverified (host blocked),unverified (host blocked),unverified (host blocked),unverified (host blocked),unverified (host blocked),https://adstransparency.google.com/?region=US&domain=myblindcoapp.com,unverified,unverified (host blocked),unverified (host blocked),unverified (host blocked),https://www.linkedin.com/ad-library/search?keyword=MyBlindCo,unverified (host blocked),unverified (host blocked),0,unverified,unverified,0,"Meta +3, Google +3, LinkedIn +1, CTA +1 pending manual audit",No adstransparency advertiser-page URL surfaced in search results.,pending (Meta/Google/LinkedIn ad libraries blocked by egress policy; only headcount bonus verifiable),search-verified (URL-cited)
20,Repair-CRM,repair-crm.com,https://www.facebook.com/ads/library/?active_status=active&ad_type=all&country=US&q=Repair-CRM&search_type=keyword_unordered&media_type=all,unverified (host blocked),unverified (host blocked),unverified (host blocked),unverified (host blocked),unverified (host blocked),https://adstransparency.google.com/?region=US&domain=repair-crm.com,unverified,unverified (host blocked),unverified (host blocked),unverified (host blocked),https://www.linkedin.com/ad-library/search?keyword=Repair-CRM,unverified (host blocked),unverified (host blocked),0,unverified,unverified,0,"Meta +3, Google +3, LinkedIn +1, CTA +1 pending manual audit",No adstransparency advertiser-page URL surfaced in search results.,pending (Meta/Google/LinkedIn ad libraries blocked by egress policy; only headcount bonus verifiable),search-verified (URL-cited)
20,Windowware Pro,windowwarepro.com,https://www.facebook.com/ads/library/?active_status=active&ad_type=all&country=US&q=Windowware%20Pro&search_type=keyword_unordered&media_type=all,unverified (host blocked),unverified (host blocked),unverified (host blocked),unverified (host blocked),unverified (host blocked),https://adstransparency.google.com/?region=US&domain=windowwarepro.com,unverified,unverified (host blocked),unverified (host blocked),unverified (host blocked),https://www.linkedin.com/ad-library/search?keyword=Windowware%20Pro,unverified (host blocked),unverified (host blocked),0,unverified,unverified,0,"Meta +3, Google +3, LinkedIn +1, CTA +1 pending manual audit",No adstransparency advertiser-page URL surfaced in search results.,pending (Meta/Google/LinkedIn ad libraries blocked by egress policy; only headcount bonus verifiable),search-verified (URL-cited)
21,Contractor+,contractorplus.app,https://www.facebook.com/ads/library/?active_status=active&ad_type=all&country=US&q=Contractor%2B&search_type=keyword_unordered&media_type=all,unverified (host blocked),unverified (host blocked),unverified (host blocked),unverified (host blocked),unverified (host blocked),https://adstransparency.google.com/?region=US&domain=contractorplus.app,unverified,unverified (host blocked),unverified (host blocked),unverified (host blocked),https://www.linkedin.com/ad-library/search?keyword=Contractor%2B,unverified (host blocked),unverified (host blocked),0,unverified,unverified,0,"Meta +3, Google +3, LinkedIn +1, CTA +1 pending manual audit",adstransparency search not run (budget exhausted); trustmrr: not found in search results,pending (Meta/Google/LinkedIn ad libraries blocked by egress policy; only headcount bonus verifiable),search-verified (URL-cited)
21,HindSite Software / FieldCentral,hindsitesoftware.com,https://www.facebook.com/ads/library/?active_status=active&ad_type=all&country=US&q=HindSite%20Software%20/%20FieldCentral&search_type=keyword_unordered&media_type=all,unverified (host blocked),unverified (host blocked),unverified (host blocked),unverified (host blocked),unverified (host blocked),https://adstransparency.google.com/?region=US&domain=hindsitesoftware.com,unverified,unverified (host blocked),unverified (host blocked),unverified (host blocked),https://www.linkedin.com/ad-library/search?keyword=HindSite%20Software%20/%20FieldCentral,unverified (host blocked),unverified (host blocked),2,https://www.datanyze.com/companies/hindsite-software/351080127,unverified,2,"Meta +3, Google +3, LinkedIn +1, CTA +1 pending manual audit",29 employees (Datanyze) / 11-50 (LinkedIn); adstransparency search not run (budget exhausted); trustmrr: not found in search results,pending (Meta/Google/LinkedIn ad libraries blocked by egress policy; only headcount bonus verifiable),search-verified (URL-cited)
21,Housecall Pro,housecallpro.com,https://www.facebook.com/ads/library/?active_status=active&ad_type=all&country=US&q=Housecall%20Pro&search_type=keyword_unordered&media_type=all,unverified (host blocked),unverified (host blocked),unverified (host blocked),unverified (host blocked),unverified (host blocked),https://adstransparency.google.com/?region=US&domain=housecallpro.com,unverified,unverified (host blocked),unverified (host blocked),unverified (host blocked),https://www.linkedin.com/ad-library/search?keyword=Housecall%20Pro,unverified (host blocked),unverified (host blocked),0,unverified,unverified,0,"Meta +3, Google +3, LinkedIn +1, CTA +1 pending manual audit",adstransparency search not run (budget exhausted); trustmrr: not found in search results,pending (Meta/Google/LinkedIn ad libraries blocked by egress policy; only headcount bonus verifiable),search-verified (URL-cited)
21,IrrigationBossPro,irrigationbosspro.com,https://www.facebook.com/ads/library/?active_status=active&ad_type=all&country=US&q=IrrigationBossPro&search_type=keyword_unordered&media_type=all,unverified (host blocked),unverified (host blocked),unverified (host blocked),unverified (host blocked),unverified (host blocked),https://adstransparency.google.com/?region=US&domain=irrigationbosspro.com,unverified,unverified (host blocked),unverified (host blocked),unverified (host blocked),https://www.linkedin.com/ad-library/search?keyword=IrrigationBossPro,unverified (host blocked),unverified (host blocked),0,unverified,unverified,0,"Meta +3, Google +3, LinkedIn +1, CTA +1 pending manual audit","Search '""<tool>"" adstransparency.google.com' returned no advertiser-page URL; trustmrr: not found in search results",pending (Meta/Google/LinkedIn ad libraries blocked by egress policy; only headcount bonus verifiable),search-verified (URL-cited)
21,Jobber,getjobber.com,https://www.facebook.com/ads/library/?active_status=active&ad_type=all&country=US&q=Jobber&search_type=keyword_unordered&media_type=all,unverified (host blocked),unverified (host blocked),unverified (host blocked),unverified (host blocked),unverified (host blocked),https://adstransparency.google.com/?region=US&domain=getjobber.com,unverified,unverified (host blocked),unverified (host blocked),unverified (host blocked),https://www.linkedin.com/ad-library/search?keyword=Jobber,unverified (host blocked),unverified (host blocked),0,unverified,unverified,0,"Meta +3, Google +3, LinkedIn +1, CTA +1 pending manual audit",adstransparency search not run (budget exhausted); trustmrr: not found in search results,pending (Meta/Google/LinkedIn ad libraries blocked by egress policy; only headcount bonus verifiable),candidate (prior knowledge; not search-verified)
21,LayCor,laycor.com,https://www.facebook.com/ads/library/?active_status=active&ad_type=all&country=US&q=LayCor&search_type=keyword_unordered&media_type=all,unverified (host blocked),unverified (host blocked),unverified (host blocked),unverified (host blocked),unverified (host blocked),https://adstransparency.google.com/?region=US&domain=laycor.com,unverified,unverified (host blocked),unverified (host blocked),unverified (host blocked),https://www.linkedin.com/ad-library/search?keyword=LayCor,unverified (host blocked),unverified (host blocked),0,unverified,unverified,0,"Meta +3, Google +3, LinkedIn +1, CTA +1 pending manual audit",adstransparency search not run (budget exhausted); trustmrr: not found in search results,pending (Meta/Google/LinkedIn ad libraries blocked by egress policy; only headcount bonus verifiable),search-verified (URL-cited)
21,Orderry,orderry.com,https://www.facebook.com/ads/library/?active_status=active&ad_type=all&country=US&q=Orderry&search_type=keyword_unordered&media_type=all,unverified (host blocked),unverified (host blocked),unverified (host blocked),unverified (host blocked),unverified (host blocked),https://adstransparency.google.com/?region=US&domain=orderry.com,unverified,unverified (host blocked),unverified (host blocked),unverified (host blocked),https://www.linkedin.com/ad-library/search?keyword=Orderry,unverified (host blocked),unverified (host blocked),0,unverified,unverified,0,"Meta +3, Google +3, LinkedIn +1, CTA +1 pending manual audit",adstransparency search not run (budget exhausted); trustmrr: not found in search results,pending (Meta/Google/LinkedIn ad libraries blocked by egress policy; only headcount bonus verifiable),search-verified (URL-cited)
21,QuoteIQ,myquoteiq.com,https://www.facebook.com/ads/library/?active_status=active&ad_type=all&country=US&q=QuoteIQ&search_type=keyword_unordered&media_type=all,unverified (host blocked),unverified (host blocked),unverified (host blocked),unverified (host blocked),unverified (host blocked),https://adstransparency.google.com/?region=US&domain=myquoteiq.com,unverified,unverified (host blocked),unverified (host blocked),unverified (host blocked),https://www.linkedin.com/ad-library/search?keyword=QuoteIQ,unverified (host blocked),unverified (host blocked),0,unverified,unverified,0,"Meta +3, Google +3, LinkedIn +1, CTA +1 pending manual audit","Search '""<tool>"" adstransparency.google.com' returned no advertiser-page URL; trustmrr: not found in search results",pending (Meta/Google/LinkedIn ad libraries blocked by egress policy; only headcount bonus verifiable),search-verified (URL-cited)
21,Service Fusion,servicefusion.com,https://www.facebook.com/ads/library/?active_status=active&ad_type=all&country=US&q=Service%20Fusion&search_type=keyword_unordered&media_type=all,unverified (host blocked),unverified (host blocked),unverified (host blocked),unverified (host blocked),unverified (host blocked),https://adstransparency.google.com/?region=US&domain=servicefusion.com,unverified,unverified (host blocked),unverified (host blocked),unverified (host blocked),https://www.linkedin.com/ad-library/search?keyword=Service%20Fusion,unverified (host blocked),unverified (host blocked),0,unverified,unverified,0,"Meta +3, Google +3, LinkedIn +1, CTA +1 pending manual audit",adstransparency search not run (budget exhausted); trustmrr: not found in search results,pending (Meta/Google/LinkedIn ad libraries blocked by egress policy; only headcount bonus verifiable),search-verified (URL-cited)
21,ServiceTitan,servicetitan.com,https://www.facebook.com/ads/library/?active_status=active&ad_type=all&country=US&q=ServiceTitan&search_type=keyword_unordered&media_type=all,unverified (host blocked),unverified (host blocked),unverified (host blocked),unverified (host blocked),unverified (host blocked),https://adstransparency.google.com/?region=US&domain=servicetitan.com,unverified,unverified (host blocked),unverified (host blocked),unverified (host blocked),https://www.linkedin.com/ad-library/search?keyword=ServiceTitan,unverified (host blocked),unverified (host blocked),0,unverified,unverified,0,"Meta +3, Google +3, LinkedIn +1, CTA +1 pending manual audit",adstransparency search not run (budget exhausted); trustmrr: not found in search results,pending (Meta/Google/LinkedIn ad libraries blocked by egress policy; only headcount bonus verifiable),search-verified (URL-cited)
22,AceWatt CRM,acewatt.com,https://www.facebook.com/ads/library/?active_status=active&ad_type=all&country=US&q=AceWatt%20CRM&search_type=keyword_unordered&media_type=all,unverified (host blocked),unverified (host blocked),unverified (host blocked),unverified (host blocked),unverified (host blocked),https://adstransparency.google.com/?region=US&domain=acewatt.com,,unverified (host blocked),unverified (host blocked),unverified (host blocked),https://www.linkedin.com/ad-library/search?keyword=AceWatt%20CRM,unverified (host blocked),unverified (host blocked),0,,,0,"Meta +3, Google +3, LinkedIn +1, CTA +1 pending audit",,pending (audit),search-verified (URL-cited)
22,Business Genie,businessgenieapp.com,https://www.facebook.com/ads/library/?active_status=active&ad_type=all&country=US&q=Business%20Genie&search_type=keyword_unordered&media_type=all,unverified (host blocked),unverified (host blocked),unverified (host blocked),unverified (host blocked),unverified (host blocked),https://adstransparency.google.com/?region=US&domain=businessgenieapp.com,unverified,unverified (host blocked),unverified (host blocked),unverified (host blocked),https://www.linkedin.com/ad-library/search?keyword=Business%20Genie,unverified (host blocked),unverified (host blocked),0,unverified,unverified,0,"Meta +3, Google +3, LinkedIn +1, CTA +1 pending manual audit","Search '""<tool>"" adstransparency.google.com' returned no advertiser-page URL; trustmrr: not found in search results",pending (Meta/Google/LinkedIn ad libraries blocked by egress policy; only headcount bonus verifiable),search-verified (URL-cited)
22,CRM for Electricians,crmforelectricians.com,https://www.facebook.com/ads/library/?active_status=active&ad_type=all&country=US&q=CRM%20for%20Electricians&search_type=keyword_unordered&media_type=all,unverified (host blocked),unverified (host blocked),unverified (host blocked),unverified (host blocked),unverified (host blocked),https://adstransparency.google.com/?region=US&domain=crmforelectricians.com,,unverified (host blocked),unverified (host blocked),unverified (host blocked),https://www.linkedin.com/ad-library/search?keyword=CRM%20for%20Electricians,unverified (host blocked),unverified (host blocked),0,,,0,"Meta +3, Google +3, LinkedIn +1, CTA +1 pending audit",,pending (audit),search-verified (URL-cited)
22,Flat Rate Plus Online,flatratesoftware.com,https://www.facebook.com/ads/library/?active_status=active&ad_type=all&country=US&q=Flat%20Rate%20Plus%20Online&search_type=keyword_unordered&media_type=all,unverified (host blocked),unverified (host blocked),unverified (host blocked),unverified (host blocked),unverified (host blocked),https://adstransparency.google.com/?region=US&domain=flatratesoftware.com,unverified,unverified (host blocked),unverified (host blocked),unverified (host blocked),https://www.linkedin.com/ad-library/search?keyword=Flat%20Rate%20Plus%20Online,unverified (host blocked),unverified (host blocked),0,unverified,unverified,0,"Meta +3, Google +3, LinkedIn +1, CTA +1 pending manual audit",adstransparency search not run (budget exhausted); trustmrr: not found in search results,pending (Meta/Google/LinkedIn ad libraries blocked by egress policy; only headcount bonus verifiable),search-verified (URL-cited)
22,Housecall Pro,housecallpro.com,https://www.facebook.com/ads/library/?active_status=active&ad_type=all&country=US&q=Housecall%20Pro&search_type=keyword_unordered&media_type=all,unverified (host blocked),unverified (host blocked),unverified (host blocked),unverified (host blocked),unverified (host blocked),https://adstransparency.google.com/?region=US&domain=housecallpro.com,unverified,unverified (host blocked),unverified (host blocked),unverified (host blocked),https://www.linkedin.com/ad-library/search?keyword=Housecall%20Pro,unverified (host blocked),unverified (host blocked),0,unverified,unverified,0,"Meta +3, Google +3, LinkedIn +1, CTA +1 pending manual audit",adstransparency search not run (budget exhausted); trustmrr: not found in search results,pending (Meta/Google/LinkedIn ad libraries blocked by egress policy; only headcount bonus verifiable),search-verified (URL-cited)
22,Method CRM,method.me,https://www.facebook.com/ads/library/?active_status=active&ad_type=all&country=US&q=Method%20CRM&search_type=keyword_unordered&media_type=all,unverified (host blocked),unverified (host blocked),unverified (host blocked),unverified (host blocked),unverified (host blocked),https://adstransparency.google.com/?region=US&domain=method.me,unverified,unverified (host blocked),unverified (host blocked),unverified (host blocked),https://www.linkedin.com/ad-library/search?keyword=Method%20CRM,unverified (host blocked),unverified (host blocked),0,unverified,unverified,0,"Meta +3, Google +3, LinkedIn +1, CTA +1 pending manual audit",adstransparency search not run (budget exhausted); trustmrr: not found in search results,pending (Meta/Google/LinkedIn ad libraries blocked by egress policy; only headcount bonus verifiable),search-verified (URL-cited)
22,Sera Systems,sera.tech,https://www.facebook.com/ads/library/?active_status=active&ad_type=all&country=US&q=Sera%20Systems&search_type=keyword_unordered&media_type=all,unverified (host blocked),unverified (host blocked),unverified (host blocked),unverified (host blocked),unverified (host blocked),https://adstransparency.google.com/?region=US&domain=sera.tech,unverified,unverified (host blocked),unverified (host blocked),unverified (host blocked),https://www.linkedin.com/ad-library/search?keyword=Sera%20Systems,unverified (host blocked),unverified (host blocked),2,https://www.cbinsights.com/company/sera-systems,unverified,2,"Meta +3, Google +3, LinkedIn +1, CTA +1 pending manual audit","31 employees per CB Insights snippet; Search '""<tool>"" adstransparency.google.com' returned no advertiser-page URL; trustmrr: not found in search results",pending (Meta/Google/LinkedIn ad libraries blocked by egress policy; only headcount bonus verifiable),search-verified (URL-cited)
22,Service Fusion,servicefusion.com,https://www.facebook.com/ads/library/?active_status=active&ad_type=all&country=US&q=Service%20Fusion&search_type=keyword_unordered&media_type=all,unverified (host blocked),unverified (host blocked),unverified (host blocked),unverified (host blocked),unverified (host blocked),https://adstransparency.google.com/?region=US&domain=servicefusion.com,unverified,unverified (host blocked),unverified (host blocked),unverified (host blocked),https://www.linkedin.com/ad-library/search?keyword=Service%20Fusion,unverified (host blocked),unverified (host blocked),0,unverified,unverified,0,"Meta +3, Google +3, LinkedIn +1, CTA +1 pending manual audit",adstransparency search not run (budget exhausted); trustmrr: not found in search results,pending (Meta/Google/LinkedIn ad libraries blocked by egress policy; only headcount bonus verifiable),search-verified (URL-cited)
22,ServiceTitan,servicetitan.com,https://www.facebook.com/ads/library/?active_status=active&ad_type=all&country=US&q=ServiceTitan&search_type=keyword_unordered&media_type=all,unverified (host blocked),unverified (host blocked),unverified (host blocked),unverified (host blocked),unverified (host blocked),https://adstransparency.google.com/?region=US&domain=servicetitan.com,unverified,unverified (host blocked),unverified (host blocked),unverified (host blocked),https://www.linkedin.com/ad-library/search?keyword=ServiceTitan,unverified (host blocked),unverified (host blocked),0,unverified,unverified,0,"Meta +3, Google +3, LinkedIn +1, CTA +1 pending manual audit",adstransparency search not run (budget exhausted); trustmrr: not found in search results,pending (Meta/Google/LinkedIn ad libraries blocked by egress policy; only headcount bonus verifiable),search-verified (URL-cited)
22,The New Flat Rate,thenewflatrate.com,https://www.facebook.com/ads/library/?active_status=active&ad_type=all&country=US&q=The%20New%20Flat%20Rate&search_type=keyword_unordered&media_type=all,unverified (host blocked),unverified (host blocked),unverified (host blocked),unverified (host blocked),unverified (host blocked),https://adstransparency.google.com/?region=US&domain=thenewflatrate.com,unverified,unverified (host blocked),unverified (host blocked),unverified (host blocked),https://www.linkedin.com/ad-library/search?keyword=The%20New%20Flat%20Rate,unverified (host blocked),unverified (host blocked),0,unverified,unverified,0,"Meta +3, Google +3, LinkedIn +1, CTA +1 pending manual audit",adstransparency search not run (budget exhausted); trustmrr: not found in search results,pending (Meta/Google/LinkedIn ad libraries blocked by egress policy; only headcount bonus verifiable),search-verified (URL-cited)
22,TurboBid,turbobid.com,https://www.facebook.com/ads/library/?active_status=active&ad_type=all&country=US&q=TurboBid&search_type=keyword_unordered&media_type=all,unverified (host blocked),unverified (host blocked),unverified (host blocked),unverified (host blocked),unverified (host blocked),https://adstransparency.google.com/?region=US&domain=turbobid.com,unverified,unverified (host blocked),unverified (host blocked),unverified (host blocked),https://www.linkedin.com/ad-library/search?keyword=TurboBid,unverified (host blocked),unverified (host blocked),2,https://www.turbobid.com/pages/when-we-complete-an-residential-electrical-estimate,unverified,2,"Meta +3, Google +3, LinkedIn +1, CTA +1 pending manual audit","founder-run; founder described as the employee doing estimates (bootstrapped, no headcount number); adstransparency search not run (budget exhausted); trustmrr: not found in search results",pending (Meta/Google/LinkedIn ad libraries blocked by egress policy; only headcount bonus verifiable),search-verified (URL-cited)
23,Aptora Total Office Manager,aptora.com,https://www.facebook.com/ads/library/?active_status=active&ad_type=all&country=US&q=Aptora%20Total%20Office%20Manager&search_type=keyword_unordered&media_type=all,unverified (host blocked),unverified (host blocked),unverified (host blocked),unverified (host blocked),unverified (host blocked),https://adstransparency.google.com/?region=US&domain=aptora.com,unverified,unverified (host blocked),unverified (host blocked),unverified (host blocked),https://www.linkedin.com/ad-library/search?keyword=Aptora%20Total%20Office%20Manager,unverified (host blocked),unverified (host blocked),0,unverified,unverified,0,"Meta +3, Google +3, LinkedIn +1, CTA +1 pending manual audit",adstransparency search not run (budget exhausted); trustmrr: not found in search results,pending (Meta/Google/LinkedIn ad libraries blocked by egress policy; only headcount bonus verifiable),search-verified (URL-cited)
23,AutoHVAC,autohvac.ai,https://www.facebook.com/ads/library/?active_status=active&ad_type=all&country=US&q=AutoHVAC&search_type=keyword_unordered&media_type=all,unverified (host blocked),unverified (host blocked),unverified (host blocked),unverified (host blocked),unverified (host blocked),https://adstransparency.google.com/?region=US&domain=autohvac.ai,unverified,unverified (host blocked),unverified (host blocked),unverified (host blocked),https://www.linkedin.com/ad-library/search?keyword=AutoHVAC,unverified (host blocked),unverified (host blocked),0,unverified,unverified,0,"Meta +3, Google +3, LinkedIn +1, CTA +1 pending manual audit",adstransparency search not run (budget exhausted); trustmrr: not found in search results,pending (Meta/Google/LinkedIn ad libraries blocked by egress policy; only headcount bonus verifiable),search-verified (URL-cited)
23,Cool Calc,coolcalc.com,https://www.facebook.com/ads/library/?active_status=active&ad_type=all&country=US&q=Cool%20Calc&search_type=keyword_unordered&media_type=all,unverified (host blocked),unverified (host blocked),unverified (host blocked),unverified (host blocked),unverified (host blocked),https://adstransparency.google.com/?region=US&domain=coolcalc.com,unverified,unverified (host blocked),unverified (host blocked),unverified (host blocked),https://www.linkedin.com/ad-library/search?keyword=Cool%20Calc,unverified (host blocked),unverified (host blocked),0,unverified,unverified,0,"Meta +3, Google +3, LinkedIn +1, CTA +1 pending manual audit",adstransparency search not run (budget exhausted); trustmrr: not found in search results,pending (Meta/Google/LinkedIn ad libraries blocked by egress policy; only headcount bonus verifiable),candidate (prior knowledge; not search-verified)
23,FieldEdge,fieldedge.com,https://www.facebook.com/ads/library/?active_status=active&ad_type=all&country=US&q=FieldEdge&search_type=keyword_unordered&media_type=all,unverified (host blocked),unverified (host blocked),unverified (host blocked),unverified (host blocked),unverified (host blocked),https://adstransparency.google.com/?region=US&domain=fieldedge.com,unverified,unverified (host blocked),unverified (host blocked),unverified (host blocked),https://www.linkedin.com/ad-library/search?keyword=FieldEdge,unverified (host blocked),unverified (host blocked),0,unverified,unverified,0,"Meta +3, Google +3, LinkedIn +1, CTA +1 pending manual audit",adstransparency search not run (budget exhausted); trustmrr: not found in search results,pending (Meta/Google/LinkedIn ad libraries blocked by egress policy; only headcount bonus verifiable),search-verified (URL-cited)
23,HVAC ProposalKit,hvacproposalkit.com,https://www.facebook.com/ads/library/?active_status=active&ad_type=all&country=US&q=HVAC%20ProposalKit&search_type=keyword_unordered&media_type=all,unverified (host blocked),unverified (host blocked),unverified (host blocked),unverified (host blocked),unverified (host blocked),https://adstransparency.google.com/?region=US&domain=hvacproposalkit.com,,unverified (host blocked),unverified (host blocked),unverified (host blocked),https://www.linkedin.com/ad-library/search?keyword=HVAC%20ProposalKit,unverified (host blocked),unverified (host blocked),0,,,0,"Meta +3, Google +3, LinkedIn +1, CTA +1 pending audit",,pending (audit),search-verified (URL-cited)
23,Housecall Pro,housecallpro.com,https://www.facebook.com/ads/library/?active_status=active&ad_type=all&country=US&q=Housecall%20Pro&search_type=keyword_unordered&media_type=all,unverified (host blocked),unverified (host blocked),unverified (host blocked),unverified (host blocked),unverified (host blocked),https://adstransparency.google.com/?region=US&domain=housecallpro.com,unverified,unverified (host blocked),unverified (host blocked),unverified (host blocked),https://www.linkedin.com/ad-library/search?keyword=Housecall%20Pro,unverified (host blocked),unverified (host blocked),0,unverified,unverified,0,"Meta +3, Google +3, LinkedIn +1, CTA +1 pending manual audit",adstransparency search not run (budget exhausted); trustmrr: not found in search results,pending (Meta/Google/LinkedIn ad libraries blocked by egress policy; only headcount bonus verifiable),search-verified (URL-cited)
23,OnCall Air,oncallair.com,https://www.facebook.com/ads/library/?active_status=active&ad_type=all&country=US&q=OnCall%20Air&search_type=keyword_unordered&media_type=all,unverified (host blocked),unverified (host blocked),unverified (host blocked),unverified (host blocked),unverified (host blocked),https://adstransparency.google.com/?region=US&domain=oncallair.com,,unverified (host blocked),unverified (host blocked),unverified (host blocked),https://www.linkedin.com/ad-library/search?keyword=OnCall%20Air,unverified (host blocked),unverified (host blocked),0,,,0,"Meta +3, Google +3, LinkedIn +1, CTA +1 pending audit",,pending (audit),search-verified (URL-cited)
23,Repair-CRM,repair-crm.com,https://www.facebook.com/ads/library/?active_status=active&ad_type=all&country=US&q=Repair-CRM&search_type=keyword_unordered&media_type=all,unverified (host blocked),unverified (host blocked),unverified (host blocked),unverified (host blocked),unverified (host blocked),https://adstransparency.google.com/?region=US&domain=repair-crm.com,unverified,unverified (host blocked),unverified (host blocked),unverified (host blocked),https://www.linkedin.com/ad-library/search?keyword=Repair-CRM,unverified (host blocked),unverified (host blocked),0,unverified,unverified,0,"Meta +3, Google +3, LinkedIn +1, CTA +1 pending manual audit",adstransparency search not run (budget exhausted); trustmrr: not found in search results,pending (Meta/Google/LinkedIn ad libraries blocked by egress policy; only headcount bonus verifiable),search-verified (URL-cited)
23,ServiceTrade,servicetrade.com,https://www.facebook.com/ads/library/?active_status=active&ad_type=all&country=US&q=ServiceTrade%20%28HVAC%29&search_type=keyword_unordered&media_type=all,unverified (host blocked),unverified (host blocked),unverified (host blocked),unverified (host blocked),unverified (host blocked),https://adstransparency.google.com/?region=US&domain=servicetrade.com,,unverified (host blocked),unverified (host blocked),unverified (host blocked),https://www.linkedin.com/ad-library/search?keyword=ServiceTrade%20%28HVAC%29,unverified (host blocked),unverified (host blocked),0,,,0,"Meta +3, Google +3, LinkedIn +1, CTA +1 pending audit",,pending (audit),search-verified (URL-cited)
23,Successware,successware.com,https://www.facebook.com/ads/library/?active_status=active&ad_type=all&country=US&q=Successware&search_type=keyword_unordered&media_type=all,unverified (host blocked),unverified (host blocked),unverified (host blocked),unverified (host blocked),unverified (host blocked),https://adstransparency.google.com/?region=US&domain=successware.com,unverified,unverified (host blocked),unverified (host blocked),unverified (host blocked),https://www.linkedin.com/ad-library/search?keyword=Successware,unverified (host blocked),unverified (host blocked),0,unverified,unverified,0,"Meta +3, Google +3, LinkedIn +1, CTA +1 pending manual audit",adstransparency search not run (budget exhausted); trustmrr: not found in search results,pending (Meta/Google/LinkedIn ad libraries blocked by egress policy; only headcount bonus verifiable),search-verified (URL-cited)
23,The New Flat Rate,thenewflatrate.com,https://www.facebook.com/ads/library/?active_status=active&ad_type=all&country=US&q=The%20New%20Flat%20Rate%20%28HVAC%29&search_type=keyword_unordered&media_type=all,unverified (host blocked),unverified (host blocked),unverified (host blocked),unverified (host blocked),unverified (host blocked),https://adstransparency.google.com/?region=US&domain=thenewflatrate.com,,unverified (host blocked),unverified (host blocked),unverified (host blocked),https://www.linkedin.com/ad-library/search?keyword=The%20New%20Flat%20Rate%20%28HVAC%29,unverified (host blocked),unverified (host blocked),0,,,0,"Meta +3, Google +3, LinkedIn +1, CTA +1 pending audit",,pending (audit),search-verified (URL-cited)
23,Workiz,workiz.com,https://www.facebook.com/ads/library/?active_status=active&ad_type=all&country=US&q=Workiz&search_type=keyword_unordered&media_type=all,unverified (host blocked),unverified (host blocked),unverified (host blocked),unverified (host blocked),unverified (host blocked),https://adstransparency.google.com/?region=US&domain=workiz.com,unverified,unverified (host blocked),unverified (host blocked),unverified (host blocked),https://www.linkedin.com/ad-library/search?keyword=Workiz,unverified (host blocked),unverified (host blocked),0,unverified,unverified,0,"Meta +3, Google +3, LinkedIn +1, CTA +1 pending manual audit",adstransparency search not run (budget exhausted); trustmrr: not found in search results,pending (Meta/Google/LinkedIn ad libraries blocked by egress policy; only headcount bonus verifiable),search-verified (URL-cited)
24,Business Genie,businessgenieapp.com,https://www.facebook.com/ads/library/?active_status=active&ad_type=all&country=US&q=Business%20Genie&search_type=keyword_unordered&media_type=all,unverified (host blocked),unverified (host blocked),unverified (host blocked),unverified (host blocked),unverified (host blocked),https://adstransparency.google.com/?region=US&domain=businessgenieapp.com,unverified,unverified (host blocked),unverified (host blocked),unverified (host blocked),https://www.linkedin.com/ad-library/search?keyword=Business%20Genie,unverified (host blocked),unverified (host blocked),0,unverified,unverified,0,"Meta +3, Google +3, LinkedIn +1, CTA +1 pending manual audit","Search '""<tool>"" adstransparency.google.com' returned no advertiser-page URL; trustmrr: not found in search results",pending (Meta/Google/LinkedIn ad libraries blocked by egress policy; only headcount bonus verifiable),search-verified (URL-cited)
24,Commusoft,commusoft.com,https://www.facebook.com/ads/library/?active_status=active&ad_type=all&country=US&q=Commusoft&search_type=keyword_unordered&media_type=all,unverified (host blocked),unverified (host blocked),unverified (host blocked),unverified (host blocked),unverified (host blocked),https://adstransparency.google.com/?region=US&domain=commusoft.com,unverified,unverified (host blocked),unverified (host blocked),unverified (host blocked),https://www.linkedin.com/ad-library/search?keyword=Commusoft,unverified (host blocked),unverified (host blocked),0,unverified,unverified,0,"Meta +3, Google +3, LinkedIn +1, CTA +1 pending manual audit",adstransparency search not run (budget exhausted); trustmrr: not found in search results,pending (Meta/Google/LinkedIn ad libraries blocked by egress policy; only headcount bonus verifiable),candidate (prior knowledge; not search-verified)
24,FieldPulse,fieldpulse.com,https://www.facebook.com/ads/library/?active_status=active&ad_type=all&country=US&q=FieldPulse&search_type=keyword_unordered&media_type=all,unverified (host blocked),unverified (host blocked),unverified (host blocked),unverified (host blocked),unverified (host blocked),https://adstransparency.google.com/?region=US&domain=fieldpulse.com,unverified,unverified (host blocked),unverified (host blocked),unverified (host blocked),https://www.linkedin.com/ad-library/search?keyword=FieldPulse,unverified (host blocked),unverified (host blocked),0,unverified,unverified,0,"Meta +3, Google +3, LinkedIn +1, CTA +1 pending manual audit",adstransparency search not run (budget exhausted); trustmrr: not found in search results,pending (Meta/Google/LinkedIn ad libraries blocked by egress policy; only headcount bonus verifiable),search-verified (URL-cited)
24,Flat Rate Software (flatratesoftware.com),flatratesoftware.com,https://www.facebook.com/ads/library/?active_status=active&ad_type=all&country=US&q=Flat%20Rate%20Software%20%28flatratesoftware.com%29&search_type=keyword_unordered&media_type=all,unverified (host blocked),unverified (host blocked),unverified (host blocked),unverified (host blocked),unverified (host blocked),https://adstransparency.google.com/?region=US&domain=flatratesoftware.com,,unverified (host blocked),unverified (host blocked),unverified (host blocked),https://www.linkedin.com/ad-library/search?keyword=Flat%20Rate%20Software%20%28flatratesoftware.com%29,unverified (host blocked),unverified (host blocked),0,,,0,"Meta +3, Google +3, LinkedIn +1, CTA +1 pending audit",,pending (audit),search-verified (URL-cited)
24,Jobber,getjobber.com,https://www.facebook.com/ads/library/?active_status=active&ad_type=all&country=US&q=Jobber&search_type=keyword_unordered&media_type=all,unverified (host blocked),unverified (host blocked),unverified (host blocked),unverified (host blocked),unverified (host blocked),https://adstransparency.google.com/?region=US&domain=getjobber.com,unverified,unverified (host blocked),unverified (host blocked),unverified (host blocked),https://www.linkedin.com/ad-library/search?keyword=Jobber,unverified (host blocked),unverified (host blocked),0,unverified,unverified,0,"Meta +3, Google +3, LinkedIn +1, CTA +1 pending manual audit",adstransparency search not run (budget exhausted); trustmrr: not found in search results,pending (Meta/Google/LinkedIn ad libraries blocked by egress policy; only headcount bonus verifiable),candidate (prior knowledge; not search-verified)
24,NSPG Price Guide (flatratepricebook.com),flatratepricebook.com,https://www.facebook.com/ads/library/?active_status=active&ad_type=all&country=US&q=NSPG%20Price%20Guide%20%28flatratepricebook.com%29&search_type=keyword_unordered&media_type=all,unverified (host blocked),unverified (host blocked),unverified (host blocked),unverified (host blocked),unverified (host blocked),https://adstransparency.google.com/?region=US&domain=flatratepricebook.com,,unverified (host blocked),unverified (host blocked),unverified (host blocked),https://www.linkedin.com/ad-library/search?keyword=NSPG%20Price%20Guide%20%28flatratepricebook.com%29,unverified (host blocked),unverified (host blocked),0,,,0,"Meta +3, Google +3, LinkedIn +1, CTA +1 pending audit",,pending (audit),search-verified (URL-cited)
24,Pipe-Pro (Professional Estimating Systems),unverified,https://www.facebook.com/ads/library/?active_status=active&ad_type=all&country=US&q=Pipe-Pro%20%28Professional%20Estimating%20Systems%29&search_type=keyword_unordered&media_type=all,unverified (host blocked),unverified (host blocked),unverified (host blocked),unverified (host blocked),unverified (host blocked),https://adstransparency.google.com/?region=US&domain=,,unverified (host blocked),unverified (host blocked),unverified (host blocked),https://www.linkedin.com/ad-library/search?keyword=Pipe-Pro%20%28Professional%20Estimating%20Systems%29,unverified (host blocked),unverified (host blocked),0,,,0,"Meta +3, Google +3, LinkedIn +1, CTA +1 pending audit",,pending (audit),search-verified (URL-cited)
24,QuoteIQ,myquoteiq.com,https://www.facebook.com/ads/library/?active_status=active&ad_type=all&country=US&q=QuoteIQ&search_type=keyword_unordered&media_type=all,unverified (host blocked),unverified (host blocked),unverified (host blocked),unverified (host blocked),unverified (host blocked),https://adstransparency.google.com/?region=US&domain=myquoteiq.com,unverified,unverified (host blocked),unverified (host blocked),unverified (host blocked),https://www.linkedin.com/ad-library/search?keyword=QuoteIQ,unverified (host blocked),unverified (host blocked),0,unverified,unverified,0,"Meta +3, Google +3, LinkedIn +1, CTA +1 pending manual audit","Search '""<tool>"" adstransparency.google.com' returned no advertiser-page URL; trustmrr: not found in search results",pending (Meta/Google/LinkedIn ad libraries blocked by egress policy; only headcount bonus verifiable),search-verified (URL-cited)
24,Service Fusion,servicefusion.com,https://www.facebook.com/ads/library/?active_status=active&ad_type=all&country=US&q=Service%20Fusion&search_type=keyword_unordered&media_type=all,unverified (host blocked),unverified (host blocked),unverified (host blocked),unverified (host blocked),unverified (host blocked),https://adstransparency.google.com/?region=US&domain=servicefusion.com,unverified,unverified (host blocked),unverified (host blocked),unverified (host blocked),https://www.linkedin.com/ad-library/search?keyword=Service%20Fusion,unverified (host blocked),unverified (host blocked),0,unverified,unverified,0,"Meta +3, Google +3, LinkedIn +1, CTA +1 pending manual audit",adstransparency search not run (budget exhausted); trustmrr: not found in search results,pending (Meta/Google/LinkedIn ad libraries blocked by egress policy; only headcount bonus verifiable),candidate (prior knowledge; not search-verified)
24,ServiceTitan,servicetitan.com,https://www.facebook.com/ads/library/?active_status=active&ad_type=all&country=US&q=ServiceTitan&search_type=keyword_unordered&media_type=all,unverified (host blocked),unverified (host blocked),unverified (host blocked),unverified (host blocked),unverified (host blocked),https://adstransparency.google.com/?region=US&domain=servicetitan.com,unverified,unverified (host blocked),unverified (host blocked),unverified (host blocked),https://www.linkedin.com/ad-library/search?keyword=ServiceTitan,unverified (host blocked),unverified (host blocked),0,unverified,unverified,0,"Meta +3, Google +3, LinkedIn +1, CTA +1 pending manual audit",adstransparency search not run (budget exhausted); trustmrr: not found in search results,pending (Meta/Google/LinkedIn ad libraries blocked by egress policy; only headcount bonus verifiable),search-verified (URL-cited)
24,TurboBid,turbobid.com,https://www.facebook.com/ads/library/?active_status=active&ad_type=all&country=US&q=TurboBid&search_type=keyword_unordered&media_type=all,unverified (host blocked),unverified (host blocked),unverified (host blocked),unverified (host blocked),unverified (host blocked),https://adstransparency.google.com/?region=US&domain=turbobid.com,unverified,unverified (host blocked),unverified (host blocked),unverified (host blocked),https://www.linkedin.com/ad-library/search?keyword=TurboBid,unverified (host blocked),unverified (host blocked),2,https://www.turbobid.com/pages/when-we-complete-an-residential-electrical-estimate,unverified,2,"Meta +3, Google +3, LinkedIn +1, CTA +1 pending manual audit","founder-run; founder described as the employee doing estimates (bootstrapped, no headcount number); adstransparency search not run (budget exhausted); trustmrr: not found in search results",pending (Meta/Google/LinkedIn ad libraries blocked by egress policy; only headcount bonus verifiable),search-verified (URL-cited)
25,QuoteIQ,myquoteiq.com,https://www.facebook.com/ads/library/?active_status=active&ad_type=all&country=US&q=QuoteIQ&search_type=keyword_unordered&media_type=all,unverified (host blocked),unverified (host blocked),unverified (host blocked),unverified (host blocked),unverified (host blocked),https://adstransparency.google.com/?region=US&domain=myquoteiq.com,unverified,unverified (host blocked),unverified (host blocked),unverified (host blocked),https://www.linkedin.com/ad-library/search?keyword=QuoteIQ,unverified (host blocked),unverified (host blocked),0,unverified,unverified,0,"Meta +3, Google +3, LinkedIn +1, CTA +1 pending manual audit","Search '""<tool>"" adstransparency.google.com' returned no advertiser-page URL; trustmrr: not found in search results",pending (Meta/Google/LinkedIn ad libraries blocked by egress policy; only headcount bonus verifiable),search-verified (URL-cited)
27,Builder Prime,builderprime.com,https://www.facebook.com/ads/library/?active_status=active&ad_type=all&country=US&q=Builder%20Prime&search_type=keyword_unordered&media_type=all,unverified (host blocked),unverified (host blocked),unverified (host blocked),unverified (host blocked),unverified (host blocked),https://adstransparency.google.com/?region=US&domain=builderprime.com,unverified (host blocked),unverified (host blocked),unverified (host blocked),unverified (host blocked),https://www.linkedin.com/ad-library/search?keyword=Builder%20Prime,unverified (host blocked),unverified (host blocked),0,unverified,unverified (host blocked),0,"Meta +3, Google +3, LinkedIn +1, CTA +1 pending audit",Lookup URLs prebuilt; run scraper/ locally to fill counts.,pending (audit),search-verified (URL-cited)
27,Coating Pro Tech,coatingprotech.com,https://www.facebook.com/ads/library/?active_status=active&ad_type=all&country=US&q=Coating%20Pro%20Tech&search_type=keyword_unordered&media_type=all,unverified (host blocked),unverified (host blocked),unverified (host blocked),unverified (host blocked),unverified (host blocked),https://adstransparency.google.com/?region=US&domain=coatingprotech.com,unverified (host blocked),unverified (host blocked),unverified (host blocked),unverified (host blocked),https://www.linkedin.com/ad-library/search?keyword=Coating%20Pro%20Tech,unverified (host blocked),unverified (host blocked),0,unverified,unverified (host blocked),0,"Meta +3, Google +3, LinkedIn +1, CTA +1 pending audit",Lookup URLs prebuilt; run scraper/ locally to fill counts.,pending (audit),search-verified (URL-cited)
27,CoatingOS,coatingos.com,https://www.facebook.com/ads/library/?active_status=active&ad_type=all&country=US&q=CoatingOS&search_type=keyword_unordered&media_type=all,unverified (host blocked),unverified (host blocked),unverified (host blocked),unverified (host blocked),unverified (host blocked),https://adstransparency.google.com/?region=US&domain=coatingos.com,unverified (host blocked),unverified (host blocked),unverified (host blocked),unverified (host blocked),https://www.linkedin.com/ad-library/search?keyword=CoatingOS,unverified (host blocked),unverified (host blocked),0,unverified,unverified (host blocked),0,"Meta +3, Google +3, LinkedIn +1, CTA +1 pending audit",Lookup URLs prebuilt; run scraper/ locally to fill counts.,pending (audit),search-verified (URL-cited)
27,DripJobs,dripjobs.com,https://www.facebook.com/ads/library/?active_status=active&ad_type=all&country=US&q=DripJobs&search_type=keyword_unordered&media_type=all,unverified (host blocked),unverified (host blocked),unverified (host blocked),unverified (host blocked),unverified (host blocked),https://adstransparency.google.com/?region=US&domain=dripjobs.com,unverified (host blocked),unverified (host blocked),unverified (host blocked),unverified (host blocked),https://www.linkedin.com/ad-library/search?keyword=DripJobs,unverified (host blocked),unverified (host blocked),2,https://dripjobs.com/about,unverified (host blocked),2,"Meta +3, Google +3, LinkedIn +1, CTA +1 pending audit",Lookup URLs prebuilt; run scraper/ locally to fill counts.,pending (audit),search-verified (URL-cited)
27,Projul,projul.com,https://www.facebook.com/ads/library/?active_status=active&ad_type=all&country=US&q=Projul&search_type=keyword_unordered&media_type=all,unverified (host blocked),unverified (host blocked),unverified (host blocked),unverified (host blocked),unverified (host blocked),https://adstransparency.google.com/?region=US&domain=projul.com,unverified (host blocked),unverified (host blocked),unverified (host blocked),unverified (host blocked),https://www.linkedin.com/ad-library/search?keyword=Projul,unverified (host blocked),unverified (host blocked),0,unverified,unverified (host blocked),0,"Meta +3, Google +3, LinkedIn +1, CTA +1 pending audit",Lookup URLs prebuilt; run scraper/ locally to fill counts.,pending (audit),search-verified (URL-cited)
27,QuoteIQ,myquoteiq.com,https://www.facebook.com/ads/library/?active_status=active&ad_type=all&country=US&q=QuoteIQ&search_type=keyword_unordered&media_type=all,unverified (host blocked),unverified (host blocked),unverified (host blocked),unverified (host blocked),unverified (host blocked),https://adstransparency.google.com/?region=US&domain=myquoteiq.com,unverified (host blocked),unverified (host blocked),unverified (host blocked),unverified (host blocked),https://www.linkedin.com/ad-library/search?keyword=QuoteIQ,unverified (host blocked),unverified (host blocked),2,https://myquoteiq.com/about-us/,unverified (host blocked),2,"Meta +3, Google +3, LinkedIn +1, CTA +1 pending audit",Lookup URLs prebuilt; run scraper/ locally to fill counts.,pending (audit),search-verified (URL-cited)
27,floorWIZ,floor-wiz.com,https://www.facebook.com/ads/library/?active_status=active&ad_type=all&country=US&q=floorWIZ&search_type=keyword_unordered&media_type=all,unverified (host blocked),unverified (host blocked),unverified (host blocked),unverified (host blocked),unverified (host blocked),https://adstransparency.google.com/?region=US&domain=floor-wiz.com,unverified (host blocked),unverified (host blocked),unverified (host blocked),unverified (host blocked),https://www.linkedin.com/ad-library/search?keyword=floorWIZ,unverified (host blocked),unverified (host blocked),0,unverified,unverified (host blocked),0,"Meta +3, Google +3, LinkedIn +1, CTA +1 pending audit",Lookup URLs prebuilt; run scraper/ locally to fill counts.,pending (audit),search-verified (URL-cited)
28,ArcSite,arcsite.com,https://www.facebook.com/ads/library/?active_status=active&ad_type=all&country=US&q=ArcSite&search_type=keyword_unordered&media_type=all,unverified (host blocked),unverified (host blocked),unverified (host blocked),unverified (host blocked),unverified (host blocked),https://adstransparency.google.com/?region=US&domain=arcsite.com,unverified (host blocked),unverified (host blocked),unverified (host blocked),unverified (host blocked),https://www.linkedin.com/ad-library/search?keyword=ArcSite,unverified (host blocked),unverified (host blocked),0,unverified,unverified (host blocked),0,"Meta +3, Google +3, LinkedIn +1, CTA +1 pending audit",Search-verified tool; no <50-headcount or bootstrapped evidence found in results.,pending (audit),search-verified (URL-cited)
28,MeasureSquare,measuresquare.com,https://www.facebook.com/ads/library/?active_status=active&ad_type=all&country=US&q=MeasureSquare&search_type=keyword_unordered&media_type=all,unverified (host blocked),unverified (host blocked),unverified (host blocked),unverified (host blocked),unverified (host blocked),https://adstransparency.google.com/?region=US&domain=measuresquare.com,unverified (host blocked),unverified (host blocked),unverified (host blocked),unverified (host blocked),https://www.linkedin.com/ad-library/search?keyword=MeasureSquare,unverified (host blocked),unverified (host blocked),0,unverified,unverified (host blocked),0,"Meta +3, Google +3, LinkedIn +1, CTA +1 pending audit",Search-verified tool; no <50-headcount or bootstrapped evidence found in results.,pending (audit),search-verified (URL-cited)
28,Moasure (Landscape Designer TURF),moasure.com,https://www.facebook.com/ads/library/?active_status=active&ad_type=all&country=US&q=Moasure%20%28Landscape%20Designer%20TURF%29&search_type=keyword_unordered&media_type=all,unverified (host blocked),unverified (host blocked),unverified (host blocked),unverified (host blocked),unverified (host blocked),https://adstransparency.google.com/?region=US&domain=moasure.com,unverified (host blocked),unverified (host blocked),unverified (host blocked),unverified (host blocked),https://www.linkedin.com/ad-library/search?keyword=Moasure%20%28Landscape%20Designer%20TURF%29,unverified (host blocked),unverified (host blocked),0,unverified,unverified (host blocked),0,"Meta +3, Google +3, LinkedIn +1, CTA +1 pending audit",Search-verified tool; no <50-headcount or bootstrapped evidence found in results.,pending (audit),search-verified (URL-cited)
28,QuoteIQ,myquoteiq.com,https://www.facebook.com/ads/library/?active_status=active&ad_type=all&country=US&q=QuoteIQ&search_type=keyword_unordered&media_type=all,unverified (host blocked),unverified (host blocked),unverified (host blocked),unverified (host blocked),unverified (host blocked),https://adstransparency.google.com/?region=US&domain=myquoteiq.com,unverified (host blocked),unverified (host blocked),unverified (host blocked),unverified (host blocked),https://www.linkedin.com/ad-library/search?keyword=QuoteIQ,unverified (host blocked),unverified (host blocked),2,https://myquoteiq.com/about-us/,unverified (host blocked),2,"Meta +3, Google +3, LinkedIn +1, CTA +1 pending audit",Search-verified tool; all platform counts await local scraper run.,pending (audit),search-verified (URL-cited)
28,SiteRecon,unverified,https://www.facebook.com/ads/library/?active_status=active&ad_type=all&country=US&q=SiteRecon&search_type=keyword_unordered&media_type=all,unverified (host blocked),unverified (host blocked),unverified (host blocked),unverified (host blocked),unverified (host blocked),https://adstransparency.google.com/?region=US&domain=,unverified (host blocked),unverified (host blocked),unverified (host blocked),unverified (host blocked),https://www.linkedin.com/ad-library/search?keyword=SiteRecon,unverified (host blocked),unverified (host blocked),0,unverified,unverified (host blocked),0,"Meta +3, Google +3, LinkedIn +1, CTA +1 pending audit",Search-verified tool; no <50-headcount or bootstrapped evidence found in results.,pending (audit),search-named (no URL captured)
28,TurfEstimator,turfestimator.com,https://www.facebook.com/ads/library/?active_status=active&ad_type=all&country=US&q=TurfEstimator&search_type=keyword_unordered&media_type=all,unverified (host blocked),unverified (host blocked),unverified (host blocked),unverified (host blocked),unverified (host blocked),https://adstransparency.google.com/?region=US&domain=turfestimator.com,unverified (host blocked),unverified (host blocked),unverified (host blocked),unverified (host blocked),https://www.linkedin.com/ad-library/search?keyword=TurfEstimator,unverified (host blocked),unverified (host blocked),0,unverified,unverified (host blocked),0,"Meta +3, Google +3, LinkedIn +1, CTA +1 pending audit",Search-verified tool; no <50-headcount or bootstrapped evidence found in results.,pending (audit),search-verified (URL-cited)
31,ArboStar,arbostar.com,https://www.facebook.com/ads/library/?active_status=active&ad_type=all&country=US&q=ArboStar&search_type=keyword_unordered&media_type=all,unverified (host blocked),unverified (host blocked),unverified (host blocked),unverified (host blocked),unverified (host blocked),https://adstransparency.google.com/?region=US&domain=arbostar.com,unverified,unverified (host blocked),unverified (host blocked),unverified (host blocked),https://www.linkedin.com/ad-library/search?keyword=ArboStar,unverified (host blocked),unverified (host blocked),2,https://getlatka.com/companies/arbostar,unverified,2,"Meta +3, Google +3, LinkedIn +1, CTA +1 pending manual audit",47 employees; no funding reported (Crunchbase) Google advertiser-page URL search not run (session WebSearch budget exhausted).,pending (Meta/Google/LinkedIn ad libraries blocked by egress policy; only headcount bonus verifiable),search-verified (URL-cited)
31,Arborgold,arborgold.com,https://www.facebook.com/ads/library/?active_status=active&ad_type=all&country=US&q=Arborgold&search_type=keyword_unordered&media_type=all,unverified (host blocked),unverified (host blocked),unverified (host blocked),unverified (host blocked),unverified (host blocked),https://adstransparency.google.com/?region=US&domain=arborgold.com,unverified,unverified (host blocked),unverified (host blocked),unverified (host blocked),https://www.linkedin.com/ad-library/search?keyword=Arborgold,unverified (host blocked),unverified (host blocked),0,unverified,unverified,0,"Meta +3, Google +3, LinkedIn +1, CTA +1 pending manual audit",Google advertiser-page URL search not run (session WebSearch budget exhausted).,pending (Meta/Google/LinkedIn ad libraries blocked by egress policy; only headcount bonus verifiable),search-verified (URL-cited)
31,ArboristDesk,arboristdesk.com,https://www.facebook.com/ads/library/?active_status=active&ad_type=all&country=US&q=ArboristDesk&search_type=keyword_unordered&media_type=all,unverified (host blocked),unverified (host blocked),unverified (host blocked),unverified (host blocked),unverified (host blocked),https://adstransparency.google.com/?region=US&domain=arboristdesk.com,unverified,unverified (host blocked),unverified (host blocked),unverified (host blocked),https://www.linkedin.com/ad-library/search?keyword=ArboristDesk,unverified (host blocked),unverified (host blocked),0,unverified,unverified,0,"Meta +3, Google +3, LinkedIn +1, CTA +1 pending manual audit",Google advertiser-page URL search not run (session WebSearch budget exhausted).,pending (Meta/Google/LinkedIn ad libraries blocked by egress policy; only headcount bonus verifiable),search-verified (URL-cited)
31,Fieldified,fieldified.com,https://www.facebook.com/ads/library/?active_status=active&ad_type=all&country=US&q=Fieldified&search_type=keyword_unordered&media_type=all,unverified (host blocked),unverified (host blocked),unverified (host blocked),unverified (host blocked),unverified (host blocked),https://adstransparency.google.com/?region=US&domain=fieldified.com,unverified,unverified (host blocked),unverified (host blocked),unverified (host blocked),https://www.linkedin.com/ad-library/search?keyword=Fieldified,unverified (host blocked),unverified (host blocked),0,unverified,unverified,0,"Meta +3, Google +3, LinkedIn +1, CTA +1 pending manual audit",Google advertiser-page URL search not run (session WebSearch budget exhausted).,pending (Meta/Google/LinkedIn ad libraries blocked by egress policy; only headcount bonus verifiable),search-verified (URL-cited)
31,GorillaDesk,gorilladesk.com,https://www.facebook.com/ads/library/?active_status=active&ad_type=all&country=US&q=GorillaDesk&search_type=keyword_unordered&media_type=all,unverified (host blocked),unverified (host blocked),unverified (host blocked),unverified (host blocked),unverified (host blocked),https://adstransparency.google.com/?region=US&domain=gorilladesk.com,unverified,unverified (host blocked),unverified (host blocked),unverified (host blocked),https://www.linkedin.com/ad-library/search?keyword=GorillaDesk,unverified (host blocked),unverified (host blocked),0,unverified,unverified,0,"Meta +3, Google +3, LinkedIn +1, CTA +1 pending manual audit",Google advertiser-page URL search not run (session WebSearch budget exhausted).,pending (Meta/Google/LinkedIn ad libraries blocked by egress policy; only headcount bonus verifiable),search-verified (URL-cited)
31,QuoteIQ,myquoteiq.com,https://www.facebook.com/ads/library/?active_status=active&ad_type=all&country=US&q=QuoteIQ&search_type=keyword_unordered&media_type=all,unverified (host blocked),unverified (host blocked),unverified (host blocked),unverified (host blocked),unverified (host blocked),https://adstransparency.google.com/?region=US&domain=myquoteiq.com,unverified,unverified (host blocked),unverified (host blocked),unverified (host blocked),https://www.linkedin.com/ad-library/search?keyword=QuoteIQ,unverified (host blocked),unverified (host blocked),2,https://www.crunchbase.com/organization/quoteiq,unverified,2,"Meta +3, Google +3, LinkedIn +1, CTA +1 pending manual audit",11-50 employees; 100% self-funded per https://myquoteiq.com/about-us/ Google advertiser-page URL search not run (session WebSearch budget exhausted).,pending (Meta/Google/LinkedIn ad libraries blocked by egress policy; only headcount bonus verifiable),search-verified (URL-cited)
31,SingleOps,singleops.com,https://www.facebook.com/ads/library/?active_status=active&ad_type=all&country=US&q=SingleOps&search_type=keyword_unordered&media_type=all,unverified (host blocked),unverified (host blocked),unverified (host blocked),unverified (host blocked),unverified (host blocked),https://adstransparency.google.com/?region=US&domain=singleops.com,unverified,unverified (host blocked),unverified (host blocked),unverified (host blocked),https://www.linkedin.com/ad-library/search?keyword=SingleOps,unverified (host blocked),unverified (host blocked),0,unverified,unverified,0,"Meta +3, Google +3, LinkedIn +1, CTA +1 pending manual audit",Google advertiser-page URL search not run (session WebSearch budget exhausted).,pending (Meta/Google/LinkedIn ad libraries blocked by egress policy; only headcount bonus verifiable),search-verified (URL-cited)
31,Treezi,treeziapp.com,https://www.facebook.com/ads/library/?active_status=active&ad_type=all&country=US&q=Treezi&search_type=keyword_unordered&media_type=all,unverified (host blocked),unverified (host blocked),unverified (host blocked),unverified (host blocked),unverified (host blocked),https://adstransparency.google.com/?region=US&domain=treeziapp.com,unverified,unverified (host blocked),unverified (host blocked),unverified (host blocked),https://www.linkedin.com/ad-library/search?keyword=Treezi,unverified (host blocked),unverified (host blocked),0,unverified,unverified,0,"Meta +3, Google +3, LinkedIn +1, CTA +1 pending manual audit",Google advertiser-page URL search not run (session WebSearch budget exhausted).,pending (Meta/Google/LinkedIn ad libraries blocked by egress policy; only headcount bonus verifiable),search-verified (URL-cited)
32,FieldCentral,fieldcentral.com,https://www.facebook.com/ads/library/?active_status=active&ad_type=all&country=US&q=FieldCentral&search_type=keyword_unordered&media_type=all,unverified (host blocked),unverified (host blocked),unverified (host blocked),unverified (host blocked),unverified (host blocked),https://adstransparency.google.com/?region=US&domain=fieldcentral.com,unverified,unverified (host blocked),unverified (host blocked),unverified (host blocked),https://www.linkedin.com/ad-library/search?keyword=FieldCentral,unverified (host blocked),unverified (host blocked),2,https://www.fieldcentral.com/fieldcentral,unverified,2,"Meta +3, Google +3, LinkedIn +1, CTA +1 pending manual audit","described as family-owned, founder-owned (treated as bootstrapped; headcount unverified) Google advertiser-page URL search not run (session WebSearch budget exhausted).",pending (Meta/Google/LinkedIn ad libraries blocked by egress policy; only headcount bonus verifiable),candidate (prior knowledge; not search-verified)
32,HindSite Software / FieldCentral,fieldcentral.com,https://www.facebook.com/ads/library/?active_status=active&ad_type=all&country=US&q=FieldCentral%20%28HindSite%20Software%29&search_type=keyword_unordered&media_type=all,unverified (host blocked),unverified (host blocked),unverified (host blocked),unverified (host blocked),unverified (host blocked),https://adstransparency.google.com/?region=US&domain=fieldcentral.com,,unverified (host blocked),unverified (host blocked),unverified (host blocked),https://www.linkedin.com/ad-library/search?keyword=FieldCentral%20%28HindSite%20Software%29,unverified (host blocked),unverified (host blocked),0,,,0,"Meta +3, Google +3, LinkedIn +1, CTA +1 pending audit",,pending (audit),search-verified (URL-cited)
32,LMN,golmn.com,https://www.facebook.com/ads/library/?active_status=active&ad_type=all&country=US&q=LMN&search_type=keyword_unordered&media_type=all,unverified (host blocked),unverified (host blocked),unverified (host blocked),unverified (host blocked),unverified (host blocked),https://adstransparency.google.com/?region=US&domain=golmn.com,unverified,unverified (host blocked),unverified (host blocked),unverified (host blocked),https://www.linkedin.com/ad-library/search?keyword=LMN,unverified (host blocked),unverified (host blocked),0,unverified,unverified,0,"Meta +3, Google +3, LinkedIn +1, CTA +1 pending manual audit",Google advertiser-page URL search not run (session WebSearch budget exhausted).,pending (Meta/Google/LinkedIn ad libraries blocked by egress policy; only headcount bonus verifiable),candidate (prior knowledge; not search-verified)
32,LMN (Landscape Management Network),golmn.com,https://www.facebook.com/ads/library/?active_status=active&ad_type=all&country=US&q=LMN%20%28Landscape%20Management%20Network%29&search_type=keyword_unordered&media_type=all,unverified (host blocked),unverified (host blocked),unverified (host blocked),unverified (host blocked),unverified (host blocked),https://adstransparency.google.com/?region=US&domain=golmn.com,,unverified (host blocked),unverified (host blocked),unverified (host blocked),https://www.linkedin.com/ad-library/search?keyword=LMN%20%28Landscape%20Management%20Network%29,unverified (host blocked),unverified (host blocked),0,,,0,"Meta +3, Google +3, LinkedIn +1, CTA +1 pending audit",,pending (audit),search-verified (URL-cited)
32,QuoteIQ,myquoteiq.com,https://www.facebook.com/ads/library/?active_status=active&ad_type=all&country=US&q=QuoteIQ&search_type=keyword_unordered&media_type=all,unverified (host blocked),unverified (host blocked),unverified (host blocked),unverified (host blocked),unverified (host blocked),https://adstransparency.google.com/?region=US&domain=myquoteiq.com,unverified,unverified (host blocked),unverified (host blocked),unverified (host blocked),https://www.linkedin.com/ad-library/search?keyword=QuoteIQ,unverified (host blocked),unverified (host blocked),2,https://www.crunchbase.com/organization/quoteiq,unverified,2,"Meta +3, Google +3, LinkedIn +1, CTA +1 pending manual audit",11-50 employees; 100% self-funded per https://myquoteiq.com/about-us/ Google advertiser-page URL search not run (session WebSearch budget exhausted).,pending (Meta/Google/LinkedIn ad libraries blocked by egress policy; only headcount bonus verifiable),search-verified (URL-cited)
32,RealGreen by WorkWave,realgreen.com,https://www.facebook.com/ads/library/?active_status=active&ad_type=all&country=US&q=RealGreen%20by%20WorkWave&search_type=keyword_unordered&media_type=all,unverified (host blocked),unverified (host blocked),unverified (host blocked),unverified (host blocked),unverified (host blocked),https://adstransparency.google.com/?region=US&domain=realgreen.com,unverified,unverified (host blocked),unverified (host blocked),unverified (host blocked),https://www.linkedin.com/ad-library/search?keyword=RealGreen%20by%20WorkWave,unverified (host blocked),unverified (host blocked),0,unverified,unverified,0,"Meta +3, Google +3, LinkedIn +1, CTA +1 pending manual audit",Google advertiser-page URL search not run (session WebSearch budget exhausted).,pending (Meta/Google/LinkedIn ad libraries blocked by egress policy; only headcount bonus verifiable),search-verified (URL-cited)
32,Service Autopilot,serviceautopilot.com,https://www.facebook.com/ads/library/?active_status=active&ad_type=all&country=US&q=Service%20Autopilot&search_type=keyword_unordered&media_type=all,unverified (host blocked),unverified (host blocked),unverified (host blocked),unverified (host blocked),unverified (host blocked),https://adstransparency.google.com/?region=US&domain=serviceautopilot.com,unverified,unverified (host blocked),unverified (host blocked),unverified (host blocked),https://www.linkedin.com/ad-library/search?keyword=Service%20Autopilot,unverified (host blocked),unverified (host blocked),0,unverified,unverified,0,"Meta +3, Google +3, LinkedIn +1, CTA +1 pending manual audit",Google advertiser-page URL search not run (session WebSearch budget exhausted).,pending (Meta/Google/LinkedIn ad libraries blocked by egress policy; only headcount bonus verifiable),search-verified (URL-cited)
32,ServiceTitan,servicetitan.com,https://www.facebook.com/ads/library/?active_status=active&ad_type=all&country=US&q=ServiceTitan&search_type=keyword_unordered&media_type=all,unverified (host blocked),unverified (host blocked),unverified (host blocked),unverified (host blocked),unverified (host blocked),https://adstransparency.google.com/?region=US&domain=servicetitan.com,unverified,unverified (host blocked),unverified (host blocked),unverified (host blocked),https://www.linkedin.com/ad-library/search?keyword=ServiceTitan,unverified (host blocked),unverified (host blocked),0,unverified,unverified,0,"Meta +3, Google +3, LinkedIn +1, CTA +1 pending manual audit",Google advertiser-page URL search not run (session WebSearch budget exhausted).,pending (Meta/Google/LinkedIn ad libraries blocked by egress policy; only headcount bonus verifiable),search-verified (URL-cited)
32,Yardbook,yardbook.com,https://www.facebook.com/ads/library/?active_status=active&ad_type=all&country=US&q=Yardbook&search_type=keyword_unordered&media_type=all,unverified (host blocked),unverified (host blocked),unverified (host blocked),unverified (host blocked),unverified (host blocked),https://adstransparency.google.com/?region=US&domain=yardbook.com,unverified,unverified (host blocked),unverified (host blocked),unverified (host blocked),https://www.linkedin.com/ad-library/search?keyword=Yardbook,unverified (host blocked),unverified (host blocked),0,unverified,unverified,0,"Meta +3, Google +3, LinkedIn +1, CTA +1 pending manual audit",Google advertiser-page URL search not run (session WebSearch budget exhausted).,pending (Meta/Google/LinkedIn ad libraries blocked by egress policy; only headcount bonus verifiable),search-verified (URL-cited)
33,FieldCentral,fieldcentral.com,https://www.facebook.com/ads/library/?active_status=active&ad_type=all&country=US&q=FieldCentral&search_type=keyword_unordered&media_type=all,unverified (host blocked),unverified (host blocked),unverified (host blocked),unverified (host blocked),unverified (host blocked),https://adstransparency.google.com/?region=US&domain=fieldcentral.com,unverified,unverified (host blocked),unverified (host blocked),unverified (host blocked),https://www.linkedin.com/ad-library/search?keyword=FieldCentral,unverified (host blocked),unverified (host blocked),2,https://www.fieldcentral.com/fieldcentral,unverified,2,"Meta +3, Google +3, LinkedIn +1, CTA +1 pending manual audit","described as family-owned, founder-owned (treated as bootstrapped; headcount unverified) Google advertiser-page URL search not run (session WebSearch budget exhausted).",pending (Meta/Google/LinkedIn ad libraries blocked by egress policy; only headcount bonus verifiable),candidate (prior knowledge; not search-verified)
33,HindSite Software / FieldCentral,fieldcentral.com,https://www.facebook.com/ads/library/?active_status=active&ad_type=all&country=US&q=FieldCentral%20%28HindSite%20Software%29&search_type=keyword_unordered&media_type=all,unverified (host blocked),unverified (host blocked),unverified (host blocked),unverified (host blocked),unverified (host blocked),https://adstransparency.google.com/?region=US&domain=fieldcentral.com,,unverified (host blocked),unverified (host blocked),unverified (host blocked),https://www.linkedin.com/ad-library/search?keyword=FieldCentral%20%28HindSite%20Software%29,unverified (host blocked),unverified (host blocked),0,,,0,"Meta +3, Google +3, LinkedIn +1, CTA +1 pending audit",,pending (audit),search-verified (URL-cited)
33,Momentum FSM,momentumfsm.com,https://www.facebook.com/ads/library/?active_status=active&ad_type=all&country=US&q=Momentum%20FSM&search_type=keyword_unordered&media_type=all,unverified (host blocked),unverified (host blocked),unverified (host blocked),unverified (host blocked),unverified (host blocked),https://adstransparency.google.com/?region=US&domain=momentumfsm.com,unverified,unverified (host blocked),unverified (host blocked),unverified (host blocked),https://www.linkedin.com/ad-library/search?keyword=Momentum%20FSM,unverified (host blocked),unverified (host blocked),0,unverified,unverified,0,"Meta +3, Google +3, LinkedIn +1, CTA +1 pending manual audit",Google advertiser-page URL search not run (session WebSearch budget exhausted).,pending (Meta/Google/LinkedIn ad libraries blocked by egress policy; only headcount bonus verifiable),search-verified (URL-cited)
33,QuoteIQ,myquoteiq.com,https://www.facebook.com/ads/library/?active_status=active&ad_type=all&country=US&q=QuoteIQ&search_type=keyword_unordered&media_type=all,unverified (host blocked),unverified (host blocked),unverified (host blocked),unverified (host blocked),unverified (host blocked),https://adstransparency.google.com/?region=US&domain=myquoteiq.com,unverified,unverified (host blocked),unverified (host blocked),unverified (host blocked),https://www.linkedin.com/ad-library/search?keyword=QuoteIQ,unverified (host blocked),unverified (host blocked),2,https://www.crunchbase.com/organization/quoteiq,unverified,2,"Meta +3, Google +3, LinkedIn +1, CTA +1 pending manual audit",11-50 employees; 100% self-funded per https://myquoteiq.com/about-us/ Google advertiser-page URL search not run (session WebSearch budget exhausted).,pending (Meta/Google/LinkedIn ad libraries blocked by egress policy; only headcount bonus verifiable),search-verified (URL-cited)
33,RealGreen by WorkWave,realgreen.com,https://www.facebook.com/ads/library/?active_status=active&ad_type=all&country=US&q=RealGreen%20by%20WorkWave&search_type=keyword_unordered&media_type=all,unverified (host blocked),unverified (host blocked),unverified (host blocked),unverified (host blocked),unverified (host blocked),https://adstransparency.google.com/?region=US&domain=realgreen.com,unverified,unverified (host blocked),unverified (host blocked),unverified (host blocked),https://www.linkedin.com/ad-library/search?keyword=RealGreen%20by%20WorkWave,unverified (host blocked),unverified (host blocked),0,unverified,unverified,0,"Meta +3, Google +3, LinkedIn +1, CTA +1 pending manual audit",Google advertiser-page URL search not run (session WebSearch budget exhausted).,pending (Meta/Google/LinkedIn ad libraries blocked by egress policy; only headcount bonus verifiable),search-verified (URL-cited)
33,Service Autopilot,serviceautopilot.com,https://www.facebook.com/ads/library/?active_status=active&ad_type=all&country=US&q=Service%20Autopilot&search_type=keyword_unordered&media_type=all,unverified (host blocked),unverified (host blocked),unverified (host blocked),unverified (host blocked),unverified (host blocked),https://adstransparency.google.com/?region=US&domain=serviceautopilot.com,unverified,unverified (host blocked),unverified (host blocked),unverified (host blocked),https://www.linkedin.com/ad-library/search?keyword=Service%20Autopilot,unverified (host blocked),unverified (host blocked),0,unverified,unverified,0,"Meta +3, Google +3, LinkedIn +1, CTA +1 pending manual audit",Google advertiser-page URL search not run (session WebSearch budget exhausted).,pending (Meta/Google/LinkedIn ad libraries blocked by egress policy; only headcount bonus verifiable),search-verified (URL-cited)
34,Aspire,youraspire.com,https://www.facebook.com/ads/library/?active_status=active&ad_type=all&country=US&q=Aspire&search_type=keyword_unordered&media_type=all,unverified (host blocked),unverified (host blocked),unverified (host blocked),unverified (host blocked),unverified (host blocked),https://adstransparency.google.com/?region=US&domain=youraspire.com,unverified,unverified (host blocked),unverified (host blocked),unverified (host blocked),https://www.linkedin.com/ad-library/search?keyword=Aspire,unverified (host blocked),unverified (host blocked),0,unverified,unverified,0,"Meta +3, Google +3, LinkedIn +1, CTA +1 pending manual audit",Google advertiser-page URL search not run (session WebSearch budget exhausted).,pending (Meta/Google/LinkedIn ad libraries blocked by egress policy; only headcount bonus verifiable),search-verified (URL-cited)
34,LMN,golmn.com,https://www.facebook.com/ads/library/?active_status=active&ad_type=all&country=US&q=LMN&search_type=keyword_unordered&media_type=all,unverified (host blocked),unverified (host blocked),unverified (host blocked),unverified (host blocked),unverified (host blocked),https://adstransparency.google.com/?region=US&domain=golmn.com,unverified,unverified (host blocked),unverified (host blocked),unverified (host blocked),https://www.linkedin.com/ad-library/search?keyword=LMN,unverified (host blocked),unverified (host blocked),0,unverified,unverified,0,"Meta +3, Google +3, LinkedIn +1, CTA +1 pending manual audit",Google advertiser-page URL search not run (session WebSearch budget exhausted).,pending (Meta/Google/LinkedIn ad libraries blocked by egress policy; only headcount bonus verifiable),candidate (prior knowledge; not search-verified)
34,LMN (Landscape Management Network),golmn.com,https://www.facebook.com/ads/library/?active_status=active&ad_type=all&country=US&q=LMN%20%28Landscape%20Management%20Network%29&search_type=keyword_unordered&media_type=all,unverified (host blocked),unverified (host blocked),unverified (host blocked),unverified (host blocked),unverified (host blocked),https://adstransparency.google.com/?region=US&domain=golmn.com,,unverified (host blocked),unverified (host blocked),unverified (host blocked),https://www.linkedin.com/ad-library/search?keyword=LMN%20%28Landscape%20Management%20Network%29,unverified (host blocked),unverified (host blocked),0,,,0,"Meta +3, Google +3, LinkedIn +1, CTA +1 pending audit",,pending (audit),search-verified (URL-cited)
34,QuoteIQ,myquoteiq.com,https://www.facebook.com/ads/library/?active_status=active&ad_type=all&country=US&q=QuoteIQ&search_type=keyword_unordered&media_type=all,unverified (host blocked),unverified (host blocked),unverified (host blocked),unverified (host blocked),unverified (host blocked),https://adstransparency.google.com/?region=US&domain=myquoteiq.com,unverified,unverified (host blocked),unverified (host blocked),unverified (host blocked),https://www.linkedin.com/ad-library/search?keyword=QuoteIQ,unverified (host blocked),unverified (host blocked),2,https://www.crunchbase.com/organization/quoteiq,unverified,2,"Meta +3, Google +3, LinkedIn +1, CTA +1 pending manual audit",11-50 employees; 100% self-funded per https://myquoteiq.com/about-us/ Google advertiser-page URL search not run (session WebSearch budget exhausted).,pending (Meta/Google/LinkedIn ad libraries blocked by egress policy; only headcount bonus verifiable),search-verified (URL-cited)
34,Yeti Software,yetisoftware.com,https://www.facebook.com/ads/library/?active_status=active&ad_type=all&country=US&q=Yeti%20Software&search_type=keyword_unordered&media_type=all,unverified (host blocked),unverified (host blocked),unverified (host blocked),unverified (host blocked),unverified (host blocked),https://adstransparency.google.com/?region=US&domain=yetisoftware.com,unverified,unverified (host blocked),unverified (host blocked),unverified (host blocked),https://www.linkedin.com/ad-library/search?keyword=Yeti%20Software,unverified (host blocked),unverified (host blocked),0,unverified,unverified,0,"Meta +3, Google +3, LinkedIn +1, CTA +1 pending manual audit",Google advertiser-page URL search not run (session WebSearch budget exhausted).,pending (Meta/Google/LinkedIn ad libraries blocked by egress policy; only headcount bonus verifiable),candidate (prior knowledge; not search-verified)
34,Yeti Software (Yeti Snow),yetisoftware.com,https://www.facebook.com/ads/library/?active_status=active&ad_type=all&country=US&q=Yeti%20Software%20%28Yeti%20Snow%29&search_type=keyword_unordered&media_type=all,unverified (host blocked),unverified (host blocked),unverified (host blocked),unverified (host blocked),unverified (host blocked),https://adstransparency.google.com/?region=US&domain=yetisoftware.com,,unverified (host blocked),unverified (host blocked),unverified (host blocked),https://www.linkedin.com/ad-library/search?keyword=Yeti%20Software%20%28Yeti%20Snow%29,unverified (host blocked),unverified (host blocked),0,,,0,"Meta +3, Google +3, LinkedIn +1, CTA +1 pending audit",,pending (audit),search-verified (URL-cited)
35,CrewNest,crewnest.app,https://www.facebook.com/ads/library/?active_status=active&ad_type=all&country=US&q=CrewNest&search_type=keyword_unordered&media_type=all,unverified (host blocked),unverified (host blocked),unverified (host blocked),unverified (host blocked),unverified (host blocked),https://adstransparency.google.com/?region=US&domain=crewnest.app,unverified,unverified (host blocked),unverified (host blocked),unverified (host blocked),https://www.linkedin.com/ad-library/search?keyword=CrewNest,unverified (host blocked),unverified (host blocked),0,unverified,unverified,0,"Meta +3, Google +3, LinkedIn +1, CTA +1 pending manual audit",Google advertiser-page URL search not run (session WebSearch budget exhausted).,pending (Meta/Google/LinkedIn ad libraries blocked by egress policy; only headcount bonus verifiable),search-verified (URL-cited)
35,Housecall Pro,housecallpro.com,https://www.facebook.com/ads/library/?active_status=active&ad_type=all&country=US&q=Housecall%20Pro&search_type=keyword_unordered&media_type=all,unverified (host blocked),unverified (host blocked),unverified (host blocked),unverified (host blocked),unverified (host blocked),https://adstransparency.google.com/?region=US&domain=housecallpro.com,unverified,unverified (host blocked),unverified (host blocked),unverified (host blocked),https://www.linkedin.com/ad-library/search?keyword=Housecall%20Pro,unverified (host blocked),unverified (host blocked),0,unverified,unverified,0,"Meta +3, Google +3, LinkedIn +1, CTA +1 pending manual audit",Google advertiser-page URL search not run (session WebSearch budget exhausted).,pending (Meta/Google/LinkedIn ad libraries blocked by egress policy; only headcount bonus verifiable),search-verified (URL-cited)
35,Jobber,getjobber.com,https://www.facebook.com/ads/library/?active_status=active&ad_type=all&country=US&q=Jobber&search_type=keyword_unordered&media_type=all,unverified (host blocked),unverified (host blocked),unverified (host blocked),unverified (host blocked),unverified (host blocked),https://adstransparency.google.com/?region=US&domain=getjobber.com,unverified,unverified (host blocked),unverified (host blocked),unverified (host blocked),https://www.linkedin.com/ad-library/search?keyword=Jobber,unverified (host blocked),unverified (host blocked),0,unverified,unverified,0,"Meta +3, Google +3, LinkedIn +1, CTA +1 pending manual audit",Google advertiser-page URL search not run (session WebSearch budget exhausted).,pending (Meta/Google/LinkedIn ad libraries blocked by egress policy; only headcount bonus verifiable),search-verified (URL-cited)
35,MakeWash,makewash.com,https://www.facebook.com/ads/library/?active_status=active&ad_type=all&country=US&q=MakeWash&search_type=keyword_unordered&media_type=all,unverified (host blocked),unverified (host blocked),unverified (host blocked),unverified (host blocked),unverified (host blocked),https://adstransparency.google.com/?region=US&domain=makewash.com,unverified,unverified (host blocked),unverified (host blocked),unverified (host blocked),https://www.linkedin.com/ad-library/search?keyword=MakeWash,unverified (host blocked),unverified (host blocked),0,unverified,unverified,0,"Meta +3, Google +3, LinkedIn +1, CTA +1 pending manual audit",Google advertiser-page URL search not run (session WebSearch budget exhausted).,pending (Meta/Google/LinkedIn ad libraries blocked by egress policy; only headcount bonus verifiable),search-verified (URL-cited)
35,Markate,markate.com,https://www.facebook.com/ads/library/?active_status=active&ad_type=all&country=US&q=Markate&search_type=keyword_unordered&media_type=all,unverified (host blocked),unverified (host blocked),unverified (host blocked),unverified (host blocked),unverified (host blocked),https://adstransparency.google.com/?region=US&domain=markate.com,unverified,unverified (host blocked),unverified (host blocked),unverified (host blocked),https://www.linkedin.com/ad-library/search?keyword=Markate,unverified (host blocked),unverified (host blocked),0,unverified,unverified,0,"Meta +3, Google +3, LinkedIn +1, CTA +1 pending manual audit",Google advertiser-page URL search not run (session WebSearch budget exhausted).,pending (Meta/Google/LinkedIn ad libraries blocked by egress policy; only headcount bonus verifiable),search-verified (URL-cited)
35,PowerWashOffice,powerwash.software,https://www.facebook.com/ads/library/?active_status=active&ad_type=all&country=US&q=PowerWashOffice&search_type=keyword_unordered&media_type=all,unverified (host blocked),unverified (host blocked),unverified (host blocked),unverified (host blocked),unverified (host blocked),https://adstransparency.google.com/?region=US&domain=powerwash.software,unverified,unverified (host blocked),unverified (host blocked),unverified (host blocked),https://www.linkedin.com/ad-library/search?keyword=PowerWashOffice,unverified (host blocked),unverified (host blocked),0,unverified,unverified,0,"Meta +3, Google +3, LinkedIn +1, CTA +1 pending manual audit",Google advertiser-page URL search not run (session WebSearch budget exhausted).,pending (Meta/Google/LinkedIn ad libraries blocked by egress policy; only headcount bonus verifiable),search-verified (URL-cited)
35,Pressure Washing Calculator (Hero Softwash),herosoftwash.co.uk,https://www.facebook.com/ads/library/?active_status=active&ad_type=all&country=US&q=Pressure%20Washing%20Calculator%20%28Hero%20Softwash%29&search_type=keyword_unordered&media_type=all,unverified (host blocked),unverified (host blocked),unverified (host blocked),unverified (host blocked),unverified (host blocked),https://adstransparency.google.com/?region=US&domain=herosoftwash.co.uk,,unverified (host blocked),unverified (host blocked),unverified (host blocked),https://www.linkedin.com/ad-library/search?keyword=Pressure%20Washing%20Calculator%20%28Hero%20Softwash%29,unverified (host blocked),unverified (host blocked),0,,,0,"Meta +3, Google +3, LinkedIn +1, CTA +1 pending audit",,pending (audit),search-verified (URL-cited)
35,QuoteIQ,myquoteiq.com,https://www.facebook.com/ads/library/?active_status=active&ad_type=all&country=US&q=QuoteIQ&search_type=keyword_unordered&media_type=all,unverified (host blocked),unverified (host blocked),unverified (host blocked),unverified (host blocked),unverified (host blocked),https://adstransparency.google.com/?region=US&domain=myquoteiq.com,unverified,unverified (host blocked),unverified (host blocked),unverified (host blocked),https://www.linkedin.com/ad-library/search?keyword=QuoteIQ,unverified (host blocked),unverified (host blocked),2,https://www.crunchbase.com/organization/quoteiq,unverified,2,"Meta +3, Google +3, LinkedIn +1, CTA +1 pending manual audit",11-50 employees; 100% self-funded per https://myquoteiq.com/about-us/ Google advertiser-page URL search not run (session WebSearch budget exhausted).,pending (Meta/Google/LinkedIn ad libraries blocked by egress policy; only headcount bonus verifiable),search-verified (URL-cited)
35,ResponsiBid,responsibid.com,https://www.facebook.com/ads/library/?active_status=active&ad_type=all&country=US&q=ResponsiBid&search_type=keyword_unordered&media_type=all,unverified (host blocked),unverified (host blocked),unverified (host blocked),unverified (host blocked),unverified (host blocked),https://adstransparency.google.com/?region=US&domain=responsibid.com,unverified,unverified (host blocked),unverified (host blocked),unverified (host blocked),https://www.linkedin.com/ad-library/search?keyword=ResponsiBid,unverified (host blocked),unverified (host blocked),0,unverified,unverified,0,"Meta +3, Google +3, LinkedIn +1, CTA +1 pending manual audit",Google advertiser-page URL search not run (session WebSearch budget exhausted).,pending (Meta/Google/LinkedIn ad libraries blocked by egress policy; only headcount bonus verifiable),search-verified (URL-cited)
35,SatQuote,satquote.com,https://www.facebook.com/ads/library/?active_status=active&ad_type=all&country=US&q=SatQuote&search_type=keyword_unordered&media_type=all,unverified (host blocked),unverified (host blocked),unverified (host blocked),unverified (host blocked),unverified (host blocked),https://adstransparency.google.com/?region=US&domain=satquote.com,,unverified (host blocked),unverified (host blocked),unverified (host blocked),https://www.linkedin.com/ad-library/search?keyword=SatQuote,unverified (host blocked),unverified (host blocked),0,,,0,"Meta +3, Google +3, LinkedIn +1, CTA +1 pending audit",,pending (audit),search-verified (URL-cited)
35,Service Fusion,servicefusion.com,https://www.facebook.com/ads/library/?active_status=active&ad_type=all&country=US&q=Service%20Fusion&search_type=keyword_unordered&media_type=all,unverified (host blocked),unverified (host blocked),unverified (host blocked),unverified (host blocked),unverified (host blocked),https://adstransparency.google.com/?region=US&domain=servicefusion.com,unverified,unverified (host blocked),unverified (host blocked),unverified (host blocked),https://www.linkedin.com/ad-library/search?keyword=Service%20Fusion,unverified (host blocked),unverified (host blocked),0,unverified,unverified,0,"Meta +3, Google +3, LinkedIn +1, CTA +1 pending manual audit",Google advertiser-page URL search not run (session WebSearch budget exhausted).,pending (Meta/Google/LinkedIn ad libraries blocked by egress policy; only headcount bonus verifiable),search-verified (URL-cited)
35,WorkQuote,workquote.app,https://www.facebook.com/ads/library/?active_status=active&ad_type=all&country=US&q=WorkQuote&search_type=keyword_unordered&media_type=all,unverified (host blocked),unverified (host blocked),unverified (host blocked),unverified (host blocked),unverified (host blocked),https://adstransparency.google.com/?region=US&domain=workquote.app,,unverified (host blocked),unverified (host blocked),unverified (host blocked),https://www.linkedin.com/ad-library/search?keyword=WorkQuote,unverified (host blocked),unverified (host blocked),0,,,0,"Meta +3, Google +3, LinkedIn +1, CTA +1 pending audit",,pending (audit),search-verified (URL-cited)
36,Fieldified,fieldified.com,https://www.facebook.com/ads/library/?active_status=active&ad_type=all&country=US&q=Fieldified&search_type=keyword_unordered&media_type=all,unverified (host blocked),unverified (host blocked),unverified (host blocked),unverified (host blocked),unverified (host blocked),https://adstransparency.google.com/?region=US&domain=fieldified.com,unverified,unverified (host blocked),unverified (host blocked),unverified (host blocked),https://www.linkedin.com/ad-library/search?keyword=Fieldified,unverified (host blocked),unverified (host blocked),0,unverified,unverified,0,"Meta +3, Google +3, LinkedIn +1, CTA +1 pending manual audit",Google advertiser-page URL search not run (session WebSearch budget exhausted).,pending (Meta/Google/LinkedIn ad libraries blocked by egress policy; only headcount bonus verifiable),search-verified (URL-cited)
36,QuoteIQ,myquoteiq.com,https://www.facebook.com/ads/library/?active_status=active&ad_type=all&country=US&q=QuoteIQ&search_type=keyword_unordered&media_type=all,unverified (host blocked),unverified (host blocked),unverified (host blocked),unverified (host blocked),unverified (host blocked),https://adstransparency.google.com/?region=US&domain=myquoteiq.com,unverified,unverified (host blocked),unverified (host blocked),unverified (host blocked),https://www.linkedin.com/ad-library/search?keyword=QuoteIQ,unverified (host blocked),unverified (host blocked),2,https://www.crunchbase.com/organization/quoteiq,unverified,2,"Meta +3, Google +3, LinkedIn +1, CTA +1 pending manual audit",11-50 employees; 100% self-funded per https://myquoteiq.com/about-us/ Google advertiser-page URL search not run (session WebSearch budget exhausted).,pending (Meta/Google/LinkedIn ad libraries blocked by egress policy; only headcount bonus verifiable),search-verified (URL-cited)
36,ResponsiBid,responsibid.com,https://www.facebook.com/ads/library/?active_status=active&ad_type=all&country=US&q=ResponsiBid&search_type=keyword_unordered&media_type=all,unverified (host blocked),unverified (host blocked),unverified (host blocked),unverified (host blocked),unverified (host blocked),https://adstransparency.google.com/?region=US&domain=responsibid.com,unverified,unverified (host blocked),unverified (host blocked),unverified (host blocked),https://www.linkedin.com/ad-library/search?keyword=ResponsiBid,unverified (host blocked),unverified (host blocked),0,unverified,unverified,0,"Meta +3, Google +3, LinkedIn +1, CTA +1 pending manual audit",Google advertiser-page URL search not run (session WebSearch budget exhausted).,pending (Meta/Google/LinkedIn ad libraries blocked by egress policy; only headcount bonus verifiable),search-verified (URL-cited)
36,Squeegee,squeeg.ee,https://www.facebook.com/ads/library/?active_status=active&ad_type=all&country=US&q=Squeegee&search_type=keyword_unordered&media_type=all,unverified (host blocked),unverified (host blocked),unverified (host blocked),unverified (host blocked),unverified (host blocked),https://adstransparency.google.com/?region=US&domain=squeeg.ee,unverified,unverified (host blocked),unverified (host blocked),unverified (host blocked),https://www.linkedin.com/ad-library/search?keyword=Squeegee,unverified (host blocked),unverified (host blocked),0,unverified,unverified,0,"Meta +3, Google +3, LinkedIn +1, CTA +1 pending manual audit",Google advertiser-page URL search not run (session WebSearch budget exhausted).,pending (Meta/Google/LinkedIn ad libraries blocked by egress policy; only headcount bonus verifiable),candidate (prior knowledge; not search-verified)
36,Squeegee (Nexdynamic),squeeg.ee,https://www.facebook.com/ads/library/?active_status=active&ad_type=all&country=US&q=Squeegee%20%28Nexdynamic%29&search_type=keyword_unordered&media_type=all,unverified (host blocked),unverified (host blocked),unverified (host blocked),unverified (host blocked),unverified (host blocked),https://adstransparency.google.com/?region=US&domain=squeeg.ee,,unverified (host blocked),unverified (host blocked),unverified (host blocked),https://www.linkedin.com/ad-library/search?keyword=Squeegee%20%28Nexdynamic%29,unverified (host blocked),unverified (host blocked),0,,,0,"Meta +3, Google +3, LinkedIn +1, CTA +1 pending audit",,pending (audit),search-verified (URL-cited)
37,Pool Brain,poolbrain.com,https://www.facebook.com/ads/library/?active_status=active&ad_type=all&country=US&q=Pool%20Brain&search_type=keyword_unordered&media_type=all,unverified (host blocked),unverified (host blocked),unverified (host blocked),unverified (host blocked),unverified (host blocked),https://adstransparency.google.com/?region=US&domain=poolbrain.com,unverified,unverified (host blocked),unverified (host blocked),unverified (host blocked),https://www.linkedin.com/ad-library/search?keyword=Pool%20Brain,unverified (host blocked),unverified (host blocked),2,https://www.linkedin.com/company/poolbrain,unverified,2,"Meta +3, Google +3, LinkedIn +1, CTA +1 pending manual audit",11-50 employees Google advertiser-page URL search not run (session WebSearch budget exhausted).,pending (Meta/Google/LinkedIn ad libraries blocked by egress policy; only headcount bonus verifiable),search-verified (URL-cited)
37,Pool Founder,poolfounder.com,https://www.facebook.com/ads/library/?active_status=active&ad_type=all&country=US&q=Pool%20Founder&search_type=keyword_unordered&media_type=all,unverified (host blocked),unverified (host blocked),unverified (host blocked),unverified (host blocked),unverified (host blocked),https://adstransparency.google.com/?region=US&domain=poolfounder.com,unverified,unverified (host blocked),unverified (host blocked),unverified (host blocked),https://www.linkedin.com/ad-library/search?keyword=Pool%20Founder,unverified (host blocked),unverified (host blocked),0,unverified,unverified,0,"Meta +3, Google +3, LinkedIn +1, CTA +1 pending manual audit",Google advertiser-page URL search not run (session WebSearch budget exhausted).,pending (Meta/Google/LinkedIn ad libraries blocked by egress policy; only headcount bonus verifiable),search-verified (URL-cited)
37,PoolDial,pooldial.com,https://www.facebook.com/ads/library/?active_status=active&ad_type=all&country=US&q=PoolDial&search_type=keyword_unordered&media_type=all,unverified (host blocked),unverified (host blocked),unverified (host blocked),unverified (host blocked),unverified (host blocked),https://adstransparency.google.com/?region=US&domain=pooldial.com,unverified,unverified (host blocked),unverified (host blocked),unverified (host blocked),https://www.linkedin.com/ad-library/search?keyword=PoolDial,unverified (host blocked),unverified (host blocked),0,unverified,unverified,0,"Meta +3, Google +3, LinkedIn +1, CTA +1 pending manual audit",Google advertiser-page URL search not run (session WebSearch budget exhausted).,pending (Meta/Google/LinkedIn ad libraries blocked by egress policy; only headcount bonus verifiable),search-verified (URL-cited)
37,PoolVerify,poolverify.io,https://www.facebook.com/ads/library/?active_status=active&ad_type=all&country=US&q=PoolVerify&search_type=keyword_unordered&media_type=all,unverified (host blocked),unverified (host blocked),unverified (host blocked),unverified (host blocked),unverified (host blocked),https://adstransparency.google.com/?region=US&domain=poolverify.io,unverified,unverified (host blocked),unverified (host blocked),unverified (host blocked),https://www.linkedin.com/ad-library/search?keyword=PoolVerify,unverified (host blocked),unverified (host blocked),0,unverified,unverified,0,"Meta +3, Google +3, LinkedIn +1, CTA +1 pending manual audit",Google advertiser-page URL search not run (session WebSearch budget exhausted).,pending (Meta/Google/LinkedIn ad libraries blocked by egress policy; only headcount bonus verifiable),candidate (prior knowledge; not search-verified)
37,QuoteIQ,myquoteiq.com,https://www.facebook.com/ads/library/?active_status=active&ad_type=all&country=US&q=QuoteIQ&search_type=keyword_unordered&media_type=all,unverified (host blocked),unverified (host blocked),unverified (host blocked),unverified (host blocked),unverified (host blocked),https://adstransparency.google.com/?region=US&domain=myquoteiq.com,unverified,unverified (host blocked),unverified (host blocked),unverified (host blocked),https://www.linkedin.com/ad-library/search?keyword=QuoteIQ,unverified (host blocked),unverified (host blocked),2,https://www.crunchbase.com/organization/quoteiq,unverified,2,"Meta +3, Google +3, LinkedIn +1, CTA +1 pending manual audit",11-50 employees; 100% self-funded per https://myquoteiq.com/about-us/ Google advertiser-page URL search not run (session WebSearch budget exhausted).,pending (Meta/Google/LinkedIn ad libraries blocked by egress policy; only headcount bonus verifiable),search-verified (URL-cited)
37,Skimmer,getskimmer.com,https://www.facebook.com/ads/library/?active_status=active&ad_type=all&country=US&q=Skimmer&search_type=keyword_unordered&media_type=all,unverified (host blocked),unverified (host blocked),unverified (host blocked),unverified (host blocked),unverified (host blocked),https://adstransparency.google.com/?region=US&domain=getskimmer.com,unverified,unverified (host blocked),unverified (host blocked),unverified (host blocked),https://www.linkedin.com/ad-library/search?keyword=Skimmer,unverified (host blocked),unverified (host blocked),0,unverified,unverified,0,"Meta +3, Google +3, LinkedIn +1, CTA +1 pending manual audit",Google advertiser-page URL search not run (session WebSearch budget exhausted).,pending (Meta/Google/LinkedIn ad libraries blocked by egress policy; only headcount bonus verifiable),search-verified (URL-cited)
38,JingleCRM,jinglecrm.com,https://www.facebook.com/ads/library/?active_status=active&ad_type=all&country=US&q=JingleCRM&search_type=keyword_unordered&media_type=all,unverified (host blocked),unverified (host blocked),unverified (host blocked),unverified (host blocked),unverified (host blocked),https://adstransparency.google.com/?region=US&domain=jinglecrm.com,unverified,unverified (host blocked),unverified (host blocked),unverified (host blocked),https://www.linkedin.com/ad-library/search?keyword=JingleCRM,unverified (host blocked),unverified (host blocked),0,unverified,unverified,0,"Meta +3, Google +3, LinkedIn +1, CTA +1 pending manual audit",Google advertiser-page URL search not run (session WebSearch budget exhausted).,pending (Meta/Google/LinkedIn ad libraries blocked by egress policy; only headcount bonus verifiable),search-verified (URL-cited)
38,Jolly Lights,unverified,https://www.facebook.com/ads/library/?active_status=active&ad_type=all&country=US&q=Jolly%20Lights&search_type=keyword_unordered&media_type=all,unverified (host blocked),unverified (host blocked),unverified (host blocked),unverified (host blocked),unverified (host blocked),unverified,unverified,unverified (host blocked),unverified (host blocked),unverified (host blocked),https://www.linkedin.com/ad-library/search?keyword=Jolly%20Lights,unverified (host blocked),unverified (host blocked),0,unverified,unverified,0,"Meta +3, Google +3, LinkedIn +1, CTA +1 pending manual audit",Google advertiser-page URL search not run (session WebSearch budget exhausted).,pending (Meta/Google/LinkedIn ad libraries blocked by egress policy; only headcount bonus verifiable),candidate (prior knowledge; not search-verified)
38,QuoteIQ,myquoteiq.com,https://www.facebook.com/ads/library/?active_status=active&ad_type=all&country=US&q=QuoteIQ&search_type=keyword_unordered&media_type=all,unverified (host blocked),unverified (host blocked),unverified (host blocked),unverified (host blocked),unverified (host blocked),https://adstransparency.google.com/?region=US&domain=myquoteiq.com,unverified,unverified (host blocked),unverified (host blocked),unverified (host blocked),https://www.linkedin.com/ad-library/search?keyword=QuoteIQ,unverified (host blocked),unverified (host blocked),2,https://www.crunchbase.com/organization/quoteiq,unverified,2,"Meta +3, Google +3, LinkedIn +1, CTA +1 pending manual audit",11-50 employees; 100% self-funded per https://myquoteiq.com/about-us/ Google advertiser-page URL search not run (session WebSearch budget exhausted).,pending (Meta/Google/LinkedIn ad libraries blocked by egress policy; only headcount bonus verifiable),search-verified (URL-cited)
38,Strandr,strandr.com,https://www.facebook.com/ads/library/?active_status=active&ad_type=all&country=US&q=Strandr&search_type=keyword_unordered&media_type=all,unverified (host blocked),unverified (host blocked),unverified (host blocked),unverified (host blocked),unverified (host blocked),https://adstransparency.google.com/?region=US&domain=strandr.com,unverified,unverified (host blocked),unverified (host blocked),unverified (host blocked),https://www.linkedin.com/ad-library/search?keyword=Strandr,unverified (host blocked),unverified (host blocked),0,unverified,unverified,0,"Meta +3, Google +3, LinkedIn +1, CTA +1 pending manual audit",Google advertiser-page URL search not run (session WebSearch budget exhausted).,pending (Meta/Google/LinkedIn ad libraries blocked by egress policy; only headcount bonus verifiable),search-verified (URL-cited)
38,Tinsel CRM,tinselcrm.com,https://www.facebook.com/ads/library/?active_status=active&ad_type=all&country=US&q=Tinsel%20CRM&search_type=keyword_unordered&media_type=all,unverified (host blocked),unverified (host blocked),unverified (host blocked),unverified (host blocked),unverified (host blocked),https://adstransparency.google.com/?region=US&domain=tinselcrm.com,unverified,unverified (host blocked),unverified (host blocked),unverified (host blocked),https://www.linkedin.com/ad-library/search?keyword=Tinsel%20CRM,unverified (host blocked),unverified (host blocked),0,unverified,unverified,0,"Meta +3, Google +3, LinkedIn +1, CTA +1 pending manual audit",Google advertiser-page URL search not run (session WebSearch budget exhausted).,pending (Meta/Google/LinkedIn ad libraries blocked by egress policy; only headcount bonus verifiable),search-verified (URL-cited)
39,Arborgold,arborgold.com,https://www.facebook.com/ads/library/?active_status=active&ad_type=all&country=US&q=Arborgold&search_type=keyword_unordered&media_type=all,unverified (host blocked),unverified (host blocked),unverified (host blocked),unverified (host blocked),unverified (host blocked),https://adstransparency.google.com/?region=US&domain=arborgold.com,unverified,unverified (host blocked),unverified (host blocked),unverified (host blocked),https://www.linkedin.com/ad-library/search?keyword=Arborgold,unverified (host blocked),unverified (host blocked),0,unverified,unverified,0,"Meta +3, Google +3, LinkedIn +1, CTA +1 pending manual audit",Google advertiser-page URL search not run (session WebSearch budget exhausted).,pending (Meta/Google/LinkedIn ad libraries blocked by egress policy; only headcount bonus verifiable),search-verified (URL-cited)
39,OctopusPro,octopuspro.com,https://www.facebook.com/ads/library/?active_status=active&ad_type=all&country=US&q=OctopusPro&search_type=keyword_unordered&media_type=all,unverified (host blocked),unverified (host blocked),unverified (host blocked),unverified (host blocked),unverified (host blocked),https://adstransparency.google.com/?region=US&domain=octopuspro.com,unverified,unverified (host blocked),unverified (host blocked),unverified (host blocked),https://www.linkedin.com/ad-library/search?keyword=OctopusPro,unverified (host blocked),unverified (host blocked),0,unverified,unverified,0,"Meta +3, Google +3, LinkedIn +1, CTA +1 pending manual audit",Google advertiser-page URL search not run (session WebSearch budget exhausted).,pending (Meta/Google/LinkedIn ad libraries blocked by egress policy; only headcount bonus verifiable),search-verified (URL-cited)
39,QuoteIQ,myquoteiq.com,https://www.facebook.com/ads/library/?active_status=active&ad_type=all&country=US&q=QuoteIQ&search_type=keyword_unordered&media_type=all,unverified (host blocked),unverified (host blocked),unverified (host blocked),unverified (host blocked),unverified (host blocked),https://adstransparency.google.com/?region=US&domain=myquoteiq.com,unverified,unverified (host blocked),unverified (host blocked),unverified (host blocked),https://www.linkedin.com/ad-library/search?keyword=QuoteIQ,unverified (host blocked),unverified (host blocked),2,https://www.crunchbase.com/organization/quoteiq,unverified,2,"Meta +3, Google +3, LinkedIn +1, CTA +1 pending manual audit",11-50 employees; 100% self-funded per https://myquoteiq.com/about-us/ Google advertiser-page URL search not run (session WebSearch budget exhausted).,pending (Meta/Google/LinkedIn ad libraries blocked by egress policy; only headcount bonus verifiable),search-verified (URL-cited)
39,SingleOps,singleops.com,https://www.facebook.com/ads/library/?active_status=active&ad_type=all&country=US&q=SingleOps&search_type=keyword_unordered&media_type=all,unverified (host blocked),unverified (host blocked),unverified (host blocked),unverified (host blocked),unverified (host blocked),https://adstransparency.google.com/?region=US&domain=singleops.com,unverified,unverified (host blocked),unverified (host blocked),unverified (host blocked),https://www.linkedin.com/ad-library/search?keyword=SingleOps,unverified (host blocked),unverified (host blocked),0,unverified,unverified,0,"Meta +3, Google +3, LinkedIn +1, CTA +1 pending manual audit",Google advertiser-page URL search not run (session WebSearch budget exhausted).,pending (Meta/Google/LinkedIn ad libraries blocked by egress policy; only headcount bonus verifiable),search-verified (URL-cited)
39,Tree Service Software,treeservicesoftware.com,https://www.facebook.com/ads/library/?active_status=active&ad_type=all&country=US&q=Tree%20Service%20Software&search_type=keyword_unordered&media_type=all,unverified (host blocked),unverified (host blocked),unverified (host blocked),unverified (host blocked),unverified (host blocked),https://adstransparency.google.com/?region=US&domain=treeservicesoftware.com,unverified,unverified (host blocked),unverified (host blocked),unverified (host blocked),https://www.linkedin.com/ad-library/search?keyword=Tree%20Service%20Software,unverified (host blocked),unverified (host blocked),0,unverified,unverified,0,"Meta +3, Google +3, LinkedIn +1, CTA +1 pending manual audit",Google advertiser-page URL search not run (session WebSearch budget exhausted).,pending (Meta/Google/LinkedIn ad libraries blocked by egress policy; only headcount bonus verifiable),candidate (prior knowledge; not search-verified)
39,Yardbook,yardbook.com,https://www.facebook.com/ads/library/?active_status=active&ad_type=all&country=US&q=Yardbook&search_type=keyword_unordered&media_type=all,unverified (host blocked),unverified (host blocked),unverified (host blocked),unverified (host blocked),unverified (host blocked),https://adstransparency.google.com/?region=US&domain=yardbook.com,unverified,unverified (host blocked),unverified (host blocked),unverified (host blocked),https://www.linkedin.com/ad-library/search?keyword=Yardbook,unverified (host blocked),unverified (host blocked),0,unverified,unverified,0,"Meta +3, Google +3, LinkedIn +1, CTA +1 pending manual audit",Google advertiser-page URL search not run (session WebSearch budget exhausted).,pending (Meta/Google/LinkedIn ad libraries blocked by egress policy; only headcount bonus verifiable),search-verified (URL-cited)
40,QuoteIQ,myquoteiq.com,https://www.facebook.com/ads/library/?active_status=active&ad_type=all&country=US&q=QuoteIQ&search_type=keyword_unordered&media_type=all,unverified (host blocked),unverified (host blocked),unverified (host blocked),unverified (host blocked),unverified (host blocked),https://adstransparency.google.com/?region=US&domain=myquoteiq.com,unverified,unverified (host blocked),unverified (host blocked),unverified (host blocked),https://www.linkedin.com/ad-library/search?keyword=QuoteIQ,unverified (host blocked),unverified (host blocked),2,https://www.crunchbase.com/organization/quoteiq,unverified,2,"Meta +3, Google +3, LinkedIn +1, CTA +1 pending manual audit",11-50 employees; 100% self-funded per https://myquoteiq.com/about-us/ Google advertiser-page URL search not run (session WebSearch budget exhausted).,pending (Meta/Google/LinkedIn ad libraries blocked by egress policy; only headcount bonus verifiable),search-verified (URL-cited)
40,ServiceTitan,servicetitan.com,https://www.facebook.com/ads/library/?active_status=active&ad_type=all&country=US&q=ServiceTitan&search_type=keyword_unordered&media_type=all,unverified (host blocked),unverified (host blocked),unverified (host blocked),unverified (host blocked),unverified (host blocked),https://adstransparency.google.com/?region=US&domain=servicetitan.com,unverified,unverified (host blocked),unverified (host blocked),unverified (host blocked),https://www.linkedin.com/ad-library/search?keyword=ServiceTitan,unverified (host blocked),unverified (host blocked),0,unverified,unverified,0,"Meta +3, Google +3, LinkedIn +1, CTA +1 pending manual audit",Google advertiser-page URL search not run (session WebSearch budget exhausted).,pending (Meta/Google/LinkedIn ad libraries blocked by egress policy; only headcount bonus verifiable),search-verified (URL-cited)
41,CleansyAI,cleansyai.com,https://www.facebook.com/ads/library/?active_status=active&ad_type=all&country=US&q=CleansyAI&search_type=keyword_unordered&media_type=all,unverified (host blocked),unverified (host blocked),unverified (host blocked),unverified (host blocked),unverified (host blocked),https://adstransparency.google.com/?region=US&domain=cleansyai.com,unverified,unverified (host blocked),unverified (host blocked),unverified (host blocked),https://www.linkedin.com/ad-library/search?keyword=CleansyAI,unverified (host blocked),unverified (host blocked),0,unverified,unverified,0,"Meta +3, Google +3, LinkedIn +1, CTA +1 pending manual audit",No adstransparency/ad-library URL surfaced; headcount/funding searches not run (session WebSearch budget exhausted).,pending (Meta/Google/LinkedIn ad libraries blocked by egress policy; only headcount bonus verifiable),search-verified (URL-cited)
41,Housecall Pro,housecallpro.com,https://www.facebook.com/ads/library/?active_status=active&ad_type=all&country=US&q=Housecall%20Pro&search_type=keyword_unordered&media_type=all,unverified (host blocked),unverified (host blocked),unverified (host blocked),unverified (host blocked),unverified (host blocked),https://adstransparency.google.com/?region=US&domain=housecallpro.com,unverified,unverified (host blocked),unverified (host blocked),unverified (host blocked),https://www.linkedin.com/ad-library/search?keyword=Housecall%20Pro,unverified (host blocked),unverified (host blocked),0,unverified,unverified,0,"Meta +3, Google +3, LinkedIn +1, CTA +1 pending manual audit",No adstransparency/ad-library URL surfaced; headcount/funding searches not run (session WebSearch budget exhausted).,pending (Meta/Google/LinkedIn ad libraries blocked by egress policy; only headcount bonus verifiable),search-verified (URL-cited)
41,MaidCentral,maidcentral.com,https://www.facebook.com/ads/library/?active_status=active&ad_type=all&country=US&q=MaidCentral&search_type=keyword_unordered&media_type=all,unverified (host blocked),unverified (host blocked),unverified (host blocked),unverified (host blocked),unverified (host blocked),https://adstransparency.google.com/?region=US&domain=maidcentral.com,unverified,unverified (host blocked),unverified (host blocked),unverified (host blocked),https://www.linkedin.com/ad-library/search?keyword=MaidCentral,unverified (host blocked),unverified (host blocked),0,unverified,unverified,0,"Meta +3, Google +3, LinkedIn +1, CTA +1 pending manual audit",No adstransparency/ad-library URL surfaced; headcount/funding searches not run (session WebSearch budget exhausted).,pending (Meta/Google/LinkedIn ad libraries blocked by egress policy; only headcount bonus verifiable),search-verified (URL-cited)
41,MaidEasy,maideasysoftware.com,https://www.facebook.com/ads/library/?active_status=active&ad_type=all&country=US&q=MaidEasy&search_type=keyword_unordered&media_type=all,unverified (host blocked),unverified (host blocked),unverified (host blocked),unverified (host blocked),unverified (host blocked),https://adstransparency.google.com/?region=US&domain=maideasysoftware.com,unverified,unverified (host blocked),unverified (host blocked),unverified (host blocked),https://www.linkedin.com/ad-library/search?keyword=MaidEasy,unverified (host blocked),unverified (host blocked),0,unverified,unverified,0,"Meta +3, Google +3, LinkedIn +1, CTA +1 pending manual audit",No adstransparency/ad-library URL surfaced; headcount/funding searches not run (session WebSearch budget exhausted).,pending (Meta/Google/LinkedIn ad libraries blocked by egress policy; only headcount bonus verifiable),search-verified (URL-cited)
41,QuoteIQ,myquoteiq.com,https://www.facebook.com/ads/library/?active_status=active&ad_type=all&country=US&q=QuoteIQ&search_type=keyword_unordered&media_type=all,unverified (host blocked),unverified (host blocked),unverified (host blocked),unverified (host blocked),unverified (host blocked),https://adstransparency.google.com/?region=US&domain=myquoteiq.com,unverified,unverified (host blocked),unverified (host blocked),unverified (host blocked),https://www.linkedin.com/ad-library/search?keyword=QuoteIQ,unverified (host blocked),unverified (host blocked),0,unverified,unverified,0,"Meta +3, Google +3, LinkedIn +1, CTA +1 pending manual audit",No adstransparency/ad-library URL surfaced; headcount/funding searches not run (session WebSearch budget exhausted).,pending (Meta/Google/LinkedIn ad libraries blocked by egress policy; only headcount bonus verifiable),candidate (prior knowledge; not search-verified)
41,The Cleaning Software,thecleaningsoftware.com,https://www.facebook.com/ads/library/?active_status=active&ad_type=all&country=US&q=The%20Cleaning%20Software&search_type=keyword_unordered&media_type=all,unverified (host blocked),unverified (host blocked),unverified (host blocked),unverified (host blocked),unverified (host blocked),https://adstransparency.google.com/?region=US&domain=thecleaningsoftware.com,unverified,unverified (host blocked),unverified (host blocked),unverified (host blocked),https://www.linkedin.com/ad-library/search?keyword=The%20Cleaning%20Software,unverified (host blocked),unverified (host blocked),0,unverified,unverified,0,"Meta +3, Google +3, LinkedIn +1, CTA +1 pending manual audit",No adstransparency/ad-library URL surfaced; headcount/funding searches not run (session WebSearch budget exhausted).,pending (Meta/Google/LinkedIn ad libraries blocked by egress policy; only headcount bonus verifiable),search-verified (URL-cited)
41,ZenMaid,zenmaid.com,https://www.facebook.com/ads/library/?active_status=active&ad_type=all&country=US&q=ZenMaid&search_type=keyword_unordered&media_type=all,unverified (host blocked),unverified (host blocked),unverified (host blocked),unverified (host blocked),unverified (host blocked),https://adstransparency.google.com/?region=US&domain=zenmaid.com,unverified,unverified (host blocked),unverified (host blocked),unverified (host blocked),https://www.linkedin.com/ad-library/search?keyword=ZenMaid,unverified (host blocked),unverified (host blocked),0,unverified,unverified,0,"Meta +3, Google +3, LinkedIn +1, CTA +1 pending manual audit",No adstransparency/ad-library URL surfaced; headcount/funding searches not run (session WebSearch budget exhausted).,pending (Meta/Google/LinkedIn ad libraries blocked by egress policy; only headcount bonus verifiable),search-verified (URL-cited)
41,Zenbooker,zenbooker.com,https://www.facebook.com/ads/library/?active_status=active&ad_type=all&country=US&q=Zenbooker&search_type=keyword_unordered&media_type=all,unverified (host blocked),unverified (host blocked),unverified (host blocked),unverified (host blocked),unverified (host blocked),https://adstransparency.google.com/?region=US&domain=zenbooker.com,unverified,unverified (host blocked),unverified (host blocked),unverified (host blocked),https://www.linkedin.com/ad-library/search?keyword=Zenbooker,unverified (host blocked),unverified (host blocked),0,unverified,unverified,0,"Meta +3, Google +3, LinkedIn +1, CTA +1 pending manual audit",No adstransparency/ad-library URL surfaced; headcount/funding searches not run (session WebSearch budget exhausted).,pending (Meta/Google/LinkedIn ad libraries blocked by egress policy; only headcount bonus verifiable),search-verified (URL-cited)
42,CleanGuru,cleanguru.com,https://www.facebook.com/ads/library/?active_status=active&ad_type=all&country=US&q=CleanGuru&search_type=keyword_unordered&media_type=all,unverified (host blocked),unverified (host blocked),unverified (host blocked),unverified (host blocked),unverified (host blocked),https://adstransparency.google.com/?region=US&domain=cleanguru.com,unverified,unverified (host blocked),unverified (host blocked),unverified (host blocked),https://www.linkedin.com/ad-library/search?keyword=CleanGuru,unverified (host blocked),unverified (host blocked),0,unverified,unverified,0,"Meta +3, Google +3, LinkedIn +1, CTA +1 pending manual audit",No adstransparency/ad-library URL surfaced; headcount/funding searches not run (session WebSearch budget exhausted).,pending (Meta/Google/LinkedIn ad libraries blocked by egress policy; only headcount bonus verifiable),candidate (prior knowledge; not search-verified)
42,CleanTelligent (Otuvy),cleantelligent.com,https://www.facebook.com/ads/library/?active_status=active&ad_type=all&country=US&q=CleanTelligent&search_type=keyword_unordered&media_type=all,unverified (host blocked),unverified (host blocked),unverified (host blocked),unverified (host blocked),unverified (host blocked),https://adstransparency.google.com/?region=US&domain=cleantelligent.com,unverified,unverified (host blocked),unverified (host blocked),unverified (host blocked),https://www.linkedin.com/ad-library/search?keyword=CleanTelligent,unverified (host blocked),unverified (host blocked),0,unverified,unverified,0,"Meta +3, Google +3, LinkedIn +1, CTA +1 pending manual audit",No adstransparency/ad-library URL surfaced; headcount/funding searches not run (session WebSearch budget exhausted).,pending (Meta/Google/LinkedIn ad libraries blocked by egress policy; only headcount bonus verifiable),candidate (prior knowledge; not search-verified)
42,Janitorial Manager,janitorialmanager.com,https://www.facebook.com/ads/library/?active_status=active&ad_type=all&country=US&q=Janitorial%20Manager&search_type=keyword_unordered&media_type=all,unverified (host blocked),unverified (host blocked),unverified (host blocked),unverified (host blocked),unverified (host blocked),https://adstransparency.google.com/?region=US&domain=janitorialmanager.com,unverified,unverified (host blocked),unverified (host blocked),unverified (host blocked),https://www.linkedin.com/ad-library/search?keyword=Janitorial%20Manager,unverified (host blocked),unverified (host blocked),0,unverified,unverified,0,"Meta +3, Google +3, LinkedIn +1, CTA +1 pending manual audit",No adstransparency/ad-library URL surfaced; headcount/funding searches not run (session WebSearch budget exhausted).,pending (Meta/Google/LinkedIn ad libraries blocked by egress policy; only headcount bonus verifiable),search-verified (URL-cited)
42,QuoteIQ,myquoteiq.com,https://www.facebook.com/ads/library/?active_status=active&ad_type=all&country=US&q=QuoteIQ&search_type=keyword_unordered&media_type=all,unverified (host blocked),unverified (host blocked),unverified (host blocked),unverified (host blocked),unverified (host blocked),https://adstransparency.google.com/?region=US&domain=myquoteiq.com,unverified,unverified (host blocked),unverified (host blocked),unverified (host blocked),https://www.linkedin.com/ad-library/search?keyword=QuoteIQ,unverified (host blocked),unverified (host blocked),0,unverified,unverified,0,"Meta +3, Google +3, LinkedIn +1, CTA +1 pending manual audit",No adstransparency/ad-library URL surfaced; headcount/funding searches not run (session WebSearch budget exhausted).,pending (Meta/Google/LinkedIn ad libraries blocked by egress policy; only headcount bonus verifiable),search-verified (URL-cited)
42,SweepOps,sweepops.app,https://www.facebook.com/ads/library/?active_status=active&ad_type=all&country=US&q=SweepOps&search_type=keyword_unordered&media_type=all,unverified (host blocked),unverified (host blocked),unverified (host blocked),unverified (host blocked),unverified (host blocked),https://adstransparency.google.com/?region=US&domain=sweepops.app,unverified,unverified (host blocked),unverified (host blocked),unverified (host blocked),https://www.linkedin.com/ad-library/search?keyword=SweepOps,unverified (host blocked),unverified (host blocked),0,unverified,unverified,0,"Meta +3, Google +3, LinkedIn +1, CTA +1 pending manual audit",No adstransparency/ad-library URL surfaced; headcount/funding searches not run (session WebSearch budget exhausted).,pending (Meta/Google/LinkedIn ad libraries blocked by egress policy; only headcount bonus verifiable),candidate (prior knowledge; not search-verified)
42,Swept,sweptworks.com,https://www.facebook.com/ads/library/?active_status=active&ad_type=all&country=US&q=Swept&search_type=keyword_unordered&media_type=all,unverified (host blocked),unverified (host blocked),unverified (host blocked),unverified (host blocked),unverified (host blocked),https://adstransparency.google.com/?region=US&domain=sweptworks.com,unverified,unverified (host blocked),unverified (host blocked),unverified (host blocked),https://www.linkedin.com/ad-library/search?keyword=Swept,unverified (host blocked),unverified (host blocked),0,unverified,unverified,0,"Meta +3, Google +3, LinkedIn +1, CTA +1 pending manual audit",No adstransparency/ad-library URL surfaced; headcount/funding searches not run (session WebSearch budget exhausted).,pending (Meta/Google/LinkedIn ad libraries blocked by egress policy; only headcount bonus verifiable),candidate (prior knowledge; not search-verified)
42,WinTeam (TEAM Software),teamsoftware.com,https://www.facebook.com/ads/library/?active_status=active&ad_type=all&country=US&q=WinTeam&search_type=keyword_unordered&media_type=all,unverified (host blocked),unverified (host blocked),unverified (host blocked),unverified (host blocked),unverified (host blocked),https://adstransparency.google.com/?region=US&domain=teamsoftware.com,unverified,unverified (host blocked),unverified (host blocked),unverified (host blocked),https://www.linkedin.com/ad-library/search?keyword=WinTeam,unverified (host blocked),unverified (host blocked),0,unverified,unverified,0,"Meta +3, Google +3, LinkedIn +1, CTA +1 pending manual audit",No adstransparency/ad-library URL surfaced; headcount/funding searches not run (session WebSearch budget exhausted).,pending (Meta/Google/LinkedIn ad libraries blocked by egress policy; only headcount bonus verifiable),candidate (prior knowledge; not search-verified)
43,Fieldd,fieldd.co,https://www.facebook.com/ads/library/?active_status=active&ad_type=all&country=US&q=Fieldd&search_type=keyword_unordered&media_type=all,unverified (host blocked),unverified (host blocked),unverified (host blocked),unverified (host blocked),unverified (host blocked),https://adstransparency.google.com/?region=US&domain=fieldd.co,unverified,unverified (host blocked),unverified (host blocked),unverified (host blocked),https://www.linkedin.com/ad-library/search?keyword=Fieldd,unverified (host blocked),unverified (host blocked),0,unverified,unverified,0,"Meta +3, Google +3, LinkedIn +1, CTA +1 pending manual audit",No adstransparency/ad-library URL surfaced; headcount/funding searches not run (session WebSearch budget exhausted).,pending (Meta/Google/LinkedIn ad libraries blocked by egress policy; only headcount bonus verifiable),search-verified (URL-cited)
43,GorillaDesk,gorilladesk.com,https://www.facebook.com/ads/library/?active_status=active&ad_type=all&country=US&q=GorillaDesk&search_type=keyword_unordered&media_type=all,unverified (host blocked),unverified (host blocked),unverified (host blocked),unverified (host blocked),unverified (host blocked),https://adstransparency.google.com/?region=US&domain=gorilladesk.com,unverified,unverified (host blocked),unverified (host blocked),unverified (host blocked),https://www.linkedin.com/ad-library/search?keyword=GorillaDesk,unverified (host blocked),unverified (host blocked),0,unverified,unverified,0,"Meta +3, Google +3, LinkedIn +1, CTA +1 pending manual audit",No adstransparency/ad-library URL surfaced; headcount/funding searches not run (session WebSearch budget exhausted).,pending (Meta/Google/LinkedIn ad libraries blocked by egress policy; only headcount bonus verifiable),search-verified (URL-cited)
43,Housecall Pro,housecallpro.com,https://www.facebook.com/ads/library/?active_status=active&ad_type=all&country=US&q=Housecall%20Pro&search_type=keyword_unordered&media_type=all,unverified (host blocked),unverified (host blocked),unverified (host blocked),unverified (host blocked),unverified (host blocked),https://adstransparency.google.com/?region=US&domain=housecallpro.com,unverified,unverified (host blocked),unverified (host blocked),unverified (host blocked),https://www.linkedin.com/ad-library/search?keyword=Housecall%20Pro,unverified (host blocked),unverified (host blocked),0,unverified,unverified,0,"Meta +3, Google +3, LinkedIn +1, CTA +1 pending manual audit",No adstransparency/ad-library URL surfaced; headcount/funding searches not run (session WebSearch budget exhausted).,pending (Meta/Google/LinkedIn ad libraries blocked by egress policy; only headcount bonus verifiable),search-verified (URL-cited)
43,Jobber,getjobber.com,https://www.facebook.com/ads/library/?active_status=active&ad_type=all&country=US&q=Jobber&search_type=keyword_unordered&media_type=all,unverified (host blocked),unverified (host blocked),unverified (host blocked),unverified (host blocked),unverified (host blocked),https://adstransparency.google.com/?region=US&domain=getjobber.com,unverified,unverified (host blocked),unverified (host blocked),unverified (host blocked),https://www.linkedin.com/ad-library/search?keyword=Jobber,unverified (host blocked),unverified (host blocked),0,unverified,unverified,0,"Meta +3, Google +3, LinkedIn +1, CTA +1 pending manual audit",No adstransparency/ad-library URL surfaced; headcount/funding searches not run (session WebSearch budget exhausted).,pending (Meta/Google/LinkedIn ad libraries blocked by egress policy; only headcount bonus verifiable),search-verified (URL-cited)
43,ManageMart,managemart.com,https://www.facebook.com/ads/library/?active_status=active&ad_type=all&country=US&q=ManageMart&search_type=keyword_unordered&media_type=all,unverified (host blocked),unverified (host blocked),unverified (host blocked),unverified (host blocked),unverified (host blocked),https://adstransparency.google.com/?region=US&domain=managemart.com,unverified,unverified (host blocked),unverified (host blocked),unverified (host blocked),https://www.linkedin.com/ad-library/search?keyword=ManageMart,unverified (host blocked),unverified (host blocked),0,unverified,unverified,0,"Meta +3, Google +3, LinkedIn +1, CTA +1 pending manual audit",No adstransparency/ad-library URL surfaced; headcount/funding searches not run (session WebSearch budget exhausted).,pending (Meta/Google/LinkedIn ad libraries blocked by egress policy; only headcount bonus verifiable),search-verified (URL-cited)
43,ScheduleDrop,scheduledrop.com,https://www.facebook.com/ads/library/?active_status=active&ad_type=all&country=US&q=ScheduleDrop&search_type=keyword_unordered&media_type=all,unverified (host blocked),unverified (host blocked),unverified (host blocked),unverified (host blocked),unverified (host blocked),https://adstransparency.google.com/?region=US&domain=scheduledrop.com,unverified,unverified (host blocked),unverified (host blocked),unverified (host blocked),https://www.linkedin.com/ad-library/search?keyword=ScheduleDrop,unverified (host blocked),unverified (host blocked),0,unverified,unverified,0,"Meta +3, Google +3, LinkedIn +1, CTA +1 pending manual audit",No adstransparency/ad-library URL surfaced; headcount/funding searches not run (session WebSearch budget exhausted).,pending (Meta/Google/LinkedIn ad libraries blocked by egress policy; only headcount bonus verifiable),search-verified (URL-cited)
43,ServGrow,servgrow.com,https://www.facebook.com/ads/library/?active_status=active&ad_type=all&country=US&q=ServGrow&search_type=keyword_unordered&media_type=all,unverified (host blocked),unverified (host blocked),unverified (host blocked),unverified (host blocked),unverified (host blocked),https://adstransparency.google.com/?region=US&domain=servgrow.com,unverified,unverified (host blocked),unverified (host blocked),unverified (host blocked),https://www.linkedin.com/ad-library/search?keyword=ServGrow,unverified (host blocked),unverified (host blocked),0,unverified,unverified,0,"Meta +3, Google +3, LinkedIn +1, CTA +1 pending manual audit",No adstransparency/ad-library URL surfaced; headcount/funding searches not run (session WebSearch budget exhausted).,pending (Meta/Google/LinkedIn ad libraries blocked by egress policy; only headcount bonus verifiable),search-verified (URL-cited)
43,ServiceMonster,servicemonster.com,https://www.facebook.com/ads/library/?active_status=active&ad_type=all&country=US&q=ServiceMonster&search_type=keyword_unordered&media_type=all,unverified (host blocked),unverified (host blocked),unverified (host blocked),unverified (host blocked),unverified (host blocked),https://adstransparency.google.com/?region=US&domain=servicemonster.com,unverified,unverified (host blocked),unverified (host blocked),unverified (host blocked),https://www.linkedin.com/ad-library/search?keyword=ServiceMonster,unverified (host blocked),unverified (host blocked),0,unverified,unverified,0,"Meta +3, Google +3, LinkedIn +1, CTA +1 pending manual audit",No adstransparency/ad-library URL surfaced; headcount/funding searches not run (session WebSearch budget exhausted).,pending (Meta/Google/LinkedIn ad libraries blocked by egress policy; only headcount bonus verifiable),search-verified (URL-cited)
44,Briostack,briostack.com,https://www.facebook.com/ads/library/?active_status=active&ad_type=all&country=US&q=Briostack&search_type=keyword_unordered&media_type=all,unverified (host blocked),unverified (host blocked),unverified (host blocked),unverified (host blocked),unverified (host blocked),https://adstransparency.google.com/?region=US&domain=briostack.com,unverified,unverified (host blocked),unverified (host blocked),unverified (host blocked),https://www.linkedin.com/ad-library/search?keyword=Briostack,unverified (host blocked),unverified (host blocked),0,unverified,unverified,0,"Meta +3, Google +3, LinkedIn +1, CTA +1 pending manual audit",No adstransparency/ad-library URL surfaced; headcount/funding searches not run (session WebSearch budget exhausted).,pending (Meta/Google/LinkedIn ad libraries blocked by egress policy; only headcount bonus verifiable),search-verified (URL-cited)
44,FieldRoutes (ServiceTitan),fieldroutes.com,https://www.facebook.com/ads/library/?active_status=active&ad_type=all&country=US&q=FieldRoutes&search_type=keyword_unordered&media_type=all,unverified (host blocked),unverified (host blocked),unverified (host blocked),unverified (host blocked),unverified (host blocked),https://adstransparency.google.com/?region=US&domain=fieldroutes.com,unverified,unverified (host blocked),unverified (host blocked),unverified (host blocked),https://www.linkedin.com/ad-library/search?keyword=FieldRoutes,unverified (host blocked),unverified (host blocked),0,unverified,unverified,0,"Meta +3, Google +3, LinkedIn +1, CTA +1 pending manual audit",No adstransparency/ad-library URL surfaced; headcount/funding searches not run (session WebSearch budget exhausted).,pending (Meta/Google/LinkedIn ad libraries blocked by egress policy; only headcount bonus verifiable),candidate (prior knowledge; not search-verified)
44,GorillaDesk,gorilladesk.com,https://www.facebook.com/ads/library/?active_status=active&ad_type=all&country=US&q=GorillaDesk&search_type=keyword_unordered&media_type=all,unverified (host blocked),unverified (host blocked),unverified (host blocked),unverified (host blocked),unverified (host blocked),https://adstransparency.google.com/?region=US&domain=gorilladesk.com,unverified,unverified (host blocked),unverified (host blocked),unverified (host blocked),https://www.linkedin.com/ad-library/search?keyword=GorillaDesk,unverified (host blocked),unverified (host blocked),0,unverified,unverified,0,"Meta +3, Google +3, LinkedIn +1, CTA +1 pending manual audit",No adstransparency/ad-library URL surfaced; headcount/funding searches not run (session WebSearch budget exhausted).,pending (Meta/Google/LinkedIn ad libraries blocked by egress policy; only headcount bonus verifiable),candidate (prior knowledge; not search-verified)
44,PestPac (WorkWave),workwave.com,https://www.facebook.com/ads/library/?active_status=active&ad_type=all&country=US&q=PestPac&search_type=keyword_unordered&media_type=all,unverified (host blocked),unverified (host blocked),unverified (host blocked),unverified (host blocked),unverified (host blocked),https://adstransparency.google.com/?region=US&domain=workwave.com,unverified,unverified (host blocked),unverified (host blocked),unverified (host blocked),https://www.linkedin.com/ad-library/search?keyword=PestPac,unverified (host blocked),unverified (host blocked),0,unverified,unverified,0,"Meta +3, Google +3, LinkedIn +1, CTA +1 pending manual audit",No adstransparency/ad-library URL surfaced; headcount/funding searches not run (session WebSearch budget exhausted).,pending (Meta/Google/LinkedIn ad libraries blocked by egress policy; only headcount bonus verifiable),candidate (prior knowledge; not search-verified)
45,Deelo,deelo.ai,https://www.facebook.com/ads/library/?active_status=active&ad_type=all&country=US&q=Deelo&search_type=keyword_unordered&media_type=all,unverified (host blocked),unverified (host blocked),unverified (host blocked),unverified (host blocked),unverified (host blocked),https://adstransparency.google.com/?region=US&domain=deelo.ai,unverified (host blocked),unverified (host blocked),unverified (host blocked),unverified (host blocked),https://www.linkedin.com/ad-library/search?keyword=Deelo,unverified (host blocked),unverified (host blocked),0,,unverified (host blocked),0,"Meta +3, Google +3, LinkedIn +1, CTA +1 pending audit",headcount bonus only; all ad-library hosts blocked in this session; no <50-employee or bootstrapped evidence found,pending (audit),search-verified (URL-cited)
45,FieldRoutes,unverified,https://www.facebook.com/ads/library/?active_status=active&ad_type=all&country=US&q=FieldRoutes&search_type=keyword_unordered&media_type=all,unverified (host blocked),unverified (host blocked),unverified (host blocked),unverified (host blocked),unverified (host blocked),https://adstransparency.google.com/?region=US&domain=,unverified (host blocked),unverified (host blocked),unverified (host blocked),unverified (host blocked),https://www.linkedin.com/ad-library/search?keyword=FieldRoutes,unverified (host blocked),unverified (host blocked),0,,unverified (host blocked),0,"Meta +3, Google +3, LinkedIn +1, CTA +1 pending audit",headcount bonus only; all ad-library hosts blocked in this session; no <50-employee or bootstrapped evidence found,pending (audit),search-named (no URL captured)
45,GorillaDesk,gorilladesk.com,https://www.facebook.com/ads/library/?active_status=active&ad_type=all&country=US&q=GorillaDesk&search_type=keyword_unordered&media_type=all,unverified (host blocked),unverified (host blocked),unverified (host blocked),unverified (host blocked),unverified (host blocked),https://adstransparency.google.com/?region=US&domain=gorilladesk.com,unverified (host blocked),unverified (host blocked),unverified (host blocked),unverified (host blocked),https://www.linkedin.com/ad-library/search?keyword=GorillaDesk,unverified (host blocked),unverified (host blocked),2,https://getlatka.com/companies/gorilladesk.com,unverified (host blocked),2,"Meta +3, Google +3, LinkedIn +1, CTA +1 pending audit",headcount bonus only; all ad-library hosts blocked in this session,pending (audit),search-verified (URL-cited)
45,NWCOPRO,nwcopro.com,https://www.facebook.com/ads/library/?active_status=active&ad_type=all&country=US&q=NWCOPRO&search_type=keyword_unordered&media_type=all,unverified (host blocked),unverified (host blocked),unverified (host blocked),unverified (host blocked),unverified (host blocked),https://adstransparency.google.com/?region=US&domain=nwcopro.com,unverified (host blocked),unverified (host blocked),unverified (host blocked),unverified (host blocked),https://www.linkedin.com/ad-library/search?keyword=NWCOPRO,unverified (host blocked),unverified (host blocked),0,,unverified (host blocked),0,"Meta +3, Google +3, LinkedIn +1, CTA +1 pending audit",headcount bonus only; all ad-library hosts blocked in this session; no <50-employee or bootstrapped evidence found,pending (audit),search-verified (URL-cited)
45,QuoteIQ,myquoteiq.com,https://www.facebook.com/ads/library/?active_status=active&ad_type=all&country=US&q=QuoteIQ&search_type=keyword_unordered&media_type=all,unverified (host blocked),unverified (host blocked),unverified (host blocked),unverified (host blocked),unverified (host blocked),https://adstransparency.google.com/?region=US&domain=myquoteiq.com,unverified (host blocked),unverified (host blocked),unverified (host blocked),unverified (host blocked),https://www.linkedin.com/ad-library/search?keyword=QuoteIQ,unverified (host blocked),unverified (host blocked),2,https://myquoteiq.com/about-us/,unverified (host blocked),2,"Meta +3, Google +3, LinkedIn +1, CTA +1 pending audit",headcount bonus only; all ad-library hosts blocked in this session,pending (audit),search-verified (URL-cited)
46,Briostack,briostack.com,https://www.facebook.com/ads/library/?active_status=active&ad_type=all&country=US&q=Briostack&search_type=keyword_unordered&media_type=all,unverified (host blocked),unverified (host blocked),unverified (host blocked),unverified (host blocked),unverified (host blocked),https://adstransparency.google.com/?region=US&domain=briostack.com,unverified (host blocked),unverified (host blocked),unverified (host blocked),unverified (host blocked),https://www.linkedin.com/ad-library/search?keyword=Briostack,unverified (host blocked),unverified (host blocked),0,n/a,unverified (host blocked),0,"Meta +3, Google +3, LinkedIn +1, CTA +1 pending audit",headcount_bonus=2 only where a result showed <50 employees or bootstrapped (URL in evidence column).,pending (audit),search-verified (URL-cited)
46,Deelo,deelo.ai,https://www.facebook.com/ads/library/?active_status=active&ad_type=all&country=US&q=Deelo&search_type=keyword_unordered&media_type=all,unverified (host blocked),unverified (host blocked),unverified (host blocked),unverified (host blocked),unverified (host blocked),https://adstransparency.google.com/?region=US&domain=deelo.ai,unverified (host blocked),unverified (host blocked),unverified (host blocked),unverified (host blocked),https://www.linkedin.com/ad-library/search?keyword=Deelo,unverified (host blocked),unverified (host blocked),0,n/a,unverified (host blocked),0,"Meta +3, Google +3, LinkedIn +1, CTA +1 pending audit",headcount_bonus=2 only where a result showed <50 employees or bootstrapped (URL in evidence column).,pending (audit),search-verified (URL-cited)
46,FieldRoutes,fieldroutes.com,https://www.facebook.com/ads/library/?active_status=active&ad_type=all&country=US&q=FieldRoutes&search_type=keyword_unordered&media_type=all,unverified (host blocked),unverified (host blocked),unverified (host blocked),unverified (host blocked),unverified (host blocked),https://adstransparency.google.com/?region=US&domain=fieldroutes.com,unverified (host blocked),unverified (host blocked),unverified (host blocked),unverified (host blocked),https://www.linkedin.com/ad-library/search?keyword=FieldRoutes,unverified (host blocked),unverified (host blocked),0,n/a,unverified (host blocked),0,"Meta +3, Google +3, LinkedIn +1, CTA +1 pending audit",headcount_bonus=2 only where a result showed <50 employees or bootstrapped (URL in evidence column).,pending (audit),search-verified (URL-cited)
46,GorillaDesk,gorilladesk.com,https://www.facebook.com/ads/library/?active_status=active&ad_type=all&country=US&q=GorillaDesk&search_type=keyword_unordered&media_type=all,unverified (host blocked),unverified (host blocked),unverified (host blocked),unverified (host blocked),unverified (host blocked),https://adstransparency.google.com/?region=US&domain=gorilladesk.com,unverified (host blocked),unverified (host blocked),unverified (host blocked),unverified (host blocked),https://www.linkedin.com/ad-library/search?keyword=GorillaDesk,unverified (host blocked),unverified (host blocked),2,https://www.zoominfo.com/c/gorilladesk-llc/363455027,unverified (host blocked),2,"Meta +3, Google +3, LinkedIn +1, CTA +1 pending audit",headcount_bonus=2 only where a result showed <50 employees or bootstrapped (URL in evidence column).,pending (audit),search-verified (URL-cited)
46,PestPac (WorkWave),pestpac.com,https://www.facebook.com/ads/library/?active_status=active&ad_type=all&country=US&q=PestPac%20%28WorkWave%29&search_type=keyword_unordered&media_type=all,unverified (host blocked),unverified (host blocked),unverified (host blocked),unverified (host blocked),unverified (host blocked),https://adstransparency.google.com/?region=US&domain=pestpac.com,unverified (host blocked),unverified (host blocked),unverified (host blocked),unverified (host blocked),https://www.linkedin.com/ad-library/search?keyword=PestPac%20%28WorkWave%29,unverified (host blocked),unverified (host blocked),0,n/a,unverified (host blocked),0,"Meta +3, Google +3, LinkedIn +1, CTA +1 pending audit",headcount_bonus=2 only where a result showed <50 employees or bootstrapped (URL in evidence column).,pending (audit),search-verified (URL-cited)
46,Pocomos,pocomos.com,https://www.facebook.com/ads/library/?active_status=active&ad_type=all&country=US&q=Pocomos&search_type=keyword_unordered&media_type=all,unverified (host blocked),unverified (host blocked),unverified (host blocked),unverified (host blocked),unverified (host blocked),https://adstransparency.google.com/?region=US&domain=pocomos.com,unverified (host blocked),unverified (host blocked),unverified (host blocked),unverified (host blocked),https://www.linkedin.com/ad-library/search?keyword=Pocomos,unverified (host blocked),unverified (host blocked),2,https://rocketreach.co/pocomos-pest-control-software-profile_b5ec8df2f42e7c0e,unverified (host blocked),2,"Meta +3, Google +3, LinkedIn +1, CTA +1 pending audit",headcount_bonus=2 only where a result showed <50 employees or bootstrapped (URL in evidence column).,pending (audit),search-verified (URL-cited)
46,QuoteIQ,myquoteiq.com,https://www.facebook.com/ads/library/?active_status=active&ad_type=all&country=US&q=QuoteIQ&search_type=keyword_unordered&media_type=all,unverified (host blocked),unverified (host blocked),unverified (host blocked),unverified (host blocked),unverified (host blocked),https://adstransparency.google.com/?region=US&domain=myquoteiq.com,unverified (host blocked),unverified (host blocked),unverified (host blocked),unverified (host blocked),https://www.linkedin.com/ad-library/search?keyword=QuoteIQ,unverified (host blocked),unverified (host blocked),0,n/a,unverified (host blocked),0,"Meta +3, Google +3, LinkedIn +1, CTA +1 pending audit",headcount_bonus=2 only where a result showed <50 employees or bootstrapped (URL in evidence column).,pending (audit),search-verified (URL-cited)
46,Smart Service,smartservice.com,https://www.facebook.com/ads/library/?active_status=active&ad_type=all&country=US&q=Smart%20Service&search_type=keyword_unordered&media_type=all,unverified (host blocked),unverified (host blocked),unverified (host blocked),unverified (host blocked),unverified (host blocked),https://adstransparency.google.com/?region=US&domain=smartservice.com,unverified (host blocked),unverified (host blocked),unverified (host blocked),unverified (host blocked),https://www.linkedin.com/ad-library/search?keyword=Smart%20Service,unverified (host blocked),unverified (host blocked),0,n/a,unverified (host blocked),0,"Meta +3, Google +3, LinkedIn +1, CTA +1 pending audit",headcount_bonus=2 only where a result showed <50 employees or bootstrapped (URL in evidence column).,pending (audit),search-verified (URL-cited)
46,WildPipe,wildpipe.com,https://www.facebook.com/ads/library/?active_status=active&ad_type=all&country=US&q=WildPipe&search_type=keyword_unordered&media_type=all,unverified (host blocked),unverified (host blocked),unverified (host blocked),unverified (host blocked),unverified (host blocked),https://adstransparency.google.com/?region=US&domain=wildpipe.com,unverified (host blocked),unverified (host blocked),unverified (host blocked),unverified (host blocked),https://www.linkedin.com/ad-library/search?keyword=WildPipe,unverified (host blocked),unverified (host blocked),0,n/a,unverified (host blocked),0,"Meta +3, Google +3, LinkedIn +1, CTA +1 pending audit",headcount_bonus=2 only where a result showed <50 employees or bootstrapped (URL in evidence column).,pending (audit),search-verified (URL-cited)
47,CurbWaste,curbwaste.com,https://www.facebook.com/ads/library/?active_status=active&ad_type=all&country=US&q=CurbWaste&search_type=keyword_unordered&media_type=all,unverified (host blocked),unverified (host blocked),unverified (host blocked),unverified (host blocked),unverified (host blocked),https://adstransparency.google.com/?region=US&domain=curbwaste.com,unverified,unverified (host blocked),unverified (host blocked),unverified (host blocked),https://www.linkedin.com/ad-library/search?keyword=CurbWaste,unverified (host blocked),unverified (host blocked),0,unverified,unverified,0,"Meta +3, Google +3, LinkedIn +1, CTA +1 pending manual audit",No adstransparency/ad-library URL surfaced; headcount/funding searches not run (session WebSearch budget exhausted).,pending (Meta/Google/LinkedIn ad libraries blocked by egress policy; only headcount bonus verifiable),candidate (prior knowledge; not search-verified)
47,Jobber,getjobber.com,https://www.facebook.com/ads/library/?active_status=active&ad_type=all&country=US&q=Jobber&search_type=keyword_unordered&media_type=all,unverified (host blocked),unverified (host blocked),unverified (host blocked),unverified (host blocked),unverified (host blocked),https://adstransparency.google.com/?region=US&domain=getjobber.com,unverified,unverified (host blocked),unverified (host blocked),unverified (host blocked),https://www.linkedin.com/ad-library/search?keyword=Jobber,unverified (host blocked),unverified (host blocked),0,unverified,unverified,0,"Meta +3, Google +3, LinkedIn +1, CTA +1 pending manual audit",No adstransparency/ad-library URL surfaced; headcount/funding searches not run (session WebSearch budget exhausted).,pending (Meta/Google/LinkedIn ad libraries blocked by egress policy; only headcount bonus verifiable),candidate (prior knowledge; not search-verified)
47,Workiz,workiz.com,https://www.facebook.com/ads/library/?active_status=active&ad_type=all&country=US&q=Workiz&search_type=keyword_unordered&media_type=all,unverified (host blocked),unverified (host blocked),unverified (host blocked),unverified (host blocked),unverified (host blocked),https://adstransparency.google.com/?region=US&domain=workiz.com,unverified,unverified (host blocked),unverified (host blocked),unverified (host blocked),https://www.linkedin.com/ad-library/search?keyword=Workiz,unverified (host blocked),unverified (host blocked),0,unverified,unverified,0,"Meta +3, Google +3, LinkedIn +1, CTA +1 pending manual audit",No adstransparency/ad-library URL surfaced; headcount/funding searches not run (session WebSearch budget exhausted).,pending (Meta/Google/LinkedIn ad libraries blocked by egress policy; only headcount bonus verifiable),candidate (prior knowledge; not search-verified)
48,CurbWaste,curbwaste.com,https://www.facebook.com/ads/library/?active_status=active&ad_type=all&country=US&q=CurbWaste&search_type=keyword_unordered&media_type=all,unverified (host blocked),unverified (host blocked),unverified (host blocked),unverified (host blocked),unverified (host blocked),https://adstransparency.google.com/?region=US&domain=curbwaste.com,unverified,unverified (host blocked),unverified (host blocked),unverified (host blocked),https://www.linkedin.com/ad-library/search?keyword=CurbWaste,unverified (host blocked),unverified (host blocked),0,unverified,unverified,0,"Meta +3, Google +3, LinkedIn +1, CTA +1 pending manual audit",No adstransparency/ad-library URL surfaced; headcount/funding searches not run (session WebSearch budget exhausted).,pending (Meta/Google/LinkedIn ad libraries blocked by egress policy; only headcount bonus verifiable),search-verified (URL-cited)
48,Docket,yourdocket.com,https://www.facebook.com/ads/library/?active_status=active&ad_type=all&country=US&q=Docket&search_type=keyword_unordered&media_type=all,unverified (host blocked),unverified (host blocked),unverified (host blocked),unverified (host blocked),unverified (host blocked),https://adstransparency.google.com/?region=US&domain=yourdocket.com,unverified,unverified (host blocked),unverified (host blocked),unverified (host blocked),https://www.linkedin.com/ad-library/search?keyword=Docket,unverified (host blocked),unverified (host blocked),0,unverified,unverified,0,"Meta +3, Google +3, LinkedIn +1, CTA +1 pending manual audit",No adstransparency/ad-library URL surfaced; headcount/funding searches not run (session WebSearch budget exhausted).,pending (Meta/Google/LinkedIn ad libraries blocked by egress policy; only headcount bonus verifiable),candidate (prior knowledge; not search-verified)
48,Dumpster Rental Systems (DRS),dumpsterrentalsystems.com,https://www.facebook.com/ads/library/?active_status=active&ad_type=all&country=US&q=Dumpster%20Rental%20Systems&search_type=keyword_unordered&media_type=all,unverified (host blocked),unverified (host blocked),unverified (host blocked),unverified (host blocked),unverified (host blocked),https://adstransparency.google.com/?region=US&domain=dumpsterrentalsystems.com,unverified,unverified (host blocked),unverified (host blocked),unverified (host blocked),https://www.linkedin.com/ad-library/search?keyword=Dumpster%20Rental%20Systems,unverified (host blocked),unverified (host blocked),0,unverified,unverified,0,"Meta +3, Google +3, LinkedIn +1, CTA +1 pending manual audit",No adstransparency/ad-library URL surfaced; headcount/funding searches not run (session WebSearch budget exhausted).,pending (Meta/Google/LinkedIn ad libraries blocked by egress policy; only headcount bonus verifiable),candidate (prior knowledge; not search-verified)
48,ServiceCore,servicecore.com,https://www.facebook.com/ads/library/?active_status=active&ad_type=all&country=US&q=ServiceCore&search_type=keyword_unordered&media_type=all,unverified (host blocked),unverified (host blocked),unverified (host blocked),unverified (host blocked),unverified (host blocked),https://adstransparency.google.com/?region=US&domain=servicecore.com,unverified,unverified (host blocked),unverified (host blocked),unverified (host blocked),https://www.linkedin.com/ad-library/search?keyword=ServiceCore,unverified (host blocked),unverified (host blocked),0,unverified,unverified,0,"Meta +3, Google +3, LinkedIn +1, CTA +1 pending manual audit",No adstransparency/ad-library URL surfaced; headcount/funding searches not run (session WebSearch budget exhausted).,pending (Meta/Google/LinkedIn ad libraries blocked by egress policy; only headcount bonus verifiable),candidate (prior knowledge; not search-verified)
49,CurbWaste,curbwaste.com,https://www.facebook.com/ads/library/?active_status=active&ad_type=all&country=US&q=CurbWaste&search_type=keyword_unordered&media_type=all,unverified (host blocked),unverified (host blocked),unverified (host blocked),unverified (host blocked),unverified (host blocked),https://adstransparency.google.com/?region=US&domain=curbwaste.com,unverified,unverified (host blocked),unverified (host blocked),unverified (host blocked),https://www.linkedin.com/ad-library/search?keyword=CurbWaste,unverified (host blocked),unverified (host blocked),0,unverified,unverified,0,"Meta +3, Google +3, LinkedIn +1, CTA +1 pending manual audit",No adstransparency/ad-library URL surfaced; headcount/funding searches not run (session WebSearch budget exhausted).,pending (Meta/Google/LinkedIn ad libraries blocked by egress policy; only headcount bonus verifiable),search-verified (URL-cited)
49,Docket,yourdocket.com,https://www.facebook.com/ads/library/?active_status=active&ad_type=all&country=US&q=Docket&search_type=keyword_unordered&media_type=all,unverified (host blocked),unverified (host blocked),unverified (host blocked),unverified (host blocked),unverified (host blocked),https://adstransparency.google.com/?region=US&domain=yourdocket.com,unverified,unverified (host blocked),unverified (host blocked),unverified (host blocked),https://www.linkedin.com/ad-library/search?keyword=Docket,unverified (host blocked),unverified (host blocked),0,unverified,unverified,0,"Meta +3, Google +3, LinkedIn +1, CTA +1 pending manual audit",No adstransparency/ad-library URL surfaced; headcount/funding searches not run (session WebSearch budget exhausted).,pending (Meta/Google/LinkedIn ad libraries blocked by egress policy; only headcount bonus verifiable),candidate (prior knowledge; not search-verified)
49,ServiceCore,servicecore.com,https://www.facebook.com/ads/library/?active_status=active&ad_type=all&country=US&q=ServiceCore&search_type=keyword_unordered&media_type=all,unverified (host blocked),unverified (host blocked),unverified (host blocked),unverified (host blocked),unverified (host blocked),https://adstransparency.google.com/?region=US&domain=servicecore.com,unverified,unverified (host blocked),unverified (host blocked),unverified (host blocked),https://www.linkedin.com/ad-library/search?keyword=ServiceCore,unverified (host blocked),unverified (host blocked),0,unverified,unverified,0,"Meta +3, Google +3, LinkedIn +1, CTA +1 pending manual audit",No adstransparency/ad-library URL surfaced; headcount/funding searches not run (session WebSearch budget exhausted).,pending (Meta/Google/LinkedIn ad libraries blocked by egress policy; only headcount bonus verifiable),candidate (prior knowledge; not search-verified)
50,Housecall Pro,housecallpro.com,https://www.facebook.com/ads/library/?active_status=active&ad_type=all&country=US&q=Housecall%20Pro&search_type=keyword_unordered&media_type=all,unverified (host blocked),unverified (host blocked),unverified (host blocked),unverified (host blocked),unverified (host blocked),https://adstransparency.google.com/?region=US&domain=housecallpro.com,unverified,unverified (host blocked),unverified (host blocked),unverified (host blocked),https://www.linkedin.com/ad-library/search?keyword=Housecall%20Pro,unverified (host blocked),unverified (host blocked),0,unverified,unverified,0,"Meta +3, Google +3, LinkedIn +1, CTA +1 pending manual audit",No adstransparency/ad-library URL surfaced; headcount/funding searches not run (session WebSearch budget exhausted).,pending (Meta/Google/LinkedIn ad libraries blocked by egress policy; only headcount bonus verifiable),candidate (prior knowledge; not search-verified)
50,Jobber,getjobber.com,https://www.facebook.com/ads/library/?active_status=active&ad_type=all&country=US&q=Jobber&search_type=keyword_unordered&media_type=all,unverified (host blocked),unverified (host blocked),unverified (host blocked),unverified (host blocked),unverified (host blocked),https://adstransparency.google.com/?region=US&domain=getjobber.com,unverified,unverified (host blocked),unverified (host blocked),unverified (host blocked),https://www.linkedin.com/ad-library/search?keyword=Jobber,unverified (host blocked),unverified (host blocked),0,unverified,unverified,0,"Meta +3, Google +3, LinkedIn +1, CTA +1 pending manual audit",No adstransparency/ad-library URL surfaced; headcount/funding searches not run (session WebSearch budget exhausted).,pending (Meta/Google/LinkedIn ad libraries blocked by egress policy; only headcount bonus verifiable),candidate (prior knowledge; not search-verified)
50,ServiceCore,servicecore.com,https://www.facebook.com/ads/library/?active_status=active&ad_type=all&country=US&q=ServiceCore&search_type=keyword_unordered&media_type=all,unverified (host blocked),unverified (host blocked),unverified (host blocked),unverified (host blocked),unverified (host blocked),https://adstransparency.google.com/?region=US&domain=servicecore.com,unverified,unverified (host blocked),unverified (host blocked),unverified (host blocked),https://www.linkedin.com/ad-library/search?keyword=ServiceCore,unverified (host blocked),unverified (host blocked),0,unverified,unverified,0,"Meta +3, Google +3, LinkedIn +1, CTA +1 pending manual audit",No adstransparency/ad-library URL surfaced; headcount/funding searches not run (session WebSearch budget exhausted).,pending (Meta/Google/LinkedIn ad libraries blocked by egress policy; only headcount bonus verifiable),candidate (prior knowledge; not search-verified)
51,Cinderblock,cinderblock.com,https://www.facebook.com/ads/library/?active_status=active&ad_type=all&country=US&q=Cinderblock&search_type=keyword_unordered&media_type=all,unverified (host blocked),unverified (host blocked),unverified (host blocked),unverified (host blocked),unverified (host blocked),https://adstransparency.google.com/?region=US&domain=cinderblock.com,unverified (no adstransparency search run; budget exhausted),unverified (host blocked),unverified (host blocked),unverified (host blocked),https://www.linkedin.com/ad-library/search?keyword=Cinderblock,unverified (host blocked),unverified (host blocked),0,unverified,unverified,0,"Meta +3, Google +3, LinkedIn +1, CTA +1 pending manual audit",No per-tool headcount/funding/ad-library searches were possible.,pending (Meta/Google/LinkedIn ad libraries blocked by egress policy; only headcount bonus verifiable),search-verified (URL-cited)
51,Deelo,deelo.ai,https://www.facebook.com/ads/library/?active_status=active&ad_type=all&country=US&q=Deelo&search_type=keyword_unordered&media_type=all,unverified (host blocked),unverified (host blocked),unverified (host blocked),unverified (host blocked),unverified (host blocked),https://adstransparency.google.com/?region=US&domain=deelo.ai,unverified (no adstransparency search run; budget exhausted),unverified (host blocked),unverified (host blocked),unverified (host blocked),https://www.linkedin.com/ad-library/search?keyword=Deelo,unverified (host blocked),unverified (host blocked),0,unverified,unverified,0,"Meta +3, Google +3, LinkedIn +1, CTA +1 pending manual audit",No per-tool headcount/funding/ad-library searches were possible.,pending (Meta/Google/LinkedIn ad libraries blocked by egress policy; only headcount bonus verifiable),search-verified (URL-cited)
51,DocuSketch,docusketch.com,https://www.facebook.com/ads/library/?active_status=active&ad_type=all&country=US&q=DocuSketch&search_type=keyword_unordered&media_type=all,unverified (host blocked),unverified (host blocked),unverified (host blocked),unverified (host blocked),unverified (host blocked),https://adstransparency.google.com/?region=US&domain=docusketch.com,unverified (no adstransparency search run; budget exhausted),unverified (host blocked),unverified (host blocked),unverified (host blocked),https://www.linkedin.com/ad-library/search?keyword=DocuSketch,unverified (host blocked),unverified (host blocked),0,unverified,unverified,0,"Meta +3, Google +3, LinkedIn +1, CTA +1 pending manual audit",No per-tool headcount/funding/ad-library searches were possible.,pending (Meta/Google/LinkedIn ad libraries blocked by egress policy; only headcount bonus verifiable),search-verified (URL-cited)
51,FieldFlo,fieldflo.com,https://www.facebook.com/ads/library/?active_status=active&ad_type=all&country=US&q=FieldFlo&search_type=keyword_unordered&media_type=all,unverified (host blocked),unverified (host blocked),unverified (host blocked),unverified (host blocked),unverified (host blocked),https://adstransparency.google.com/?region=US&domain=fieldflo.com,unverified (no adstransparency search run; budget exhausted),unverified (host blocked),unverified (host blocked),unverified (host blocked),https://www.linkedin.com/ad-library/search?keyword=FieldFlo,unverified (host blocked),unverified (host blocked),0,unverified,unverified,0,"Meta +3, Google +3, LinkedIn +1, CTA +1 pending manual audit",No per-tool headcount/funding/ad-library searches were possible.,pending (Meta/Google/LinkedIn ad libraries blocked by egress policy; only headcount bonus verifiable),search-verified (URL-cited)
51,OctopusPro,octopuspro.com,https://www.facebook.com/ads/library/?active_status=active&ad_type=all&country=US&q=OctopusPro&search_type=keyword_unordered&media_type=all,unverified (host blocked),unverified (host blocked),unverified (host blocked),unverified (host blocked),unverified (host blocked),https://adstransparency.google.com/?region=US&domain=octopuspro.com,unverified (no adstransparency search run; budget exhausted),unverified (host blocked),unverified (host blocked),unverified (host blocked),https://www.linkedin.com/ad-library/search?keyword=OctopusPro,unverified (host blocked),unverified (host blocked),0,unverified,unverified,0,"Meta +3, Google +3, LinkedIn +1, CTA +1 pending manual audit",No per-tool headcount/funding/ad-library searches were possible.,pending (Meta/Google/LinkedIn ad libraries blocked by egress policy; only headcount bonus verifiable),search-verified (URL-cited)
51,QuoteIQ,myquoteiq.com,https://www.facebook.com/ads/library/?active_status=active&ad_type=all&country=US&q=QuoteIQ&search_type=keyword_unordered&media_type=all,unverified (host blocked),unverified (host blocked),unverified (host blocked),unverified (host blocked),unverified (host blocked),https://adstransparency.google.com/?region=US&domain=myquoteiq.com,unverified (no adstransparency search run; budget exhausted),unverified (host blocked),unverified (host blocked),unverified (host blocked),https://www.linkedin.com/ad-library/search?keyword=QuoteIQ,unverified (host blocked),unverified (host blocked),0,unverified,unverified,0,"Meta +3, Google +3, LinkedIn +1, CTA +1 pending manual audit",No per-tool headcount/funding/ad-library searches were possible.,pending (Meta/Google/LinkedIn ad libraries blocked by egress policy; only headcount bonus verifiable),search-verified (URL-cited)
51,Vev,vev.co,https://www.facebook.com/ads/library/?active_status=active&ad_type=all&country=US&q=Vev&search_type=keyword_unordered&media_type=all,unverified (host blocked),unverified (host blocked),unverified (host blocked),unverified (host blocked),unverified (host blocked),https://adstransparency.google.com/?region=US&domain=vev.co,unverified (no adstransparency search run; budget exhausted),unverified (host blocked),unverified (host blocked),unverified (host blocked),https://www.linkedin.com/ad-library/search?keyword=Vev,unverified (host blocked),unverified (host blocked),0,unverified,unverified,0,"Meta +3, Google +3, LinkedIn +1, CTA +1 pending manual audit",No per-tool headcount/funding/ad-library searches were possible.,pending (Meta/Google/LinkedIn ad libraries blocked by egress policy; only headcount bonus verifiable),search-verified (URL-cited)
51,Xcelerate (XL Restoration Software),xlrestorationsoftware.com,https://www.facebook.com/ads/library/?active_status=active&ad_type=all&country=US&q=Xcelerate&search_type=keyword_unordered&media_type=all,unverified (host blocked),unverified (host blocked),unverified (host blocked),unverified (host blocked),unverified (host blocked),https://adstransparency.google.com/?region=US&domain=xlrestorationsoftware.com,unverified (no adstransparency search run; budget exhausted),unverified (host blocked),unverified (host blocked),unverified (host blocked),https://www.linkedin.com/ad-library/search?keyword=Xcelerate,unverified (host blocked),unverified (host blocked),0,unverified,unverified,0,"Meta +3, Google +3, LinkedIn +1, CTA +1 pending manual audit",No per-tool headcount/funding/ad-library searches were possible.,pending (Meta/Google/LinkedIn ad libraries blocked by egress policy; only headcount bonus verifiable),search-verified (URL-cited)
52,Albiware,unverified,https://www.facebook.com/ads/library/?active_status=active&ad_type=all&country=US&q=Albiware&search_type=keyword_unordered&media_type=all,unverified (host blocked),unverified (host blocked),unverified (host blocked),unverified (host blocked),unverified (host blocked),unverified (domain not seen in search results),unverified (no adstransparency search run; budget exhausted),unverified (host blocked),unverified (host blocked),unverified (host blocked),https://www.linkedin.com/ad-library/search?keyword=Albiware,unverified (host blocked),unverified (host blocked),0,unverified,unverified,0,"Meta +3, Google +3, LinkedIn +1, CTA +1 pending manual audit",No per-tool headcount/funding/ad-library searches were possible.,pending (Meta/Google/LinkedIn ad libraries blocked by egress policy; only headcount bonus verifiable),candidate (prior knowledge; not search-verified)
52,DASH (Next Gear Solutions),unverified,https://www.facebook.com/ads/library/?active_status=active&ad_type=all&country=US&q=DASH&search_type=keyword_unordered&media_type=all,unverified (host blocked),unverified (host blocked),unverified (host blocked),unverified (host blocked),unverified (host blocked),unverified (domain not seen in search results),unverified (no adstransparency search run; budget exhausted),unverified (host blocked),unverified (host blocked),unverified (host blocked),https://www.linkedin.com/ad-library/search?keyword=DASH,unverified (host blocked),unverified (host blocked),0,unverified,unverified,0,"Meta +3, Google +3, LinkedIn +1, CTA +1 pending manual audit",No per-tool headcount/funding/ad-library searches were possible.,pending (Meta/Google/LinkedIn ad libraries blocked by egress policy; only headcount bonus verifiable),candidate (prior knowledge; not search-verified)
52,Encircle,unverified,https://www.facebook.com/ads/library/?active_status=active&ad_type=all&country=US&q=Encircle&search_type=keyword_unordered&media_type=all,unverified (host blocked),unverified (host blocked),unverified (host blocked),unverified (host blocked),unverified (host blocked),unverified (domain not seen in search results),unverified (no adstransparency search run; budget exhausted),unverified (host blocked),unverified (host blocked),unverified (host blocked),https://www.linkedin.com/ad-library/search?keyword=Encircle,unverified (host blocked),unverified (host blocked),0,unverified,unverified,0,"Meta +3, Google +3, LinkedIn +1, CTA +1 pending manual audit",No per-tool headcount/funding/ad-library searches were possible.,pending (Meta/Google/LinkedIn ad libraries blocked by egress policy; only headcount bonus verifiable),candidate (prior knowledge; not search-verified)
52,PSA (Canam Systems),unverified,https://www.facebook.com/ads/library/?active_status=active&ad_type=all&country=US&q=PSA&search_type=keyword_unordered&media_type=all,unverified (host blocked),unverified (host blocked),unverified (host blocked),unverified (host blocked),unverified (host blocked),unverified (domain not seen in search results),unverified (no adstransparency search run; budget exhausted),unverified (host blocked),unverified (host blocked),unverified (host blocked),https://www.linkedin.com/ad-library/search?keyword=PSA,unverified (host blocked),unverified (host blocked),0,unverified,unverified,0,"Meta +3, Google +3, LinkedIn +1, CTA +1 pending manual audit",No per-tool headcount/funding/ad-library searches were possible.,pending (Meta/Google/LinkedIn ad libraries blocked by egress policy; only headcount bonus verifiable),candidate (prior knowledge; not search-verified)
52,RestorationWiz,unverified,https://www.facebook.com/ads/library/?active_status=active&ad_type=all&country=US&q=RestorationWiz&search_type=keyword_unordered&media_type=all,unverified (host blocked),unverified (host blocked),unverified (host blocked),unverified (host blocked),unverified (host blocked),unverified (domain not seen in search results),unverified (no adstransparency search run; budget exhausted),unverified (host blocked),unverified (host blocked),unverified (host blocked),https://www.linkedin.com/ad-library/search?keyword=RestorationWiz,unverified (host blocked),unverified (host blocked),0,unverified,unverified,0,"Meta +3, Google +3, LinkedIn +1, CTA +1 pending manual audit",No per-tool headcount/funding/ad-library searches were possible.,pending (Meta/Google/LinkedIn ad libraries blocked by egress policy; only headcount bonus verifiable),candidate (prior knowledge; not search-verified)
52,Xactimate (Verisk),unverified,https://www.facebook.com/ads/library/?active_status=active&ad_type=all&country=US&q=Xactimate&search_type=keyword_unordered&media_type=all,unverified (host blocked),unverified (host blocked),unverified (host blocked),unverified (host blocked),unverified (host blocked),unverified (domain not seen in search results),unverified (no adstransparency search run; budget exhausted),unverified (host blocked),unverified (host blocked),unverified (host blocked),https://www.linkedin.com/ad-library/search?keyword=Xactimate,unverified (host blocked),unverified (host blocked),0,unverified,unverified,0,"Meta +3, Google +3, LinkedIn +1, CTA +1 pending manual audit",No per-tool headcount/funding/ad-library searches were possible.,pending (Meta/Google/LinkedIn ad libraries blocked by egress policy; only headcount bonus verifiable),candidate (prior knowledge; not search-verified)
52,Xcelerate (XL Restoration Software),xlrestorationsoftware.com,https://www.facebook.com/ads/library/?active_status=active&ad_type=all&country=US&q=Xcelerate&search_type=keyword_unordered&media_type=all,unverified (host blocked),unverified (host blocked),unverified (host blocked),unverified (host blocked),unverified (host blocked),https://adstransparency.google.com/?region=US&domain=xlrestorationsoftware.com,unverified (no adstransparency search run; budget exhausted),unverified (host blocked),unverified (host blocked),unverified (host blocked),https://www.linkedin.com/ad-library/search?keyword=Xcelerate,unverified (host blocked),unverified (host blocked),0,unverified,unverified,0,"Meta +3, Google +3, LinkedIn +1, CTA +1 pending manual audit",No per-tool headcount/funding/ad-library searches were possible.,pending (Meta/Google/LinkedIn ad libraries blocked by egress policy; only headcount bonus verifiable),candidate (prior knowledge; not search-verified)
55,HoodClean Pro,hoodcleanpro.com,https://www.facebook.com/ads/library/?active_status=active&ad_type=all&country=US&q=HoodClean%20Pro&search_type=keyword_unordered&media_type=all,unverified (host blocked),unverified (host blocked),unverified (host blocked),unverified (host blocked),unverified (host blocked),https://adstransparency.google.com/?region=US&domain=hoodcleanpro.com,unverified (host blocked),unverified (host blocked),unverified (host blocked),unverified (host blocked),https://www.linkedin.com/ad-library/search?keyword=HoodClean%20Pro,unverified (host blocked),unverified (host blocked),0,n/a,unverified (host blocked),0,"Meta +3, Google +3, LinkedIn +1, CTA +1 pending audit",Ad libraries unreachable from this environment (egress policy); counts pending local audit.,pending (audit),search-verified (URL-cited)
55,HoodOps,gethoodops.com,https://www.facebook.com/ads/library/?active_status=active&ad_type=all&country=US&q=HoodOps&search_type=keyword_unordered&media_type=all,unverified (host blocked),unverified (host blocked),unverified (host blocked),unverified (host blocked),unverified (host blocked),https://adstransparency.google.com/?region=US&domain=gethoodops.com,unverified (host blocked),unverified (host blocked),unverified (host blocked),unverified (host blocked),https://www.linkedin.com/ad-library/search?keyword=HoodOps,unverified (host blocked),unverified (host blocked),0,n/a,unverified (host blocked),0,"Meta +3, Google +3, LinkedIn +1, CTA +1 pending audit",Ad libraries unreachable from this environment (egress policy); counts pending local audit.,pending (audit),search-verified (URL-cited)
55,QuoteIQ,myquoteiq.com,https://www.facebook.com/ads/library/?active_status=active&ad_type=all&country=US&q=QuoteIQ&search_type=keyword_unordered&media_type=all,unverified (host blocked),unverified (host blocked),unverified (host blocked),unverified (host blocked),unverified (host blocked),https://adstransparency.google.com/?region=US&domain=myquoteiq.com,unverified (host blocked),unverified (host blocked),unverified (host blocked),unverified (host blocked),https://www.linkedin.com/ad-library/search?keyword=QuoteIQ,unverified (host blocked),unverified (host blocked),2,https://bootstrappers.com/mike-vida-quoteiq/,unverified (host blocked),2,"Meta +3, Google +3, LinkedIn +1, CTA +1 pending audit",Ad libraries unreachable from this environment (egress policy); counts pending local audit. Headcount bonus: result shows <50 employees or bootstrapped.,pending (audit),search-verified (URL-cited)
55,Scheduling Manager (Thoughtful Systems),thoughtfulsystems.com,https://www.facebook.com/ads/library/?active_status=active&ad_type=all&country=US&q=Scheduling%20Manager%20%28Thoughtful%20Systems%29&search_type=keyword_unordered&media_type=all,unverified (host blocked),unverified (host blocked),unverified (host blocked),unverified (host blocked),unverified (host blocked),https://adstransparency.google.com/?region=US&domain=thoughtfulsystems.com,unverified (host blocked),unverified (host blocked),unverified (host blocked),unverified (host blocked),https://www.linkedin.com/ad-library/search?keyword=Scheduling%20Manager%20%28Thoughtful%20Systems%29,unverified (host blocked),unverified (host blocked),0,n/a,unverified (host blocked),0,"Meta +3, Google +3, LinkedIn +1, CTA +1 pending audit",Ad libraries unreachable from this environment (egress policy); counts pending local audit.,pending (audit),search-verified (URL-cited)
55,Service Genius,service-genius.com,https://www.facebook.com/ads/library/?active_status=active&ad_type=all&country=US&q=Service%20Genius&search_type=keyword_unordered&media_type=all,unverified (host blocked),unverified (host blocked),unverified (host blocked),unverified (host blocked),unverified (host blocked),https://adstransparency.google.com/?region=US&domain=service-genius.com,unverified (host blocked),unverified (host blocked),unverified (host blocked),unverified (host blocked),https://www.linkedin.com/ad-library/search?keyword=Service%20Genius,unverified (host blocked),unverified (host blocked),0,n/a,unverified (host blocked),0,"Meta +3, Google +3, LinkedIn +1, CTA +1 pending audit",Ad libraries unreachable from this environment (egress policy); counts pending local audit.,pending (audit),search-verified (URL-cited)
55,ServiceTrade,servicetrade.com,https://www.facebook.com/ads/library/?active_status=active&ad_type=all&country=US&q=ServiceTrade&search_type=keyword_unordered&media_type=all,unverified (host blocked),unverified (host blocked),unverified (host blocked),unverified (host blocked),unverified (host blocked),https://adstransparency.google.com/?region=US&domain=servicetrade.com,unverified (host blocked),unverified (host blocked),unverified (host blocked),unverified (host blocked),https://www.linkedin.com/ad-library/search?keyword=ServiceTrade,unverified (host blocked),unverified (host blocked),0,n/a,unverified (host blocked),0,"Meta +3, Google +3, LinkedIn +1, CTA +1 pending audit",Ad libraries unreachable from this environment (egress policy); counts pending local audit.,pending (audit),search-verified (URL-cited)
55,Smart Service (My Service Depot),smartservice.com,https://www.facebook.com/ads/library/?active_status=active&ad_type=all&country=US&q=Smart%20Service%20%28My%20Service%20Depot%29&search_type=keyword_unordered&media_type=all,unverified (host blocked),unverified (host blocked),unverified (host blocked),unverified (host blocked),unverified (host blocked),https://adstransparency.google.com/?region=US&domain=smartservice.com,unverified (host blocked),unverified (host blocked),unverified (host blocked),unverified (host blocked),https://www.linkedin.com/ad-library/search?keyword=Smart%20Service%20%28My%20Service%20Depot%29,unverified (host blocked),unverified (host blocked),0,n/a,unverified (host blocked),0,"Meta +3, Google +3, LinkedIn +1, CTA +1 pending audit",Ad libraries unreachable from this environment (egress policy); counts pending local audit.,pending (audit),search-verified (URL-cited)
55,eHoodCleaner,ehoodcleaner.com,https://www.facebook.com/ads/library/?active_status=active&ad_type=all&country=US&q=eHoodCleaner&search_type=keyword_unordered&media_type=all,unverified (host blocked),unverified (host blocked),unverified (host blocked),unverified (host blocked),unverified (host blocked),https://adstransparency.google.com/?region=US&domain=ehoodcleaner.com,unverified (host blocked),unverified (host blocked),unverified (host blocked),unverified (host blocked),https://www.linkedin.com/ad-library/search?keyword=eHoodCleaner,unverified (host blocked),unverified (host blocked),0,n/a,unverified (host blocked),0,"Meta +3, Google +3, LinkedIn +1, CTA +1 pending audit",Ad libraries unreachable from this environment (egress policy); counts pending local audit.,pending (audit),search-verified (URL-cited)
56,ManageMart,managemart.com,https://www.facebook.com/ads/library/?active_status=active&ad_type=all&country=US&q=ManageMart&search_type=keyword_unordered&media_type=all,unverified (host blocked),unverified (host blocked),unverified (host blocked),unverified (host blocked),unverified (host blocked),https://adstransparency.google.com/?region=US&domain=managemart.com,unverified (host blocked),unverified (host blocked),unverified (host blocked),unverified (host blocked),https://www.linkedin.com/ad-library/search?keyword=ManageMart,unverified (host blocked),unverified (host blocked),0,unverified,unverified (host blocked),0,"Meta +3, Google +3, LinkedIn +1, CTA +1 pending audit",,pending (audit),search-verified (URL-cited)
56,QuoteIQ,myquoteiq.com,https://www.facebook.com/ads/library/?active_status=active&ad_type=all&country=US&q=QuoteIQ&search_type=keyword_unordered&media_type=all,unverified (host blocked),unverified (host blocked),unverified (host blocked),unverified (host blocked),unverified (host blocked),https://adstransparency.google.com/?region=US&domain=myquoteiq.com,unverified (host blocked),unverified (host blocked),unverified (host blocked),unverified (host blocked),https://www.linkedin.com/ad-library/search?keyword=QuoteIQ,unverified (host blocked),unverified (host blocked),2,https://contractortoolstack.com/software/quoteiq/pricing/,unverified (host blocked),2,"Meta +3, Google +3, LinkedIn +1, CTA +1 pending audit",,pending (audit),search-verified (URL-cited)
56,Service Fusion,servicefusion.com,https://www.facebook.com/ads/library/?active_status=active&ad_type=all&country=US&q=Service%20Fusion&search_type=keyword_unordered&media_type=all,unverified (host blocked),unverified (host blocked),unverified (host blocked),unverified (host blocked),unverified (host blocked),https://adstransparency.google.com/?region=US&domain=servicefusion.com,unverified (host blocked),unverified (host blocked),unverified (host blocked),unverified (host blocked),https://www.linkedin.com/ad-library/search?keyword=Service%20Fusion,unverified (host blocked),unverified (host blocked),0,unverified,unverified (host blocked),0,"Meta +3, Google +3, LinkedIn +1, CTA +1 pending audit",,pending (audit),search-verified (URL-cited)
56,ServiceTitan,servicetitan.com,https://www.facebook.com/ads/library/?active_status=active&ad_type=all&country=US&q=ServiceTitan&search_type=keyword_unordered&media_type=all,unverified (host blocked),unverified (host blocked),unverified (host blocked),unverified (host blocked),unverified (host blocked),https://adstransparency.google.com/?region=US&domain=servicetitan.com,unverified (host blocked),unverified (host blocked),unverified (host blocked),unverified (host blocked),https://www.linkedin.com/ad-library/search?keyword=ServiceTitan,unverified (host blocked),unverified (host blocked),0,unverified,unverified (host blocked),0,"Meta +3, Google +3, LinkedIn +1, CTA +1 pending audit",,pending (audit),search-verified (URL-cited)
56,SetTime,settime.io,https://www.facebook.com/ads/library/?active_status=active&ad_type=all&country=US&q=SetTime&search_type=keyword_unordered&media_type=all,unverified (host blocked),unverified (host blocked),unverified (host blocked),unverified (host blocked),unverified (host blocked),https://adstransparency.google.com/?region=US&domain=settime.io,unverified (host blocked),unverified (host blocked),unverified (host blocked),unverified (host blocked),https://www.linkedin.com/ad-library/search?keyword=SetTime,unverified (host blocked),unverified (host blocked),0,unverified,unverified (host blocked),0,"Meta +3, Google +3, LinkedIn +1, CTA +1 pending audit",,pending (audit),search-verified (URL-cited)
56,Upper,upperinc.com,https://www.facebook.com/ads/library/?active_status=active&ad_type=all&country=US&q=Upper&search_type=keyword_unordered&media_type=all,unverified (host blocked),unverified (host blocked),unverified (host blocked),unverified (host blocked),unverified (host blocked),https://adstransparency.google.com/?region=US&domain=upperinc.com,unverified (host blocked),unverified (host blocked),unverified (host blocked),unverified (host blocked),https://www.linkedin.com/ad-library/search?keyword=Upper,unverified (host blocked),unverified (host blocked),0,unverified,unverified (host blocked),0,"Meta +3, Google +3, LinkedIn +1, CTA +1 pending audit",,pending (audit),search-verified (URL-cited)
56,Vonigo,vonigo.com,https://www.facebook.com/ads/library/?active_status=active&ad_type=all&country=US&q=Vonigo&search_type=keyword_unordered&media_type=all,unverified (host blocked),unverified (host blocked),unverified (host blocked),unverified (host blocked),unverified (host blocked),https://adstransparency.google.com/?region=US&domain=vonigo.com,unverified (host blocked),unverified (host blocked),unverified (host blocked),unverified (host blocked),https://www.linkedin.com/ad-library/search?keyword=Vonigo,unverified (host blocked),unverified (host blocked),2,https://getlatka.com/companies/vonigo,unverified (host blocked),2,"Meta +3, Google +3, LinkedIn +1, CTA +1 pending audit",,pending (audit),search-verified (URL-cited)
56,Workiz,workiz.com,https://www.facebook.com/ads/library/?active_status=active&ad_type=all&country=US&q=Workiz&search_type=keyword_unordered&media_type=all,unverified (host blocked),unverified (host blocked),unverified (host blocked),unverified (host blocked),unverified (host blocked),https://adstransparency.google.com/?region=US&domain=workiz.com,unverified (host blocked),unverified (host blocked),unverified (host blocked),unverified (host blocked),https://www.linkedin.com/ad-library/search?keyword=Workiz,unverified (host blocked),unverified (host blocked),0,unverified,unverified (host blocked),0,"Meta +3, Google +3, LinkedIn +1, CTA +1 pending audit",,pending (audit),search-verified (URL-cited)
57,BSI Online (Backflow Solutions Inc),backflow.com,https://www.facebook.com/ads/library/?active_status=active&ad_type=all&country=US&q=BSI%20Online%20%28Backflow%20Solutions%20Inc%29&search_type=keyword_unordered&media_type=all,unverified (host blocked),unverified (host blocked),unverified (host blocked),unverified (host blocked),unverified (host blocked),https://adstransparency.google.com/?region=US&domain=backflow.com,,unverified (host blocked),unverified (host blocked),unverified (host blocked),https://www.linkedin.com/ad-library/search?keyword=BSI%20Online%20%28Backflow%20Solutions%20Inc%29,unverified (host blocked),unverified (host blocked),0,,,0,"Meta +3, Google +3, LinkedIn +1, CTA +1 pending audit",,pending (audit),search-verified (URL-cited)
57,Backflow Reporter,backflowreporter.app,https://www.facebook.com/ads/library/?active_status=active&ad_type=all&country=US&q=Backflow%20Reporter&search_type=keyword_unordered&media_type=all,unverified (host blocked),unverified (host blocked),unverified (host blocked),unverified (host blocked),unverified (host blocked),https://adstransparency.google.com/?region=US&domain=backflowreporter.app,,unverified (host blocked),unverified (host blocked),unverified (host blocked),https://www.linkedin.com/ad-library/search?keyword=Backflow%20Reporter,unverified (host blocked),unverified (host blocked),0,,,0,"Meta +3, Google +3, LinkedIn +1, CTA +1 pending audit",,pending (audit),search-verified (URL-cited)
57,EcosConnect,ecosconnect.com,https://www.facebook.com/ads/library/?active_status=active&ad_type=all&country=US&q=EcosConnect&search_type=keyword_unordered&media_type=all,unverified (host blocked),unverified (host blocked),unverified (host blocked),unverified (host blocked),unverified (host blocked),https://adstransparency.google.com/?region=US&domain=ecosconnect.com,,unverified (host blocked),unverified (host blocked),unverified (host blocked),https://www.linkedin.com/ad-library/search?keyword=EcosConnect,unverified (host blocked),unverified (host blocked),0,,,0,"Meta +3, Google +3, LinkedIn +1, CTA +1 pending audit",,pending (audit),search-verified (URL-cited)
57,FieldPie,fieldpie.com,https://www.facebook.com/ads/library/?active_status=active&ad_type=all&country=US&q=FieldPie&search_type=keyword_unordered&media_type=all,unverified (host blocked),unverified (host blocked),unverified (host blocked),unverified (host blocked),unverified (host blocked),https://adstransparency.google.com/?region=US&domain=fieldpie.com,,unverified (host blocked),unverified (host blocked),unverified (host blocked),https://www.linkedin.com/ad-library/search?keyword=FieldPie,unverified (host blocked),unverified (host blocked),0,,,0,"Meta +3, Google +3, LinkedIn +1, CTA +1 pending audit",,pending (audit),search-verified (URL-cited)
57,Inspect Point,inspectpoint.com,https://www.facebook.com/ads/library/?active_status=active&ad_type=all&country=US&q=Inspect%20Point&search_type=keyword_unordered&media_type=all,unverified (host blocked),unverified (host blocked),unverified (host blocked),unverified (host blocked),unverified (host blocked),https://adstransparency.google.com/?region=US&domain=inspectpoint.com,,unverified (host blocked),unverified (host blocked),unverified (host blocked),https://www.linkedin.com/ad-library/search?keyword=Inspect%20Point,unverified (host blocked),unverified (host blocked),0,,,0,"Meta +3, Google +3, LinkedIn +1, CTA +1 pending audit",,pending (audit),search-verified (URL-cited)
57,QuoteIQ,myquoteiq.com,https://www.facebook.com/ads/library/?active_status=active&ad_type=all&country=US&q=QuoteIQ&search_type=keyword_unordered&media_type=all,unverified (host blocked),unverified (host blocked),unverified (host blocked),unverified (host blocked),unverified (host blocked),https://adstransparency.google.com/?region=US&domain=myquoteiq.com,,unverified (host blocked),unverified (host blocked),unverified (host blocked),https://www.linkedin.com/ad-library/search?keyword=QuoteIQ,unverified (host blocked),unverified (host blocked),0,,,0,"Meta +3, Google +3, LinkedIn +1, CTA +1 pending audit",,pending (audit),search-verified (URL-cited)
57,SwiftComply,swiftcomply.com,https://www.facebook.com/ads/library/?active_status=active&ad_type=all&country=US&q=SwiftComply&search_type=keyword_unordered&media_type=all,unverified (host blocked),unverified (host blocked),unverified (host blocked),unverified (host blocked),unverified (host blocked),https://adstransparency.google.com/?region=US&domain=swiftcomply.com,,unverified (host blocked),unverified (host blocked),unverified (host blocked),https://www.linkedin.com/ad-library/search?keyword=SwiftComply,unverified (host blocked),unverified (host blocked),0,,,0,"Meta +3, Google +3, LinkedIn +1, CTA +1 pending audit",,pending (audit),search-verified (URL-cited)
57,Truwave Software,truwavesoftware.com,https://www.facebook.com/ads/library/?active_status=active&ad_type=all&country=US&q=Truwave%20Software&search_type=keyword_unordered&media_type=all,unverified (host blocked),unverified (host blocked),unverified (host blocked),unverified (host blocked),unverified (host blocked),https://adstransparency.google.com/?region=US&domain=truwavesoftware.com,,unverified (host blocked),unverified (host blocked),unverified (host blocked),https://www.linkedin.com/ad-library/search?keyword=Truwave%20Software,unverified (host blocked),unverified (host blocked),0,,,0,"Meta +3, Google +3, LinkedIn +1, CTA +1 pending audit",,pending (audit),search-verified (URL-cited)
58,Essential,withessential.com,https://www.facebook.com/ads/library/?active_status=active&ad_type=all&country=US&q=Essential&search_type=keyword_unordered&media_type=all,unverified (host blocked),unverified (host blocked),unverified (host blocked),unverified (host blocked),unverified (host blocked),https://adstransparency.google.com/?region=US&domain=withessential.com,,unverified (host blocked),unverified (host blocked),unverified (host blocked),https://www.linkedin.com/ad-library/search?keyword=Essential,unverified (host blocked),unverified (host blocked),0,,,0,"Meta +3, Google +3, LinkedIn +1, CTA +1 pending audit",,pending (audit),search-verified (URL-cited)
58,FireInspect,fireinspectapp.com,https://www.facebook.com/ads/library/?active_status=active&ad_type=all&country=US&q=FireInspect&search_type=keyword_unordered&media_type=all,unverified (host blocked),unverified (host blocked),unverified (host blocked),unverified (host blocked),unverified (host blocked),https://adstransparency.google.com/?region=US&domain=fireinspectapp.com,,unverified (host blocked),unverified (host blocked),unverified (host blocked),https://www.linkedin.com/ad-library/search?keyword=FireInspect,unverified (host blocked),unverified (host blocked),0,,,0,"Meta +3, Google +3, LinkedIn +1, CTA +1 pending audit",,pending (audit),search-verified (URL-cited)
58,Firebug EXT (General Data),general-data.com,https://www.facebook.com/ads/library/?active_status=active&ad_type=all&country=US&q=Firebug%20EXT%20%28General%20Data%29&search_type=keyword_unordered&media_type=all,unverified (host blocked),unverified (host blocked),unverified (host blocked),unverified (host blocked),unverified (host blocked),https://adstransparency.google.com/?region=US&domain=general-data.com,,unverified (host blocked),unverified (host blocked),unverified (host blocked),https://www.linkedin.com/ad-library/search?keyword=Firebug%20EXT%20%28General%20Data%29,unverified (host blocked),unverified (host blocked),0,,,0,"Meta +3, Google +3, LinkedIn +1, CTA +1 pending audit",,pending (audit),search-verified (URL-cited)
58,Inspect Point,inspectpoint.com,https://www.facebook.com/ads/library/?active_status=active&ad_type=all&country=US&q=Inspect%20Point&search_type=keyword_unordered&media_type=all,unverified (host blocked),unverified (host blocked),unverified (host blocked),unverified (host blocked),unverified (host blocked),https://adstransparency.google.com/?region=US&domain=inspectpoint.com,,unverified (host blocked),unverified (host blocked),unverified (host blocked),https://www.linkedin.com/ad-library/search?keyword=Inspect%20Point,unverified (host blocked),unverified (host blocked),0,,,0,"Meta +3, Google +3, LinkedIn +1, CTA +1 pending audit",,pending (audit),search-verified (URL-cited)
58,KomplyOS,komplyos.com,https://www.facebook.com/ads/library/?active_status=active&ad_type=all&country=US&q=KomplyOS&search_type=keyword_unordered&media_type=all,unverified (host blocked),unverified (host blocked),unverified (host blocked),unverified (host blocked),unverified (host blocked),https://adstransparency.google.com/?region=US&domain=komplyos.com,,unverified (host blocked),unverified (host blocked),unverified (host blocked),https://www.linkedin.com/ad-library/search?keyword=KomplyOS,unverified (host blocked),unverified (host blocked),0,,,0,"Meta +3, Google +3, LinkedIn +1, CTA +1 pending audit",,pending (audit),search-verified (URL-cited)
58,ServiceTrade,servicetrade.com,https://www.facebook.com/ads/library/?active_status=active&ad_type=all&country=US&q=ServiceTrade&search_type=keyword_unordered&media_type=all,unverified (host blocked),unverified (host blocked),unverified (host blocked),unverified (host blocked),unverified (host blocked),https://adstransparency.google.com/?region=US&domain=servicetrade.com,,unverified (host blocked),unverified (host blocked),unverified (host blocked),https://www.linkedin.com/ad-library/search?keyword=ServiceTrade,unverified (host blocked),unverified (host blocked),0,,,0,"Meta +3, Google +3, LinkedIn +1, CTA +1 pending audit",,pending (audit),search-verified (URL-cited)
58,Uptick,uptickhq.com,https://www.facebook.com/ads/library/?active_status=active&ad_type=all&country=US&q=Uptick&search_type=keyword_unordered&media_type=all,unverified (host blocked),unverified (host blocked),unverified (host blocked),unverified (host blocked),unverified (host blocked),https://adstransparency.google.com/?region=US&domain=uptickhq.com,,unverified (host blocked),unverified (host blocked),unverified (host blocked),https://www.linkedin.com/ad-library/search?keyword=Uptick,unverified (host blocked),unverified (host blocked),0,,,0,"Meta +3, Google +3, LinkedIn +1, CTA +1 pending audit",,pending (audit),search-verified (URL-cited)
58,ZenFire (ZenTrades),zentrades.pro,https://www.facebook.com/ads/library/?active_status=active&ad_type=all&country=US&q=ZenFire%20%28ZenTrades%29&search_type=keyword_unordered&media_type=all,unverified (host blocked),unverified (host blocked),unverified (host blocked),unverified (host blocked),unverified (host blocked),https://adstransparency.google.com/?region=US&domain=zentrades.pro,,unverified (host blocked),unverified (host blocked),unverified (host blocked),https://www.linkedin.com/ad-library/search?keyword=ZenFire%20%28ZenTrades%29,unverified (host blocked),unverified (host blocked),0,,,0,"Meta +3, Google +3, LinkedIn +1, CTA +1 pending audit",,pending (audit),search-verified (URL-cited)
59,BTSOFT (ALPACA LIMS Asbestos edition / LabMaster),btsoft.com,https://www.facebook.com/ads/library/?active_status=active&ad_type=all&country=US&q=BTSOFT%20%28ALPACA%20LIMS%20Asbestos%20edition%20/%20LabMaster%29&search_type=keyword_unordered&media_type=all,unverified (host blocked),unverified (host blocked),unverified (host blocked),unverified (host blocked),unverified (host blocked),https://adstransparency.google.com/?region=US&domain=btsoft.com,unverified,unverified (host blocked),unverified (host blocked),unverified (host blocked),https://www.linkedin.com/ad-library/search?keyword=BTSOFT%20%28ALPACA%20LIMS%20Asbestos%20edition%20/%20LabMaster%29,unverified (host blocked),unverified (host blocked),0,unverified,unverified,0,"Meta +3, Google +3, LinkedIn +1, CTA +1 pending audit",headcount/funding not verified in results,pending (audit),search-verified (URL-cited)
59,BlazeLIMS (Blaze Systems),blazesystems.com,https://www.facebook.com/ads/library/?active_status=active&ad_type=all&country=US&q=BlazeLIMS%20%28Blaze%20Systems%29&search_type=keyword_unordered&media_type=all,unverified (host blocked),unverified (host blocked),unverified (host blocked),unverified (host blocked),unverified (host blocked),https://adstransparency.google.com/?region=US&domain=blazesystems.com,unverified,unverified (host blocked),unverified (host blocked),unverified (host blocked),https://www.linkedin.com/ad-library/search?keyword=BlazeLIMS%20%28Blaze%20Systems%29,unverified (host blocked),unverified (host blocked),0,unverified,unverified,0,"Meta +3, Google +3, LinkedIn +1, CTA +1 pending audit",headcount/funding not verified in results,pending (audit),search-verified (URL-cited)
59,Clinisys Environmental Laboratory,clinisys.com,https://www.facebook.com/ads/library/?active_status=active&ad_type=all&country=US&q=Clinisys%20Environmental%20Laboratory&search_type=keyword_unordered&media_type=all,unverified (host blocked),unverified (host blocked),unverified (host blocked),unverified (host blocked),unverified (host blocked),https://adstransparency.google.com/?region=US&domain=clinisys.com,unverified,unverified (host blocked),unverified (host blocked),unverified (host blocked),https://www.linkedin.com/ad-library/search?keyword=Clinisys%20Environmental%20Laboratory,unverified (host blocked),unverified (host blocked),0,unverified,unverified,0,"Meta +3, Google +3, LinkedIn +1, CTA +1 pending audit",headcount/funding not verified in results,pending (audit),search-verified (URL-cited)
59,CloudLIMS,cloudlims.com,https://www.facebook.com/ads/library/?active_status=active&ad_type=all&country=US&q=CloudLIMS&search_type=keyword_unordered&media_type=all,unverified (host blocked),unverified (host blocked),unverified (host blocked),unverified (host blocked),unverified (host blocked),https://adstransparency.google.com/?region=US&domain=cloudlims.com,unverified,unverified (host blocked),unverified (host blocked),unverified (host blocked),https://www.linkedin.com/ad-library/search?keyword=CloudLIMS,unverified (host blocked),unverified (host blocked),0,unverified,unverified,0,"Meta +3, Google +3, LinkedIn +1, CTA +1 pending audit",headcount/funding not verified in results,pending (audit),search-verified (URL-cited)
59,Confience LIMS (QSI + ATL merger; formerly Accelerated Technology Laboratories),confience.io,https://www.facebook.com/ads/library/?active_status=active&ad_type=all&country=US&q=Confience%20LIMS%20%28QSI%20%2B%20ATL%20merger%3B%20formerly%20Accelerated%20Technology%20Laboratories%29&search_type=keyword_unordered&media_type=all,unverified (host blocked),unverified (host blocked),unverified (host blocked),unverified (host blocked),unverified (host blocked),https://adstransparency.google.com/?region=US&domain=confience.io,unverified,unverified (host blocked),unverified (host blocked),unverified (host blocked),https://www.linkedin.com/ad-library/search?keyword=Confience%20LIMS%20%28QSI%20%2B%20ATL%20merger%3B%20formerly%20Accelerated%20Technology%20Laboratories%29,unverified (host blocked),unverified (host blocked),0,unverified,unverified,0,"Meta +3, Google +3, LinkedIn +1, CTA +1 pending audit",headcount/funding not verified in results,pending (audit),search-verified (URL-cited)
59,LabLynx Environmental LIMS,lablynx.com,https://www.facebook.com/ads/library/?active_status=active&ad_type=all&country=US&q=LabLynx%20Environmental%20LIMS&search_type=keyword_unordered&media_type=all,unverified (host blocked),unverified (host blocked),unverified (host blocked),unverified (host blocked),unverified (host blocked),https://adstransparency.google.com/?region=US&domain=lablynx.com,unverified,unverified (host blocked),unverified (host blocked),unverified (host blocked),https://www.linkedin.com/ad-library/search?keyword=LabLynx%20Environmental%20LIMS,unverified (host blocked),unverified (host blocked),0,unverified,unverified,0,"Meta +3, Google +3, LinkedIn +1, CTA +1 pending audit",headcount/funding not verified in results,pending (audit),search-verified (URL-cited)
59,Labbit,labbit.com,https://www.facebook.com/ads/library/?active_status=active&ad_type=all&country=US&q=Labbit&search_type=keyword_unordered&media_type=all,unverified (host blocked),unverified (host blocked),unverified (host blocked),unverified (host blocked),unverified (host blocked),https://adstransparency.google.com/?region=US&domain=labbit.com,unverified,unverified (host blocked),unverified (host blocked),unverified (host blocked),https://www.linkedin.com/ad-library/search?keyword=Labbit,unverified (host blocked),unverified (host blocked),0,unverified,unverified,0,"Meta +3, Google +3, LinkedIn +1, CTA +1 pending audit",headcount/funding not verified in results,pending (audit),search-verified (URL-cited)
59,QBench,qbench.com,https://www.facebook.com/ads/library/?active_status=active&ad_type=all&country=US&q=QBench&search_type=keyword_unordered&media_type=all,unverified (host blocked),unverified (host blocked),unverified (host blocked),unverified (host blocked),unverified (host blocked),https://adstransparency.google.com/?region=US&domain=qbench.com,unverified,unverified (host blocked),unverified (host blocked),unverified (host blocked),https://www.linkedin.com/ad-library/search?keyword=QBench,unverified (host blocked),unverified (host blocked),0,unverified,unverified,0,"Meta +3, Google +3, LinkedIn +1, CTA +1 pending audit",headcount >=50 or ambiguous; no bonus,pending (audit),search-verified (URL-cited)
60,EZshred,ezshred.com,https://www.facebook.com/ads/library/?active_status=active&ad_type=all&country=US&q=EZshred&search_type=keyword_unordered&media_type=all,unverified (host blocked),unverified (host blocked),unverified (host blocked),unverified (host blocked),unverified (host blocked),https://adstransparency.google.com/?region=US&domain=ezshred.com,unverified (host blocked),unverified (host blocked),unverified (host blocked),unverified (host blocked),https://www.linkedin.com/ad-library/search?keyword=EZshred,unverified (host blocked),unverified (host blocked),2,https://www.zoominfo.com/c/ezshred-llc/343462932,unverified (host blocked),2,"Meta +3, Google +3, LinkedIn +1, CTA +1 pending audit",Lookup URLs prebuilt; run scraper/ locally to fill counts.,pending (audit),search-verified (URL-cited)
60,Octopus SaaS,octopussaas.com,https://www.facebook.com/ads/library/?active_status=active&ad_type=all&country=US&q=Octopus%20SaaS&search_type=keyword_unordered&media_type=all,unverified (host blocked),unverified (host blocked),unverified (host blocked),unverified (host blocked),unverified (host blocked),https://adstransparency.google.com/?region=US&domain=octopussaas.com,unverified (host blocked),unverified (host blocked),unverified (host blocked),unverified (host blocked),https://www.linkedin.com/ad-library/search?keyword=Octopus%20SaaS,unverified (host blocked),unverified (host blocked),0,unverified,unverified (host blocked),0,"Meta +3, Google +3, LinkedIn +1, CTA +1 pending audit",Lookup URLs prebuilt; run scraper/ locally to fill counts.,pending (audit),search-verified (URL-cited)
60,Q-Shred (ShredMetrics),shredmetrics.com,https://www.facebook.com/ads/library/?active_status=active&ad_type=all&country=US&q=Q-Shred%20%28ShredMetrics%29&search_type=keyword_unordered&media_type=all,unverified (host blocked),unverified (host blocked),unverified (host blocked),unverified (host blocked),unverified (host blocked),https://adstransparency.google.com/?region=US&domain=shredmetrics.com,unverified (host blocked),unverified (host blocked),unverified (host blocked),unverified (host blocked),https://www.linkedin.com/ad-library/search?keyword=Q-Shred%20%28ShredMetrics%29,unverified (host blocked),unverified (host blocked),0,unverified,unverified (host blocked),0,"Meta +3, Google +3, LinkedIn +1, CTA +1 pending audit",Lookup URLs prebuilt; run scraper/ locally to fill counts.,pending (audit),search-verified (URL-cited)
60,Route Planner AI (CRM Route Planner),routeplannerai.io,https://www.facebook.com/ads/library/?active_status=active&ad_type=all&country=US&q=Route%20Planner%20AI%20%28CRM%20Route%20Planner%29&search_type=keyword_unordered&media_type=all,unverified (host blocked),unverified (host blocked),unverified (host blocked),unverified (host blocked),unverified (host blocked),https://adstransparency.google.com/?region=US&domain=routeplannerai.io,unverified (host blocked),unverified (host blocked),unverified (host blocked),unverified (host blocked),https://www.linkedin.com/ad-library/search?keyword=Route%20Planner%20AI%20%28CRM%20Route%20Planner%29,unverified (host blocked),unverified (host blocked),0,unverified,unverified (host blocked),0,"Meta +3, Google +3, LinkedIn +1, CTA +1 pending audit",Lookup URLs prebuilt; run scraper/ locally to fill counts.,pending (audit),search-verified (URL-cited)
60,Smart Service,smartservice.com,https://www.facebook.com/ads/library/?active_status=active&ad_type=all&country=US&q=Smart%20Service&search_type=keyword_unordered&media_type=all,unverified (host blocked),unverified (host blocked),unverified (host blocked),unverified (host blocked),unverified (host blocked),https://adstransparency.google.com/?region=US&domain=smartservice.com,unverified (host blocked),unverified (host blocked),unverified (host blocked),unverified (host blocked),https://www.linkedin.com/ad-library/search?keyword=Smart%20Service,unverified (host blocked),unverified (host blocked),0,unverified,unverified (host blocked),0,"Meta +3, Google +3, LinkedIn +1, CTA +1 pending audit",Lookup URLs prebuilt; run scraper/ locally to fill counts.,pending (audit),search-verified (URL-cited)
60,Total Recall (DHS Worldwide),dhsworldwide.com,https://www.facebook.com/ads/library/?active_status=active&ad_type=all&country=US&q=Total%20Recall%20%28DHS%20Worldwide%29&search_type=keyword_unordered&media_type=all,unverified (host blocked),unverified (host blocked),unverified (host blocked),unverified (host blocked),unverified (host blocked),https://adstransparency.google.com/?region=US&domain=dhsworldwide.com,unverified (host blocked),unverified (host blocked),unverified (host blocked),unverified (host blocked),https://www.linkedin.com/ad-library/search?keyword=Total%20Recall%20%28DHS%20Worldwide%29,unverified (host blocked),unverified (host blocked),2,https://leadiq.com/c/dhs-worldwide-software-solutions---total-recall-software/5a1da0aa2300005a0091bc3c,unverified (host blocked),2,"Meta +3, Google +3, LinkedIn +1, CTA +1 pending audit",Lookup URLs prebuilt; run scraper/ locally to fill counts.,pending (audit),search-verified (URL-cited)
61,GuardsPro (formerly Guardso),guardspro.com,https://www.facebook.com/ads/library/?active_status=active&ad_type=all&country=US&q=GuardsPro%20%28formerly%20Guardso%29&search_type=keyword_unordered&media_type=all,unverified (host blocked),unverified (host blocked),unverified (host blocked),unverified (host blocked),unverified (host blocked),https://adstransparency.google.com/?region=US&domain=guardspro.com,unverified (host blocked),unverified (host blocked),unverified (host blocked),unverified (host blocked),https://www.linkedin.com/ad-library/search?keyword=GuardsPro%20%28formerly%20Guardso%29,unverified (host blocked),unverified (host blocked),2,https://craft.co/guardspro,unverified (host blocked),2,"Meta +3, Google +3, LinkedIn +1, CTA +1 pending audit",Search-verified tool; all platform counts await local scraper run.,pending (audit),search-verified (URL-cited)
61,Novagems,novagems.com,https://www.facebook.com/ads/library/?active_status=active&ad_type=all&country=US&q=Novagems&search_type=keyword_unordered&media_type=all,unverified (host blocked),unverified (host blocked),unverified (host blocked),unverified (host blocked),unverified (host blocked),https://adstransparency.google.com/?region=US&domain=novagems.com,unverified (host blocked),unverified (host blocked),unverified (host blocked),unverified (host blocked),https://www.linkedin.com/ad-library/search?keyword=Novagems,unverified (host blocked),unverified (host blocked),2,https://tracxn.com/d/companies/novagems/__NB1bxtMvjUL5X_BHyujfQzeopaSOdUEFg6oHFQQWlSw,unverified (host blocked),2,"Meta +3, Google +3, LinkedIn +1, CTA +1 pending audit",Search-verified tool; all platform counts await local scraper run.,pending (audit),search-verified (URL-cited)
61,Safetrac,safetrac.io,https://www.facebook.com/ads/library/?active_status=active&ad_type=all&country=US&q=Safetrac&search_type=keyword_unordered&media_type=all,unverified (host blocked),unverified (host blocked),unverified (host blocked),unverified (host blocked),unverified (host blocked),https://adstransparency.google.com/?region=US&domain=safetrac.io,unverified (host blocked),unverified (host blocked),unverified (host blocked),unverified (host blocked),https://www.linkedin.com/ad-library/search?keyword=Safetrac,unverified (host blocked),unverified (host blocked),0,unverified,unverified (host blocked),0,"Meta +3, Google +3, LinkedIn +1, CTA +1 pending audit",Search-verified tool; no <50-headcount or bootstrapped evidence found in results.,pending (audit),search-verified (URL-cited)
61,Silvertrac (Trackforce),silvertracsoftware.com,https://www.facebook.com/ads/library/?active_status=active&ad_type=all&country=US&q=Silvertrac%20%28Trackforce%29&search_type=keyword_unordered&media_type=all,unverified (host blocked),unverified (host blocked),unverified (host blocked),unverified (host blocked),unverified (host blocked),https://adstransparency.google.com/?region=US&domain=silvertracsoftware.com,unverified (host blocked),unverified (host blocked),unverified (host blocked),unverified (host blocked),https://www.linkedin.com/ad-library/search?keyword=Silvertrac%20%28Trackforce%29,unverified (host blocked),unverified (host blocked),0,unverified,unverified (host blocked),0,"Meta +3, Google +3, LinkedIn +1, CTA +1 pending audit",Search-verified tool; no <50-headcount or bootstrapped evidence found in results.,pending (audit),search-verified (URL-cited)
61,THERMS,therms.io,https://www.facebook.com/ads/library/?active_status=active&ad_type=all&country=US&q=THERMS&search_type=keyword_unordered&media_type=all,unverified (host blocked),unverified (host blocked),unverified (host blocked),unverified (host blocked),unverified (host blocked),https://adstransparency.google.com/?region=US&domain=therms.io,unverified (host blocked),unverified (host blocked),unverified (host blocked),unverified (host blocked),https://www.linkedin.com/ad-library/search?keyword=THERMS,unverified (host blocked),unverified (host blocked),0,unverified,unverified (host blocked),0,"Meta +3, Google +3, LinkedIn +1, CTA +1 pending audit",Search-verified tool; no <50-headcount or bootstrapped evidence found in results.,pending (audit),search-verified (URL-cited)
61,TrackTik (Trackforce),trackforce.com,https://www.facebook.com/ads/library/?active_status=active&ad_type=all&country=US&q=TrackTik%20%28Trackforce%29&search_type=keyword_unordered&media_type=all,unverified (host blocked),unverified (host blocked),unverified (host blocked),unverified (host blocked),unverified (host blocked),https://adstransparency.google.com/?region=US&domain=trackforce.com,unverified (host blocked),unverified (host blocked),unverified (host blocked),unverified (host blocked),https://www.linkedin.com/ad-library/search?keyword=TrackTik%20%28Trackforce%29,unverified (host blocked),unverified (host blocked),0,unverified,unverified (host blocked),0,"Meta +3, Google +3, LinkedIn +1, CTA +1 pending audit",Search-verified tool; no <50-headcount or bootstrapped evidence found in results.,pending (audit),search-verified (URL-cited)
62,FieldEdge,fieldedge.com,https://www.facebook.com/ads/library/?active_status=active&ad_type=all&country=US&q=FieldEdge&search_type=keyword_unordered&media_type=all,unverified (host blocked),unverified (host blocked),unverified (host blocked),unverified (host blocked),unverified (host blocked),https://adstransparency.google.com/?region=US&domain=fieldedge.com,unverified (host blocked),unverified (host blocked),unverified (host blocked),unverified (host blocked),https://www.linkedin.com/ad-library/search?keyword=FieldEdge,unverified (host blocked),unverified (host blocked),0,,unverified (host blocked),0,"Meta +3, Google +3, LinkedIn +1, CTA +1 pending audit",headcount bonus only; all ad-library hosts blocked in this session; no <50-employee or bootstrapped evidence found,pending (audit),search-verified (URL-cited)
62,FieldPulse,fieldpulse.com,https://www.facebook.com/ads/library/?active_status=active&ad_type=all&country=US&q=FieldPulse&search_type=keyword_unordered&media_type=all,unverified (host blocked),unverified (host blocked),unverified (host blocked),unverified (host blocked),unverified (host blocked),https://adstransparency.google.com/?region=US&domain=fieldpulse.com,unverified (host blocked),unverified (host blocked),unverified (host blocked),unverified (host blocked),https://www.linkedin.com/ad-library/search?keyword=FieldPulse,unverified (host blocked),unverified (host blocked),0,,unverified (host blocked),0,"Meta +3, Google +3, LinkedIn +1, CTA +1 pending audit",headcount bonus only; all ad-library hosts blocked in this session; no <50-employee or bootstrapped evidence found,pending (audit),search-verified (URL-cited)
62,Housecall Pro,housecallpro.com,https://www.facebook.com/ads/library/?active_status=active&ad_type=all&country=US&q=Housecall%20Pro&search_type=keyword_unordered&media_type=all,unverified (host blocked),unverified (host blocked),unverified (host blocked),unverified (host blocked),unverified (host blocked),https://adstransparency.google.com/?region=US&domain=housecallpro.com,unverified (host blocked),unverified (host blocked),unverified (host blocked),unverified (host blocked),https://www.linkedin.com/ad-library/search?keyword=Housecall%20Pro,unverified (host blocked),unverified (host blocked),0,,unverified (host blocked),0,"Meta +3, Google +3, LinkedIn +1, CTA +1 pending audit",headcount bonus only; all ad-library hosts blocked in this session; no <50-employee or bootstrapped evidence found,pending (audit),search-verified (URL-cited)
62,QuoteIQ,myquoteiq.com,https://www.facebook.com/ads/library/?active_status=active&ad_type=all&country=US&q=QuoteIQ&search_type=keyword_unordered&media_type=all,unverified (host blocked),unverified (host blocked),unverified (host blocked),unverified (host blocked),unverified (host blocked),https://adstransparency.google.com/?region=US&domain=myquoteiq.com,unverified (host blocked),unverified (host blocked),unverified (host blocked),unverified (host blocked),https://www.linkedin.com/ad-library/search?keyword=QuoteIQ,unverified (host blocked),unverified (host blocked),2,https://myquoteiq.com/about-us/,unverified (host blocked),2,"Meta +3, Google +3, LinkedIn +1, CTA +1 pending audit",headcount bonus only; all ad-library hosts blocked in this session,pending (audit),search-verified (URL-cited)
62,Service Fusion,servicefusion.com,https://www.facebook.com/ads/library/?active_status=active&ad_type=all&country=US&q=Service%20Fusion&search_type=keyword_unordered&media_type=all,unverified (host blocked),unverified (host blocked),unverified (host blocked),unverified (host blocked),unverified (host blocked),https://adstransparency.google.com/?region=US&domain=servicefusion.com,unverified (host blocked),unverified (host blocked),unverified (host blocked),unverified (host blocked),https://www.linkedin.com/ad-library/search?keyword=Service%20Fusion,unverified (host blocked),unverified (host blocked),0,,unverified (host blocked),0,"Meta +3, Google +3, LinkedIn +1, CTA +1 pending audit",headcount bonus only; all ad-library hosts blocked in this session; no <50-employee or bootstrapped evidence found,pending (audit),search-verified (URL-cited)
62,ServiceTitan,servicetitan.com,https://www.facebook.com/ads/library/?active_status=active&ad_type=all&country=US&q=ServiceTitan&search_type=keyword_unordered&media_type=all,unverified (host blocked),unverified (host blocked),unverified (host blocked),unverified (host blocked),unverified (host blocked),https://adstransparency.google.com/?region=US&domain=servicetitan.com,unverified (host blocked),unverified (host blocked),unverified (host blocked),unverified (host blocked),https://www.linkedin.com/ad-library/search?keyword=ServiceTitan,unverified (host blocked),unverified (host blocked),0,,unverified (host blocked),0,"Meta +3, Google +3, LinkedIn +1, CTA +1 pending audit",headcount bonus only; all ad-library hosts blocked in this session; no <50-employee or bootstrapped evidence found,pending (audit),search-verified (URL-cited)
62,TEN4 (Nexent Innovation),ten4soft.com,https://www.facebook.com/ads/library/?active_status=active&ad_type=all&country=US&q=TEN4%20%28Nexent%20Innovation%29&search_type=keyword_unordered&media_type=all,unverified (host blocked),unverified (host blocked),unverified (host blocked),unverified (host blocked),unverified (host blocked),https://adstransparency.google.com/?region=US&domain=ten4soft.com,unverified (host blocked),unverified (host blocked),unverified (host blocked),unverified (host blocked),https://www.linkedin.com/ad-library/search?keyword=TEN4%20%28Nexent%20Innovation%29,unverified (host blocked),unverified (host blocked),0,,unverified (host blocked),0,"Meta +3, Google +3, LinkedIn +1, CTA +1 pending audit",headcount bonus only; all ad-library hosts blocked in this session; no <50-employee or bootstrapped evidence found,pending (audit),search-verified (URL-cited)
62,Workiz,workiz.com,https://www.facebook.com/ads/library/?active_status=active&ad_type=all&country=US&q=Workiz&search_type=keyword_unordered&media_type=all,unverified (host blocked),unverified (host blocked),unverified (host blocked),unverified (host blocked),unverified (host blocked),https://adstransparency.google.com/?region=US&domain=workiz.com,unverified (host blocked),unverified (host blocked),unverified (host blocked),unverified (host blocked),https://www.linkedin.com/ad-library/search?keyword=Workiz,unverified (host blocked),unverified (host blocked),0,,unverified (host blocked),0,"Meta +3, Google +3, LinkedIn +1, CTA +1 pending audit",headcount bonus only; all ad-library hosts blocked in this session; no <50-employee or bootstrapped evidence found,pending (audit),search-verified (URL-cited)
63,CROSStrax,crosstrax.co,https://www.facebook.com/ads/library/?active_status=active&ad_type=all&country=US&q=CROSStrax&search_type=keyword_unordered&media_type=all,unverified (host blocked),unverified (host blocked),unverified (host blocked),unverified (host blocked),unverified (host blocked),https://adstransparency.google.com/?region=US&domain=crosstrax.co,unverified (host blocked),unverified (host blocked),unverified (host blocked),unverified (host blocked),https://www.linkedin.com/ad-library/search?keyword=CROSStrax,unverified (host blocked),unverified (host blocked),0,n/a,unverified (host blocked),0,"Meta +3, Google +3, LinkedIn +1, CTA +1 pending audit",headcount_bonus=2 only where a result showed <50 employees or bootstrapped (URL in evidence column).,pending (audit),search-verified (URL-cited)
63,Case Jacket,casejacket.com,https://www.facebook.com/ads/library/?active_status=active&ad_type=all&country=US&q=Case%20Jacket&search_type=keyword_unordered&media_type=all,unverified (host blocked),unverified (host blocked),unverified (host blocked),unverified (host blocked),unverified (host blocked),https://adstransparency.google.com/?region=US&domain=casejacket.com,unverified (host blocked),unverified (host blocked),unverified (host blocked),unverified (host blocked),https://www.linkedin.com/ad-library/search?keyword=Case%20Jacket,unverified (host blocked),unverified (host blocked),0,n/a,unverified (host blocked),0,"Meta +3, Google +3, LinkedIn +1, CTA +1 pending audit",headcount_bonus=2 only where a result showed <50 employees or bootstrapped (URL in evidence column).,pending (audit),search-verified (URL-cited)
63,CaseFlow Investigator,caseflowinvestigator.com,https://www.facebook.com/ads/library/?active_status=active&ad_type=all&country=US&q=CaseFlow%20Investigator&search_type=keyword_unordered&media_type=all,unverified (host blocked),unverified (host blocked),unverified (host blocked),unverified (host blocked),unverified (host blocked),https://adstransparency.google.com/?region=US&domain=caseflowinvestigator.com,unverified (host blocked),unverified (host blocked),unverified (host blocked),unverified (host blocked),https://www.linkedin.com/ad-library/search?keyword=CaseFlow%20Investigator,unverified (host blocked),unverified (host blocked),0,n/a,unverified (host blocked),0,"Meta +3, Google +3, LinkedIn +1, CTA +1 pending audit",headcount_bonus=2 only where a result showed <50 employees or bootstrapped (URL in evidence column).,pending (audit),search-verified (URL-cited)
63,Deelo,deelo.ai,https://www.facebook.com/ads/library/?active_status=active&ad_type=all&country=US&q=Deelo&search_type=keyword_unordered&media_type=all,unverified (host blocked),unverified (host blocked),unverified (host blocked),unverified (host blocked),unverified (host blocked),https://adstransparency.google.com/?region=US&domain=deelo.ai,unverified (host blocked),unverified (host blocked),unverified (host blocked),unverified (host blocked),https://www.linkedin.com/ad-library/search?keyword=Deelo,unverified (host blocked),unverified (host blocked),0,n/a,unverified (host blocked),0,"Meta +3, Google +3, LinkedIn +1, CTA +1 pending audit",headcount_bonus=2 only where a result showed <50 employees or bootstrapped (URL in evidence column).,pending (audit),search-verified (URL-cited)
63,Kaseware,kaseware.com,https://www.facebook.com/ads/library/?active_status=active&ad_type=all&country=US&q=Kaseware&search_type=keyword_unordered&media_type=all,unverified (host blocked),unverified (host blocked),unverified (host blocked),unverified (host blocked),unverified (host blocked),https://adstransparency.google.com/?region=US&domain=kaseware.com,unverified (host blocked),unverified (host blocked),unverified (host blocked),unverified (host blocked),https://www.linkedin.com/ad-library/search?keyword=Kaseware,unverified (host blocked),unverified (host blocked),0,n/a,unverified (host blocked),0,"Meta +3, Google +3, LinkedIn +1, CTA +1 pending audit",headcount_bonus=2 only where a result showed <50 employees or bootstrapped (URL in evidence column).,pending (audit),search-verified (URL-cited)
63,THERMS,therms.io,https://www.facebook.com/ads/library/?active_status=active&ad_type=all&country=US&q=THERMS&search_type=keyword_unordered&media_type=all,unverified (host blocked),unverified (host blocked),unverified (host blocked),unverified (host blocked),unverified (host blocked),https://adstransparency.google.com/?region=US&domain=therms.io,unverified (host blocked),unverified (host blocked),unverified (host blocked),unverified (host blocked),https://www.linkedin.com/ad-library/search?keyword=THERMS,unverified (host blocked),unverified (host blocked),0,n/a,unverified (host blocked),0,"Meta +3, Google +3, LinkedIn +1, CTA +1 pending audit",headcount_bonus=2 only where a result showed <50 employees or bootstrapped (URL in evidence column).,pending (audit),search-verified (URL-cited)
63,Tracers,tracers.com,https://www.facebook.com/ads/library/?active_status=active&ad_type=all&country=US&q=Tracers&search_type=keyword_unordered&media_type=all,unverified (host blocked),unverified (host blocked),unverified (host blocked),unverified (host blocked),unverified (host blocked),https://adstransparency.google.com/?region=US&domain=tracers.com,unverified (host blocked),unverified (host blocked),unverified (host blocked),unverified (host blocked),https://www.linkedin.com/ad-library/search?keyword=Tracers,unverified (host blocked),unverified (host blocked),0,n/a,unverified (host blocked),0,"Meta +3, Google +3, LinkedIn +1, CTA +1 pending audit",headcount_bonus=2 only where a result showed <50 employees or bootstrapped (URL in evidence column).,pending (audit),search-verified (URL-cited)
63,Trackops,trackops.com,https://www.facebook.com/ads/library/?active_status=active&ad_type=all&country=US&q=Trackops&search_type=keyword_unordered&media_type=all,unverified (host blocked),unverified (host blocked),unverified (host blocked),unverified (host blocked),unverified (host blocked),https://adstransparency.google.com/?region=US&domain=trackops.com,unverified (host blocked),unverified (host blocked),unverified (host blocked),unverified (host blocked),https://www.linkedin.com/ad-library/search?keyword=Trackops,unverified (host blocked),unverified (host blocked),2,https://www.linkedin.com/company/trackops-llc,unverified (host blocked),2,"Meta +3, Google +3, LinkedIn +1, CTA +1 pending audit",headcount_bonus=2 only where a result showed <50 employees or bootstrapped (URL in evidence column).,pending (audit),search-verified (URL-cited)
64,Acclaim Solaria (Acclaim Legal Solutions),acclaimlegal.com,https://www.facebook.com/ads/library/?active_status=active&ad_type=all&country=US&q=Acclaim%20Solaria%20%28Acclaim%20Legal%20Solutions%29&search_type=keyword_unordered&media_type=all,unverified (host blocked),unverified (host blocked),unverified (host blocked),unverified (host blocked),unverified (host blocked),https://adstransparency.google.com/?region=US&domain=acclaimlegal.com,unverified (host blocked),unverified (host blocked),unverified (host blocked),unverified (host blocked),https://www.linkedin.com/ad-library/search?keyword=Acclaim%20Solaria%20%28Acclaim%20Legal%20Solutions%29,unverified (host blocked),unverified (host blocked),0,n/a,unverified (host blocked),0,"Meta +3, Google +3, LinkedIn +1, CTA +1 pending audit",Ad libraries unreachable from this environment (egress policy); counts pending local audit.,pending (audit),search-verified (URL-cited)
64,Acculaw,acculaw.com,https://www.facebook.com/ads/library/?active_status=active&ad_type=all&country=US&q=Acculaw&search_type=keyword_unordered&media_type=all,unverified (host blocked),unverified (host blocked),unverified (host blocked),unverified (host blocked),unverified (host blocked),https://adstransparency.google.com/?region=US&domain=acculaw.com,unverified (host blocked),unverified (host blocked),unverified (host blocked),unverified (host blocked),https://www.linkedin.com/ad-library/search?keyword=Acculaw,unverified (host blocked),unverified (host blocked),0,n/a,unverified (host blocked),0,"Meta +3, Google +3, LinkedIn +1, CTA +1 pending audit",Ad libraries unreachable from this environment (egress policy); counts pending local audit.,pending (audit),search-verified (URL-cited)
64,Eclipse (Advantage Software),unverified,https://www.facebook.com/ads/library/?active_status=active&ad_type=all&country=US&q=Eclipse%20%28Advantage%20Software%29&search_type=keyword_unordered&media_type=all,unverified (host blocked),unverified (host blocked),unverified (host blocked),unverified (host blocked),unverified (host blocked),https://adstransparency.google.com/?region=US&domain=,unverified (host blocked),unverified (host blocked),unverified (host blocked),unverified (host blocked),https://www.linkedin.com/ad-library/search?keyword=Eclipse%20%28Advantage%20Software%29,unverified (host blocked),unverified (host blocked),0,n/a,unverified (host blocked),0,"Meta +3, Google +3, LinkedIn +1, CTA +1 pending audit",Ad libraries unreachable from this environment (egress policy); counts pending local audit.,pending (audit),search-verified (URL-cited)
64,Knovos Court Reporting System,knovos.com,https://www.facebook.com/ads/library/?active_status=active&ad_type=all&country=US&q=Knovos%20Court%20Reporting%20System&search_type=keyword_unordered&media_type=all,unverified (host blocked),unverified (host blocked),unverified (host blocked),unverified (host blocked),unverified (host blocked),https://adstransparency.google.com/?region=US&domain=knovos.com,unverified (host blocked),unverified (host blocked),unverified (host blocked),unverified (host blocked),https://www.linkedin.com/ad-library/search?keyword=Knovos%20Court%20Reporting%20System,unverified (host blocked),unverified (host blocked),0,n/a,unverified (host blocked),0,"Meta +3, Google +3, LinkedIn +1, CTA +1 pending audit",Ad libraries unreachable from this environment (egress policy); counts pending local audit.,pending (audit),search-verified (URL-cited)
64,RepAgencyWorks (Chase Software),repagencyworks.com,https://www.facebook.com/ads/library/?active_status=active&ad_type=all&country=US&q=RepAgencyWorks%20%28Chase%20Software%29&search_type=keyword_unordered&media_type=all,unverified (host blocked),unverified (host blocked),unverified (host blocked),unverified (host blocked),unverified (host blocked),https://adstransparency.google.com/?region=US&domain=repagencyworks.com,unverified (host blocked),unverified (host blocked),unverified (host blocked),unverified (host blocked),https://www.linkedin.com/ad-library/search?keyword=RepAgencyWorks%20%28Chase%20Software%29,unverified (host blocked),unverified (host blocked),0,n/a,unverified (host blocked),0,"Meta +3, Google +3, LinkedIn +1, CTA +1 pending audit",Ad libraries unreachable from this environment (egress policy); counts pending local audit.,pending (audit),search-verified (URL-cited)
64,ReporterBase RB9 (OMTI),omti.com,https://www.facebook.com/ads/library/?active_status=active&ad_type=all&country=US&q=ReporterBase%20RB9%20%28OMTI%29&search_type=keyword_unordered&media_type=all,unverified (host blocked),unverified (host blocked),unverified (host blocked),unverified (host blocked),unverified (host blocked),https://adstransparency.google.com/?region=US&domain=omti.com,unverified (host blocked),unverified (host blocked),unverified (host blocked),unverified (host blocked),https://www.linkedin.com/ad-library/search?keyword=ReporterBase%20RB9%20%28OMTI%29,unverified (host blocked),unverified (host blocked),0,n/a,unverified (host blocked),0,"Meta +3, Google +3, LinkedIn +1, CTA +1 pending audit",Ad libraries unreachable from this environment (egress policy); counts pending local audit.,pending (audit),search-verified (URL-cited)
65,4serve,4serve.com,https://www.facebook.com/ads/library/?active_status=active&ad_type=all&country=US&q=4serve&search_type=keyword_unordered&media_type=all,unverified (host blocked),unverified (host blocked),unverified (host blocked),unverified (host blocked),unverified (host blocked),https://adstransparency.google.com/?region=US&domain=4serve.com,unverified (host blocked),unverified (host blocked),unverified (host blocked),unverified (host blocked),https://www.linkedin.com/ad-library/search?keyword=4serve,unverified (host blocked),unverified (host blocked),0,unverified,unverified (host blocked),0,"Meta +3, Google +3, LinkedIn +1, CTA +1 pending audit",,pending (audit),search-verified (URL-cited)
65,Process Server's Toolbox (PST) - DreamBuilt Software,dbsinfo.com,https://www.facebook.com/ads/library/?active_status=active&ad_type=all&country=US&q=Process%20Server%27s%20Toolbox%20%28PST%29%20-%20DreamBuilt%20Software&search_type=keyword_unordered&media_type=all,unverified (host blocked),unverified (host blocked),unverified (host blocked),unverified (host blocked),unverified (host blocked),https://adstransparency.google.com/?region=US&domain=dbsinfo.com,unverified (host blocked),unverified (host blocked),unverified (host blocked),unverified (host blocked),https://www.linkedin.com/ad-library/search?keyword=Process%20Server%27s%20Toolbox%20%28PST%29%20-%20DreamBuilt%20Software,unverified (host blocked),unverified (host blocked),0,unverified,unverified (host blocked),0,"Meta +3, Google +3, LinkedIn +1, CTA +1 pending audit",,pending (audit),search-verified (URL-cited)
65,ServeManager,servemanager.com,https://www.facebook.com/ads/library/?active_status=active&ad_type=all&country=US&q=ServeManager&search_type=keyword_unordered&media_type=all,unverified (host blocked),unverified (host blocked),unverified (host blocked),unverified (host blocked),unverified (host blocked),https://adstransparency.google.com/?region=US&domain=servemanager.com,unverified (host blocked),unverified (host blocked),unverified (host blocked),unverified (host blocked),https://www.linkedin.com/ad-library/search?keyword=ServeManager,unverified (host blocked),unverified (host blocked),2,https://www.linkedin.com/company/servemanager,unverified (host blocked),2,"Meta +3, Google +3, LinkedIn +1, CTA +1 pending audit",,pending (audit),search-verified (URL-cited)
66,CloseWise,closewise.com,https://www.facebook.com/ads/library/?active_status=active&ad_type=all&country=US&q=CloseWise&search_type=keyword_unordered&media_type=all,unverified (host blocked),unverified (host blocked),unverified (host blocked),unverified (host blocked),unverified (host blocked),https://adstransparency.google.com/?region=US&domain=closewise.com,,unverified (host blocked),unverified (host blocked),unverified (host blocked),https://www.linkedin.com/ad-library/search?keyword=CloseWise,unverified (host blocked),unverified (host blocked),2,https://www.linkedin.com/company/closewise,,0,"Meta +3, Google +3, LinkedIn +1, CTA +1 pending audit",,pending (audit),search-verified (URL-cited)
66,NotaryAssist,notaryassist.com (domain not confirmed by a result),https://www.facebook.com/ads/library/?active_status=active&ad_type=all&country=US&q=NotaryAssist&search_type=keyword_unordered&media_type=all,unverified (host blocked),unverified (host blocked),unverified (host blocked),unverified (host blocked),unverified (host blocked),https://adstransparency.google.com/?region=US&domain=notaryassist.com (domain not confirmed by a result),,unverified (host blocked),unverified (host blocked),unverified (host blocked),https://www.linkedin.com/ad-library/search?keyword=NotaryAssist,unverified (host blocked),unverified (host blocked),0,,,0,"Meta +3, Google +3, LinkedIn +1, CTA +1 pending audit",,pending (audit),search-verified (URL-cited)
66,NotaryCentral,notarycentral.org,https://www.facebook.com/ads/library/?active_status=active&ad_type=all&country=US&q=NotaryCentral&search_type=keyword_unordered&media_type=all,unverified (host blocked),unverified (host blocked),unverified (host blocked),unverified (host blocked),unverified (host blocked),https://adstransparency.google.com/?region=US&domain=notarycentral.org,,unverified (host blocked),unverified (host blocked),unverified (host blocked),https://www.linkedin.com/ad-library/search?keyword=NotaryCentral,unverified (host blocked),unverified (host blocked),0,,,0,"Meta +3, Google +3, LinkedIn +1, CTA +1 pending audit",,pending (audit),search-verified (URL-cited)
66,NotaryDash,notarydash.com (domain not confirmed by a result),https://www.facebook.com/ads/library/?active_status=active&ad_type=all&country=US&q=NotaryDash&search_type=keyword_unordered&media_type=all,unverified (host blocked),unverified (host blocked),unverified (host blocked),unverified (host blocked),unverified (host blocked),https://adstransparency.google.com/?region=US&domain=notarydash.com (domain not confirmed by a result),,unverified (host blocked),unverified (host blocked),unverified (host blocked),https://www.linkedin.com/ad-library/search?keyword=NotaryDash,unverified (host blocked),unverified (host blocked),0,,,0,"Meta +3, Google +3, LinkedIn +1, CTA +1 pending audit",,pending (audit),search-verified (URL-cited)
66,NotaryGadget,notarygadget.com,https://www.facebook.com/ads/library/?active_status=active&ad_type=all&country=US&q=NotaryGadget&search_type=keyword_unordered&media_type=all,unverified (host blocked),unverified (host blocked),unverified (host blocked),unverified (host blocked),unverified (host blocked),https://adstransparency.google.com/?region=US&domain=notarygadget.com,,unverified (host blocked),unverified (host blocked),unverified (host blocked),https://www.linkedin.com/ad-library/search?keyword=NotaryGadget,unverified (host blocked),unverified (host blocked),2,https://tracxn.com/d/companies/notarygadget/__Etswun0IlLhU1bwbICl6utUmxW8z_tqQy_byhcMhgyc,,0,"Meta +3, Google +3, LinkedIn +1, CTA +1 pending audit",,pending (audit),search-verified (URL-cited)
66,QuoteIQ,myquoteiq.com,https://www.facebook.com/ads/library/?active_status=active&ad_type=all&country=US&q=QuoteIQ%20%28mobile%20notary%29&search_type=keyword_unordered&media_type=all,unverified (host blocked),unverified (host blocked),unverified (host blocked),unverified (host blocked),unverified (host blocked),https://adstransparency.google.com/?region=US&domain=myquoteiq.com,,unverified (host blocked),unverified (host blocked),unverified (host blocked),https://www.linkedin.com/ad-library/search?keyword=QuoteIQ%20%28mobile%20notary%29,unverified (host blocked),unverified (host blocked),0,,,0,"Meta +3, Google +3, LinkedIn +1, CTA +1 pending audit",,pending (audit),search-verified (URL-cited)
66,SigningOrder,signingorder.com (domain not confirmed by a result),https://www.facebook.com/ads/library/?active_status=active&ad_type=all&country=US&q=SigningOrder&search_type=keyword_unordered&media_type=all,unverified (host blocked),unverified (host blocked),unverified (host blocked),unverified (host blocked),unverified (host blocked),https://adstransparency.google.com/?region=US&domain=signingorder.com (domain not confirmed by a result),,unverified (host blocked),unverified (host blocked),unverified (host blocked),https://www.linkedin.com/ad-library/search?keyword=SigningOrder,unverified (host blocked),unverified (host blocked),0,,,0,"Meta +3, Google +3, LinkedIn +1, CTA +1 pending audit",,pending (audit),search-verified (URL-cited)
66,Snapdocs,snapdocs.com,https://www.facebook.com/ads/library/?active_status=active&ad_type=all&country=US&q=Snapdocs&search_type=keyword_unordered&media_type=all,unverified (host blocked),unverified (host blocked),unverified (host blocked),unverified (host blocked),unverified (host blocked),https://adstransparency.google.com/?region=US&domain=snapdocs.com,,unverified (host blocked),unverified (host blocked),unverified (host blocked),https://www.linkedin.com/ad-library/search?keyword=Snapdocs,unverified (host blocked),unverified (host blocked),0,,,0,"Meta +3, Google +3, LinkedIn +1, CTA +1 pending audit",,pending (audit),search-verified (URL-cited)
67,BailBooks,bailbooks.com,https://www.facebook.com/ads/library/?active_status=active&ad_type=all&country=US&q=BailBooks&search_type=keyword_unordered&media_type=all,unverified (host blocked),unverified (host blocked),unverified (host blocked),unverified (host blocked),unverified (host blocked),https://adstransparency.google.com/?region=US&domain=bailbooks.com,unverified,unverified (host blocked),unverified (host blocked),unverified (host blocked),https://www.linkedin.com/ad-library/search?keyword=BailBooks,unverified (host blocked),unverified (host blocked),0,unverified,unverified,0,"Meta +3, Google +3, LinkedIn +1, CTA +1 pending audit",headcount/funding not verified in results,pending (audit),search-verified (URL-cited)
67,BailVision,bailvision.com,https://www.facebook.com/ads/library/?active_status=active&ad_type=all&country=US&q=BailVision&search_type=keyword_unordered&media_type=all,unverified (host blocked),unverified (host blocked),unverified (host blocked),unverified (host blocked),unverified (host blocked),https://adstransparency.google.com/?region=US&domain=bailvision.com,unverified,unverified (host blocked),unverified (host blocked),unverified (host blocked),https://www.linkedin.com/ad-library/search?keyword=BailVision,unverified (host blocked),unverified (host blocked),0,unverified,unverified,0,"Meta +3, Google +3, LinkedIn +1, CTA +1 pending audit",headcount/funding not verified in results,pending (audit),search-verified (URL-cited)
67,Bailtec,bailtec.com,https://www.facebook.com/ads/library/?active_status=active&ad_type=all&country=US&q=Bailtec&search_type=keyword_unordered&media_type=all,unverified (host blocked),unverified (host blocked),unverified (host blocked),unverified (host blocked),unverified (host blocked),https://adstransparency.google.com/?region=US&domain=bailtec.com,unverified,unverified (host blocked),unverified (host blocked),unverified (host blocked),https://www.linkedin.com/ad-library/search?keyword=Bailtec,unverified (host blocked),unverified (host blocked),0,unverified,unverified,0,"Meta +3, Google +3, LinkedIn +1, CTA +1 pending audit",headcount/funding not verified in results,pending (audit),search-verified (URL-cited)
67,Captira,captira.com,https://www.facebook.com/ads/library/?active_status=active&ad_type=all&country=US&q=Captira&search_type=keyword_unordered&media_type=all,unverified (host blocked),unverified (host blocked),unverified (host blocked),unverified (host blocked),unverified (host blocked),https://adstransparency.google.com/?region=US&domain=captira.com,unverified,unverified (host blocked),unverified (host blocked),unverified (host blocked),https://www.linkedin.com/ad-library/search?keyword=Captira,unverified (host blocked),unverified (host blocked),0,unverified,unverified,0,"Meta +3, Google +3, LinkedIn +1, CTA +1 pending audit",headcount/funding not verified in results,pending (audit),search-verified (URL-cited)
67,EbailSoft,ebailsoft.cloudx30.com,https://www.facebook.com/ads/library/?active_status=active&ad_type=all&country=US&q=EbailSoft&search_type=keyword_unordered&media_type=all,unverified (host blocked),unverified (host blocked),unverified (host blocked),unverified (host blocked),unverified (host blocked),https://adstransparency.google.com/?region=US&domain=ebailsoft.cloudx30.com,unverified,unverified (host blocked),unverified (host blocked),unverified (host blocked),https://www.linkedin.com/ad-library/search?keyword=EbailSoft,unverified (host blocked),unverified (host blocked),0,unverified,unverified,0,"Meta +3, Google +3, LinkedIn +1, CTA +1 pending audit",headcount/funding not verified in results,pending (audit),search-verified (URL-cited)
67,Simply Bail,simplybail.com,https://www.facebook.com/ads/library/?active_status=active&ad_type=all&country=US&q=Simply%20Bail&search_type=keyword_unordered&media_type=all,unverified (host blocked),unverified (host blocked),unverified (host blocked),unverified (host blocked),unverified (host blocked),https://adstransparency.google.com/?region=US&domain=simplybail.com,unverified,unverified (host blocked),unverified (host blocked),unverified (host blocked),https://www.linkedin.com/ad-library/search?keyword=Simply%20Bail,unverified (host blocked),unverified (host blocked),0,unverified,unverified,0,"Meta +3, Google +3, LinkedIn +1, CTA +1 pending audit",headcount/funding not verified in results,pending (audit),search-verified (URL-cited)
67,eBail,ebail.app,https://www.facebook.com/ads/library/?active_status=active&ad_type=all&country=US&q=eBail&search_type=keyword_unordered&media_type=all,unverified (host blocked),unverified (host blocked),unverified (host blocked),unverified (host blocked),unverified (host blocked),https://adstransparency.google.com/?region=US&domain=ebail.app,unverified,unverified (host blocked),unverified (host blocked),unverified (host blocked),https://www.linkedin.com/ad-library/search?keyword=eBail,unverified (host blocked),unverified (host blocked),0,unverified,unverified,0,"Meta +3, Google +3, LinkedIn +1, CTA +1 pending audit",headcount/funding not verified in results,pending (audit),search-verified (URL-cited)
67,iBail,ibail.app,https://www.facebook.com/ads/library/?active_status=active&ad_type=all&country=US&q=iBail&search_type=keyword_unordered&media_type=all,unverified (host blocked),unverified (host blocked),unverified (host blocked),unverified (host blocked),unverified (host blocked),https://adstransparency.google.com/?region=US&domain=ibail.app,unverified,unverified (host blocked),unverified (host blocked),unverified (host blocked),https://www.linkedin.com/ad-library/search?keyword=iBail,unverified (host blocked),unverified (host blocked),0,unverified,unverified,0,"Meta +3, Google +3, LinkedIn +1, CTA +1 pending audit",headcount/funding not verified in results,pending (audit),search-verified (URL-cited)
67,iGUARANTEE (carrier-side electronic powers),unverified,https://www.facebook.com/ads/library/?active_status=active&ad_type=all&country=US&q=iGUARANTEE%20%28carrier-side%20electronic%20powers%29&search_type=keyword_unordered&media_type=all,unverified (host blocked),unverified (host blocked),unverified (host blocked),unverified (host blocked),unverified (host blocked),https://adstransparency.google.com/?region=US&domain=,unverified,unverified (host blocked),unverified (host blocked),unverified (host blocked),https://www.linkedin.com/ad-library/search?keyword=iGUARANTEE%20%28carrier-side%20electronic%20powers%29,unverified (host blocked),unverified (host blocked),0,unverified,unverified,0,"Meta +3, Google +3, LinkedIn +1, CTA +1 pending audit",headcount/funding not verified in results,pending (audit),search-verified (URL-cited)
68,Anolla,anolla.com,https://www.facebook.com/ads/library/?active_status=active&ad_type=all&country=US&q=Anolla&search_type=keyword_unordered&media_type=all,unverified (host blocked),unverified (host blocked),unverified (host blocked),unverified (host blocked),unverified (host blocked),https://adstransparency.google.com/?region=US&domain=anolla.com,unverified (host blocked),unverified (host blocked),unverified (host blocked),unverified (host blocked),https://www.linkedin.com/ad-library/search?keyword=Anolla,unverified (host blocked),unverified (host blocked),0,unverified,unverified (host blocked),0,"Meta +3, Google +3, LinkedIn +1, CTA +1 pending audit",Lookup URLs prebuilt; run scraper/ locally to fill counts.,pending (audit),search-verified (URL-cited)
68,Awtomated,awtomated.com,https://www.facebook.com/ads/library/?active_status=active&ad_type=all&country=US&q=Awtomated&search_type=keyword_unordered&media_type=all,unverified (host blocked),unverified (host blocked),unverified (host blocked),unverified (host blocked),unverified (host blocked),https://adstransparency.google.com/?region=US&domain=awtomated.com,unverified (host blocked),unverified (host blocked),unverified (host blocked),unverified (host blocked),https://www.linkedin.com/ad-library/search?keyword=Awtomated,unverified (host blocked),unverified (host blocked),0,unverified,unverified (host blocked),0,"Meta +3, Google +3, LinkedIn +1, CTA +1 pending audit",Lookup URLs prebuilt; run scraper/ locally to fill counts.,pending (audit),search-verified (URL-cited)
68,BeLazy,belazy.cat,https://www.facebook.com/ads/library/?active_status=active&ad_type=all&country=US&q=BeLazy&search_type=keyword_unordered&media_type=all,unverified (host blocked),unverified (host blocked),unverified (host blocked),unverified (host blocked),unverified (host blocked),https://adstransparency.google.com/?region=US&domain=belazy.cat,unverified (host blocked),unverified (host blocked),unverified (host blocked),unverified (host blocked),https://www.linkedin.com/ad-library/search?keyword=BeLazy,unverified (host blocked),unverified (host blocked),0,unverified,unverified (host blocked),0,"Meta +3, Google +3, LinkedIn +1, CTA +1 pending audit",Lookup URLs prebuilt; run scraper/ locally to fill counts.,pending (audit),search-verified (URL-cited)
68,Boostlingo,boostlingo.com,https://www.facebook.com/ads/library/?active_status=active&ad_type=all&country=US&q=Boostlingo&search_type=keyword_unordered&media_type=all,unverified (host blocked),unverified (host blocked),unverified (host blocked),unverified (host blocked),unverified (host blocked),https://adstransparency.google.com/?region=US&domain=boostlingo.com,unverified (host blocked),unverified (host blocked),unverified (host blocked),unverified (host blocked),https://www.linkedin.com/ad-library/search?keyword=Boostlingo,unverified (host blocked),unverified (host blocked),0,unverified,unverified (host blocked),0,"Meta +3, Google +3, LinkedIn +1, CTA +1 pending audit",Lookup URLs prebuilt; run scraper/ locally to fill counts.,pending (audit),search-verified (URL-cited)
68,Interpreter Intelligence,interpreterintelligence.com,https://www.facebook.com/ads/library/?active_status=active&ad_type=all&country=US&q=Interpreter%20Intelligence&search_type=keyword_unordered&media_type=all,unverified (host blocked),unverified (host blocked),unverified (host blocked),unverified (host blocked),unverified (host blocked),https://adstransparency.google.com/?region=US&domain=interpreterintelligence.com,unverified (host blocked),unverified (host blocked),unverified (host blocked),unverified (host blocked),https://www.linkedin.com/ad-library/search?keyword=Interpreter%20Intelligence,unverified (host blocked),unverified (host blocked),2,https://www.crunchbase.com/organization/interpreter-intelligence,unverified (host blocked),2,"Meta +3, Google +3, LinkedIn +1, CTA +1 pending audit",Lookup URLs prebuilt; run scraper/ locally to fill counts. Headcount bonus caveat: see tools.csv notes.,pending (audit),search-verified (URL-cited)
68,Plunet BusinessManager,plunet.com,https://www.facebook.com/ads/library/?active_status=active&ad_type=all&country=US&q=Plunet%20BusinessManager&search_type=keyword_unordered&media_type=all,unverified (host blocked),unverified (host blocked),unverified (host blocked),unverified (host blocked),unverified (host blocked),https://adstransparency.google.com/?region=US&domain=plunet.com,unverified (host blocked),unverified (host blocked),unverified (host blocked),unverified (host blocked),https://www.linkedin.com/ad-library/search?keyword=Plunet%20BusinessManager,unverified (host blocked),unverified (host blocked),0,unverified,unverified (host blocked),0,"Meta +3, Google +3, LinkedIn +1, CTA +1 pending audit",Lookup URLs prebuilt; run scraper/ locally to fill counts.,pending (audit),search-verified (URL-cited)
68,Protemos,protemos.com,https://www.facebook.com/ads/library/?active_status=active&ad_type=all&country=US&q=Protemos&search_type=keyword_unordered&media_type=all,unverified (host blocked),unverified (host blocked),unverified (host blocked),unverified (host blocked),unverified (host blocked),https://adstransparency.google.com/?region=US&domain=protemos.com,unverified (host blocked),unverified (host blocked),unverified (host blocked),unverified (host blocked),https://www.linkedin.com/ad-library/search?keyword=Protemos,unverified (host blocked),unverified (host blocked),0,unverified,unverified (host blocked),0,"Meta +3, Google +3, LinkedIn +1, CTA +1 pending audit",Lookup URLs prebuilt; run scraper/ locally to fill counts.,pending (audit),search-verified (URL-cited)
68,XTRF,unverified,https://www.facebook.com/ads/library/?active_status=active&ad_type=all&country=US&q=XTRF&search_type=keyword_unordered&media_type=all,unverified (host blocked),unverified (host blocked),unverified (host blocked),unverified (host blocked),unverified (host blocked),https://adstransparency.google.com/?region=US&domain=,unverified (host blocked),unverified (host blocked),unverified (host blocked),unverified (host blocked),https://www.linkedin.com/ad-library/search?keyword=XTRF,unverified (host blocked),unverified (host blocked),0,unverified,unverified (host blocked),0,"Meta +3, Google +3, LinkedIn +1, CTA +1 pending audit",Lookup URLs prebuilt; run scraper/ locally to fill counts.,pending (audit),search-verified (URL-cited)
69,Avionté,avionte.com,https://www.facebook.com/ads/library/?active_status=active&ad_type=all&country=US&q=Aviont%C3%A9&search_type=keyword_unordered&media_type=all,unverified (host blocked),unverified (host blocked),unverified (host blocked),unverified (host blocked),unverified (host blocked),https://adstransparency.google.com/?region=US&domain=avionte.com,unverified (host blocked),unverified (host blocked),unverified (host blocked),unverified (host blocked),https://www.linkedin.com/ad-library/search?keyword=Aviont%C3%A9,unverified (host blocked),unverified (host blocked),0,unverified,unverified (host blocked),0,"Meta +3, Google +3, LinkedIn +1, CTA +1 pending audit",Search-verified tool; no <50-headcount or bootstrapped evidence found in results.,pending (audit),search-verified (URL-cited)
69,Bullhorn (Light Industrial),bullhorn.com,https://www.facebook.com/ads/library/?active_status=active&ad_type=all&country=US&q=Bullhorn%20%28Light%20Industrial%29&search_type=keyword_unordered&media_type=all,unverified (host blocked),unverified (host blocked),unverified (host blocked),unverified (host blocked),unverified (host blocked),https://adstransparency.google.com/?region=US&domain=bullhorn.com,unverified (host blocked),unverified (host blocked),unverified (host blocked),unverified (host blocked),https://www.linkedin.com/ad-library/search?keyword=Bullhorn%20%28Light%20Industrial%29,unverified (host blocked),unverified (host blocked),0,unverified,unverified (host blocked),0,"Meta +3, Google +3, LinkedIn +1, CTA +1 pending audit",Search-verified tool; no <50-headcount or bootstrapped evidence found in results.,pending (audit),search-verified (URL-cited)
69,Ceipal,unverified,https://www.facebook.com/ads/library/?active_status=active&ad_type=all&country=US&q=Ceipal&search_type=keyword_unordered&media_type=all,unverified (host blocked),unverified (host blocked),unverified (host blocked),unverified (host blocked),unverified (host blocked),https://adstransparency.google.com/?region=US&domain=,unverified (host blocked),unverified (host blocked),unverified (host blocked),unverified (host blocked),https://www.linkedin.com/ad-library/search?keyword=Ceipal,unverified (host blocked),unverified (host blocked),0,unverified,unverified (host blocked),0,"Meta +3, Google +3, LinkedIn +1, CTA +1 pending audit",Search-verified tool; no <50-headcount or bootstrapped evidence found in results.,pending (audit),search-verified (URL-cited)
69,Crelate,unverified,https://www.facebook.com/ads/library/?active_status=active&ad_type=all&country=US&q=Crelate&search_type=keyword_unordered&media_type=all,unverified (host blocked),unverified (host blocked),unverified (host blocked),unverified (host blocked),unverified (host blocked),https://adstransparency.google.com/?region=US&domain=,unverified (host blocked),unverified (host blocked),unverified (host blocked),unverified (host blocked),https://www.linkedin.com/ad-library/search?keyword=Crelate,unverified (host blocked),unverified (host blocked),0,unverified,unverified (host blocked),0,"Meta +3, Google +3, LinkedIn +1, CTA +1 pending audit",Search-verified tool; no <50-headcount or bootstrapped evidence found in results.,pending (audit),search-verified (URL-cited)
69,TempWorks,unverified,https://www.facebook.com/ads/library/?active_status=active&ad_type=all&country=US&q=TempWorks&search_type=keyword_unordered&media_type=all,unverified (host blocked),unverified (host blocked),unverified (host blocked),unverified (host blocked),unverified (host blocked),https://adstransparency.google.com/?region=US&domain=,unverified (host blocked),unverified (host blocked),unverified (host blocked),unverified (host blocked),https://www.linkedin.com/ad-library/search?keyword=TempWorks,unverified (host blocked),unverified (host blocked),0,unverified,unverified (host blocked),0,"Meta +3, Google +3, LinkedIn +1, CTA +1 pending audit",Search-verified tool; no <50-headcount or bootstrapped evidence found in results.,pending (audit),search-verified (URL-cited)
70,Avatar DriverHub,avatarfleet.com,https://www.facebook.com/ads/library/?active_status=active&ad_type=all&country=US&q=Avatar%20DriverHub&search_type=keyword_unordered&media_type=all,unverified (host blocked),unverified (host blocked),unverified (host blocked),unverified (host blocked),unverified (host blocked),https://adstransparency.google.com/?region=US&domain=avatarfleet.com,,unverified (host blocked),unverified (host blocked),unverified (host blocked),https://www.linkedin.com/ad-library/search?keyword=Avatar%20DriverHub,unverified (host blocked),unverified (host blocked),0,,,0,"Meta +3, Google +3, LinkedIn +1, CTA +1 pending audit",,pending (audit),search-verified (URL-cited)
70,CarrierLens,carrierlens.com,https://www.facebook.com/ads/library/?active_status=active&ad_type=all&country=US&q=CarrierLens&search_type=keyword_unordered&media_type=all,unverified (host blocked),unverified (host blocked),unverified (host blocked),unverified (host blocked),unverified (host blocked),https://adstransparency.google.com/?region=US&domain=carrierlens.com,,unverified (host blocked),unverified (host blocked),unverified (host blocked),https://www.linkedin.com/ad-library/search?keyword=CarrierLens,unverified (host blocked),unverified (host blocked),0,,,0,"Meta +3, Google +3, LinkedIn +1, CTA +1 pending audit",,pending (audit),search-verified (URL-cited)
70,DOTDriverFiles,dotdriverfiles.com,https://www.facebook.com/ads/library/?active_status=active&ad_type=all&country=US&q=DOTDriverFiles&search_type=keyword_unordered&media_type=all,unverified (host blocked),unverified (host blocked),unverified (host blocked),unverified (host blocked),unverified (host blocked),https://adstransparency.google.com/?region=US&domain=dotdriverfiles.com,,unverified (host blocked),unverified (host blocked),unverified (host blocked),https://www.linkedin.com/ad-library/search?keyword=DOTDriverFiles,unverified (host blocked),unverified (host blocked),0,,,0,"Meta +3, Google +3, LinkedIn +1, CTA +1 pending audit",,pending (audit),search-verified (URL-cited)
70,DQM Connect,dqmconnect.com,https://www.facebook.com/ads/library/?active_status=active&ad_type=all&country=US&q=DQM%20Connect&search_type=keyword_unordered&media_type=all,unverified (host blocked),unverified (host blocked),unverified (host blocked),unverified (host blocked),unverified (host blocked),https://adstransparency.google.com/?region=US&domain=dqmconnect.com,,unverified (host blocked),unverified (host blocked),unverified (host blocked),https://www.linkedin.com/ad-library/search?keyword=DQM%20Connect,unverified (host blocked),unverified (host blocked),2,https://tracxn.com/d/companies/dqm-connect/__hE5Htz3GK7Ho3wwvz4jeoGo-CJjraNviLa-XYXcYKTE,,0,"Meta +3, Google +3, LinkedIn +1, CTA +1 pending audit",,pending (audit),search-verified (URL-cited)
70,Driver File Hub,driverfilehub.com,https://www.facebook.com/ads/library/?active_status=active&ad_type=all&country=US&q=Driver%20File%20Hub&search_type=keyword_unordered&media_type=all,unverified (host blocked),unverified (host blocked),unverified (host blocked),unverified (host blocked),unverified (host blocked),https://adstransparency.google.com/?region=US&domain=driverfilehub.com,,unverified (host blocked),unverified (host blocked),unverified (host blocked),https://www.linkedin.com/ad-library/search?keyword=Driver%20File%20Hub,unverified (host blocked),unverified (host blocked),0,,,0,"Meta +3, Google +3, LinkedIn +1, CTA +1 pending audit",,pending (audit),search-verified (URL-cited)
70,FileFlo,getfileflo.com,https://www.facebook.com/ads/library/?active_status=active&ad_type=all&country=US&q=FileFlo&search_type=keyword_unordered&media_type=all,unverified (host blocked),unverified (host blocked),unverified (host blocked),unverified (host blocked),unverified (host blocked),https://adstransparency.google.com/?region=US&domain=getfileflo.com,,unverified (host blocked),unverified (host blocked),unverified (host blocked),https://www.linkedin.com/ad-library/search?keyword=FileFlo,unverified (host blocked),unverified (host blocked),0,,,0,"Meta +3, Google +3, LinkedIn +1, CTA +1 pending audit",,pending (audit),search-verified (URL-cited)
70,FleetDrive 360,fleetdrive360.com,https://www.facebook.com/ads/library/?active_status=active&ad_type=all&country=US&q=FleetDrive%20360&search_type=keyword_unordered&media_type=all,unverified (host blocked),unverified (host blocked),unverified (host blocked),unverified (host blocked),unverified (host blocked),https://adstransparency.google.com/?region=US&domain=fleetdrive360.com,,unverified (host blocked),unverified (host blocked),unverified (host blocked),https://www.linkedin.com/ad-library/search?keyword=FleetDrive%20360,unverified (host blocked),unverified (host blocked),0,,,0,"Meta +3, Google +3, LinkedIn +1, CTA +1 pending audit",,pending (audit),search-verified (URL-cited)
70,Safety Compliance Tracker,safetycompliancetracker.com,https://www.facebook.com/ads/library/?active_status=active&ad_type=all&country=US&q=Safety%20Compliance%20Tracker&search_type=keyword_unordered&media_type=all,unverified (host blocked),unverified (host blocked),unverified (host blocked),unverified (host blocked),unverified (host blocked),https://adstransparency.google.com/?region=US&domain=safetycompliancetracker.com,,unverified (host blocked),unverified (host blocked),unverified (host blocked),https://www.linkedin.com/ad-library/search?keyword=Safety%20Compliance%20Tracker,unverified (host blocked),unverified (host blocked),0,,,0,"Meta +3, Google +3, LinkedIn +1, CTA +1 pending audit",,pending (audit),search-verified (URL-cited)
71,Canopy,unverified,https://www.facebook.com/ads/library/?active_status=active&ad_type=all&country=US&q=Canopy&search_type=keyword_unordered&media_type=all,unverified (host blocked),unverified (host blocked),unverified (host blocked),unverified (host blocked),unverified (host blocked),https://adstransparency.google.com/?region=US&domain=,unverified (host blocked),unverified (host blocked),unverified (host blocked),unverified (host blocked),https://www.linkedin.com/ad-library/search?keyword=Canopy,unverified (host blocked),unverified (host blocked),0,,unverified (host blocked),0,"Meta +3, Google +3, LinkedIn +1, CTA +1 pending audit",headcount bonus only; all ad-library hosts blocked in this session; no <50-employee or bootstrapped evidence found,pending (audit),search-verified (URL-cited)
71,Financial Cents,financial-cents.com,https://www.facebook.com/ads/library/?active_status=active&ad_type=all&country=US&q=Financial%20Cents&search_type=keyword_unordered&media_type=all,unverified (host blocked),unverified (host blocked),unverified (host blocked),unverified (host blocked),unverified (host blocked),https://adstransparency.google.com/?region=US&domain=financial-cents.com,unverified (host blocked),unverified (host blocked),unverified (host blocked),unverified (host blocked),https://www.linkedin.com/ad-library/search?keyword=Financial%20Cents,unverified (host blocked),unverified (host blocked),2,https://pitchbook.com/profiles/company/437538-07,unverified (host blocked),2,"Meta +3, Google +3, LinkedIn +1, CTA +1 pending audit",headcount bonus only; all ad-library hosts blocked in this session,pending (audit),search-verified (URL-cited)
71,Jetpack Workflow,jetpackworkflow.com,https://www.facebook.com/ads/library/?active_status=active&ad_type=all&country=US&q=Jetpack%20Workflow&search_type=keyword_unordered&media_type=all,unverified (host blocked),unverified (host blocked),unverified (host blocked),unverified (host blocked),unverified (host blocked),https://adstransparency.google.com/?region=US&domain=jetpackworkflow.com,unverified (host blocked),unverified (host blocked),unverified (host blocked),unverified (host blocked),https://www.linkedin.com/ad-library/search?keyword=Jetpack%20Workflow,unverified (host blocked),unverified (host blocked),0,,unverified (host blocked),0,"Meta +3, Google +3, LinkedIn +1, CTA +1 pending audit",headcount bonus only; all ad-library hosts blocked in this session; no <50-employee or bootstrapped evidence found,pending (audit),search-verified (URL-cited)
71,Karbon,unverified,https://www.facebook.com/ads/library/?active_status=active&ad_type=all&country=US&q=Karbon&search_type=keyword_unordered&media_type=all,unverified (host blocked),unverified (host blocked),unverified (host blocked),unverified (host blocked),unverified (host blocked),https://adstransparency.google.com/?region=US&domain=,unverified (host blocked),unverified (host blocked),unverified (host blocked),unverified (host blocked),https://www.linkedin.com/ad-library/search?keyword=Karbon,unverified (host blocked),unverified (host blocked),0,,unverified (host blocked),0,"Meta +3, Google +3, LinkedIn +1, CTA +1 pending audit",headcount bonus only; all ad-library hosts blocked in this session; no <50-employee or bootstrapped evidence found,pending (audit),search-verified (URL-cited)
71,Keeper (rebranded Double),unverified,https://www.facebook.com/ads/library/?active_status=active&ad_type=all&country=US&q=Keeper%20%28rebranded%20Double%29&search_type=keyword_unordered&media_type=all,unverified (host blocked),unverified (host blocked),unverified (host blocked),unverified (host blocked),unverified (host blocked),https://adstransparency.google.com/?region=US&domain=,unverified (host blocked),unverified (host blocked),unverified (host blocked),unverified (host blocked),https://www.linkedin.com/ad-library/search?keyword=Keeper%20%28rebranded%20Double%29,unverified (host blocked),unverified (host blocked),0,,unverified (host blocked),0,"Meta +3, Google +3, LinkedIn +1, CTA +1 pending audit",headcount bonus only; all ad-library hosts blocked in this session; no <50-employee or bootstrapped evidence found,pending (audit),search-verified (URL-cited)
71,TaxDome,unverified,https://www.facebook.com/ads/library/?active_status=active&ad_type=all&country=US&q=TaxDome&search_type=keyword_unordered&media_type=all,unverified (host blocked),unverified (host blocked),unverified (host blocked),unverified (host blocked),unverified (host blocked),https://adstransparency.google.com/?region=US&domain=,unverified (host blocked),unverified (host blocked),unverified (host blocked),unverified (host blocked),https://www.linkedin.com/ad-library/search?keyword=TaxDome,unverified (host blocked),unverified (host blocked),0,,unverified (host blocked),0,"Meta +3, Google +3, LinkedIn +1, CTA +1 pending audit",headcount bonus only; all ad-library hosts blocked in this session; no <50-employee or bootstrapped evidence found,pending (audit),search-named (no URL captured)
71,Uku,getuku.com,https://www.facebook.com/ads/library/?active_status=active&ad_type=all&country=US&q=Uku&search_type=keyword_unordered&media_type=all,unverified (host blocked),unverified (host blocked),unverified (host blocked),unverified (host blocked),unverified (host blocked),https://adstransparency.google.com/?region=US&domain=getuku.com,unverified (host blocked),unverified (host blocked),unverified (host blocked),unverified (host blocked),https://www.linkedin.com/ad-library/search?keyword=Uku,unverified (host blocked),unverified (host blocked),0,,unverified (host blocked),0,"Meta +3, Google +3, LinkedIn +1, CTA +1 pending audit",headcount bonus only; all ad-library hosts blocked in this session; no <50-employee or bootstrapped evidence found,pending (audit),search-verified (URL-cited)
72,Bookedin,bookedin.com,https://www.facebook.com/ads/library/?active_status=active&ad_type=all&country=US&q=Bookedin&search_type=keyword_unordered&media_type=all,unverified (host blocked),unverified (host blocked),unverified (host blocked),unverified (host blocked),unverified (host blocked),https://adstransparency.google.com/?region=US&domain=bookedin.com,unverified (host blocked),unverified (host blocked),unverified (host blocked),unverified (host blocked),https://www.linkedin.com/ad-library/search?keyword=Bookedin,unverified (host blocked),unverified (host blocked),0,n/a,unverified (host blocked),0,"Meta +3, Google +3, LinkedIn +1, CTA +1 pending audit",headcount_bonus=2 only where a result showed <50 employees or bootstrapped (URL in evidence column).,pending (audit),search-verified (URL-cited)
72,Canopy,getcanopy.com,https://www.facebook.com/ads/library/?active_status=active&ad_type=all&country=US&q=Canopy&search_type=keyword_unordered&media_type=all,unverified (host blocked),unverified (host blocked),unverified (host blocked),unverified (host blocked),unverified (host blocked),https://adstransparency.google.com/?region=US&domain=getcanopy.com,unverified (host blocked),unverified (host blocked),unverified (host blocked),unverified (host blocked),https://www.linkedin.com/ad-library/search?keyword=Canopy,unverified (host blocked),unverified (host blocked),0,n/a,unverified (host blocked),0,"Meta +3, Google +3, LinkedIn +1, CTA +1 pending audit",headcount_bonus=2 only where a result showed <50 employees or bootstrapped (URL in evidence column).,pending (audit),search-verified (URL-cited)
72,Conecta CRM,holaconecta.com,https://www.facebook.com/ads/library/?active_status=active&ad_type=all&country=US&q=Conecta%20CRM&search_type=keyword_unordered&media_type=all,unverified (host blocked),unverified (host blocked),unverified (host blocked),unverified (host blocked),unverified (host blocked),https://adstransparency.google.com/?region=US&domain=holaconecta.com,unverified (host blocked),unverified (host blocked),unverified (host blocked),unverified (host blocked),https://www.linkedin.com/ad-library/search?keyword=Conecta%20CRM,unverified (host blocked),unverified (host blocked),0,n/a,unverified (host blocked),0,"Meta +3, Google +3, LinkedIn +1, CTA +1 pending audit",headcount_bonus=2 only where a result showed <50 employees or bootstrapped (URL in evidence column).,pending (audit),search-verified (URL-cited)
72,EZnet Scheduler,eznetscheduler.com,https://www.facebook.com/ads/library/?active_status=active&ad_type=all&country=US&q=EZnet%20Scheduler&search_type=keyword_unordered&media_type=all,unverified (host blocked),unverified (host blocked),unverified (host blocked),unverified (host blocked),unverified (host blocked),https://adstransparency.google.com/?region=US&domain=eznetscheduler.com,unverified (host blocked),unverified (host blocked),unverified (host blocked),unverified (host blocked),https://www.linkedin.com/ad-library/search?keyword=EZnet%20Scheduler,unverified (host blocked),unverified (host blocked),0,n/a,unverified (host blocked),0,"Meta +3, Google +3, LinkedIn +1, CTA +1 pending audit",headcount_bonus=2 only where a result showed <50 employees or bootstrapped (URL in evidence column).,pending (audit),search-verified (URL-cited)
72,ProClient,proclient.com,https://www.facebook.com/ads/library/?active_status=active&ad_type=all&country=US&q=ProClient&search_type=keyword_unordered&media_type=all,unverified (host blocked),unverified (host blocked),unverified (host blocked),unverified (host blocked),unverified (host blocked),https://adstransparency.google.com/?region=US&domain=proclient.com,unverified (host blocked),unverified (host blocked),unverified (host blocked),unverified (host blocked),https://www.linkedin.com/ad-library/search?keyword=ProClient,unverified (host blocked),unverified (host blocked),0,n/a,unverified (host blocked),0,"Meta +3, Google +3, LinkedIn +1, CTA +1 pending audit",headcount_bonus=2 only where a result showed <50 employees or bootstrapped (URL in evidence column).,pending (audit),search-verified (URL-cited)
72,SuiteDash,suitedash.com,https://www.facebook.com/ads/library/?active_status=active&ad_type=all&country=US&q=SuiteDash&search_type=keyword_unordered&media_type=all,unverified (host blocked),unverified (host blocked),unverified (host blocked),unverified (host blocked),unverified (host blocked),https://adstransparency.google.com/?region=US&domain=suitedash.com,unverified (host blocked),unverified (host blocked),unverified (host blocked),unverified (host blocked),https://www.linkedin.com/ad-library/search?keyword=SuiteDash,unverified (host blocked),unverified (host blocked),0,n/a,unverified (host blocked),0,"Meta +3, Google +3, LinkedIn +1, CTA +1 pending audit",headcount_bonus=2 only where a result showed <50 employees or bootstrapped (URL in evidence column).,pending (audit),search-verified (URL-cited)
72,TaxDome,taxdome.com,https://www.facebook.com/ads/library/?active_status=active&ad_type=all&country=US&q=TaxDome&search_type=keyword_unordered&media_type=all,unverified (host blocked),unverified (host blocked),unverified (host blocked),unverified (host blocked),unverified (host blocked),https://adstransparency.google.com/?region=US&domain=taxdome.com,unverified (host blocked),unverified (host blocked),unverified (host blocked),unverified (host blocked),https://www.linkedin.com/ad-library/search?keyword=TaxDome,unverified (host blocked),unverified (host blocked),2,https://www.linkedin.com/posts/taxdome_did-you-know-taxdome-is-bootstrapped-since-activity-7419770955696332800-JsDp,unverified (host blocked),2,"Meta +3, Google +3, LinkedIn +1, CTA +1 pending audit",headcount_bonus=2 only where a result showed <50 employees or bootstrapped (URL in evidence column).,pending (audit),search-verified (URL-cited)
72,Taxaroo,taxaroo.com,https://www.facebook.com/ads/library/?active_status=active&ad_type=all&country=US&q=Taxaroo&search_type=keyword_unordered&media_type=all,unverified (host blocked),unverified (host blocked),unverified (host blocked),unverified (host blocked),unverified (host blocked),https://adstransparency.google.com/?region=US&domain=taxaroo.com,unverified (host blocked),unverified (host blocked),unverified (host blocked),unverified (host blocked),https://www.linkedin.com/ad-library/search?keyword=Taxaroo,unverified (host blocked),unverified (host blocked),2,https://www.linkedin.com/company/taxaroo,unverified (host blocked),2,"Meta +3, Google +3, LinkedIn +1, CTA +1 pending audit",headcount_bonus=2 only where a result showed <50 employees or bootstrapped (URL in evidence column).,pending (audit),search-verified (URL-cited)
73,AdvancedMD (AdvancedBiller),advancedmd.com,https://www.facebook.com/ads/library/?active_status=active&ad_type=all&country=US&q=AdvancedMD%20%28AdvancedBiller%29&search_type=keyword_unordered&media_type=all,unverified (host blocked),unverified (host blocked),unverified (host blocked),unverified (host blocked),unverified (host blocked),https://adstransparency.google.com/?region=US&domain=advancedmd.com,unverified (host blocked),unverified (host blocked),unverified (host blocked),unverified (host blocked),https://www.linkedin.com/ad-library/search?keyword=AdvancedMD%20%28AdvancedBiller%29,unverified (host blocked),unverified (host blocked),0,n/a,unverified (host blocked),0,"Meta +3, Google +3, LinkedIn +1, CTA +1 pending audit",Ad libraries unreachable from this environment (egress policy); counts pending local audit.,pending (audit),search-verified (URL-cited)
73,CollaborateMD,collaboratemd.com,https://www.facebook.com/ads/library/?active_status=active&ad_type=all&country=US&q=CollaborateMD&search_type=keyword_unordered&media_type=all,unverified (host blocked),unverified (host blocked),unverified (host blocked),unverified (host blocked),unverified (host blocked),https://adstransparency.google.com/?region=US&domain=collaboratemd.com,unverified (host blocked),unverified (host blocked),unverified (host blocked),unverified (host blocked),https://www.linkedin.com/ad-library/search?keyword=CollaborateMD,unverified (host blocked),unverified (host blocked),0,n/a,unverified (host blocked),0,"Meta +3, Google +3, LinkedIn +1, CTA +1 pending audit",Ad libraries unreachable from this environment (egress policy); counts pending local audit.,pending (audit),search-verified (URL-cited)
73,EZClaim,ezclaim.com,https://www.facebook.com/ads/library/?active_status=active&ad_type=all&country=US&q=EZClaim&search_type=keyword_unordered&media_type=all,unverified (host blocked),unverified (host blocked),unverified (host blocked),unverified (host blocked),unverified (host blocked),https://adstransparency.google.com/?region=US&domain=ezclaim.com,unverified (host blocked),unverified (host blocked),unverified (host blocked),unverified (host blocked),https://www.linkedin.com/ad-library/search?keyword=EZClaim,unverified (host blocked),unverified (host blocked),0,n/a,unverified (host blocked),0,"Meta +3, Google +3, LinkedIn +1, CTA +1 pending audit",Ad libraries unreachable from this environment (egress policy); counts pending local audit.,pending (audit),search-verified (URL-cited)
73,ImagineSoftware (ImagineOne),imagineteam.com,https://www.facebook.com/ads/library/?active_status=active&ad_type=all&country=US&q=ImagineSoftware%20%28ImagineOne%29&search_type=keyword_unordered&media_type=all,unverified (host blocked),unverified (host blocked),unverified (host blocked),unverified (host blocked),unverified (host blocked),https://adstransparency.google.com/?region=US&domain=imagineteam.com,unverified (host blocked),unverified (host blocked),unverified (host blocked),unverified (host blocked),https://www.linkedin.com/ad-library/search?keyword=ImagineSoftware%20%28ImagineOne%29,unverified (host blocked),unverified (host blocked),0,n/a,unverified (host blocked),0,"Meta +3, Google +3, LinkedIn +1, CTA +1 pending audit",Ad libraries unreachable from this environment (egress policy); counts pending local audit.,pending (audit),search-verified (URL-cited)
73,PracticeSuite,practicesuite.com,https://www.facebook.com/ads/library/?active_status=active&ad_type=all&country=US&q=PracticeSuite&search_type=keyword_unordered&media_type=all,unverified (host blocked),unverified (host blocked),unverified (host blocked),unverified (host blocked),unverified (host blocked),https://adstransparency.google.com/?region=US&domain=practicesuite.com,unverified (host blocked),unverified (host blocked),unverified (host blocked),unverified (host blocked),https://www.linkedin.com/ad-library/search?keyword=PracticeSuite,unverified (host blocked),unverified (host blocked),0,n/a,unverified (host blocked),0,"Meta +3, Google +3, LinkedIn +1, CTA +1 pending audit",Ad libraries unreachable from this environment (egress policy); counts pending local audit.,pending (audit),search-verified (URL-cited)
73,Tebra (Kareo),tebra.com,https://www.facebook.com/ads/library/?active_status=active&ad_type=all&country=US&q=Tebra%20%28Kareo%29&search_type=keyword_unordered&media_type=all,unverified (host blocked),unverified (host blocked),unverified (host blocked),unverified (host blocked),unverified (host blocked),https://adstransparency.google.com/?region=US&domain=tebra.com,unverified (host blocked),unverified (host blocked),unverified (host blocked),unverified (host blocked),https://www.linkedin.com/ad-library/search?keyword=Tebra%20%28Kareo%29,unverified (host blocked),unverified (host blocked),0,n/a,unverified (host blocked),0,"Meta +3, Google +3, LinkedIn +1, CTA +1 pending audit",Ad libraries unreachable from this environment (egress policy); counts pending local audit.,pending (audit),search-verified (URL-cited)
74,Cyanic Job Book,getjobbook.com,https://www.facebook.com/ads/library/?active_status=active&ad_type=all&country=US&q=Cyanic%20Job%20Book&search_type=keyword_unordered&media_type=all,unverified (host blocked),unverified (host blocked),unverified (host blocked),unverified (host blocked),unverified (host blocked),https://adstransparency.google.com/?region=US&domain=getjobbook.com,unverified (host blocked),unverified (host blocked),unverified (host blocked),unverified (host blocked),https://www.linkedin.com/ad-library/search?keyword=Cyanic%20Job%20Book,unverified (host blocked),unverified (host blocked),2,https://www.crunchbase.com/organization/cyanic-automation,unverified (host blocked),2,"Meta +3, Google +3, LinkedIn +1, CTA +1 pending audit",,pending (audit),search-verified (URL-cited)
74,Kudurru Stone,kudurrustone.com,https://www.facebook.com/ads/library/?active_status=active&ad_type=all&country=US&q=Kudurru%20Stone&search_type=keyword_unordered&media_type=all,unverified (host blocked),unverified (host blocked),unverified (host blocked),unverified (host blocked),unverified (host blocked),https://adstransparency.google.com/?region=US&domain=kudurrustone.com,unverified (host blocked),unverified (host blocked),unverified (host blocked),unverified (host blocked),https://www.linkedin.com/ad-library/search?keyword=Kudurru%20Stone,unverified (host blocked),unverified (host blocked),2,https://www.linkedin.com/company/kudurru-stone-llc,unverified (host blocked),2,"Meta +3, Google +3, LinkedIn +1, CTA +1 pending audit",,pending (audit),search-verified (URL-cited)
74,Pimarc,pimarc.com,https://www.facebook.com/ads/library/?active_status=active&ad_type=all&country=US&q=Pimarc&search_type=keyword_unordered&media_type=all,unverified (host blocked),unverified (host blocked),unverified (host blocked),unverified (host blocked),unverified (host blocked),https://adstransparency.google.com/?region=US&domain=pimarc.com,unverified (host blocked),unverified (host blocked),unverified (host blocked),unverified (host blocked),https://www.linkedin.com/ad-library/search?keyword=Pimarc,unverified (host blocked),unverified (host blocked),0,unverified,unverified (host blocked),0,"Meta +3, Google +3, LinkedIn +1, CTA +1 pending audit",,pending (audit),search-verified (URL-cited)
74,Project Tracker Pro,projecttrackerpro.com,https://www.facebook.com/ads/library/?active_status=active&ad_type=all&country=US&q=Project%20Tracker%20Pro&search_type=keyword_unordered&media_type=all,unverified (host blocked),unverified (host blocked),unverified (host blocked),unverified (host blocked),unverified (host blocked),https://adstransparency.google.com/?region=US&domain=projecttrackerpro.com,unverified (host blocked),unverified (host blocked),unverified (host blocked),unverified (host blocked),https://www.linkedin.com/ad-library/search?keyword=Project%20Tracker%20Pro,unverified (host blocked),unverified (host blocked),0,unverified,unverified (host blocked),0,"Meta +3, Google +3, LinkedIn +1, CTA +1 pending audit",,pending (audit),search-verified (URL-cited)
74,QuoteIQ,myquoteiq.com,https://www.facebook.com/ads/library/?active_status=active&ad_type=all&country=US&q=QuoteIQ&search_type=keyword_unordered&media_type=all,unverified (host blocked),unverified (host blocked),unverified (host blocked),unverified (host blocked),unverified (host blocked),https://adstransparency.google.com/?region=US&domain=myquoteiq.com,unverified (host blocked),unverified (host blocked),unverified (host blocked),unverified (host blocked),https://www.linkedin.com/ad-library/search?keyword=QuoteIQ,unverified (host blocked),unverified (host blocked),2,https://contractortoolstack.com/software/quoteiq/pricing/,unverified (host blocked),2,"Meta +3, Google +3, LinkedIn +1, CTA +1 pending audit",,pending (audit),search-verified (URL-cited)
74,Wunz Efficiency,wunzefficiency.com,https://www.facebook.com/ads/library/?active_status=active&ad_type=all&country=US&q=Wunz%20Efficiency&search_type=keyword_unordered&media_type=all,unverified (host blocked),unverified (host blocked),unverified (host blocked),unverified (host blocked),unverified (host blocked),https://adstransparency.google.com/?region=US&domain=wunzefficiency.com,unverified (host blocked),unverified (host blocked),unverified (host blocked),unverified (host blocked),https://www.linkedin.com/ad-library/search?keyword=Wunz%20Efficiency,unverified (host blocked),unverified (host blocked),0,unverified,unverified (host blocked),0,"Meta +3, Google +3, LinkedIn +1, CTA +1 pending audit",,pending (audit),search-verified (URL-cited)
75,ACI Sky Workbench,aciweb.com,https://www.facebook.com/ads/library/?active_status=active&ad_type=all&country=US&q=ACI%20Sky%20Workbench&search_type=keyword_unordered&media_type=all,unverified (host blocked),unverified (host blocked),unverified (host blocked),unverified (host blocked),unverified (host blocked),https://adstransparency.google.com/?region=US&domain=aciweb.com,unverified,unverified (host blocked),unverified (host blocked),unverified (host blocked),https://www.linkedin.com/ad-library/search?keyword=ACI%20Sky%20Workbench,unverified (host blocked),unverified (host blocked),0,unverified,unverified,0,"Meta +3, Google +3, LinkedIn +1, CTA +1 pending audit",headcount/funding not verified in results,pending (audit),search-verified (URL-cited)
75,AIVRE,unverified,https://www.facebook.com/ads/library/?active_status=active&ad_type=all&country=US&q=AIVRE&search_type=keyword_unordered&media_type=all,unverified (host blocked),unverified (host blocked),unverified (host blocked),unverified (host blocked),unverified (host blocked),https://adstransparency.google.com/?region=US&domain=,unverified,unverified (host blocked),unverified (host blocked),unverified (host blocked),https://www.linkedin.com/ad-library/search?keyword=AIVRE,unverified (host blocked),unverified (host blocked),0,unverified,unverified,0,"Meta +3, Google +3, LinkedIn +1, CTA +1 pending audit",headcount/funding not verified in results,pending (audit),search-verified (URL-cited)
75,Anow (Voxtur),anow.com,https://www.facebook.com/ads/library/?active_status=active&ad_type=all&country=US&q=Anow%20%28Voxtur%29&search_type=keyword_unordered&media_type=all,unverified (host blocked),unverified (host blocked),unverified (host blocked),unverified (host blocked),unverified (host blocked),https://adstransparency.google.com/?region=US&domain=anow.com,unverified,unverified (host blocked),unverified (host blocked),unverified (host blocked),https://www.linkedin.com/ad-library/search?keyword=Anow%20%28Voxtur%29,unverified (host blocked),unverified (host blocked),2,https://www.cbinsights.com/company/anow,unverified,2,"Meta +3, Google +3, LinkedIn +1, CTA +1 pending audit",headcount <50 or bootstrapped per cited result,pending (audit),search-verified (URL-cited)
75,Appraisal Host,appraisalhost.com,https://www.facebook.com/ads/library/?active_status=active&ad_type=all&country=US&q=Appraisal%20Host&search_type=keyword_unordered&media_type=all,unverified (host blocked),unverified (host blocked),unverified (host blocked),unverified (host blocked),unverified (host blocked),https://adstransparency.google.com/?region=US&domain=appraisalhost.com,unverified,unverified (host blocked),unverified (host blocked),unverified (host blocked),https://www.linkedin.com/ad-library/search?keyword=Appraisal%20Host,unverified (host blocked),unverified (host blocked),0,unverified,unverified,0,"Meta +3, Google +3, LinkedIn +1, CTA +1 pending audit",headcount/funding not verified in results,pending (audit),search-verified (URL-cited)
75,Appraisal Inbox,appraisalinbox.com,https://www.facebook.com/ads/library/?active_status=active&ad_type=all&country=US&q=Appraisal%20Inbox&search_type=keyword_unordered&media_type=all,unverified (host blocked),unverified (host blocked),unverified (host blocked),unverified (host blocked),unverified (host blocked),https://adstransparency.google.com/?region=US&domain=appraisalinbox.com,unverified,unverified (host blocked),unverified (host blocked),unverified (host blocked),https://www.linkedin.com/ad-library/search?keyword=Appraisal%20Inbox,unverified (host blocked),unverified (host blocked),2,https://www.goodfirms.co/software/appraisal-inbox,unverified,2,"Meta +3, Google +3, LinkedIn +1, CTA +1 pending audit",headcount <50 or bootstrapped per cited result,pending (audit),search-verified (URL-cited)
75,ClickFORMS (Bradford Technologies),bradfordsoftware.com,https://www.facebook.com/ads/library/?active_status=active&ad_type=all&country=US&q=ClickFORMS%20%28Bradford%20Technologies%29&search_type=keyword_unordered&media_type=all,unverified (host blocked),unverified (host blocked),unverified (host blocked),unverified (host blocked),unverified (host blocked),https://adstransparency.google.com/?region=US&domain=bradfordsoftware.com,unverified,unverified (host blocked),unverified (host blocked),unverified (host blocked),https://www.linkedin.com/ad-library/search?keyword=ClickFORMS%20%28Bradford%20Technologies%29,unverified (host blocked),unverified (host blocked),0,unverified,unverified,0,"Meta +3, Google +3, LinkedIn +1, CTA +1 pending audit",headcount/funding not verified in results,pending (audit),search-verified (URL-cited)
75,DataMaster,datamasterusa.com,https://www.facebook.com/ads/library/?active_status=active&ad_type=all&country=US&q=DataMaster&search_type=keyword_unordered&media_type=all,unverified (host blocked),unverified (host blocked),unverified (host blocked),unverified (host blocked),unverified (host blocked),https://adstransparency.google.com/?region=US&domain=datamasterusa.com,unverified,unverified (host blocked),unverified (host blocked),unverified (host blocked),https://www.linkedin.com/ad-library/search?keyword=DataMaster,unverified (host blocked),unverified (host blocked),0,unverified,unverified,0,"Meta +3, Google +3, LinkedIn +1, CTA +1 pending audit",headcount/funding not verified in results,pending (audit),search-verified (URL-cited)
75,TOTAL by a la mode (Cotality),alamode.com,https://www.facebook.com/ads/library/?active_status=active&ad_type=all&country=US&q=TOTAL%20by%20a%20la%20mode%20%28Cotality%29&search_type=keyword_unordered&media_type=all,unverified (host blocked),unverified (host blocked),unverified (host blocked),unverified (host blocked),unverified (host blocked),https://adstransparency.google.com/?region=US&domain=alamode.com,unverified,unverified (host blocked),unverified (host blocked),unverified (host blocked),https://www.linkedin.com/ad-library/search?keyword=TOTAL%20by%20a%20la%20mode%20%28Cotality%29,unverified (host blocked),unverified (host blocked),0,unverified,unverified,0,"Meta +3, Google +3, LinkedIn +1, CTA +1 pending audit",headcount/funding not verified in results,pending (audit),search-verified (URL-cited)
75,ValueLink Connect,valuelinkconnect.com,https://www.facebook.com/ads/library/?active_status=active&ad_type=all&country=US&q=ValueLink%20Connect&search_type=keyword_unordered&media_type=all,unverified (host blocked),unverified (host blocked),unverified (host blocked),unverified (host blocked),unverified (host blocked),https://adstransparency.google.com/?region=US&domain=valuelinkconnect.com,unverified,unverified (host blocked),unverified (host blocked),unverified (host blocked),https://www.linkedin.com/ad-library/search?keyword=ValueLink%20Connect,unverified (host blocked),unverified (host blocked),0,unverified,unverified,0,"Meta +3, Google +3, LinkedIn +1, CTA +1 pending audit",headcount/funding not verified in results,pending (audit),search-verified (URL-cited)
76,AppFolio,appfolio.com,https://www.facebook.com/ads/library/?active_status=active&ad_type=all&country=US&q=AppFolio&search_type=keyword_unordered&media_type=all,unverified (host blocked),unverified (host blocked),unverified (host blocked),unverified (host blocked),unverified (host blocked),https://adstransparency.google.com/?region=US&domain=appfolio.com,unverified (host blocked),unverified (host blocked),unverified (host blocked),unverified (host blocked),https://www.linkedin.com/ad-library/search?keyword=AppFolio,unverified (host blocked),unverified (host blocked),0,unverified,unverified (host blocked),0,"Meta +3, Google +3, LinkedIn +1, CTA +1 pending audit",Lookup URLs prebuilt; run scraper/ locally to fill counts.,pending (audit),search-verified (URL-cited)
76,Buildium,buildium.com,https://www.facebook.com/ads/library/?active_status=active&ad_type=all&country=US&q=Buildium&search_type=keyword_unordered&media_type=all,unverified (host blocked),unverified (host blocked),unverified (host blocked),unverified (host blocked),unverified (host blocked),https://adstransparency.google.com/?region=US&domain=buildium.com,unverified (host blocked),unverified (host blocked),unverified (host blocked),unverified (host blocked),https://www.linkedin.com/ad-library/search?keyword=Buildium,unverified (host blocked),unverified (host blocked),0,unverified,unverified (host blocked),0,"Meta +3, Google +3, LinkedIn +1, CTA +1 pending audit",Lookup URLs prebuilt; run scraper/ locally to fill counts.,pending (audit),search-verified (URL-cited)
76,DoorLoop,doorloop.com,https://www.facebook.com/ads/library/?active_status=active&ad_type=all&country=US&q=DoorLoop&search_type=keyword_unordered&media_type=all,unverified (host blocked),unverified (host blocked),unverified (host blocked),unverified (host blocked),unverified (host blocked),https://adstransparency.google.com/?region=US&domain=doorloop.com,unverified (host blocked),unverified (host blocked),unverified (host blocked),unverified (host blocked),https://www.linkedin.com/ad-library/search?keyword=DoorLoop,unverified (host blocked),unverified (host blocked),0,unverified,unverified (host blocked),0,"Meta +3, Google +3, LinkedIn +1, CTA +1 pending audit",Lookup URLs prebuilt; run scraper/ locally to fill counts.,pending (audit),search-verified (URL-cited)
76,Innago,innago.com,https://www.facebook.com/ads/library/?active_status=active&ad_type=all&country=US&q=Innago&search_type=keyword_unordered&media_type=all,unverified (host blocked),unverified (host blocked),unverified (host blocked),unverified (host blocked),unverified (host blocked),https://adstransparency.google.com/?region=US&domain=innago.com,unverified (host blocked),unverified (host blocked),unverified (host blocked),unverified (host blocked),https://www.linkedin.com/ad-library/search?keyword=Innago,unverified (host blocked),unverified (host blocked),2,https://tracxn.com/d/companies/innago/__ZQ9Z0QpYfFQsV2aOV9_zF4fCt_5wG1mgsiuaDCBSFxQ,unverified (host blocked),2,"Meta +3, Google +3, LinkedIn +1, CTA +1 pending audit",Lookup URLs prebuilt; run scraper/ locally to fill counts.,pending (audit),search-verified (URL-cited)
76,Rentec Direct,rentecdirect.com,https://www.facebook.com/ads/library/?active_status=active&ad_type=all&country=US&q=Rentec%20Direct&search_type=keyword_unordered&media_type=all,unverified (host blocked),unverified (host blocked),unverified (host blocked),unverified (host blocked),unverified (host blocked),https://adstransparency.google.com/?region=US&domain=rentecdirect.com,unverified (host blocked),unverified (host blocked),unverified (host blocked),unverified (host blocked),https://www.linkedin.com/ad-library/search?keyword=Rentec%20Direct,unverified (host blocked),unverified (host blocked),2,https://aiforproptech.com/companies/rentec-direct/,unverified (host blocked),2,"Meta +3, Google +3, LinkedIn +1, CTA +1 pending audit",Lookup URLs prebuilt; run scraper/ locally to fill counts.,pending (audit),search-verified (URL-cited)
76,Shuk Rentals,shukrentals.com,https://www.facebook.com/ads/library/?active_status=active&ad_type=all&country=US&q=Shuk%20Rentals&search_type=keyword_unordered&media_type=all,unverified (host blocked),unverified (host blocked),unverified (host blocked),unverified (host blocked),unverified (host blocked),https://adstransparency.google.com/?region=US&domain=shukrentals.com,unverified (host blocked),unverified (host blocked),unverified (host blocked),unverified (host blocked),https://www.linkedin.com/ad-library/search?keyword=Shuk%20Rentals,unverified (host blocked),unverified (host blocked),0,unverified,unverified (host blocked),0,"Meta +3, Google +3, LinkedIn +1, CTA +1 pending audit",Lookup URLs prebuilt; run scraper/ locally to fill counts.,pending (audit),search-verified (URL-cited)
76,TenantCloud,tenantcloud.com,https://www.facebook.com/ads/library/?active_status=active&ad_type=all&country=US&q=TenantCloud&search_type=keyword_unordered&media_type=all,unverified (host blocked),unverified (host blocked),unverified (host blocked),unverified (host blocked),unverified (host blocked),https://adstransparency.google.com/?region=US&domain=tenantcloud.com,unverified (host blocked),unverified (host blocked),unverified (host blocked),unverified (host blocked),https://www.linkedin.com/ad-library/search?keyword=TenantCloud,unverified (host blocked),unverified (host blocked),0,unverified,unverified (host blocked),0,"Meta +3, Google +3, LinkedIn +1, CTA +1 pending audit",Lookup URLs prebuilt; run scraper/ locally to fill counts.,pending (audit),search-verified (URL-cited)
76,TurboTenant,turbotenant.com,https://www.facebook.com/ads/library/?active_status=active&ad_type=all&country=US&q=TurboTenant&search_type=keyword_unordered&media_type=all,unverified (host blocked),unverified (host blocked),unverified (host blocked),unverified (host blocked),unverified (host blocked),https://adstransparency.google.com/?region=US&domain=turbotenant.com,unverified (host blocked),unverified (host blocked),unverified (host blocked),unverified (host blocked),https://www.linkedin.com/ad-library/search?keyword=TurboTenant,unverified (host blocked),unverified (host blocked),0,unverified,unverified (host blocked),0,"Meta +3, Google +3, LinkedIn +1, CTA +1 pending audit",Lookup URLs prebuilt; run scraper/ locally to fill counts.,pending (audit),search-verified (URL-cited)
76,Yardi Breeze,yardibreeze.com,https://www.facebook.com/ads/library/?active_status=active&ad_type=all&country=US&q=Yardi%20Breeze&search_type=keyword_unordered&media_type=all,unverified (host blocked),unverified (host blocked),unverified (host blocked),unverified (host blocked),unverified (host blocked),https://adstransparency.google.com/?region=US&domain=yardibreeze.com,unverified (host blocked),unverified (host blocked),unverified (host blocked),unverified (host blocked),https://www.linkedin.com/ad-library/search?keyword=Yardi%20Breeze,unverified (host blocked),unverified (host blocked),0,unverified,unverified (host blocked),0,"Meta +3, Google +3, LinkedIn +1, CTA +1 pending audit",Lookup URLs prebuilt; run scraper/ locally to fill counts.,pending (audit),search-verified (URL-cited)
77,AgencyZoom (Vertafore),unverified,https://www.facebook.com/ads/library/?active_status=active&ad_type=all&country=US&q=AgencyZoom%20%28Vertafore%29&search_type=keyword_unordered&media_type=all,unverified (host blocked),unverified (host blocked),unverified (host blocked),unverified (host blocked),unverified (host blocked),https://adstransparency.google.com/?region=US&domain=,unverified (host blocked),unverified (host blocked),unverified (host blocked),unverified (host blocked),https://www.linkedin.com/ad-library/search?keyword=AgencyZoom%20%28Vertafore%29,unverified (host blocked),unverified (host blocked),0,unverified,unverified (host blocked),0,"Meta +3, Google +3, LinkedIn +1, CTA +1 pending audit",Search-verified tool; no <50-headcount or bootstrapped evidence found in results.,pending (audit),search-verified (URL-cited)
77,Applied Epic,appliedsystems.com,https://www.facebook.com/ads/library/?active_status=active&ad_type=all&country=US&q=Applied%20Epic&search_type=keyword_unordered&media_type=all,unverified (host blocked),unverified (host blocked),unverified (host blocked),unverified (host blocked),unverified (host blocked),https://adstransparency.google.com/?region=US&domain=appliedsystems.com,unverified (host blocked),unverified (host blocked),unverified (host blocked),unverified (host blocked),https://www.linkedin.com/ad-library/search?keyword=Applied%20Epic,unverified (host blocked),unverified (host blocked),0,unverified,unverified (host blocked),0,"Meta +3, Google +3, LinkedIn +1, CTA +1 pending audit",Search-verified tool; no <50-headcount or bootstrapped evidence found in results.,pending (audit),search-verified (URL-cited)
77,EZLynx (Applied Systems),ezlynx.com,https://www.facebook.com/ads/library/?active_status=active&ad_type=all&country=US&q=EZLynx%20%28Applied%20Systems%29&search_type=keyword_unordered&media_type=all,unverified (host blocked),unverified (host blocked),unverified (host blocked),unverified (host blocked),unverified (host blocked),https://adstransparency.google.com/?region=US&domain=ezlynx.com,unverified (host blocked),unverified (host blocked),unverified (host blocked),unverified (host blocked),https://www.linkedin.com/ad-library/search?keyword=EZLynx%20%28Applied%20Systems%29,unverified (host blocked),unverified (host blocked),0,unverified,unverified (host blocked),0,"Meta +3, Google +3, LinkedIn +1, CTA +1 pending audit",Search-verified tool; no <50-headcount or bootstrapped evidence found in results.,pending (audit),search-verified (URL-cited)
77,GloveBox (Better Agency),glovebox.io,https://www.facebook.com/ads/library/?active_status=active&ad_type=all&country=US&q=GloveBox%20%28Better%20Agency%29&search_type=keyword_unordered&media_type=all,unverified (host blocked),unverified (host blocked),unverified (host blocked),unverified (host blocked),unverified (host blocked),https://adstransparency.google.com/?region=US&domain=glovebox.io,unverified (host blocked),unverified (host blocked),unverified (host blocked),unverified (host blocked),https://www.linkedin.com/ad-library/search?keyword=GloveBox%20%28Better%20Agency%29,unverified (host blocked),unverified (host blocked),0,unverified,unverified (host blocked),0,"Meta +3, Google +3, LinkedIn +1, CTA +1 pending audit",Search-verified tool; no <50-headcount or bootstrapped evidence found in results.,pending (audit),search-verified (URL-cited)
77,HawkSoft,hawksoft.com,https://www.facebook.com/ads/library/?active_status=active&ad_type=all&country=US&q=HawkSoft&search_type=keyword_unordered&media_type=all,unverified (host blocked),unverified (host blocked),unverified (host blocked),unverified (host blocked),unverified (host blocked),https://adstransparency.google.com/?region=US&domain=hawksoft.com,unverified (host blocked),unverified (host blocked),unverified (host blocked),unverified (host blocked),https://www.linkedin.com/ad-library/search?keyword=HawkSoft,unverified (host blocked),unverified (host blocked),0,unverified,unverified (host blocked),0,"Meta +3, Google +3, LinkedIn +1, CTA +1 pending audit",Search-verified tool; no <50-headcount or bootstrapped evidence found in results.,pending (audit),search-verified (URL-cited)
77,HubSpot CRM for Insurance,hubspot.com,https://www.facebook.com/ads/library/?active_status=active&ad_type=all&country=US&q=HubSpot%20CRM%20for%20Insurance&search_type=keyword_unordered&media_type=all,unverified (host blocked),unverified (host blocked),unverified (host blocked),unverified (host blocked),unverified (host blocked),https://adstransparency.google.com/?region=US&domain=hubspot.com,unverified (host blocked),unverified (host blocked),unverified (host blocked),unverified (host blocked),https://www.linkedin.com/ad-library/search?keyword=HubSpot%20CRM%20for%20Insurance,unverified (host blocked),unverified (host blocked),0,unverified,unverified (host blocked),0,"Meta +3, Google +3, LinkedIn +1, CTA +1 pending audit",Search-verified tool; no <50-headcount or bootstrapped evidence found in results.,pending (audit),search-verified (URL-cited)
77,Momentum AMP (formerly NowCerts),momentumamp.com,https://www.facebook.com/ads/library/?active_status=active&ad_type=all&country=US&q=Momentum%20AMP%20%28formerly%20NowCerts%29&search_type=keyword_unordered&media_type=all,unverified (host blocked),unverified (host blocked),unverified (host blocked),unverified (host blocked),unverified (host blocked),https://adstransparency.google.com/?region=US&domain=momentumamp.com,unverified (host blocked),unverified (host blocked),unverified (host blocked),unverified (host blocked),https://www.linkedin.com/ad-library/search?keyword=Momentum%20AMP%20%28formerly%20NowCerts%29,unverified (host blocked),unverified (host blocked),0,unverified,unverified (host blocked),0,"Meta +3, Google +3, LinkedIn +1, CTA +1 pending audit",Search-verified tool; no <50-headcount or bootstrapped evidence found in results.,pending (audit),search-verified (URL-cited)
78,ARIVE,arive.com,https://www.facebook.com/ads/library/?active_status=active&ad_type=all&country=US&q=ARIVE&search_type=keyword_unordered&media_type=all,unverified (host blocked),unverified (host blocked),unverified (host blocked),unverified (host blocked),unverified (host blocked),https://adstransparency.google.com/?region=US&domain=arive.com,unverified (host blocked),unverified (host blocked),unverified (host blocked),unverified (host blocked),https://www.linkedin.com/ad-library/search?keyword=ARIVE,unverified (host blocked),unverified (host blocked),0,,unverified (host blocked),0,"Meta +3, Google +3, LinkedIn +1, CTA +1 pending audit",headcount bonus only; all ad-library hosts blocked in this session; no <50-employee or bootstrapped evidence found,pending (audit),search-verified (URL-cited)
78,BNTouch,bntouch.com,https://www.facebook.com/ads/library/?active_status=active&ad_type=all&country=US&q=BNTouch&search_type=keyword_unordered&media_type=all,unverified (host blocked),unverified (host blocked),unverified (host blocked),unverified (host blocked),unverified (host blocked),https://adstransparency.google.com/?region=US&domain=bntouch.com,unverified (host blocked),unverified (host blocked),unverified (host blocked),unverified (host blocked),https://www.linkedin.com/ad-library/search?keyword=BNTouch,unverified (host blocked),unverified (host blocked),2,https://tracxn.com/d/companies/bntouch/__AEanYgLw_pmf6ZeULNqBm6_CQ1rBtRaeDhGdiYyfni0,unverified (host blocked),2,"Meta +3, Google +3, LinkedIn +1, CTA +1 pending audit",headcount bonus only; all ad-library hosts blocked in this session,pending (audit),search-verified (URL-cited)
78,Bonzo,unverified,https://www.facebook.com/ads/library/?active_status=active&ad_type=all&country=US&q=Bonzo&search_type=keyword_unordered&media_type=all,unverified (host blocked),unverified (host blocked),unverified (host blocked),unverified (host blocked),unverified (host blocked),https://adstransparency.google.com/?region=US&domain=,unverified (host blocked),unverified (host blocked),unverified (host blocked),unverified (host blocked),https://www.linkedin.com/ad-library/search?keyword=Bonzo,unverified (host blocked),unverified (host blocked),0,,unverified (host blocked),0,"Meta +3, Google +3, LinkedIn +1, CTA +1 pending audit",headcount bonus only; all ad-library hosts blocked in this session; no <50-employee or bootstrapped evidence found,pending (audit),search-verified (URL-cited)
78,ICE Encompass,unverified,https://www.facebook.com/ads/library/?active_status=active&ad_type=all&country=US&q=ICE%20Encompass&search_type=keyword_unordered&media_type=all,unverified (host blocked),unverified (host blocked),unverified (host blocked),unverified (host blocked),unverified (host blocked),https://adstransparency.google.com/?region=US&domain=,unverified (host blocked),unverified (host blocked),unverified (host blocked),unverified (host blocked),https://www.linkedin.com/ad-library/search?keyword=ICE%20Encompass,unverified (host blocked),unverified (host blocked),0,,unverified (host blocked),0,"Meta +3, Google +3, LinkedIn +1, CTA +1 pending audit",headcount bonus only; all ad-library hosts blocked in this session; no <50-employee or bootstrapped evidence found,pending (audit),search-named (no URL captured)
78,Jungo (Salesforce),unverified,https://www.facebook.com/ads/library/?active_status=active&ad_type=all&country=US&q=Jungo%20%28Salesforce%29&search_type=keyword_unordered&media_type=all,unverified (host blocked),unverified (host blocked),unverified (host blocked),unverified (host blocked),unverified (host blocked),https://adstransparency.google.com/?region=US&domain=,unverified (host blocked),unverified (host blocked),unverified (host blocked),unverified (host blocked),https://www.linkedin.com/ad-library/search?keyword=Jungo%20%28Salesforce%29,unverified (host blocked),unverified (host blocked),0,,unverified (host blocked),0,"Meta +3, Google +3, LinkedIn +1, CTA +1 pending audit",headcount bonus only; all ad-library hosts blocked in this session; no <50-employee or bootstrapped evidence found,pending (audit),search-verified (URL-cited)
78,LendingPad,lendingpad.com,https://www.facebook.com/ads/library/?active_status=active&ad_type=all&country=US&q=LendingPad&search_type=keyword_unordered&media_type=all,unverified (host blocked),unverified (host blocked),unverified (host blocked),unverified (host blocked),unverified (host blocked),https://adstransparency.google.com/?region=US&domain=lendingpad.com,unverified (host blocked),unverified (host blocked),unverified (host blocked),unverified (host blocked),https://www.linkedin.com/ad-library/search?keyword=LendingPad,unverified (host blocked),unverified (host blocked),2,https://getlatka.com/companies/lendingpad.com#funding,unverified (host blocked),2,"Meta +3, Google +3, LinkedIn +1, CTA +1 pending audit",headcount bonus only; all ad-library hosts blocked in this session,pending (audit),search-verified (URL-cited)
78,Shape,setshape.com,https://www.facebook.com/ads/library/?active_status=active&ad_type=all&country=US&q=Shape&search_type=keyword_unordered&media_type=all,unverified (host blocked),unverified (host blocked),unverified (host blocked),unverified (host blocked),unverified (host blocked),https://adstransparency.google.com/?region=US&domain=setshape.com,unverified (host blocked),unverified (host blocked),unverified (host blocked),unverified (host blocked),https://www.linkedin.com/ad-library/search?keyword=Shape,unverified (host blocked),unverified (host blocked),0,,unverified (host blocked),0,"Meta +3, Google +3, LinkedIn +1, CTA +1 pending audit",headcount bonus only; all ad-library hosts blocked in this session; no <50-employee or bootstrapped evidence found,pending (audit),search-verified (URL-cited)
79,AccuTitle,accu-title.com,https://www.facebook.com/ads/library/?active_status=active&ad_type=all&country=US&q=AccuTitle&search_type=keyword_unordered&media_type=all,unverified (host blocked),unverified (host blocked),unverified (host blocked),unverified (host blocked),unverified (host blocked),https://adstransparency.google.com/?region=US&domain=accu-title.com,unverified (host blocked),unverified (host blocked),unverified (host blocked),unverified (host blocked),https://www.linkedin.com/ad-library/search?keyword=AccuTitle,unverified (host blocked),unverified (host blocked),0,n/a,unverified (host blocked),0,"Meta +3, Google +3, LinkedIn +1, CTA +1 pending audit",headcount_bonus=2 only where a result showed <50 employees or bootstrapped (URL in evidence column).,pending (audit),search-verified (URL-cited)
79,CloseWise,closewise.com,https://www.facebook.com/ads/library/?active_status=active&ad_type=all&country=US&q=CloseWise&search_type=keyword_unordered&media_type=all,unverified (host blocked),unverified (host blocked),unverified (host blocked),unverified (host blocked),unverified (host blocked),https://adstransparency.google.com/?region=US&domain=closewise.com,unverified (host blocked),unverified (host blocked),unverified (host blocked),unverified (host blocked),https://www.linkedin.com/ad-library/search?keyword=CloseWise,unverified (host blocked),unverified (host blocked),0,n/a,unverified (host blocked),0,"Meta +3, Google +3, LinkedIn +1, CTA +1 pending audit",headcount_bonus=2 only where a result showed <50 employees or bootstrapped (URL in evidence column).,pending (audit),search-verified (URL-cited)
79,Qualia,qualia.com,https://www.facebook.com/ads/library/?active_status=active&ad_type=all&country=US&q=Qualia&search_type=keyword_unordered&media_type=all,unverified (host blocked),unverified (host blocked),unverified (host blocked),unverified (host blocked),unverified (host blocked),https://adstransparency.google.com/?region=US&domain=qualia.com,unverified (host blocked),unverified (host blocked),unverified (host blocked),unverified (host blocked),https://www.linkedin.com/ad-library/search?keyword=Qualia,unverified (host blocked),unverified (host blocked),0,n/a,unverified (host blocked),0,"Meta +3, Google +3, LinkedIn +1, CTA +1 pending audit",headcount_bonus=2 only where a result showed <50 employees or bootstrapped (URL in evidence column).,pending (audit),search-verified (URL-cited)
79,Settlor,settlor.com,https://www.facebook.com/ads/library/?active_status=active&ad_type=all&country=US&q=Settlor&search_type=keyword_unordered&media_type=all,unverified (host blocked),unverified (host blocked),unverified (host blocked),unverified (host blocked),unverified (host blocked),https://adstransparency.google.com/?region=US&domain=settlor.com,unverified (host blocked),unverified (host blocked),unverified (host blocked),unverified (host blocked),https://www.linkedin.com/ad-library/search?keyword=Settlor,unverified (host blocked),unverified (host blocked),2,https://settlor.com/about/,unverified (host blocked),2,"Meta +3, Google +3, LinkedIn +1, CTA +1 pending audit",headcount_bonus=2 only where a result showed <50 employees or bootstrapped (URL in evidence column).,pending (audit),search-verified (URL-cited)
79,SoftPro,softprocorp.com,https://www.facebook.com/ads/library/?active_status=active&ad_type=all&country=US&q=SoftPro&search_type=keyword_unordered&media_type=all,unverified (host blocked),unverified (host blocked),unverified (host blocked),unverified (host blocked),unverified (host blocked),https://adstransparency.google.com/?region=US&domain=softprocorp.com,unverified (host blocked),unverified (host blocked),unverified (host blocked),unverified (host blocked),https://www.linkedin.com/ad-library/search?keyword=SoftPro,unverified (host blocked),unverified (host blocked),0,n/a,unverified (host blocked),0,"Meta +3, Google +3, LinkedIn +1, CTA +1 pending audit",headcount_bonus=2 only where a result showed <50 employees or bootstrapped (URL in evidence column).,pending (audit),search-verified (URL-cited)
79,Title 360 CRM,title360crm.com,https://www.facebook.com/ads/library/?active_status=active&ad_type=all&country=US&q=Title%20360%20CRM&search_type=keyword_unordered&media_type=all,unverified (host blocked),unverified (host blocked),unverified (host blocked),unverified (host blocked),unverified (host blocked),https://adstransparency.google.com/?region=US&domain=title360crm.com,unverified (host blocked),unverified (host blocked),unverified (host blocked),unverified (host blocked),https://www.linkedin.com/ad-library/search?keyword=Title%20360%20CRM,unverified (host blocked),unverified (host blocked),0,n/a,unverified (host blocked),0,"Meta +3, Google +3, LinkedIn +1, CTA +1 pending audit",headcount_bonus=2 only where a result showed <50 employees or bootstrapped (URL in evidence column).,pending (audit),search-verified (URL-cited)
79,TitleLogix,unverified,https://www.facebook.com/ads/library/?active_status=active&ad_type=all&country=US&q=TitleLogix&search_type=keyword_unordered&media_type=all,unverified (host blocked),unverified (host blocked),unverified (host blocked),unverified (host blocked),unverified (host blocked),https://adstransparency.google.com/?region=US&domain=,unverified (host blocked),unverified (host blocked),unverified (host blocked),unverified (host blocked),https://www.linkedin.com/ad-library/search?keyword=TitleLogix,unverified (host blocked),unverified (host blocked),0,n/a,unverified (host blocked),0,"Meta +3, Google +3, LinkedIn +1, CTA +1 pending audit",headcount_bonus=2 only where a result showed <50 employees or bootstrapped (URL in evidence column).,pending (audit),search-verified (URL-cited)
79,TitleTap,titletap.com,https://www.facebook.com/ads/library/?active_status=active&ad_type=all&country=US&q=TitleTap&search_type=keyword_unordered&media_type=all,unverified (host blocked),unverified (host blocked),unverified (host blocked),unverified (host blocked),unverified (host blocked),https://adstransparency.google.com/?region=US&domain=titletap.com,unverified (host blocked),unverified (host blocked),unverified (host blocked),unverified (host blocked),https://www.linkedin.com/ad-library/search?keyword=TitleTap,unverified (host blocked),unverified (host blocked),2,https://leadiq.com/c/titletap/5a1ddb532300005e00e8e4ef,unverified (host blocked),2,"Meta +3, Google +3, LinkedIn +1, CTA +1 pending audit",headcount_bonus=2 only where a result showed <50 employees or bootstrapped (URL in evidence column).,pending (audit),search-verified (URL-cited)
80,Ekotrope RATER,ekotrope.com,https://www.facebook.com/ads/library/?active_status=active&ad_type=all&country=US&q=Ekotrope%20RATER&search_type=keyword_unordered&media_type=all,unverified (host blocked),unverified (host blocked),unverified (host blocked),unverified (host blocked),unverified (host blocked),https://adstransparency.google.com/?region=US&domain=ekotrope.com,unverified (host blocked),unverified (host blocked),unverified (host blocked),unverified (host blocked),https://www.linkedin.com/ad-library/search?keyword=Ekotrope%20RATER,unverified (host blocked),unverified (host blocked),2,https://pitchbook.com/profiles/company/55089-37,unverified (host blocked),2,"Meta +3, Google +3, LinkedIn +1, CTA +1 pending audit",Ad libraries unreachable from this environment (egress policy); counts pending local audit. Headcount bonus: result shows <50 employees or bootstrapped.,pending (audit),search-verified (URL-cited)
80,EnergyGauge USA (FSEC / UCF),energygauge.com,https://www.facebook.com/ads/library/?active_status=active&ad_type=all&country=US&q=EnergyGauge%20USA%20%28FSEC%20/%20UCF%29&search_type=keyword_unordered&media_type=all,unverified (host blocked),unverified (host blocked),unverified (host blocked),unverified (host blocked),unverified (host blocked),https://adstransparency.google.com/?region=US&domain=energygauge.com,unverified (host blocked),unverified (host blocked),unverified (host blocked),unverified (host blocked),https://www.linkedin.com/ad-library/search?keyword=EnergyGauge%20USA%20%28FSEC%20/%20UCF%29,unverified (host blocked),unverified (host blocked),0,n/a,unverified (host blocked),0,"Meta +3, Google +3, LinkedIn +1, CTA +1 pending audit",Ad libraries unreachable from this environment (egress policy); counts pending local audit.,pending (audit),search-verified (URL-cited)
80,HouseRater (Residential Science Resources),houserater.com,https://www.facebook.com/ads/library/?active_status=active&ad_type=all&country=US&q=HouseRater%20%28Residential%20Science%20Resources%29&search_type=keyword_unordered&media_type=all,unverified (host blocked),unverified (host blocked),unverified (host blocked),unverified (host blocked),unverified (host blocked),https://adstransparency.google.com/?region=US&domain=houserater.com,unverified (host blocked),unverified (host blocked),unverified (host blocked),unverified (host blocked),https://www.linkedin.com/ad-library/search?keyword=HouseRater%20%28Residential%20Science%20Resources%29,unverified (host blocked),unverified (host blocked),0,n/a,unverified (host blocked),0,"Meta +3, Google +3, LinkedIn +1, CTA +1 pending audit",Ad libraries unreachable from this environment (egress policy); counts pending local audit.,pending (audit),search-verified (URL-cited)
80,MINT Mobile Energy Audit Tool (Hancock Software),hancocksoftware.com,https://www.facebook.com/ads/library/?active_status=active&ad_type=all&country=US&q=MINT%20Mobile%20Energy%20Audit%20Tool%20%28Hancock%20Software%29&search_type=keyword_unordered&media_type=all,unverified (host blocked),unverified (host blocked),unverified (host blocked),unverified (host blocked),unverified (host blocked),https://adstransparency.google.com/?region=US&domain=hancocksoftware.com,unverified (host blocked),unverified (host blocked),unverified (host blocked),unverified (host blocked),https://www.linkedin.com/ad-library/search?keyword=MINT%20Mobile%20Energy%20Audit%20Tool%20%28Hancock%20Software%29,unverified (host blocked),unverified (host blocked),0,n/a,unverified (host blocked),0,"Meta +3, Google +3, LinkedIn +1, CTA +1 pending audit",Ad libraries unreachable from this environment (egress policy); counts pending local audit.,pending (audit),search-verified (URL-cited)
80,QuoteIQ (home energy audit),myquoteiq.com,https://www.facebook.com/ads/library/?active_status=active&ad_type=all&country=US&q=QuoteIQ%20%28home%20energy%20audit%29&search_type=keyword_unordered&media_type=all,unverified (host blocked),unverified (host blocked),unverified (host blocked),unverified (host blocked),unverified (host blocked),https://adstransparency.google.com/?region=US&domain=myquoteiq.com,unverified (host blocked),unverified (host blocked),unverified (host blocked),unverified (host blocked),https://www.linkedin.com/ad-library/search?keyword=QuoteIQ%20%28home%20energy%20audit%29,unverified (host blocked),unverified (host blocked),2,https://bootstrappers.com/mike-vida-quoteiq/,unverified (host blocked),2,"Meta +3, Google +3, LinkedIn +1, CTA +1 pending audit",Ad libraries unreachable from this environment (egress policy); counts pending local audit. Headcount bonus: result shows <50 employees or bootstrapped.,pending (audit),search-verified (URL-cited)
80,REM/Rate,unverified,https://www.facebook.com/ads/library/?active_status=active&ad_type=all&country=US&q=REM/Rate&search_type=keyword_unordered&media_type=all,unverified (host blocked),unverified (host blocked),unverified (host blocked),unverified (host blocked),unverified (host blocked),https://adstransparency.google.com/?region=US&domain=,unverified (host blocked),unverified (host blocked),unverified (host blocked),unverified (host blocked),https://www.linkedin.com/ad-library/search?keyword=REM/Rate,unverified (host blocked),unverified (host blocked),0,n/a,unverified (host blocked),0,"Meta +3, Google +3, LinkedIn +1, CTA +1 pending audit",Ad libraries unreachable from this environment (egress policy); counts pending local audit.,pending (audit),search-verified (URL-cited)
80,Snugg Pro (Snugg Home / Franklin Energy),snuggpro.com,https://www.facebook.com/ads/library/?active_status=active&ad_type=all&country=US&q=Snugg%20Pro%20%28Snugg%20Home%20/%20Franklin%20Energy%29&search_type=keyword_unordered&media_type=all,unverified (host blocked),unverified (host blocked),unverified (host blocked),unverified (host blocked),unverified (host blocked),https://adstransparency.google.com/?region=US&domain=snuggpro.com,unverified (host blocked),unverified (host blocked),unverified (host blocked),unverified (host blocked),https://www.linkedin.com/ad-library/search?keyword=Snugg%20Pro%20%28Snugg%20Home%20/%20Franklin%20Energy%29,unverified (host blocked),unverified (host blocked),0,n/a,unverified (host blocked),0,"Meta +3, Google +3, LinkedIn +1, CTA +1 pending audit",Ad libraries unreachable from this environment (egress policy); counts pending local audit.,pending (audit),search-verified (URL-cited)
81,Agero Swoop,agero.com,https://www.facebook.com/ads/library/?active_status=active&ad_type=all&country=US&q=Agero%20Swoop&search_type=keyword_unordered&media_type=all,unverified (host blocked),unverified (host blocked),unverified (host blocked),unverified (host blocked),unverified (host blocked),https://adstransparency.google.com/?region=US&domain=agero.com,unverified (host blocked),unverified (host blocked),unverified (host blocked),unverified (host blocked),https://www.linkedin.com/ad-library/search?keyword=Agero%20Swoop,unverified (host blocked),unverified (host blocked),0,unverified,unverified (host blocked),0,"Meta +3, Google +3, LinkedIn +1, CTA +1 pending audit",,pending (audit),search-verified (URL-cited)
81,Autura,autura.com,https://www.facebook.com/ads/library/?active_status=active&ad_type=all&country=US&q=Autura&search_type=keyword_unordered&media_type=all,unverified (host blocked),unverified (host blocked),unverified (host blocked),unverified (host blocked),unverified (host blocked),https://adstransparency.google.com/?region=US&domain=autura.com,unverified (host blocked),unverified (host blocked),unverified (host blocked),unverified (host blocked),https://www.linkedin.com/ad-library/search?keyword=Autura,unverified (host blocked),unverified (host blocked),0,unverified,unverified (host blocked),0,"Meta +3, Google +3, LinkedIn +1, CTA +1 pending audit",,pending (audit),search-verified (URL-cited)
81,Dispatch Anywhere (Beacon),unverified,https://www.facebook.com/ads/library/?active_status=active&ad_type=all&country=US&q=Dispatch%20Anywhere%20%28Beacon%29&search_type=keyword_unordered&media_type=all,unverified (host blocked),unverified (host blocked),unverified (host blocked),unverified (host blocked),unverified (host blocked),https://adstransparency.google.com/?region=US&domain=,unverified (host blocked),unverified (host blocked),unverified (host blocked),unverified (host blocked),https://www.linkedin.com/ad-library/search?keyword=Dispatch%20Anywhere%20%28Beacon%29,unverified (host blocked),unverified (host blocked),0,unverified,unverified (host blocked),0,"Meta +3, Google +3, LinkedIn +1, CTA +1 pending audit",domain not seen in a result URL; Google lookup needs the domain,pending (audit),search-verified (URL-cited)
81,Omadi,omadi.com,https://www.facebook.com/ads/library/?active_status=active&ad_type=all&country=US&q=Omadi&search_type=keyword_unordered&media_type=all,unverified (host blocked),unverified (host blocked),unverified (host blocked),unverified (host blocked),unverified (host blocked),https://adstransparency.google.com/?region=US&domain=omadi.com,unverified (host blocked),unverified (host blocked),unverified (host blocked),unverified (host blocked),https://www.linkedin.com/ad-library/search?keyword=Omadi,unverified (host blocked),unverified (host blocked),2,https://www.linkedin.com/company/omadi,unverified (host blocked),2,"Meta +3, Google +3, LinkedIn +1, CTA +1 pending audit",,pending (audit),search-verified (URL-cited)
81,TowMarX,towmarx.com,https://www.facebook.com/ads/library/?active_status=active&ad_type=all&country=US&q=TowMarX&search_type=keyword_unordered&media_type=all,unverified (host blocked),unverified (host blocked),unverified (host blocked),unverified (host blocked),unverified (host blocked),https://adstransparency.google.com/?region=US&domain=towmarx.com,unverified (host blocked),unverified (host blocked),unverified (host blocked),unverified (host blocked),https://www.linkedin.com/ad-library/search?keyword=TowMarX,unverified (host blocked),unverified (host blocked),0,unverified,unverified (host blocked),0,"Meta +3, Google +3, LinkedIn +1, CTA +1 pending audit",,pending (audit),search-verified (URL-cited)
81,Towbook,unverified,https://www.facebook.com/ads/library/?active_status=active&ad_type=all&country=US&q=Towbook&search_type=keyword_unordered&media_type=all,unverified (host blocked),unverified (host blocked),unverified (host blocked),unverified (host blocked),unverified (host blocked),https://adstransparency.google.com/?region=US&domain=,unverified (host blocked),unverified (host blocked),unverified (host blocked),unverified (host blocked),https://www.linkedin.com/ad-library/search?keyword=Towbook,unverified (host blocked),unverified (host blocked),2,https://getlatka.com/companies/towbook,unverified (host blocked),2,"Meta +3, Google +3, LinkedIn +1, CTA +1 pending audit",domain not seen in a result URL; Google lookup needs the domain,pending (audit),search-verified (URL-cited)
81,Tracker Management Systems,trackermanagement.com,https://www.facebook.com/ads/library/?active_status=active&ad_type=all&country=US&q=Tracker%20Management%20Systems&search_type=keyword_unordered&media_type=all,unverified (host blocked),unverified (host blocked),unverified (host blocked),unverified (host blocked),unverified (host blocked),https://adstransparency.google.com/?region=US&domain=trackermanagement.com,unverified (host blocked),unverified (host blocked),unverified (host blocked),unverified (host blocked),https://www.linkedin.com/ad-library/search?keyword=Tracker%20Management%20Systems,unverified (host blocked),unverified (host blocked),0,unverified,unverified (host blocked),0,"Meta +3, Google +3, LinkedIn +1, CTA +1 pending audit",,pending (audit),search-verified (URL-cited)
82,AutoLeap,autoleap.com,https://www.facebook.com/ads/library/?active_status=active&ad_type=all&country=US&q=AutoLeap&search_type=keyword_unordered&media_type=all,unverified (host blocked),unverified (host blocked),unverified (host blocked),unverified (host blocked),unverified (host blocked),https://adstransparency.google.com/?region=US&domain=autoleap.com,unverified,unverified (host blocked),unverified (host blocked),unverified (host blocked),https://www.linkedin.com/ad-library/search?keyword=AutoLeap,unverified (host blocked),unverified (host blocked),0,unverified,unverified,0,"Meta +3, Google +3, LinkedIn +1, CTA +1 pending audit",headcount >=50 or ambiguous; no bonus,pending (audit),search-verified (URL-cited)
82,Garage360,garage360.io,https://www.facebook.com/ads/library/?active_status=active&ad_type=all&country=US&q=Garage360&search_type=keyword_unordered&media_type=all,unverified (host blocked),unverified (host blocked),unverified (host blocked),unverified (host blocked),unverified (host blocked),https://adstransparency.google.com/?region=US&domain=garage360.io,unverified,unverified (host blocked),unverified (host blocked),unverified (host blocked),https://www.linkedin.com/ad-library/search?keyword=Garage360,unverified (host blocked),unverified (host blocked),0,unverified,unverified,0,"Meta +3, Google +3, LinkedIn +1, CTA +1 pending audit",headcount/funding not verified in results,pending (audit),search-verified (URL-cited)
82,Mitchell 1 Manager SE,mitchell1.com,https://www.facebook.com/ads/library/?active_status=active&ad_type=all&country=US&q=Mitchell%201%20Manager%20SE&search_type=keyword_unordered&media_type=all,unverified (host blocked),unverified (host blocked),unverified (host blocked),unverified (host blocked),unverified (host blocked),https://adstransparency.google.com/?region=US&domain=mitchell1.com,unverified,unverified (host blocked),unverified (host blocked),unverified (host blocked),https://www.linkedin.com/ad-library/search?keyword=Mitchell%201%20Manager%20SE,unverified (host blocked),unverified (host blocked),0,unverified,unverified,0,"Meta +3, Google +3, LinkedIn +1, CTA +1 pending audit",headcount/funding not verified in results,pending (audit),search-verified (URL-cited)
82,NAPA TRACS,napatracs.com,https://www.facebook.com/ads/library/?active_status=active&ad_type=all&country=US&q=NAPA%20TRACS&search_type=keyword_unordered&media_type=all,unverified (host blocked),unverified (host blocked),unverified (host blocked),unverified (host blocked),unverified (host blocked),https://adstransparency.google.com/?region=US&domain=napatracs.com,unverified,unverified (host blocked),unverified (host blocked),unverified (host blocked),https://www.linkedin.com/ad-library/search?keyword=NAPA%20TRACS,unverified (host blocked),unverified (host blocked),0,unverified,unverified,0,"Meta +3, Google +3, LinkedIn +1, CTA +1 pending audit",headcount/funding not verified in results,pending (audit),search-verified (URL-cited)
82,Shop-Ware,shop-ware.com,https://www.facebook.com/ads/library/?active_status=active&ad_type=all&country=US&q=Shop-Ware&search_type=keyword_unordered&media_type=all,unverified (host blocked),unverified (host blocked),unverified (host blocked),unverified (host blocked),unverified (host blocked),https://adstransparency.google.com/?region=US&domain=shop-ware.com,unverified,unverified (host blocked),unverified (host blocked),unverified (host blocked),https://www.linkedin.com/ad-library/search?keyword=Shop-Ware,unverified (host blocked),unverified (host blocked),0,unverified,unverified,0,"Meta +3, Google +3, LinkedIn +1, CTA +1 pending audit",headcount/funding not verified in results,pending (audit),search-verified (URL-cited)
82,Shopmonkey,shopmonkey.io,https://www.facebook.com/ads/library/?active_status=active&ad_type=all&country=US&q=Shopmonkey&search_type=keyword_unordered&media_type=all,unverified (host blocked),unverified (host blocked),unverified (host blocked),unverified (host blocked),unverified (host blocked),https://adstransparency.google.com/?region=US&domain=shopmonkey.io,unverified,unverified (host blocked),unverified (host blocked),unverified (host blocked),https://www.linkedin.com/ad-library/search?keyword=Shopmonkey,unverified (host blocked),unverified (host blocked),0,unverified,unverified,0,"Meta +3, Google +3, LinkedIn +1, CTA +1 pending audit",headcount >=50 or ambiguous; no bonus,pending (audit),search-verified (URL-cited)
82,Tekmetric,tekmetric.com,https://www.facebook.com/ads/library/?active_status=active&ad_type=all&country=US&q=Tekmetric&search_type=keyword_unordered&media_type=all,unverified (host blocked),unverified (host blocked),unverified (host blocked),unverified (host blocked),unverified (host blocked),https://adstransparency.google.com/?region=US&domain=tekmetric.com,unverified,unverified (host blocked),unverified (host blocked),unverified (host blocked),https://www.linkedin.com/ad-library/search?keyword=Tekmetric,unverified (host blocked),unverified (host blocked),0,unverified,unverified,0,"Meta +3, Google +3, LinkedIn +1, CTA +1 pending audit",headcount/funding not verified in results,pending (audit),search-verified (URL-cited)
82,autoGMS,myautogms.com,https://www.facebook.com/ads/library/?active_status=active&ad_type=all&country=US&q=autoGMS&search_type=keyword_unordered&media_type=all,unverified (host blocked),unverified (host blocked),unverified (host blocked),unverified (host blocked),unverified (host blocked),https://adstransparency.google.com/?region=US&domain=myautogms.com,unverified,unverified (host blocked),unverified (host blocked),unverified (host blocked),https://www.linkedin.com/ad-library/search?keyword=autoGMS,unverified (host blocked),unverified (host blocked),0,unverified,unverified,0,"Meta +3, Google +3, LinkedIn +1, CTA +1 pending audit",headcount/funding not verified in results,pending (audit),search-verified (URL-cited)
83,Bodyshop Booster,bodyshopbooster.com,https://www.facebook.com/ads/library/?active_status=active&ad_type=all&country=US&q=Bodyshop%20Booster&search_type=keyword_unordered&media_type=all,unverified (host blocked),unverified (host blocked),unverified (host blocked),unverified (host blocked),unverified (host blocked),https://adstransparency.google.com/?region=US&domain=bodyshopbooster.com,unverified (host blocked),unverified (host blocked),unverified (host blocked),unverified (host blocked),https://www.linkedin.com/ad-library/search?keyword=Bodyshop%20Booster,unverified (host blocked),unverified (host blocked),2,https://tracxn.com/d/companies/bodyshopbooster/__gvnMl6GYyNypRo0cfff7oPvqjP1ybeUJlZsNHi0a6Y4,unverified (host blocked),2,"Meta +3, Google +3, LinkedIn +1, CTA +1 pending audit",Lookup URLs prebuilt; run scraper/ locally to fill counts.,pending (audit),search-verified (URL-cited)
83,CCC ONE,cccis.com,https://www.facebook.com/ads/library/?active_status=active&ad_type=all&country=US&q=CCC%20ONE&search_type=keyword_unordered&media_type=all,unverified (host blocked),unverified (host blocked),unverified (host blocked),unverified (host blocked),unverified (host blocked),https://adstransparency.google.com/?region=US&domain=cccis.com,unverified (host blocked),unverified (host blocked),unverified (host blocked),unverified (host blocked),https://www.linkedin.com/ad-library/search?keyword=CCC%20ONE,unverified (host blocked),unverified (host blocked),0,unverified,unverified (host blocked),0,"Meta +3, Google +3, LinkedIn +1, CTA +1 pending audit",Lookup URLs prebuilt; run scraper/ locally to fill counts.,pending (audit),search-verified (URL-cited)
83,ROME Technologies (The Rome Solution),rometech.com,https://www.facebook.com/ads/library/?active_status=active&ad_type=all&country=US&q=ROME%20Technologies%20%28The%20Rome%20Solution%29&search_type=keyword_unordered&media_type=all,unverified (host blocked),unverified (host blocked),unverified (host blocked),unverified (host blocked),unverified (host blocked),https://adstransparency.google.com/?region=US&domain=rometech.com,unverified (host blocked),unverified (host blocked),unverified (host blocked),unverified (host blocked),https://www.linkedin.com/ad-library/search?keyword=ROME%20Technologies%20%28The%20Rome%20Solution%29,unverified (host blocked),unverified (host blocked),2,https://www.crunchbase.com/organization/rome-technologies,unverified (host blocked),2,"Meta +3, Google +3, LinkedIn +1, CTA +1 pending audit",Lookup URLs prebuilt; run scraper/ locally to fill counts.,pending (audit),search-verified (URL-cited)
83,Shop-Ware,unverified,https://www.facebook.com/ads/library/?active_status=active&ad_type=all&country=US&q=Shop-Ware&search_type=keyword_unordered&media_type=all,unverified (host blocked),unverified (host blocked),unverified (host blocked),unverified (host blocked),unverified (host blocked),https://adstransparency.google.com/?region=US&domain=,unverified (host blocked),unverified (host blocked),unverified (host blocked),unverified (host blocked),https://www.linkedin.com/ad-library/search?keyword=Shop-Ware,unverified (host blocked),unverified (host blocked),0,unverified,unverified (host blocked),0,"Meta +3, Google +3, LinkedIn +1, CTA +1 pending audit",Lookup URLs prebuilt; run scraper/ locally to fill counts.,pending (audit),search-verified (URL-cited)
83,Shopmonkey,shopmonkey.io,https://www.facebook.com/ads/library/?active_status=active&ad_type=all&country=US&q=Shopmonkey&search_type=keyword_unordered&media_type=all,unverified (host blocked),unverified (host blocked),unverified (host blocked),unverified (host blocked),unverified (host blocked),https://adstransparency.google.com/?region=US&domain=shopmonkey.io,unverified (host blocked),unverified (host blocked),unverified (host blocked),unverified (host blocked),https://www.linkedin.com/ad-library/search?keyword=Shopmonkey,unverified (host blocked),unverified (host blocked),0,unverified,unverified (host blocked),0,"Meta +3, Google +3, LinkedIn +1, CTA +1 pending audit",Lookup URLs prebuilt; run scraper/ locally to fill counts.,pending (audit),search-verified (URL-cited)
83,Tekmetric,unverified,https://www.facebook.com/ads/library/?active_status=active&ad_type=all&country=US&q=Tekmetric&search_type=keyword_unordered&media_type=all,unverified (host blocked),unverified (host blocked),unverified (host blocked),unverified (host blocked),unverified (host blocked),https://adstransparency.google.com/?region=US&domain=,unverified (host blocked),unverified (host blocked),unverified (host blocked),unverified (host blocked),https://www.linkedin.com/ad-library/search?keyword=Tekmetric,unverified (host blocked),unverified (host blocked),0,unverified,unverified (host blocked),0,"Meta +3, Google +3, LinkedIn +1, CTA +1 pending audit",Lookup URLs prebuilt; run scraper/ locally to fill counts.,pending (audit),search-verified (URL-cited)
83,Web-Est,web-est.com,https://www.facebook.com/ads/library/?active_status=active&ad_type=all&country=US&q=Web-Est&search_type=keyword_unordered&media_type=all,unverified (host blocked),unverified (host blocked),unverified (host blocked),unverified (host blocked),unverified (host blocked),https://adstransparency.google.com/?region=US&domain=web-est.com,unverified (host blocked),unverified (host blocked),unverified (host blocked),unverified (host blocked),https://www.linkedin.com/ad-library/search?keyword=Web-Est,unverified (host blocked),unverified (host blocked),2,https://www.zoominfo.com/c/web-est-llc/346954695,unverified (host blocked),2,"Meta +3, Google +3, LinkedIn +1, CTA +1 pending audit",Lookup URLs prebuilt; run scraper/ locally to fill counts.,pending (audit),search-verified (URL-cited)
84,Anolla,anolla.com,https://www.facebook.com/ads/library/?active_status=active&ad_type=all&country=US&q=Anolla&search_type=keyword_unordered&media_type=all,unverified (host blocked),unverified (host blocked),unverified (host blocked),unverified (host blocked),unverified (host blocked),https://adstransparency.google.com/?region=US&domain=anolla.com,unverified (host blocked),unverified (host blocked),unverified (host blocked),unverified (host blocked),https://www.linkedin.com/ad-library/search?keyword=Anolla,unverified (host blocked),unverified (host blocked),0,unverified,unverified (host blocked),0,"Meta +3, Google +3, LinkedIn +1, CTA +1 pending audit",Search-verified tool; no <50-headcount or bootstrapped evidence found in results.,pending (audit),search-verified (URL-cited)
84,AutoHustl,autohustl.com,https://www.facebook.com/ads/library/?active_status=active&ad_type=all&country=US&q=AutoHustl&search_type=keyword_unordered&media_type=all,unverified (host blocked),unverified (host blocked),unverified (host blocked),unverified (host blocked),unverified (host blocked),https://adstransparency.google.com/?region=US&domain=autohustl.com,unverified (host blocked),unverified (host blocked),unverified (host blocked),unverified (host blocked),https://www.linkedin.com/ad-library/search?keyword=AutoHustl,unverified (host blocked),unverified (host blocked),0,unverified,unverified (host blocked),0,"Meta +3, Google +3, LinkedIn +1, CTA +1 pending audit",Search-verified tool; no <50-headcount or bootstrapped evidence found in results.,pending (audit),search-verified (URL-cited)
84,OrbisX,orbisx.com,https://www.facebook.com/ads/library/?active_status=active&ad_type=all&country=US&q=OrbisX&search_type=keyword_unordered&media_type=all,unverified (host blocked),unverified (host blocked),unverified (host blocked),unverified (host blocked),unverified (host blocked),https://adstransparency.google.com/?region=US&domain=orbisx.com,unverified (host blocked),unverified (host blocked),unverified (host blocked),unverified (host blocked),https://www.linkedin.com/ad-library/search?keyword=OrbisX,unverified (host blocked),unverified (host blocked),2,https://tracxn.com/d/companies/orbisx/__33gOauGN9noLUr8zKVsuRURkhMP0mhEW0dDMHtY9N6I,unverified (host blocked),2,"Meta +3, Google +3, LinkedIn +1, CTA +1 pending audit",Search-verified tool; all platform counts await local scraper run.,pending (audit),search-verified (URL-cited)
84,QuoteIQ (mobile detailing),myquoteiq.com,https://www.facebook.com/ads/library/?active_status=active&ad_type=all&country=US&q=QuoteIQ%20%28mobile%20detailing%29&search_type=keyword_unordered&media_type=all,unverified (host blocked),unverified (host blocked),unverified (host blocked),unverified (host blocked),unverified (host blocked),https://adstransparency.google.com/?region=US&domain=myquoteiq.com,unverified (host blocked),unverified (host blocked),unverified (host blocked),unverified (host blocked),https://www.linkedin.com/ad-library/search?keyword=QuoteIQ%20%28mobile%20detailing%29,unverified (host blocked),unverified (host blocked),2,https://myquoteiq.com/about-us/,unverified (host blocked),2,"Meta +3, Google +3, LinkedIn +1, CTA +1 pending audit",Search-verified tool; all platform counts await local scraper run.,pending (audit),search-verified (URL-cited)
84,ROXO Hub,roxohub.com,https://www.facebook.com/ads/library/?active_status=active&ad_type=all&country=US&q=ROXO%20Hub&search_type=keyword_unordered&media_type=all,unverified (host blocked),unverified (host blocked),unverified (host blocked),unverified (host blocked),unverified (host blocked),https://adstransparency.google.com/?region=US&domain=roxohub.com,unverified (host blocked),unverified (host blocked),unverified (host blocked),unverified (host blocked),https://www.linkedin.com/ad-library/search?keyword=ROXO%20Hub,unverified (host blocked),unverified (host blocked),0,unverified,unverified (host blocked),0,"Meta +3, Google +3, LinkedIn +1, CTA +1 pending audit",Search-verified tool; no <50-headcount or bootstrapped evidence found in results.,pending (audit),search-verified (URL-cited)
84,Urable,urable.com,https://www.facebook.com/ads/library/?active_status=active&ad_type=all&country=US&q=Urable&search_type=keyword_unordered&media_type=all,unverified (host blocked),unverified (host blocked),unverified (host blocked),unverified (host blocked),unverified (host blocked),https://adstransparency.google.com/?region=US&domain=urable.com,unverified (host blocked),unverified (host blocked),unverified (host blocked),unverified (host blocked),https://www.linkedin.com/ad-library/search?keyword=Urable,unverified (host blocked),unverified (host blocked),0,unverified,unverified (host blocked),0,"Meta +3, Google +3, LinkedIn +1, CTA +1 pending audit",Search-verified tool; no <50-headcount or bootstrapped evidence found in results.,pending (audit),search-verified (URL-cited)
85,EZnet Scheduler,eznetscheduler.com,https://www.facebook.com/ads/library/?active_status=active&ad_type=all&country=US&q=EZnet%20Scheduler&search_type=keyword_unordered&media_type=all,unverified (host blocked),unverified (host blocked),unverified (host blocked),unverified (host blocked),unverified (host blocked),https://adstransparency.google.com/?region=US&domain=eznetscheduler.com,unverified (host blocked),unverified (host blocked),unverified (host blocked),unverified (host blocked),https://www.linkedin.com/ad-library/search?keyword=EZnet%20Scheduler,unverified (host blocked),unverified (host blocked),0,,unverified (host blocked),0,"Meta +3, Google +3, LinkedIn +1, CTA +1 pending audit",headcount bonus only; all ad-library hosts blocked in this session; no <50-employee or bootstrapped evidence found,pending (audit),search-verified (URL-cited)
85,Elmo Anywhere (IBS Software),elmoanywhere.com,https://www.facebook.com/ads/library/?active_status=active&ad_type=all&country=US&q=Elmo%20Anywhere%20%28IBS%20Software%29&search_type=keyword_unordered&media_type=all,unverified (host blocked),unverified (host blocked),unverified (host blocked),unverified (host blocked),unverified (host blocked),https://adstransparency.google.com/?region=US&domain=elmoanywhere.com,unverified (host blocked),unverified (host blocked),unverified (host blocked),unverified (host blocked),https://www.linkedin.com/ad-library/search?keyword=Elmo%20Anywhere%20%28IBS%20Software%29,unverified (host blocked),unverified (host blocked),0,,unverified (host blocked),0,"Meta +3, Google +3, LinkedIn +1, CTA +1 pending audit",headcount bonus only; all ad-library hosts blocked in this session; no <50-employee or bootstrapped evidence found,pending (audit),search-verified (URL-cited)
85,Glas-Avenue (Mainstreet Computers),mainstreetcomputers.com,https://www.facebook.com/ads/library/?active_status=active&ad_type=all&country=US&q=Glas-Avenue%20%28Mainstreet%20Computers%29&search_type=keyword_unordered&media_type=all,unverified (host blocked),unverified (host blocked),unverified (host blocked),unverified (host blocked),unverified (host blocked),https://adstransparency.google.com/?region=US&domain=mainstreetcomputers.com,unverified (host blocked),unverified (host blocked),unverified (host blocked),unverified (host blocked),https://www.linkedin.com/ad-library/search?keyword=Glas-Avenue%20%28Mainstreet%20Computers%29,unverified (host blocked),unverified (host blocked),0,,unverified (host blocked),0,"Meta +3, Google +3, LinkedIn +1, CTA +1 pending audit",headcount bonus only; all ad-library hosts blocked in this session; no <50-employee or bootstrapped evidence found,pending (audit),search-verified (URL-cited)
85,GlasPacLX (GTS Services),gtsservices.com,https://www.facebook.com/ads/library/?active_status=active&ad_type=all&country=US&q=GlasPacLX%20%28GTS%20Services%29&search_type=keyword_unordered&media_type=all,unverified (host blocked),unverified (host blocked),unverified (host blocked),unverified (host blocked),unverified (host blocked),https://adstransparency.google.com/?region=US&domain=gtsservices.com,unverified (host blocked),unverified (host blocked),unverified (host blocked),unverified (host blocked),https://www.linkedin.com/ad-library/search?keyword=GlasPacLX%20%28GTS%20Services%29,unverified (host blocked),unverified (host blocked),0,,unverified (host blocked),0,"Meta +3, Google +3, LinkedIn +1, CTA +1 pending audit",headcount bonus only; all ad-library hosts blocked in this session; no <50-employee or bootstrapped evidence found,pending (audit),search-verified (URL-cited)
85,Glass Shop Go,glassshopgo.com,https://www.facebook.com/ads/library/?active_status=active&ad_type=all&country=US&q=Glass%20Shop%20Go&search_type=keyword_unordered&media_type=all,unverified (host blocked),unverified (host blocked),unverified (host blocked),unverified (host blocked),unverified (host blocked),https://adstransparency.google.com/?region=US&domain=glassshopgo.com,unverified (host blocked),unverified (host blocked),unverified (host blocked),unverified (host blocked),https://www.linkedin.com/ad-library/search?keyword=Glass%20Shop%20Go,unverified (host blocked),unverified (host blocked),0,,unverified (host blocked),0,"Meta +3, Google +3, LinkedIn +1, CTA +1 pending audit",headcount bonus only; all ad-library hosts blocked in this session; no <50-employee or bootstrapped evidence found,pending (audit),search-verified (URL-cited)
85,GlassBiller,glassbiller.com,https://www.facebook.com/ads/library/?active_status=active&ad_type=all&country=US&q=GlassBiller&search_type=keyword_unordered&media_type=all,unverified (host blocked),unverified (host blocked),unverified (host blocked),unverified (host blocked),unverified (host blocked),https://adstransparency.google.com/?region=US&domain=glassbiller.com,unverified (host blocked),unverified (host blocked),unverified (host blocked),unverified (host blocked),https://www.linkedin.com/ad-library/search?keyword=GlassBiller,unverified (host blocked),unverified (host blocked),0,,unverified (host blocked),0,"Meta +3, Google +3, LinkedIn +1, CTA +1 pending audit",headcount bonus only; all ad-library hosts blocked in this session; no <50-employee or bootstrapped evidence found,pending (audit),search-verified (URL-cited)
85,Mitchell Cloud Glass,mitchell.com,https://www.facebook.com/ads/library/?active_status=active&ad_type=all&country=US&q=Mitchell%20Cloud%20Glass&search_type=keyword_unordered&media_type=all,unverified (host blocked),unverified (host blocked),unverified (host blocked),unverified (host blocked),unverified (host blocked),https://adstransparency.google.com/?region=US&domain=mitchell.com,unverified (host blocked),unverified (host blocked),unverified (host blocked),unverified (host blocked),https://www.linkedin.com/ad-library/search?keyword=Mitchell%20Cloud%20Glass,unverified (host blocked),unverified (host blocked),0,,unverified (host blocked),0,"Meta +3, Google +3, LinkedIn +1, CTA +1 pending audit",headcount bonus only; all ad-library hosts blocked in this session; no <50-employee or bootstrapped evidence found,pending (audit),search-verified (URL-cited)
85,QuoteIQ,myquoteiq.com,https://www.facebook.com/ads/library/?active_status=active&ad_type=all&country=US&q=QuoteIQ&search_type=keyword_unordered&media_type=all,unverified (host blocked),unverified (host blocked),unverified (host blocked),unverified (host blocked),unverified (host blocked),https://adstransparency.google.com/?region=US&domain=myquoteiq.com,unverified (host blocked),unverified (host blocked),unverified (host blocked),unverified (host blocked),https://www.linkedin.com/ad-library/search?keyword=QuoteIQ,unverified (host blocked),unverified (host blocked),2,https://myquoteiq.com/about-us/,unverified (host blocked),2,"Meta +3, Google +3, LinkedIn +1, CTA +1 pending audit",headcount bonus only; all ad-library hosts blocked in this session,pending (audit),search-verified (URL-cited)
86,ASA Automotive Systems (GTX / TireMaster),asaauto.com,https://www.facebook.com/ads/library/?active_status=active&ad_type=all&country=US&q=ASA%20Automotive%20Systems%20%28GTX%20/%20TireMaster%29&search_type=keyword_unordered&media_type=all,unverified (host blocked),unverified (host blocked),unverified (host blocked),unverified (host blocked),unverified (host blocked),https://adstransparency.google.com/?region=US&domain=asaauto.com,unverified (host blocked),unverified (host blocked),unverified (host blocked),unverified (host blocked),https://www.linkedin.com/ad-library/search?keyword=ASA%20Automotive%20Systems%20%28GTX%20/%20TireMaster%29,unverified (host blocked),unverified (host blocked),0,n/a,unverified (host blocked),0,"Meta +3, Google +3, LinkedIn +1, CTA +1 pending audit",headcount_bonus=2 only where a result showed <50 employees or bootstrapped (URL in evidence column).,pending (audit),search-verified (URL-cited)
86,Anolla,anolla.com,https://www.facebook.com/ads/library/?active_status=active&ad_type=all&country=US&q=Anolla&search_type=keyword_unordered&media_type=all,unverified (host blocked),unverified (host blocked),unverified (host blocked),unverified (host blocked),unverified (host blocked),https://adstransparency.google.com/?region=US&domain=anolla.com,unverified (host blocked),unverified (host blocked),unverified (host blocked),unverified (host blocked),https://www.linkedin.com/ad-library/search?keyword=Anolla,unverified (host blocked),unverified (host blocked),0,n/a,unverified (host blocked),0,"Meta +3, Google +3, LinkedIn +1, CTA +1 pending audit",headcount_bonus=2 only where a result showed <50 employees or bootstrapped (URL in evidence column).,pending (audit),search-verified (URL-cited)
86,AutoLeap,autoleap.com,https://www.facebook.com/ads/library/?active_status=active&ad_type=all&country=US&q=AutoLeap&search_type=keyword_unordered&media_type=all,unverified (host blocked),unverified (host blocked),unverified (host blocked),unverified (host blocked),unverified (host blocked),https://adstransparency.google.com/?region=US&domain=autoleap.com,unverified (host blocked),unverified (host blocked),unverified (host blocked),unverified (host blocked),https://www.linkedin.com/ad-library/search?keyword=AutoLeap,unverified (host blocked),unverified (host blocked),0,n/a,unverified (host blocked),0,"Meta +3, Google +3, LinkedIn +1, CTA +1 pending audit",headcount_bonus=2 only where a result showed <50 employees or bootstrapped (URL in evidence column).,pending (audit),search-verified (URL-cited)
86,EZnet Scheduler,eznetscheduler.com,https://www.facebook.com/ads/library/?active_status=active&ad_type=all&country=US&q=EZnet%20Scheduler&search_type=keyword_unordered&media_type=all,unverified (host blocked),unverified (host blocked),unverified (host blocked),unverified (host blocked),unverified (host blocked),https://adstransparency.google.com/?region=US&domain=eznetscheduler.com,unverified (host blocked),unverified (host blocked),unverified (host blocked),unverified (host blocked),https://www.linkedin.com/ad-library/search?keyword=EZnet%20Scheduler,unverified (host blocked),unverified (host blocked),0,n/a,unverified (host blocked),0,"Meta +3, Google +3, LinkedIn +1, CTA +1 pending audit",headcount_bonus=2 only where a result showed <50 employees or bootstrapped (URL in evidence column).,pending (audit),search-verified (URL-cited)
86,Tekmetric,tekmetric.com,https://www.facebook.com/ads/library/?active_status=active&ad_type=all&country=US&q=Tekmetric&search_type=keyword_unordered&media_type=all,unverified (host blocked),unverified (host blocked),unverified (host blocked),unverified (host blocked),unverified (host blocked),https://adstransparency.google.com/?region=US&domain=tekmetric.com,unverified (host blocked),unverified (host blocked),unverified (host blocked),unverified (host blocked),https://www.linkedin.com/ad-library/search?keyword=Tekmetric,unverified (host blocked),unverified (host blocked),0,n/a,unverified (host blocked),0,"Meta +3, Google +3, LinkedIn +1, CTA +1 pending audit",headcount_bonus=2 only where a result showed <50 employees or bootstrapped (URL in evidence column).,pending (audit),search-verified (URL-cited)
86,Tire Guru,tireguru.net,https://www.facebook.com/ads/library/?active_status=active&ad_type=all&country=US&q=Tire%20Guru&search_type=keyword_unordered&media_type=all,unverified (host blocked),unverified (host blocked),unverified (host blocked),unverified (host blocked),unverified (host blocked),https://adstransparency.google.com/?region=US&domain=tireguru.net,unverified (host blocked),unverified (host blocked),unverified (host blocked),unverified (host blocked),https://www.linkedin.com/ad-library/search?keyword=Tire%20Guru,unverified (host blocked),unverified (host blocked),2,https://leadiq.com/c/tire-guru-software-websites-and-more/5eb99f00102cc03532d8b557,unverified (host blocked),2,"Meta +3, Google +3, LinkedIn +1, CTA +1 pending audit",headcount_bonus=2 only where a result showed <50 employees or bootstrapped (URL in evidence column).,pending (audit),search-verified (URL-cited)
86,Tire Power (TCS Technologies),tcstire.com,https://www.facebook.com/ads/library/?active_status=active&ad_type=all&country=US&q=Tire%20Power%20%28TCS%20Technologies%29&search_type=keyword_unordered&media_type=all,unverified (host blocked),unverified (host blocked),unverified (host blocked),unverified (host blocked),unverified (host blocked),https://adstransparency.google.com/?region=US&domain=tcstire.com,unverified (host blocked),unverified (host blocked),unverified (host blocked),unverified (host blocked),https://www.linkedin.com/ad-library/search?keyword=Tire%20Power%20%28TCS%20Technologies%29,unverified (host blocked),unverified (host blocked),0,n/a,unverified (host blocked),0,"Meta +3, Google +3, LinkedIn +1, CTA +1 pending audit",headcount_bonus=2 only where a result showed <50 employees or bootstrapped (URL in evidence column).,pending (audit),search-verified (URL-cited)
86,TireShop (FreedomSoft),tireshopsoftware.com,https://www.facebook.com/ads/library/?active_status=active&ad_type=all&country=US&q=TireShop%20%28FreedomSoft%29&search_type=keyword_unordered&media_type=all,unverified (host blocked),unverified (host blocked),unverified (host blocked),unverified (host blocked),unverified (host blocked),https://adstransparency.google.com/?region=US&domain=tireshopsoftware.com,unverified (host blocked),unverified (host blocked),unverified (host blocked),unverified (host blocked),https://www.linkedin.com/ad-library/search?keyword=TireShop%20%28FreedomSoft%29,unverified (host blocked),unverified (host blocked),0,n/a,unverified (host blocked),0,"Meta +3, Google +3, LinkedIn +1, CTA +1 pending audit",headcount_bonus=2 only where a result showed <50 employees or bootstrapped (URL in evidence column).,pending (audit),search-verified (URL-cited)
86,Torque360,torque360.co,https://www.facebook.com/ads/library/?active_status=active&ad_type=all&country=US&q=Torque360&search_type=keyword_unordered&media_type=all,unverified (host blocked),unverified (host blocked),unverified (host blocked),unverified (host blocked),unverified (host blocked),https://adstransparency.google.com/?region=US&domain=torque360.co,unverified (host blocked),unverified (host blocked),unverified (host blocked),unverified (host blocked),https://www.linkedin.com/ad-library/search?keyword=Torque360,unverified (host blocked),unverified (host blocked),0,n/a,unverified (host blocked),0,"Meta +3, Google +3, LinkedIn +1, CTA +1 pending audit",headcount_bonus=2 only where a result showed <50 employees or bootstrapped (URL in evidence column).,pending (audit),search-verified (URL-cited)
86,Used Tire Shop,usedtireshop.net,https://www.facebook.com/ads/library/?active_status=active&ad_type=all&country=US&q=Used%20Tire%20Shop&search_type=keyword_unordered&media_type=all,unverified (host blocked),unverified (host blocked),unverified (host blocked),unverified (host blocked),unverified (host blocked),https://adstransparency.google.com/?region=US&domain=usedtireshop.net,unverified (host blocked),unverified (host blocked),unverified (host blocked),unverified (host blocked),https://www.linkedin.com/ad-library/search?keyword=Used%20Tire%20Shop,unverified (host blocked),unverified (host blocked),0,n/a,unverified (host blocked),0,"Meta +3, Google +3, LinkedIn +1, CTA +1 pending audit",headcount_bonus=2 only where a result showed <50 employees or bootstrapped (URL in evidence column).,pending (audit),search-verified (URL-cited)
87,AutoManager (DeskManager / WebManager),automanager.com,https://www.facebook.com/ads/library/?active_status=active&ad_type=all&country=US&q=AutoManager%20%28DeskManager%20/%20WebManager%29&search_type=keyword_unordered&media_type=all,unverified (host blocked),unverified (host blocked),unverified (host blocked),unverified (host blocked),unverified (host blocked),https://adstransparency.google.com/?region=US&domain=automanager.com,unverified (host blocked),unverified (host blocked),unverified (host blocked),unverified (host blocked),https://www.linkedin.com/ad-library/search?keyword=AutoManager%20%28DeskManager%20/%20WebManager%29,unverified (host blocked),unverified (host blocked),2,https://pitchbook.com/profiles/company/391819-69,unverified (host blocked),2,"Meta +3, Google +3, LinkedIn +1, CTA +1 pending audit",Ad libraries unreachable from this environment (egress policy); counts pending local audit. Headcount bonus: result shows <50 employees or bootstrapped.,pending (audit),search-verified (URL-cited)
87,AutoRaptor CRM,autoraptor.com,https://www.facebook.com/ads/library/?active_status=active&ad_type=all&country=US&q=AutoRaptor%20CRM&search_type=keyword_unordered&media_type=all,unverified (host blocked),unverified (host blocked),unverified (host blocked),unverified (host blocked),unverified (host blocked),https://adstransparency.google.com/?region=US&domain=autoraptor.com,unverified (host blocked),unverified (host blocked),unverified (host blocked),unverified (host blocked),https://www.linkedin.com/ad-library/search?keyword=AutoRaptor%20CRM,unverified (host blocked),unverified (host blocked),2,https://rocketreach.co/autoraptor-crm-profile_b5cbbd3bf42e148d,unverified (host blocked),2,"Meta +3, Google +3, LinkedIn +1, CTA +1 pending audit",Ad libraries unreachable from this environment (egress policy); counts pending local audit. Headcount bonus: result shows <50 employees or bootstrapped.,pending (audit),search-verified (URL-cited)
87,DealerCenter (Nowcom),dealercenter.com,https://www.facebook.com/ads/library/?active_status=active&ad_type=all&country=US&q=DealerCenter%20%28Nowcom%29&search_type=keyword_unordered&media_type=all,unverified (host blocked),unverified (host blocked),unverified (host blocked),unverified (host blocked),unverified (host blocked),https://adstransparency.google.com/?region=US&domain=dealercenter.com,unverified (host blocked),unverified (host blocked),unverified (host blocked),unverified (host blocked),https://www.linkedin.com/ad-library/search?keyword=DealerCenter%20%28Nowcom%29,unverified (host blocked),unverified (host blocked),0,n/a,unverified (host blocked),0,"Meta +3, Google +3, LinkedIn +1, CTA +1 pending audit",Ad libraries unreachable from this environment (egress policy); counts pending local audit.,pending (audit),search-verified (URL-cited)
87,Frazer DMS (Frazer Computing),frazer.com,https://www.facebook.com/ads/library/?active_status=active&ad_type=all&country=US&q=Frazer%20DMS%20%28Frazer%20Computing%29&search_type=keyword_unordered&media_type=all,unverified (host blocked),unverified (host blocked),unverified (host blocked),unverified (host blocked),unverified (host blocked),https://adstransparency.google.com/?region=US&domain=frazer.com,unverified (host blocked),unverified (host blocked),unverified (host blocked),unverified (host blocked),https://www.linkedin.com/ad-library/search?keyword=Frazer%20DMS%20%28Frazer%20Computing%29,unverified (host blocked),unverified (host blocked),0,n/a,unverified (host blocked),0,"Meta +3, Google +3, LinkedIn +1, CTA +1 pending audit",Ad libraries unreachable from this environment (egress policy); counts pending local audit.,pending (audit),search-verified (URL-cited)
87,MSP Buy Here Pay Here Software,unverified,https://www.facebook.com/ads/library/?active_status=active&ad_type=all&country=US&q=MSP%20Buy%20Here%20Pay%20Here%20Software&search_type=keyword_unordered&media_type=all,unverified (host blocked),unverified (host blocked),unverified (host blocked),unverified (host blocked),unverified (host blocked),https://adstransparency.google.com/?region=US&domain=,unverified (host blocked),unverified (host blocked),unverified (host blocked),unverified (host blocked),https://www.linkedin.com/ad-library/search?keyword=MSP%20Buy%20Here%20Pay%20Here%20Software,unverified (host blocked),unverified (host blocked),0,n/a,unverified (host blocked),0,"Meta +3, Google +3, LinkedIn +1, CTA +1 pending audit",Ad libraries unreachable from this environment (egress policy); counts pending local audit.,pending (audit),search-verified (URL-cited)
87,Selly Automotive,sellyautomotive.com,https://www.facebook.com/ads/library/?active_status=active&ad_type=all&country=US&q=Selly%20Automotive&search_type=keyword_unordered&media_type=all,unverified (host blocked),unverified (host blocked),unverified (host blocked),unverified (host blocked),unverified (host blocked),https://adstransparency.google.com/?region=US&domain=sellyautomotive.com,unverified (host blocked),unverified (host blocked),unverified (host blocked),unverified (host blocked),https://www.linkedin.com/ad-library/search?keyword=Selly%20Automotive,unverified (host blocked),unverified (host blocked),2,https://getlatka.com/companies/selly-automotive-crm,unverified (host blocked),2,"Meta +3, Google +3, LinkedIn +1, CTA +1 pending audit",Ad libraries unreachable from this environment (egress policy); counts pending local audit. Headcount bonus: result shows <50 employees or bootstrapped.,pending (audit),search-verified (URL-cited)
87,Wayne Reaves Software,waynereaves.com,https://www.facebook.com/ads/library/?active_status=active&ad_type=all&country=US&q=Wayne%20Reaves%20Software&search_type=keyword_unordered&media_type=all,unverified (host blocked),unverified (host blocked),unverified (host blocked),unverified (host blocked),unverified (host blocked),https://adstransparency.google.com/?region=US&domain=waynereaves.com,unverified (host blocked),unverified (host blocked),unverified (host blocked),unverified (host blocked),https://www.linkedin.com/ad-library/search?keyword=Wayne%20Reaves%20Software,unverified (host blocked),unverified (host blocked),2,https://www.crunchbase.com/organization/wayne-reaves-software,unverified (host blocked),2,"Meta +3, Google +3, LinkedIn +1, CTA +1 pending audit",Ad libraries unreachable from this environment (egress policy); counts pending local audit. Headcount bonus: result shows <50 employees or bootstrapped.,pending (audit),search-verified (URL-cited)
88,DRB Car Wash Platform (CWP),drb.com,https://www.facebook.com/ads/library/?active_status=active&ad_type=all&country=US&q=DRB%20Car%20Wash%20Platform%20%28CWP%29&search_type=keyword_unordered&media_type=all,unverified (host blocked),unverified (host blocked),unverified (host blocked),unverified (host blocked),unverified (host blocked),https://adstransparency.google.com/?region=US&domain=drb.com,unverified (host blocked),unverified (host blocked),unverified (host blocked),unverified (host blocked),https://www.linkedin.com/ad-library/search?keyword=DRB%20Car%20Wash%20Platform%20%28CWP%29,unverified (host blocked),unverified (host blocked),0,unverified,unverified (host blocked),0,"Meta +3, Google +3, LinkedIn +1, CTA +1 pending audit",,pending (audit),search-verified (URL-cited)
88,Rinsed,rinsed.com,https://www.facebook.com/ads/library/?active_status=active&ad_type=all&country=US&q=Rinsed&search_type=keyword_unordered&media_type=all,unverified (host blocked),unverified (host blocked),unverified (host blocked),unverified (host blocked),unverified (host blocked),https://adstransparency.google.com/?region=US&domain=rinsed.com,unverified (host blocked),unverified (host blocked),unverified (host blocked),unverified (host blocked),https://www.linkedin.com/ad-library/search?keyword=Rinsed,unverified (host blocked),unverified (host blocked),0,unverified,unverified (host blocked),0,"Meta +3, Google +3, LinkedIn +1, CTA +1 pending audit",,pending (audit),search-verified (URL-cited)
88,Sonny's CarWash Controls,unverified,https://www.facebook.com/ads/library/?active_status=active&ad_type=all&country=US&q=Sonny%27s%20CarWash%20Controls&search_type=keyword_unordered&media_type=all,unverified (host blocked),unverified (host blocked),unverified (host blocked),unverified (host blocked),unverified (host blocked),https://adstransparency.google.com/?region=US&domain=,unverified (host blocked),unverified (host blocked),unverified (host blocked),unverified (host blocked),https://www.linkedin.com/ad-library/search?keyword=Sonny%27s%20CarWash%20Controls,unverified (host blocked),unverified (host blocked),0,unverified,unverified (host blocked),0,"Meta +3, Google +3, LinkedIn +1, CTA +1 pending audit",domain not seen in a result URL; Google lookup needs the domain,pending (audit),search-verified (URL-cited)
88,Turbotouch,unverified,https://www.facebook.com/ads/library/?active_status=active&ad_type=all&country=US&q=Turbotouch&search_type=keyword_unordered&media_type=all,unverified (host blocked),unverified (host blocked),unverified (host blocked),unverified (host blocked),unverified (host blocked),https://adstransparency.google.com/?region=US&domain=,unverified (host blocked),unverified (host blocked),unverified (host blocked),unverified (host blocked),https://www.linkedin.com/ad-library/search?keyword=Turbotouch,unverified (host blocked),unverified (host blocked),0,unverified,unverified (host blocked),0,"Meta +3, Google +3, LinkedIn +1, CTA +1 pending audit",domain not seen in a result URL; Google lookup needs the domain,pending (audit),search-verified (URL-cited)
88,Wash Metrix,unverified,https://www.facebook.com/ads/library/?active_status=active&ad_type=all&country=US&q=Wash%20Metrix&search_type=keyword_unordered&media_type=all,unverified (host blocked),unverified (host blocked),unverified (host blocked),unverified (host blocked),unverified (host blocked),https://adstransparency.google.com/?region=US&domain=,unverified (host blocked),unverified (host blocked),unverified (host blocked),unverified (host blocked),https://www.linkedin.com/ad-library/search?keyword=Wash%20Metrix,unverified (host blocked),unverified (host blocked),0,unverified,unverified (host blocked),0,"Meta +3, Google +3, LinkedIn +1, CTA +1 pending audit",domain not seen in a result URL; Google lookup needs the domain,pending (audit),search-verified (URL-cited)
88,Washify (DRB),drb.com,https://www.facebook.com/ads/library/?active_status=active&ad_type=all&country=US&q=Washify%20%28DRB%29&search_type=keyword_unordered&media_type=all,unverified (host blocked),unverified (host blocked),unverified (host blocked),unverified (host blocked),unverified (host blocked),https://adstransparency.google.com/?region=US&domain=drb.com,unverified (host blocked),unverified (host blocked),unverified (host blocked),unverified (host blocked),https://www.linkedin.com/ad-library/search?keyword=Washify%20%28DRB%29,unverified (host blocked),unverified (host blocked),0,unverified,unverified (host blocked),0,"Meta +3, Google +3, LinkedIn +1, CTA +1 pending audit",,pending (audit),search-verified (URL-cited)
89,BiT Dealership Software,bitdms.com,https://www.facebook.com/ads/library/?active_status=active&ad_type=all&country=US&q=BiT%20Dealership%20Software&search_type=keyword_unordered&media_type=all,unverified (host blocked),unverified (host blocked),unverified (host blocked),unverified (host blocked),unverified (host blocked),https://adstransparency.google.com/?region=US&domain=bitdms.com,unverified,unverified (host blocked),unverified (host blocked),unverified (host blocked),https://www.linkedin.com/ad-library/search?keyword=BiT%20Dealership%20Software,unverified (host blocked),unverified (host blocked),0,unverified,unverified,0,"Meta +3, Google +3, LinkedIn +1, CTA +1 pending audit",headcount/funding not verified in results,pending (audit),search-verified (URL-cited)
89,Charter Software ASPEN (Constellation),chartersoftware.com,https://www.facebook.com/ads/library/?active_status=active&ad_type=all&country=US&q=Charter%20Software%20ASPEN%20%28Constellation%29&search_type=keyword_unordered&media_type=all,unverified (host blocked),unverified (host blocked),unverified (host blocked),unverified (host blocked),unverified (host blocked),https://adstransparency.google.com/?region=US&domain=chartersoftware.com,unverified,unverified (host blocked),unverified (host blocked),unverified (host blocked),https://www.linkedin.com/ad-library/search?keyword=Charter%20Software%20ASPEN%20%28Constellation%29,unverified (host blocked),unverified (host blocked),0,unverified,unverified,0,"Meta +3, Google +3, LinkedIn +1, CTA +1 pending audit",headcount/funding not verified in results,pending (audit),search-verified (URL-cited)
89,Flyntlok DMS,flyntlok.com,https://www.facebook.com/ads/library/?active_status=active&ad_type=all&country=US&q=Flyntlok%20DMS&search_type=keyword_unordered&media_type=all,unverified (host blocked),unverified (host blocked),unverified (host blocked),unverified (host blocked),unverified (host blocked),https://adstransparency.google.com/?region=US&domain=flyntlok.com,unverified,unverified (host blocked),unverified (host blocked),unverified (host blocked),https://www.linkedin.com/ad-library/search?keyword=Flyntlok%20DMS,unverified (host blocked),unverified (host blocked),2,https://www.cbinsights.com/company/flyntlok,unverified,2,"Meta +3, Google +3, LinkedIn +1, CTA +1 pending audit",headcount <50 or bootstrapped per cited result,pending (audit),search-verified (URL-cited)
89,Ideal (Constellation Dealership Software),idealcomputersystems.com,https://www.facebook.com/ads/library/?active_status=active&ad_type=all&country=US&q=Ideal%20%28Constellation%20Dealership%20Software%29&search_type=keyword_unordered&media_type=all,unverified (host blocked),unverified (host blocked),unverified (host blocked),unverified (host blocked),unverified (host blocked),https://adstransparency.google.com/?region=US&domain=idealcomputersystems.com,unverified,unverified (host blocked),unverified (host blocked),unverified (host blocked),https://www.linkedin.com/ad-library/search?keyword=Ideal%20%28Constellation%20Dealership%20Software%29,unverified (host blocked),unverified (host blocked),0,unverified,unverified,0,"Meta +3, Google +3, LinkedIn +1, CTA +1 pending audit",headcount/funding not verified in results,pending (audit),search-verified (URL-cited)
89,Lightspeed DMS (OPE),lightspeeddms.com,https://www.facebook.com/ads/library/?active_status=active&ad_type=all&country=US&q=Lightspeed%20DMS%20%28OPE%29&search_type=keyword_unordered&media_type=all,unverified (host blocked),unverified (host blocked),unverified (host blocked),unverified (host blocked),unverified (host blocked),https://adstransparency.google.com/?region=US&domain=lightspeeddms.com,unverified,unverified (host blocked),unverified (host blocked),unverified (host blocked),https://www.linkedin.com/ad-library/search?keyword=Lightspeed%20DMS%20%28OPE%29,unverified (host blocked),unverified (host blocked),0,unverified,unverified,0,"Meta +3, Google +3, LinkedIn +1, CTA +1 pending audit",headcount/funding not verified in results,pending (audit),search-verified (URL-cited)
89,Orderry,orderry.com,https://www.facebook.com/ads/library/?active_status=active&ad_type=all&country=US&q=Orderry&search_type=keyword_unordered&media_type=all,unverified (host blocked),unverified (host blocked),unverified (host blocked),unverified (host blocked),unverified (host blocked),https://adstransparency.google.com/?region=US&domain=orderry.com,unverified,unverified (host blocked),unverified (host blocked),unverified (host blocked),https://www.linkedin.com/ad-library/search?keyword=Orderry,unverified (host blocked),unverified (host blocked),0,unverified,unverified,0,"Meta +3, Google +3, LinkedIn +1, CTA +1 pending audit",headcount/funding not verified in results,pending (audit),search-verified (URL-cited)
89,RepairDesk,repairdesk.co,https://www.facebook.com/ads/library/?active_status=active&ad_type=all&country=US&q=RepairDesk&search_type=keyword_unordered&media_type=all,unverified (host blocked),unverified (host blocked),unverified (host blocked),unverified (host blocked),unverified (host blocked),https://adstransparency.google.com/?region=US&domain=repairdesk.co,unverified,unverified (host blocked),unverified (host blocked),unverified (host blocked),https://www.linkedin.com/ad-library/search?keyword=RepairDesk,unverified (host blocked),unverified (host blocked),0,unverified,unverified,0,"Meta +3, Google +3, LinkedIn +1, CTA +1 pending audit",headcount/funding not verified in results,pending (audit),search-verified (URL-cited)
89,Shop Boss,shopboss.net,https://www.facebook.com/ads/library/?active_status=active&ad_type=all&country=US&q=Shop%20Boss&search_type=keyword_unordered&media_type=all,unverified (host blocked),unverified (host blocked),unverified (host blocked),unverified (host blocked),unverified (host blocked),https://adstransparency.google.com/?region=US&domain=shopboss.net,unverified,unverified (host blocked),unverified (host blocked),unverified (host blocked),https://www.linkedin.com/ad-library/search?keyword=Shop%20Boss,unverified (host blocked),unverified (host blocked),0,unverified,unverified,0,"Meta +3, Google +3, LinkedIn +1, CTA +1 pending audit",headcount/funding not verified in results,pending (audit),search-verified (URL-cited)
89,Windward System Five,windwardsoftware.com,https://www.facebook.com/ads/library/?active_status=active&ad_type=all&country=US&q=Windward%20System%20Five&search_type=keyword_unordered&media_type=all,unverified (host blocked),unverified (host blocked),unverified (host blocked),unverified (host blocked),unverified (host blocked),https://adstransparency.google.com/?region=US&domain=windwardsoftware.com,unverified,unverified (host blocked),unverified (host blocked),unverified (host blocked),https://www.linkedin.com/ad-library/search?keyword=Windward%20System%20Five,unverified (host blocked),unverified (host blocked),0,unverified,unverified,0,"Meta +3, Google +3, LinkedIn +1, CTA +1 pending audit",headcount/funding not verified in results,pending (audit),search-verified (URL-cited)
89,c-Systems Software (Constellation),csystemssoftware.com,https://www.facebook.com/ads/library/?active_status=active&ad_type=all&country=US&q=c-Systems%20Software%20%28Constellation%29&search_type=keyword_unordered&media_type=all,unverified (host blocked),unverified (host blocked),unverified (host blocked),unverified (host blocked),unverified (host blocked),https://adstransparency.google.com/?region=US&domain=csystemssoftware.com,unverified,unverified (host blocked),unverified (host blocked),unverified (host blocked),https://www.linkedin.com/ad-library/search?keyword=c-Systems%20Software%20%28Constellation%29,unverified (host blocked),unverified (host blocked),0,unverified,unverified,0,"Meta +3, Google +3, LinkedIn +1, CTA +1 pending audit",headcount/funding not verified in results,pending (audit),search-verified (URL-cited)
90,Housecall Pro,housecallpro.com,https://www.facebook.com/ads/library/?active_status=active&ad_type=all&country=US&q=Housecall%20Pro&search_type=keyword_unordered&media_type=all,unverified (host blocked),unverified (host blocked),unverified (host blocked),unverified (host blocked),unverified (host blocked),https://adstransparency.google.com/?region=US&domain=housecallpro.com,unverified (host blocked),unverified (host blocked),unverified (host blocked),unverified (host blocked),https://www.linkedin.com/ad-library/search?keyword=Housecall%20Pro,unverified (host blocked),unverified (host blocked),0,unverified,unverified (host blocked),0,"Meta +3, Google +3, LinkedIn +1, CTA +1 pending audit",Lookup URLs prebuilt; run scraper/ locally to fill counts.,pending (audit),search-verified (URL-cited)
90,Method:Field Services,method.me,https://www.facebook.com/ads/library/?active_status=active&ad_type=all&country=US&q=Method%3AField%20Services&search_type=keyword_unordered&media_type=all,unverified (host blocked),unverified (host blocked),unverified (host blocked),unverified (host blocked),unverified (host blocked),https://adstransparency.google.com/?region=US&domain=method.me,unverified (host blocked),unverified (host blocked),unverified (host blocked),unverified (host blocked),https://www.linkedin.com/ad-library/search?keyword=Method%3AField%20Services,unverified (host blocked),unverified (host blocked),0,unverified,unverified (host blocked),0,"Meta +3, Google +3, LinkedIn +1, CTA +1 pending audit",Lookup URLs prebuilt; run scraper/ locally to fill counts.,pending (audit),search-verified (URL-cited)
90,QuoteIQ,myquoteiq.com,https://www.facebook.com/ads/library/?active_status=active&ad_type=all&country=US&q=QuoteIQ&search_type=keyword_unordered&media_type=all,unverified (host blocked),unverified (host blocked),unverified (host blocked),unverified (host blocked),unverified (host blocked),https://adstransparency.google.com/?region=US&domain=myquoteiq.com,unverified (host blocked),unverified (host blocked),unverified (host blocked),unverified (host blocked),https://www.linkedin.com/ad-library/search?keyword=QuoteIQ,unverified (host blocked),unverified (host blocked),2,https://myquoteiq.com/about-us/,unverified (host blocked),2,"Meta +3, Google +3, LinkedIn +1, CTA +1 pending audit",Lookup URLs prebuilt; run scraper/ locally to fill counts.,pending (audit),search-verified (URL-cited)
90,Repair-CRM,repair-crm.com,https://www.facebook.com/ads/library/?active_status=active&ad_type=all&country=US&q=Repair-CRM&search_type=keyword_unordered&media_type=all,unverified (host blocked),unverified (host blocked),unverified (host blocked),unverified (host blocked),unverified (host blocked),https://adstransparency.google.com/?region=US&domain=repair-crm.com,unverified (host blocked),unverified (host blocked),unverified (host blocked),unverified (host blocked),https://www.linkedin.com/ad-library/search?keyword=Repair-CRM,unverified (host blocked),unverified (host blocked),2,https://tracxn.com/d/companies/repaircrm/__VyDCM_W33zyJumUydkWyH2SaXZGuN8rPBORyHEGKYBs,unverified (host blocked),2,"Meta +3, Google +3, LinkedIn +1, CTA +1 pending audit",Lookup URLs prebuilt; run scraper/ locally to fill counts.,pending (audit),search-verified (URL-cited)
90,Rossware ServiceDesk,rossware.com,https://www.facebook.com/ads/library/?active_status=active&ad_type=all&country=US&q=Rossware%20ServiceDesk&search_type=keyword_unordered&media_type=all,unverified (host blocked),unverified (host blocked),unverified (host blocked),unverified (host blocked),unverified (host blocked),https://adstransparency.google.com/?region=US&domain=rossware.com,unverified (host blocked),unverified (host blocked),unverified (host blocked),unverified (host blocked),https://www.linkedin.com/ad-library/search?keyword=Rossware%20ServiceDesk,unverified (host blocked),unverified (host blocked),2,https://www.zoominfo.com/c/rossware-computing-inc/346939366,unverified (host blocked),2,"Meta +3, Google +3, LinkedIn +1, CTA +1 pending audit",Lookup URLs prebuilt; run scraper/ locally to fill counts.,pending (audit),search-verified (URL-cited)
90,ServiceTitan,servicetitan.com,https://www.facebook.com/ads/library/?active_status=active&ad_type=all&country=US&q=ServiceTitan&search_type=keyword_unordered&media_type=all,unverified (host blocked),unverified (host blocked),unverified (host blocked),unverified (host blocked),unverified (host blocked),https://adstransparency.google.com/?region=US&domain=servicetitan.com,unverified (host blocked),unverified (host blocked),unverified (host blocked),unverified (host blocked),https://www.linkedin.com/ad-library/search?keyword=ServiceTitan,unverified (host blocked),unverified (host blocked),0,unverified,unverified (host blocked),0,"Meta +3, Google +3, LinkedIn +1, CTA +1 pending audit",Lookup URLs prebuilt; run scraper/ locally to fill counts.,pending (audit),search-verified (URL-cited)
90,ServiceWorks,service.works,https://www.facebook.com/ads/library/?active_status=active&ad_type=all&country=US&q=ServiceWorks&search_type=keyword_unordered&media_type=all,unverified (host blocked),unverified (host blocked),unverified (host blocked),unverified (host blocked),unverified (host blocked),https://adstransparency.google.com/?region=US&domain=service.works,unverified (host blocked),unverified (host blocked),unverified (host blocked),unverified (host blocked),https://www.linkedin.com/ad-library/search?keyword=ServiceWorks,unverified (host blocked),unverified (host blocked),0,unverified,unverified (host blocked),0,"Meta +3, Google +3, LinkedIn +1, CTA +1 pending audit",Lookup URLs prebuilt; run scraper/ locally to fill counts.,pending (audit),search-verified (URL-cited)
91,AscendTMS,ascendtms.com (domain not confirmed by a result),https://www.facebook.com/ads/library/?active_status=active&ad_type=all&country=US&q=AscendTMS&search_type=keyword_unordered&media_type=all,unverified (host blocked),unverified (host blocked),unverified (host blocked),unverified (host blocked),unverified (host blocked),https://adstransparency.google.com/?region=US&domain=ascendtms.com (domain not confirmed by a result),,unverified (host blocked),unverified (host blocked),unverified (host blocked),https://www.linkedin.com/ad-library/search?keyword=AscendTMS,unverified (host blocked),unverified (host blocked),0,,,0,"Meta +3, Google +3, LinkedIn +1, CTA +1 pending audit",,pending (audit),search-verified (URL-cited)
91,Axele,axele.com (domain not confirmed by a result),https://www.facebook.com/ads/library/?active_status=active&ad_type=all&country=US&q=Axele&search_type=keyword_unordered&media_type=all,unverified (host blocked),unverified (host blocked),unverified (host blocked),unverified (host blocked),unverified (host blocked),https://adstransparency.google.com/?region=US&domain=axele.com (domain not confirmed by a result),,unverified (host blocked),unverified (host blocked),unverified (host blocked),https://www.linkedin.com/ad-library/search?keyword=Axele,unverified (host blocked),unverified (host blocked),0,,,0,"Meta +3, Google +3, LinkedIn +1, CTA +1 pending audit",,pending (audit),search-verified (URL-cited)
91,Hawk Lane,hawklanetech.com,https://www.facebook.com/ads/library/?active_status=active&ad_type=all&country=US&q=Hawk%20Lane&search_type=keyword_unordered&media_type=all,unverified (host blocked),unverified (host blocked),unverified (host blocked),unverified (host blocked),unverified (host blocked),https://adstransparency.google.com/?region=US&domain=hawklanetech.com,,unverified (host blocked),unverified (host blocked),unverified (host blocked),https://www.linkedin.com/ad-library/search?keyword=Hawk%20Lane,unverified (host blocked),unverified (host blocked),0,,,0,"Meta +3, Google +3, LinkedIn +1, CTA +1 pending audit",,pending (audit),search-verified (URL-cited)
91,Motive Compliance Hub,gomotive.com,https://www.facebook.com/ads/library/?active_status=active&ad_type=all&country=US&q=Motive%20Compliance%20Hub&search_type=keyword_unordered&media_type=all,unverified (host blocked),unverified (host blocked),unverified (host blocked),unverified (host blocked),unverified (host blocked),https://adstransparency.google.com/?region=US&domain=gomotive.com,,unverified (host blocked),unverified (host blocked),unverified (host blocked),https://www.linkedin.com/ad-library/search?keyword=Motive%20Compliance%20Hub,unverified (host blocked),unverified (host blocked),0,,,0,"Meta +3, Google +3, LinkedIn +1, CTA +1 pending audit",,pending (audit),search-verified (URL-cited)
91,TruckLogics,trucklogics.com,https://www.facebook.com/ads/library/?active_status=active&ad_type=all&country=US&q=TruckLogics&search_type=keyword_unordered&media_type=all,unverified (host blocked),unverified (host blocked),unverified (host blocked),unverified (host blocked),unverified (host blocked),https://adstransparency.google.com/?region=US&domain=trucklogics.com,,unverified (host blocked),unverified (host blocked),unverified (host blocked),https://www.linkedin.com/ad-library/search?keyword=TruckLogics,unverified (host blocked),unverified (host blocked),0,,,0,"Meta +3, Google +3, LinkedIn +1, CTA +1 pending audit",,pending (audit),search-verified (URL-cited)
91,Truckbase,truckbase.com,https://www.facebook.com/ads/library/?active_status=active&ad_type=all&country=US&q=Truckbase&search_type=keyword_unordered&media_type=all,unverified (host blocked),unverified (host blocked),unverified (host blocked),unverified (host blocked),unverified (host blocked),https://adstransparency.google.com/?region=US&domain=truckbase.com,,unverified (host blocked),unverified (host blocked),unverified (host blocked),https://www.linkedin.com/ad-library/search?keyword=Truckbase,unverified (host blocked),unverified (host blocked),2,https://bouncewatch.com/company/truckbase,,0,"Meta +3, Google +3, LinkedIn +1, CTA +1 pending audit",,pending (audit),search-verified (URL-cited)
91,TruckingOffice,truckingoffice.com,https://www.facebook.com/ads/library/?active_status=active&ad_type=all&country=US&q=TruckingOffice&search_type=keyword_unordered&media_type=all,unverified (host blocked),unverified (host blocked),unverified (host blocked),unverified (host blocked),unverified (host blocked),https://adstransparency.google.com/?region=US&domain=truckingoffice.com,,unverified (host blocked),unverified (host blocked),unverified (host blocked),https://www.linkedin.com/ad-library/search?keyword=TruckingOffice,unverified (host blocked),unverified (host blocked),2,https://tracxn.com/d/companies/truckingoffice/__tQ0l3kVhGnIRCkB8u3ryogFjCkG6jnVrtjPiPUQfBu8,,0,"Meta +3, Google +3, LinkedIn +1, CTA +1 pending audit",,pending (audit),search-verified (URL-cited)
91,Truckpedia,truckpedia.io,https://www.facebook.com/ads/library/?active_status=active&ad_type=all&country=US&q=Truckpedia&search_type=keyword_unordered&media_type=all,unverified (host blocked),unverified (host blocked),unverified (host blocked),unverified (host blocked),unverified (host blocked),https://adstransparency.google.com/?region=US&domain=truckpedia.io,,unverified (host blocked),unverified (host blocked),unverified (host blocked),https://www.linkedin.com/ad-library/search?keyword=Truckpedia,unverified (host blocked),unverified (host blocked),0,,,0,"Meta +3, Google +3, LinkedIn +1, CTA +1 pending audit",,pending (audit),search-verified (URL-cited)
92,ARK TMS,arktms.com,https://www.facebook.com/ads/library/?active_status=active&ad_type=all&country=US&q=ARK%20TMS&search_type=keyword_unordered&media_type=all,unverified (host blocked),unverified (host blocked),unverified (host blocked),unverified (host blocked),unverified (host blocked),https://adstransparency.google.com/?region=US&domain=arktms.com,unverified (host blocked),unverified (host blocked),unverified (host blocked),unverified (host blocked),https://www.linkedin.com/ad-library/search?keyword=ARK%20TMS,unverified (host blocked),unverified (host blocked),0,unverified,unverified (host blocked),0,"Meta +3, Google +3, LinkedIn +1, CTA +1 pending audit",Search-verified tool; no <50-headcount or bootstrapped evidence found in results.,pending (audit),search-verified (URL-cited)
92,Aljex,aljex.com,https://www.facebook.com/ads/library/?active_status=active&ad_type=all&country=US&q=Aljex&search_type=keyword_unordered&media_type=all,unverified (host blocked),unverified (host blocked),unverified (host blocked),unverified (host blocked),unverified (host blocked),https://adstransparency.google.com/?region=US&domain=aljex.com,unverified (host blocked),unverified (host blocked),unverified (host blocked),unverified (host blocked),https://www.linkedin.com/ad-library/search?keyword=Aljex,unverified (host blocked),unverified (host blocked),0,unverified,unverified (host blocked),0,"Meta +3, Google +3, LinkedIn +1, CTA +1 pending audit",Search-verified tool; no <50-headcount or bootstrapped evidence found in results.,pending (audit),search-verified (URL-cited)
92,AscendTMS (InMotion Global),thefreetms.com,https://www.facebook.com/ads/library/?active_status=active&ad_type=all&country=US&q=AscendTMS%20%28InMotion%20Global%29&search_type=keyword_unordered&media_type=all,unverified (host blocked),unverified (host blocked),unverified (host blocked),unverified (host blocked),unverified (host blocked),https://adstransparency.google.com/?region=US&domain=thefreetms.com,unverified (host blocked),unverified (host blocked),unverified (host blocked),unverified (host blocked),https://www.linkedin.com/ad-library/search?keyword=AscendTMS%20%28InMotion%20Global%29,unverified (host blocked),unverified (host blocked),0,unverified,unverified (host blocked),0,"Meta +3, Google +3, LinkedIn +1, CTA +1 pending audit",Search-verified tool; no <50-headcount or bootstrapped evidence found in results.,pending (audit),search-verified (URL-cited)
92,BrokerPro TMS,brokerpro.com,https://www.facebook.com/ads/library/?active_status=active&ad_type=all&country=US&q=BrokerPro%20TMS&search_type=keyword_unordered&media_type=all,unverified (host blocked),unverified (host blocked),unverified (host blocked),unverified (host blocked),unverified (host blocked),https://adstransparency.google.com/?region=US&domain=brokerpro.com,unverified (host blocked),unverified (host blocked),unverified (host blocked),unverified (host blocked),https://www.linkedin.com/ad-library/search?keyword=BrokerPro%20TMS,unverified (host blocked),unverified (host blocked),0,unverified,unverified (host blocked),0,"Meta +3, Google +3, LinkedIn +1, CTA +1 pending audit",Search-verified tool; no <50-headcount or bootstrapped evidence found in results.,pending (audit),search-verified (URL-cited)
92,Revenova TMS,revenova.com,https://www.facebook.com/ads/library/?active_status=active&ad_type=all&country=US&q=Revenova%20TMS&search_type=keyword_unordered&media_type=all,unverified (host blocked),unverified (host blocked),unverified (host blocked),unverified (host blocked),unverified (host blocked),https://adstransparency.google.com/?region=US&domain=revenova.com,unverified (host blocked),unverified (host blocked),unverified (host blocked),unverified (host blocked),https://www.linkedin.com/ad-library/search?keyword=Revenova%20TMS,unverified (host blocked),unverified (host blocked),0,unverified,unverified (host blocked),0,"Meta +3, Google +3, LinkedIn +1, CTA +1 pending audit",Search-verified tool; no <50-headcount or bootstrapped evidence found in results.,pending (audit),search-verified (URL-cited)
92,Tai TMS,tai-software.com,https://www.facebook.com/ads/library/?active_status=active&ad_type=all&country=US&q=Tai%20TMS&search_type=keyword_unordered&media_type=all,unverified (host blocked),unverified (host blocked),unverified (host blocked),unverified (host blocked),unverified (host blocked),https://adstransparency.google.com/?region=US&domain=tai-software.com,unverified (host blocked),unverified (host blocked),unverified (host blocked),unverified (host blocked),https://www.linkedin.com/ad-library/search?keyword=Tai%20TMS,unverified (host blocked),unverified (host blocked),0,unverified,unverified (host blocked),0,"Meta +3, Google +3, LinkedIn +1, CTA +1 pending audit",Search-verified tool; no <50-headcount or bootstrapped evidence found in results.,pending (audit),search-verified (URL-cited)
92,Turvo,unverified,https://www.facebook.com/ads/library/?active_status=active&ad_type=all&country=US&q=Turvo&search_type=keyword_unordered&media_type=all,unverified (host blocked),unverified (host blocked),unverified (host blocked),unverified (host blocked),unverified (host blocked),https://adstransparency.google.com/?region=US&domain=,unverified (host blocked),unverified (host blocked),unverified (host blocked),unverified (host blocked),https://www.linkedin.com/ad-library/search?keyword=Turvo,unverified (host blocked),unverified (host blocked),0,unverified,unverified (host blocked),0,"Meta +3, Google +3, LinkedIn +1, CTA +1 pending audit",Search-verified tool; no <50-headcount or bootstrapped evidence found in results.,pending (audit),search-verified (URL-cited)
93,Chariot,chariotmove.com,https://www.facebook.com/ads/library/?active_status=active&ad_type=all&country=US&q=Chariot&search_type=keyword_unordered&media_type=all,unverified (host blocked),unverified (host blocked),unverified (host blocked),unverified (host blocked),unverified (host blocked),https://adstransparency.google.com/?region=US&domain=chariotmove.com,unverified (host blocked),unverified (host blocked),unverified (host blocked),unverified (host blocked),https://www.linkedin.com/ad-library/search?keyword=Chariot,unverified (host blocked),unverified (host blocked),0,,unverified (host blocked),0,"Meta +3, Google +3, LinkedIn +1, CTA +1 pending audit",headcount bonus only; all ad-library hosts blocked in this session; no <50-employee or bootstrapped evidence found,pending (audit),search-verified (URL-cited)
93,Elromco,elromco.com,https://www.facebook.com/ads/library/?active_status=active&ad_type=all&country=US&q=Elromco&search_type=keyword_unordered&media_type=all,unverified (host blocked),unverified (host blocked),unverified (host blocked),unverified (host blocked),unverified (host blocked),https://adstransparency.google.com/?region=US&domain=elromco.com,unverified (host blocked),unverified (host blocked),unverified (host blocked),unverified (host blocked),https://www.linkedin.com/ad-library/search?keyword=Elromco,unverified (host blocked),unverified (host blocked),0,,unverified (host blocked),0,"Meta +3, Google +3, LinkedIn +1, CTA +1 pending audit",headcount bonus only; all ad-library hosts blocked in this session; no <50-employee or bootstrapped evidence found,pending (audit),search-verified (URL-cited)
93,Movegistics,movegistics.com,https://www.facebook.com/ads/library/?active_status=active&ad_type=all&country=US&q=Movegistics&search_type=keyword_unordered&media_type=all,unverified (host blocked),unverified (host blocked),unverified (host blocked),unverified (host blocked),unverified (host blocked),https://adstransparency.google.com/?region=US&domain=movegistics.com,unverified (host blocked),unverified (host blocked),unverified (host blocked),unverified (host blocked),https://www.linkedin.com/ad-library/search?keyword=Movegistics,unverified (host blocked),unverified (host blocked),0,,unverified (host blocked),0,"Meta +3, Google +3, LinkedIn +1, CTA +1 pending audit",headcount bonus only; all ad-library hosts blocked in this session; no <50-employee or bootstrapped evidence found,pending (audit),search-verified (URL-cited)
93,MoveitPro,unverified,https://www.facebook.com/ads/library/?active_status=active&ad_type=all&country=US&q=MoveitPro&search_type=keyword_unordered&media_type=all,unverified (host blocked),unverified (host blocked),unverified (host blocked),unverified (host blocked),unverified (host blocked),https://adstransparency.google.com/?region=US&domain=,unverified (host blocked),unverified (host blocked),unverified (host blocked),unverified (host blocked),https://www.linkedin.com/ad-library/search?keyword=MoveitPro,unverified (host blocked),unverified (host blocked),0,,unverified (host blocked),0,"Meta +3, Google +3, LinkedIn +1, CTA +1 pending audit",headcount bonus only; all ad-library hosts blocked in this session; no <50-employee or bootstrapped evidence found,pending (audit),search-verified (URL-cited)
93,Moverbase,moverbase.com,https://www.facebook.com/ads/library/?active_status=active&ad_type=all&country=US&q=Moverbase&search_type=keyword_unordered&media_type=all,unverified (host blocked),unverified (host blocked),unverified (host blocked),unverified (host blocked),unverified (host blocked),https://adstransparency.google.com/?region=US&domain=moverbase.com,unverified (host blocked),unverified (host blocked),unverified (host blocked),unverified (host blocked),https://www.linkedin.com/ad-library/search?keyword=Moverbase,unverified (host blocked),unverified (host blocked),0,,unverified (host blocked),0,"Meta +3, Google +3, LinkedIn +1, CTA +1 pending audit",headcount bonus only; all ad-library hosts blocked in this session; no <50-employee or bootstrapped evidence found,pending (audit),search-verified (URL-cited)
93,MoversTech CRM,moverstech.com,https://www.facebook.com/ads/library/?active_status=active&ad_type=all&country=US&q=MoversTech%20CRM&search_type=keyword_unordered&media_type=all,unverified (host blocked),unverified (host blocked),unverified (host blocked),unverified (host blocked),unverified (host blocked),https://adstransparency.google.com/?region=US&domain=moverstech.com,unverified (host blocked),unverified (host blocked),unverified (host blocked),unverified (host blocked),https://www.linkedin.com/ad-library/search?keyword=MoversTech%20CRM,unverified (host blocked),unverified (host blocked),0,,unverified (host blocked),0,"Meta +3, Google +3, LinkedIn +1, CTA +1 pending audit",headcount bonus only; all ad-library hosts blocked in this session; no <50-employee or bootstrapped evidence found,pending (audit),search-verified (URL-cited)
93,SmartMoving,unverified,https://www.facebook.com/ads/library/?active_status=active&ad_type=all&country=US&q=SmartMoving&search_type=keyword_unordered&media_type=all,unverified (host blocked),unverified (host blocked),unverified (host blocked),unverified (host blocked),unverified (host blocked),https://adstransparency.google.com/?region=US&domain=,unverified (host blocked),unverified (host blocked),unverified (host blocked),unverified (host blocked),https://www.linkedin.com/ad-library/search?keyword=SmartMoving,unverified (host blocked),unverified (host blocked),0,,unverified (host blocked),0,"Meta +3, Google +3, LinkedIn +1, CTA +1 pending audit",headcount bonus only; all ad-library hosts blocked in this session; no <50-employee or bootstrapped evidence found,pending (audit),search-verified (URL-cited)
93,Supermove,supermove.com,https://www.facebook.com/ads/library/?active_status=active&ad_type=all&country=US&q=Supermove&search_type=keyword_unordered&media_type=all,unverified (host blocked),unverified (host blocked),unverified (host blocked),unverified (host blocked),unverified (host blocked),https://adstransparency.google.com/?region=US&domain=supermove.com,unverified (host blocked),unverified (host blocked),unverified (host blocked),unverified (host blocked),https://www.linkedin.com/ad-library/search?keyword=Supermove,unverified (host blocked),unverified (host blocked),2,https://pitchbook.com/profiles/company/437355-73,unverified (host blocked),2,"Meta +3, Google +3, LinkedIn +1, CTA +1 pending audit",headcount bonus only; all ad-library hosts blocked in this session,pending (audit),search-verified (URL-cited)
94,CXT Software,cxtsoftware.com,https://www.facebook.com/ads/library/?active_status=active&ad_type=all&country=US&q=CXT%20Software&search_type=keyword_unordered&media_type=all,unverified (host blocked),unverified (host blocked),unverified (host blocked),unverified (host blocked),unverified (host blocked),https://adstransparency.google.com/?region=US&domain=cxtsoftware.com,unverified (host blocked),unverified (host blocked),unverified (host blocked),unverified (host blocked),https://www.linkedin.com/ad-library/search?keyword=CXT%20Software,unverified (host blocked),unverified (host blocked),2,https://www.linkedin.com/company/cxtsoftware,unverified (host blocked),2,"Meta +3, Google +3, LinkedIn +1, CTA +1 pending audit",headcount_bonus=2 only where a result showed <50 employees or bootstrapped (URL in evidence column).,pending (audit),search-verified (URL-cited)
94,OnTime 360 (Vesigo Studios),ontime360.com,https://www.facebook.com/ads/library/?active_status=active&ad_type=all&country=US&q=OnTime%20360%20%28Vesigo%20Studios%29&search_type=keyword_unordered&media_type=all,unverified (host blocked),unverified (host blocked),unverified (host blocked),unverified (host blocked),unverified (host blocked),https://adstransparency.google.com/?region=US&domain=ontime360.com,unverified (host blocked),unverified (host blocked),unverified (host blocked),unverified (host blocked),https://www.linkedin.com/ad-library/search?keyword=OnTime%20360%20%28Vesigo%20Studios%29,unverified (host blocked),unverified (host blocked),0,n/a,unverified (host blocked),0,"Meta +3, Google +3, LinkedIn +1, CTA +1 pending audit",headcount_bonus=2 only where a result showed <50 employees or bootstrapped (URL in evidence column).,pending (audit),search-verified (URL-cited)
94,Onfleet,onfleet.com,https://www.facebook.com/ads/library/?active_status=active&ad_type=all&country=US&q=Onfleet&search_type=keyword_unordered&media_type=all,unverified (host blocked),unverified (host blocked),unverified (host blocked),unverified (host blocked),unverified (host blocked),https://adstransparency.google.com/?region=US&domain=onfleet.com,unverified (host blocked),unverified (host blocked),unverified (host blocked),unverified (host blocked),https://www.linkedin.com/ad-library/search?keyword=Onfleet,unverified (host blocked),unverified (host blocked),0,n/a,unverified (host blocked),0,"Meta +3, Google +3, LinkedIn +1, CTA +1 pending audit",headcount_bonus=2 only where a result showed <50 employees or bootstrapped (URL in evidence column).,pending (audit),search-verified (URL-cited)
94,Routific,routific.com,https://www.facebook.com/ads/library/?active_status=active&ad_type=all&country=US&q=Routific&search_type=keyword_unordered&media_type=all,unverified (host blocked),unverified (host blocked),unverified (host blocked),unverified (host blocked),unverified (host blocked),https://adstransparency.google.com/?region=US&domain=routific.com,unverified (host blocked),unverified (host blocked),unverified (host blocked),unverified (host blocked),https://www.linkedin.com/ad-library/search?keyword=Routific,unverified (host blocked),unverified (host blocked),0,n/a,unverified (host blocked),0,"Meta +3, Google +3, LinkedIn +1, CTA +1 pending audit",headcount_bonus=2 only where a result showed <50 employees or bootstrapped (URL in evidence column).,pending (audit),search-verified (URL-cited)
94,Shipday,shipday.com,https://www.facebook.com/ads/library/?active_status=active&ad_type=all&country=US&q=Shipday&search_type=keyword_unordered&media_type=all,unverified (host blocked),unverified (host blocked),unverified (host blocked),unverified (host blocked),unverified (host blocked),https://adstransparency.google.com/?region=US&domain=shipday.com,unverified (host blocked),unverified (host blocked),unverified (host blocked),unverified (host blocked),https://www.linkedin.com/ad-library/search?keyword=Shipday,unverified (host blocked),unverified (host blocked),2,https://getlatka.com/companies/shipday.com,unverified (host blocked),2,"Meta +3, Google +3, LinkedIn +1, CTA +1 pending audit",headcount_bonus=2 only where a result showed <50 employees or bootstrapped (URL in evidence column).,pending (audit),search-verified (URL-cited)
94,Simply Dispatch,courier-software.com,https://www.facebook.com/ads/library/?active_status=active&ad_type=all&country=US&q=Simply%20Dispatch&search_type=keyword_unordered&media_type=all,unverified (host blocked),unverified (host blocked),unverified (host blocked),unverified (host blocked),unverified (host blocked),https://adstransparency.google.com/?region=US&domain=courier-software.com,unverified (host blocked),unverified (host blocked),unverified (host blocked),unverified (host blocked),https://www.linkedin.com/ad-library/search?keyword=Simply%20Dispatch,unverified (host blocked),unverified (host blocked),0,n/a,unverified (host blocked),0,"Meta +3, Google +3, LinkedIn +1, CTA +1 pending audit",headcount_bonus=2 only where a result showed <50 employees or bootstrapped (URL in evidence column).,pending (audit),search-verified (URL-cited)
94,Track-POD,track-pod.com,https://www.facebook.com/ads/library/?active_status=active&ad_type=all&country=US&q=Track-POD&search_type=keyword_unordered&media_type=all,unverified (host blocked),unverified (host blocked),unverified (host blocked),unverified (host blocked),unverified (host blocked),https://adstransparency.google.com/?region=US&domain=track-pod.com,unverified (host blocked),unverified (host blocked),unverified (host blocked),unverified (host blocked),https://www.linkedin.com/ad-library/search?keyword=Track-POD,unverified (host blocked),unverified (host blocked),0,n/a,unverified (host blocked),0,"Meta +3, Google +3, LinkedIn +1, CTA +1 pending audit",headcount_bonus=2 only where a result showed <50 employees or bootstrapped (URL in evidence column).,pending (audit),search-verified (URL-cited)
94,Transvirtual,transvirtual.com,https://www.facebook.com/ads/library/?active_status=active&ad_type=all&country=US&q=Transvirtual&search_type=keyword_unordered&media_type=all,unverified (host blocked),unverified (host blocked),unverified (host blocked),unverified (host blocked),unverified (host blocked),https://adstransparency.google.com/?region=US&domain=transvirtual.com,unverified (host blocked),unverified (host blocked),unverified (host blocked),unverified (host blocked),https://www.linkedin.com/ad-library/search?keyword=Transvirtual,unverified (host blocked),unverified (host blocked),0,n/a,unverified (host blocked),0,"Meta +3, Google +3, LinkedIn +1, CTA +1 pending audit",headcount_bonus=2 only where a result showed <50 employees or bootstrapped (URL in evidence column).,pending (audit),search-verified (URL-cited)
94,Wodely,wodely.com,https://www.facebook.com/ads/library/?active_status=active&ad_type=all&country=US&q=Wodely&search_type=keyword_unordered&media_type=all,unverified (host blocked),unverified (host blocked),unverified (host blocked),unverified (host blocked),unverified (host blocked),https://adstransparency.google.com/?region=US&domain=wodely.com,unverified (host blocked),unverified (host blocked),unverified (host blocked),unverified (host blocked),https://www.linkedin.com/ad-library/search?keyword=Wodely,unverified (host blocked),unverified (host blocked),0,n/a,unverified (host blocked),0,"Meta +3, Google +3, LinkedIn +1, CTA +1 pending audit",headcount_bonus=2 only where a result showed <50 employees or bootstrapped (URL in evidence column).,pending (audit),search-verified (URL-cited)
95,BusBoss (Orbit Software),busboss.com,https://www.facebook.com/ads/library/?active_status=active&ad_type=all&country=US&q=BusBoss%20%28Orbit%20Software%29&search_type=keyword_unordered&media_type=all,unverified (host blocked),unverified (host blocked),unverified (host blocked),unverified (host blocked),unverified (host blocked),https://adstransparency.google.com/?region=US&domain=busboss.com,unverified (host blocked),unverified (host blocked),unverified (host blocked),unverified (host blocked),https://www.linkedin.com/ad-library/search?keyword=BusBoss%20%28Orbit%20Software%29,unverified (host blocked),unverified (host blocked),2,https://www.linkedin.com/company/orbit-software-inc-,unverified (host blocked),2,"Meta +3, Google +3, LinkedIn +1, CTA +1 pending audit",Ad libraries unreachable from this environment (egress policy); counts pending local audit. Headcount bonus: result shows <50 employees or bootstrapped.,pending (audit),search-verified (URL-cited)
95,Bytecurve360,bytecurve.com,https://www.facebook.com/ads/library/?active_status=active&ad_type=all&country=US&q=Bytecurve360&search_type=keyword_unordered&media_type=all,unverified (host blocked),unverified (host blocked),unverified (host blocked),unverified (host blocked),unverified (host blocked),https://adstransparency.google.com/?region=US&domain=bytecurve.com,unverified (host blocked),unverified (host blocked),unverified (host blocked),unverified (host blocked),https://www.linkedin.com/ad-library/search?keyword=Bytecurve360,unverified (host blocked),unverified (host blocked),2,https://www.crunchbase.com/organization/bytecurve,unverified (host blocked),2,"Meta +3, Google +3, LinkedIn +1, CTA +1 pending audit",Ad libraries unreachable from this environment (egress policy); counts pending local audit. Headcount bonus: result shows <50 employees or bootstrapped.,pending (audit),search-verified (URL-cited)
95,Edulog (Education Logistics),edulog.com,https://www.facebook.com/ads/library/?active_status=active&ad_type=all&country=US&q=Edulog%20%28Education%20Logistics%29&search_type=keyword_unordered&media_type=all,unverified (host blocked),unverified (host blocked),unverified (host blocked),unverified (host blocked),unverified (host blocked),https://adstransparency.google.com/?region=US&domain=edulog.com,unverified (host blocked),unverified (host blocked),unverified (host blocked),unverified (host blocked),https://www.linkedin.com/ad-library/search?keyword=Edulog%20%28Education%20Logistics%29,unverified (host blocked),unverified (host blocked),0,n/a,unverified (host blocked),0,"Meta +3, Google +3, LinkedIn +1, CTA +1 pending audit",Ad libraries unreachable from this environment (egress policy); counts pending local audit.,pending (audit),search-verified (URL-cited)
95,Fleetio (school bus fleet page),fleetio.com,https://www.facebook.com/ads/library/?active_status=active&ad_type=all&country=US&q=Fleetio%20%28school%20bus%20fleet%20page%29&search_type=keyword_unordered&media_type=all,unverified (host blocked),unverified (host blocked),unverified (host blocked),unverified (host blocked),unverified (host blocked),https://adstransparency.google.com/?region=US&domain=fleetio.com,unverified (host blocked),unverified (host blocked),unverified (host blocked),unverified (host blocked),https://www.linkedin.com/ad-library/search?keyword=Fleetio%20%28school%20bus%20fleet%20page%29,unverified (host blocked),unverified (host blocked),0,n/a,unverified (host blocked),0,"Meta +3, Google +3, LinkedIn +1, CTA +1 pending audit",Ad libraries unreachable from this environment (egress policy); counts pending local audit.,pending (audit),search-verified (URL-cited)
95,Lynx Transportation Solutions,studentbusing.com,https://www.facebook.com/ads/library/?active_status=active&ad_type=all&country=US&q=Lynx%20Transportation%20Solutions&search_type=keyword_unordered&media_type=all,unverified (host blocked),unverified (host blocked),unverified (host blocked),unverified (host blocked),unverified (host blocked),https://adstransparency.google.com/?region=US&domain=studentbusing.com,unverified (host blocked),unverified (host blocked),unverified (host blocked),unverified (host blocked),https://www.linkedin.com/ad-library/search?keyword=Lynx%20Transportation%20Solutions,unverified (host blocked),unverified (host blocked),0,n/a,unverified (host blocked),0,"Meta +3, Google +3, LinkedIn +1, CTA +1 pending audit",Ad libraries unreachable from this environment (egress policy); counts pending local audit.,pending (audit),search-verified (URL-cited)
95,School Bus Manager,schoolbusmanager.com,https://www.facebook.com/ads/library/?active_status=active&ad_type=all&country=US&q=School%20Bus%20Manager&search_type=keyword_unordered&media_type=all,unverified (host blocked),unverified (host blocked),unverified (host blocked),unverified (host blocked),unverified (host blocked),https://adstransparency.google.com/?region=US&domain=schoolbusmanager.com,unverified (host blocked),unverified (host blocked),unverified (host blocked),unverified (host blocked),https://www.linkedin.com/ad-library/search?keyword=School%20Bus%20Manager,unverified (host blocked),unverified (host blocked),0,n/a,unverified (host blocked),0,"Meta +3, Google +3, LinkedIn +1, CTA +1 pending audit",Ad libraries unreachable from this environment (egress policy); counts pending local audit.,pending (audit),search-verified (URL-cited)
95,Transfinder (Routefinder PLUS),transfinder.com,https://www.facebook.com/ads/library/?active_status=active&ad_type=all&country=US&q=Transfinder%20%28Routefinder%20PLUS%29&search_type=keyword_unordered&media_type=all,unverified (host blocked),unverified (host blocked),unverified (host blocked),unverified (host blocked),unverified (host blocked),https://adstransparency.google.com/?region=US&domain=transfinder.com,unverified (host blocked),unverified (host blocked),unverified (host blocked),unverified (host blocked),https://www.linkedin.com/ad-library/search?keyword=Transfinder%20%28Routefinder%20PLUS%29,unverified (host blocked),unverified (host blocked),0,n/a,unverified (host blocked),0,"Meta +3, Google +3, LinkedIn +1, CTA +1 pending audit",Ad libraries unreachable from this environment (egress policy); counts pending local audit.,pending (audit),search-verified (URL-cited)
96,A to Z Dispatch,unverified,https://www.facebook.com/ads/library/?active_status=active&ad_type=all&country=US&q=A%20to%20Z%20Dispatch&search_type=keyword_unordered&media_type=all,unverified (host blocked),unverified (host blocked),unverified (host blocked),unverified (host blocked),unverified (host blocked),https://adstransparency.google.com/?region=US&domain=,unverified (host blocked),unverified (host blocked),unverified (host blocked),unverified (host blocked),https://www.linkedin.com/ad-library/search?keyword=A%20to%20Z%20Dispatch,unverified (host blocked),unverified (host blocked),0,unverified,unverified (host blocked),0,"Meta +3, Google +3, LinkedIn +1, CTA +1 pending audit",domain not seen in a result URL; Google lookup needs the domain,pending (audit),search-verified (URL-cited)
96,Ground Alliance,groundalliance.com,https://www.facebook.com/ads/library/?active_status=active&ad_type=all&country=US&q=Ground%20Alliance&search_type=keyword_unordered&media_type=all,unverified (host blocked),unverified (host blocked),unverified (host blocked),unverified (host blocked),unverified (host blocked),https://adstransparency.google.com/?region=US&domain=groundalliance.com,unverified (host blocked),unverified (host blocked),unverified (host blocked),unverified (host blocked),https://www.linkedin.com/ad-library/search?keyword=Ground%20Alliance,unverified (host blocked),unverified (host blocked),0,unverified,unverified (host blocked),0,"Meta +3, Google +3, LinkedIn +1, CTA +1 pending audit",,pending (audit),search-verified (URL-cited)
96,Limo Anywhere,limoanywhere.com,https://www.facebook.com/ads/library/?active_status=active&ad_type=all&country=US&q=Limo%20Anywhere&search_type=keyword_unordered&media_type=all,unverified (host blocked),unverified (host blocked),unverified (host blocked),unverified (host blocked),unverified (host blocked),https://adstransparency.google.com/?region=US&domain=limoanywhere.com,unverified (host blocked),unverified (host blocked),unverified (host blocked),unverified (host blocked),https://www.linkedin.com/ad-library/search?keyword=Limo%20Anywhere,unverified (host blocked),unverified (host blocked),0,unverified,unverified (host blocked),0,"Meta +3, Google +3, LinkedIn +1, CTA +1 pending audit",,pending (audit),search-verified (URL-cited)
96,LimoFlow,limoflow.com,https://www.facebook.com/ads/library/?active_status=active&ad_type=all&country=US&q=LimoFlow&search_type=keyword_unordered&media_type=all,unverified (host blocked),unverified (host blocked),unverified (host blocked),unverified (host blocked),unverified (host blocked),https://adstransparency.google.com/?region=US&domain=limoflow.com,unverified (host blocked),unverified (host blocked),unverified (host blocked),unverified (host blocked),https://www.linkedin.com/ad-library/search?keyword=LimoFlow,unverified (host blocked),unverified (host blocked),0,unverified,unverified (host blocked),0,"Meta +3, Google +3, LinkedIn +1, CTA +1 pending audit",,pending (audit),search-verified (URL-cited)
96,Moovs,moovsapp.com,https://www.facebook.com/ads/library/?active_status=active&ad_type=all&country=US&q=Moovs&search_type=keyword_unordered&media_type=all,unverified (host blocked),unverified (host blocked),unverified (host blocked),unverified (host blocked),unverified (host blocked),https://adstransparency.google.com/?region=US&domain=moovsapp.com,unverified (host blocked),unverified (host blocked),unverified (host blocked),unverified (host blocked),https://www.linkedin.com/ad-library/search?keyword=Moovs,unverified (host blocked),unverified (host blocked),2,https://tracxn.com/d/companies/moovs/__ZsCSdI-vvpZRwcd72irkaBAKRJlRLp2wnShCHFacuUA,unverified (host blocked),2,"Meta +3, Google +3, LinkedIn +1, CTA +1 pending audit",,pending (audit),search-verified (URL-cited)
96,Yelowsoft,yelowsoft.com,https://www.facebook.com/ads/library/?active_status=active&ad_type=all&country=US&q=Yelowsoft&search_type=keyword_unordered&media_type=all,unverified (host blocked),unverified (host blocked),unverified (host blocked),unverified (host blocked),unverified (host blocked),https://adstransparency.google.com/?region=US&domain=yelowsoft.com,unverified (host blocked),unverified (host blocked),unverified (host blocked),unverified (host blocked),https://www.linkedin.com/ad-library/search?keyword=Yelowsoft,unverified (host blocked),unverified (host blocked),0,unverified,unverified (host blocked),0,"Meta +3, Google +3, LinkedIn +1, CTA +1 pending audit",,pending (audit),search-verified (URL-cited)
97,Bambi,hibambi.com,https://www.facebook.com/ads/library/?active_status=active&ad_type=all&country=US&q=Bambi&search_type=keyword_unordered&media_type=all,unverified (host blocked),unverified (host blocked),unverified (host blocked),unverified (host blocked),unverified (host blocked),https://adstransparency.google.com/?region=US&domain=hibambi.com,,unverified (host blocked),unverified (host blocked),unverified (host blocked),https://www.linkedin.com/ad-library/search?keyword=Bambi,unverified (host blocked),unverified (host blocked),2,https://builtin.com/company/bambi-nemt,,0,"Meta +3, Google +3, LinkedIn +1, CTA +1 pending audit",,pending (audit),search-verified (URL-cited)
97,MediRoutes,mediroutes.com,https://www.facebook.com/ads/library/?active_status=active&ad_type=all&country=US&q=MediRoutes&search_type=keyword_unordered&media_type=all,unverified (host blocked),unverified (host blocked),unverified (host blocked),unverified (host blocked),unverified (host blocked),https://adstransparency.google.com/?region=US&domain=mediroutes.com,,unverified (host blocked),unverified (host blocked),unverified (host blocked),https://www.linkedin.com/ad-library/search?keyword=MediRoutes,unverified (host blocked),unverified (host blocked),0,,,0,"Meta +3, Google +3, LinkedIn +1, CTA +1 pending audit",,pending (audit),search-verified (URL-cited)
97,NEMT Cloud Dispatch,nemtclouddispatch.com,https://www.facebook.com/ads/library/?active_status=active&ad_type=all&country=US&q=NEMT%20Cloud%20Dispatch&search_type=keyword_unordered&media_type=all,unverified (host blocked),unverified (host blocked),unverified (host blocked),unverified (host blocked),unverified (host blocked),https://adstransparency.google.com/?region=US&domain=nemtclouddispatch.com,,unverified (host blocked),unverified (host blocked),unverified (host blocked),https://www.linkedin.com/ad-library/search?keyword=NEMT%20Cloud%20Dispatch,unverified (host blocked),unverified (host blocked),0,,,0,"Meta +3, Google +3, LinkedIn +1, CTA +1 pending audit",,pending (audit),search-verified (URL-cited)
97,RouteGenie,routegenie.com,https://www.facebook.com/ads/library/?active_status=active&ad_type=all&country=US&q=RouteGenie&search_type=keyword_unordered&media_type=all,unverified (host blocked),unverified (host blocked),unverified (host blocked),unverified (host blocked),unverified (host blocked),https://adstransparency.google.com/?region=US&domain=routegenie.com,,unverified (host blocked),unverified (host blocked),unverified (host blocked),https://www.linkedin.com/ad-library/search?keyword=RouteGenie,unverified (host blocked),unverified (host blocked),2,https://pitchbook.com/profiles/company/521432-38,,0,"Meta +3, Google +3, LinkedIn +1, CTA +1 pending audit",,pending (audit),search-verified (URL-cited)
97,RoutingBox,routingbox.com,https://www.facebook.com/ads/library/?active_status=active&ad_type=all&country=US&q=RoutingBox&search_type=keyword_unordered&media_type=all,unverified (host blocked),unverified (host blocked),unverified (host blocked),unverified (host blocked),unverified (host blocked),https://adstransparency.google.com/?region=US&domain=routingbox.com,,unverified (host blocked),unverified (host blocked),unverified (host blocked),https://www.linkedin.com/ad-library/search?keyword=RoutingBox,unverified (host blocked),unverified (host blocked),0,,,0,"Meta +3, Google +3, LinkedIn +1, CTA +1 pending audit",,pending (audit),search-verified (URL-cited)
97,Tobi Cloud,tobicloud.com (domain not confirmed by a result),https://www.facebook.com/ads/library/?active_status=active&ad_type=all&country=US&q=Tobi%20Cloud&search_type=keyword_unordered&media_type=all,unverified (host blocked),unverified (host blocked),unverified (host blocked),unverified (host blocked),unverified (host blocked),https://adstransparency.google.com/?region=US&domain=tobicloud.com (domain not confirmed by a result),,unverified (host blocked),unverified (host blocked),unverified (host blocked),https://www.linkedin.com/ad-library/search?keyword=Tobi%20Cloud,unverified (host blocked),unverified (host blocked),0,,,0,"Meta +3, Google +3, LinkedIn +1, CTA +1 pending audit",,pending (audit),search-verified (URL-cited)
97,TripMaster (CTS Software),tripmaster domain not confirmed by a result,https://www.facebook.com/ads/library/?active_status=active&ad_type=all&country=US&q=TripMaster%20%28CTS%20Software%29&search_type=keyword_unordered&media_type=all,unverified (host blocked),unverified (host blocked),unverified (host blocked),unverified (host blocked),unverified (host blocked),https://adstransparency.google.com/?region=US&domain=tripmaster domain not confirmed by a result,,unverified (host blocked),unverified (host blocked),unverified (host blocked),https://www.linkedin.com/ad-library/search?keyword=TripMaster%20%28CTS%20Software%29,unverified (host blocked),unverified (host blocked),0,,,0,"Meta +3, Google +3, LinkedIn +1, CTA +1 pending audit",,pending (audit),search-verified (URL-cited)
97,ZeitRide,zeitride.com,https://www.facebook.com/ads/library/?active_status=active&ad_type=all&country=US&q=ZeitRide&search_type=keyword_unordered&media_type=all,unverified (host blocked),unverified (host blocked),unverified (host blocked),unverified (host blocked),unverified (host blocked),https://adstransparency.google.com/?region=US&domain=zeitride.com,,unverified (host blocked),unverified (host blocked),unverified (host blocked),https://www.linkedin.com/ad-library/search?keyword=ZeitRide,unverified (host blocked),unverified (host blocked),0,,,0,"Meta +3, Google +3, LinkedIn +1, CTA +1 pending audit",,pending (audit),search-verified (URL-cited)
98,BusCMMS,buscmms.com,https://www.facebook.com/ads/library/?active_status=active&ad_type=all&country=US&q=BusCMMS&search_type=keyword_unordered&media_type=all,unverified (host blocked),unverified (host blocked),unverified (host blocked),unverified (host blocked),unverified (host blocked),https://adstransparency.google.com/?region=US&domain=buscmms.com,unverified,unverified (host blocked),unverified (host blocked),unverified (host blocked),https://www.linkedin.com/ad-library/search?keyword=BusCMMS,unverified (host blocked),unverified (host blocked),0,unverified,unverified,0,"Meta +3, Google +3, LinkedIn +1, CTA +1 pending audit",headcount/funding not verified in results,pending (audit),search-verified (URL-cited)
98,Busie,getbusie.com,https://www.facebook.com/ads/library/?active_status=active&ad_type=all&country=US&q=Busie&search_type=keyword_unordered&media_type=all,unverified (host blocked),unverified (host blocked),unverified (host blocked),unverified (host blocked),unverified (host blocked),https://adstransparency.google.com/?region=US&domain=getbusie.com,unverified,unverified (host blocked),unverified (host blocked),unverified (host blocked),https://www.linkedin.com/ad-library/search?keyword=Busie,unverified (host blocked),unverified (host blocked),2,https://tracxn.com/d/companies/busie/__ftw-LAa_-GkvaMDlDd7Xh362qUkbQV2pLl7luv8jxIM,unverified,2,"Meta +3, Google +3, LinkedIn +1, CTA +1 pending audit",headcount <50 or bootstrapped per cited result,pending (audit),search-verified (URL-cited)
98,Busify,busify.com,https://www.facebook.com/ads/library/?active_status=active&ad_type=all&country=US&q=Busify&search_type=keyword_unordered&media_type=all,unverified (host blocked),unverified (host blocked),unverified (host blocked),unverified (host blocked),unverified (host blocked),https://adstransparency.google.com/?region=US&domain=busify.com,unverified,unverified (host blocked),unverified (host blocked),unverified (host blocked),https://www.linkedin.com/ad-library/search?keyword=Busify,unverified (host blocked),unverified (host blocked),2,https://leadiq.com/c/busify/6442e9237aa4183156294904,unverified,2,"Meta +3, Google +3, LinkedIn +1, CTA +1 pending audit",headcount <50 or bootstrapped per cited result,pending (audit),search-verified (URL-cited)
98,CIS Station Charter,cis-group.com,https://www.facebook.com/ads/library/?active_status=active&ad_type=all&country=US&q=CIS%20Station%20Charter&search_type=keyword_unordered&media_type=all,unverified (host blocked),unverified (host blocked),unverified (host blocked),unverified (host blocked),unverified (host blocked),https://adstransparency.google.com/?region=US&domain=cis-group.com,unverified,unverified (host blocked),unverified (host blocked),unverified (host blocked),https://www.linkedin.com/ad-library/search?keyword=CIS%20Station%20Charter,unverified (host blocked),unverified (host blocked),0,unverified,unverified,0,"Meta +3, Google +3, LinkedIn +1, CTA +1 pending audit",headcount/funding not verified in results,pending (audit),search-verified (URL-cited)
98,Distinctive Systems Coach Manager,distinctive-systems.com,https://www.facebook.com/ads/library/?active_status=active&ad_type=all&country=US&q=Distinctive%20Systems%20Coach%20Manager&search_type=keyword_unordered&media_type=all,unverified (host blocked),unverified (host blocked),unverified (host blocked),unverified (host blocked),unverified (host blocked),https://adstransparency.google.com/?region=US&domain=distinctive-systems.com,unverified,unverified (host blocked),unverified (host blocked),unverified (host blocked),https://www.linkedin.com/ad-library/search?keyword=Distinctive%20Systems%20Coach%20Manager,unverified (host blocked),unverified (host blocked),0,unverified,unverified,0,"Meta +3, Google +3, LinkedIn +1, CTA +1 pending audit",headcount/funding not verified in results,pending (audit),search-verified (URL-cited)
98,DriverSchedule (charter bus landing),driverschedule.com,https://www.facebook.com/ads/library/?active_status=active&ad_type=all&country=US&q=DriverSchedule%20%28charter%20bus%20landing%29&search_type=keyword_unordered&media_type=all,unverified (host blocked),unverified (host blocked),unverified (host blocked),unverified (host blocked),unverified (host blocked),https://adstransparency.google.com/?region=US&domain=driverschedule.com,unverified,unverified (host blocked),unverified (host blocked),unverified (host blocked),https://www.linkedin.com/ad-library/search?keyword=DriverSchedule%20%28charter%20bus%20landing%29,unverified (host blocked),unverified (host blocked),0,unverified,unverified,0,"Meta +3, Google +3, LinkedIn +1, CTA +1 pending audit",headcount/funding not verified in results,pending (audit),search-verified (URL-cited)
98,Hudson Software (Bus Charter Operations),hudsonltd.com,https://www.facebook.com/ads/library/?active_status=active&ad_type=all&country=US&q=Hudson%20Software%20%28Bus%20Charter%20Operations%29&search_type=keyword_unordered&media_type=all,unverified (host blocked),unverified (host blocked),unverified (host blocked),unverified (host blocked),unverified (host blocked),https://adstransparency.google.com/?region=US&domain=hudsonltd.com,unverified,unverified (host blocked),unverified (host blocked),unverified (host blocked),https://www.linkedin.com/ad-library/search?keyword=Hudson%20Software%20%28Bus%20Charter%20Operations%29,unverified (host blocked),unverified (host blocked),0,unverified,unverified,0,"Meta +3, Google +3, LinkedIn +1, CTA +1 pending audit",headcount/funding not verified in results,pending (audit),search-verified (URL-cited)
98,The Bus Network (TBN),thebusnetwork.com,https://www.facebook.com/ads/library/?active_status=active&ad_type=all&country=US&q=The%20Bus%20Network%20%28TBN%29&search_type=keyword_unordered&media_type=all,unverified (host blocked),unverified (host blocked),unverified (host blocked),unverified (host blocked),unverified (host blocked),https://adstransparency.google.com/?region=US&domain=thebusnetwork.com,unverified,unverified (host blocked),unverified (host blocked),unverified (host blocked),https://www.linkedin.com/ad-library/search?keyword=The%20Bus%20Network%20%28TBN%29,unverified (host blocked),unverified (host blocked),0,unverified,unverified,0,"Meta +3, Google +3, LinkedIn +1, CTA +1 pending audit",headcount/funding not verified in results,pending (audit),search-verified (URL-cited)
98,busHive,bushive.com,https://www.facebook.com/ads/library/?active_status=active&ad_type=all&country=US&q=busHive&search_type=keyword_unordered&media_type=all,unverified (host blocked),unverified (host blocked),unverified (host blocked),unverified (host blocked),unverified (host blocked),https://adstransparency.google.com/?region=US&domain=bushive.com,unverified,unverified (host blocked),unverified (host blocked),unverified (host blocked),https://www.linkedin.com/ad-library/search?keyword=busHive,unverified (host blocked),unverified (host blocked),0,unverified,unverified,0,"Meta +3, Google +3, LinkedIn +1, CTA +1 pending audit",headcount/funding not verified in results,pending (audit),search-verified (URL-cited)
98,eCoachManager,ecoachmanager.com,https://www.facebook.com/ads/library/?active_status=active&ad_type=all&country=US&q=eCoachManager&search_type=keyword_unordered&media_type=all,unverified (host blocked),unverified (host blocked),unverified (host blocked),unverified (host blocked),unverified (host blocked),https://adstransparency.google.com/?region=US&domain=ecoachmanager.com,unverified,unverified (host blocked),unverified (host blocked),unverified (host blocked),https://www.linkedin.com/ad-library/search?keyword=eCoachManager,unverified (host blocked),unverified (host blocked),0,unverified,unverified,0,"Meta +3, Google +3, LinkedIn +1, CTA +1 pending audit",headcount/funding not verified in results,pending (audit),search-verified (URL-cited)
99,CargoWise (WiseTech Global),unverified,https://www.facebook.com/ads/library/?active_status=active&ad_type=all&country=US&q=CargoWise%20%28WiseTech%20Global%29&search_type=keyword_unordered&media_type=all,unverified (host blocked),unverified (host blocked),unverified (host blocked),unverified (host blocked),unverified (host blocked),https://adstransparency.google.com/?region=US&domain=,unverified (host blocked),unverified (host blocked),unverified (host blocked),unverified (host blocked),https://www.linkedin.com/ad-library/search?keyword=CargoWise%20%28WiseTech%20Global%29,unverified (host blocked),unverified (host blocked),0,unverified,unverified (host blocked),0,"Meta +3, Google +3, LinkedIn +1, CTA +1 pending audit",Lookup URLs prebuilt; run scraper/ locally to fill counts.,pending (audit),search-verified (URL-cited)
99,Cervo AI,usecervo.com,https://www.facebook.com/ads/library/?active_status=active&ad_type=all&country=US&q=Cervo%20AI&search_type=keyword_unordered&media_type=all,unverified (host blocked),unverified (host blocked),unverified (host blocked),unverified (host blocked),unverified (host blocked),https://adstransparency.google.com/?region=US&domain=usecervo.com,unverified (host blocked),unverified (host blocked),unverified (host blocked),unverified (host blocked),https://www.linkedin.com/ad-library/search?keyword=Cervo%20AI,unverified (host blocked),unverified (host blocked),0,unverified,unverified (host blocked),0,"Meta +3, Google +3, LinkedIn +1, CTA +1 pending audit",Lookup URLs prebuilt; run scraper/ locally to fill counts.,pending (audit),search-verified (URL-cited)
99,CustomsCity,customscity.com,https://www.facebook.com/ads/library/?active_status=active&ad_type=all&country=US&q=CustomsCity&search_type=keyword_unordered&media_type=all,unverified (host blocked),unverified (host blocked),unverified (host blocked),unverified (host blocked),unverified (host blocked),https://adstransparency.google.com/?region=US&domain=customscity.com,unverified (host blocked),unverified (host blocked),unverified (host blocked),unverified (host blocked),https://www.linkedin.com/ad-library/search?keyword=CustomsCity,unverified (host blocked),unverified (host blocked),2,https://ca.linkedin.com/company/customs-city,unverified (host blocked),2,"Meta +3, Google +3, LinkedIn +1, CTA +1 pending audit",Lookup URLs prebuilt; run scraper/ locally to fill counts.,pending (audit),search-verified (URL-cited)
99,CustomsNow,customsnow.com,https://www.facebook.com/ads/library/?active_status=active&ad_type=all&country=US&q=CustomsNow&search_type=keyword_unordered&media_type=all,unverified (host blocked),unverified (host blocked),unverified (host blocked),unverified (host blocked),unverified (host blocked),https://adstransparency.google.com/?region=US&domain=customsnow.com,unverified (host blocked),unverified (host blocked),unverified (host blocked),unverified (host blocked),https://www.linkedin.com/ad-library/search?keyword=CustomsNow,unverified (host blocked),unverified (host blocked),2,https://www.linkedin.com/company/customs-now-inc-,unverified (host blocked),2,"Meta +3, Google +3, LinkedIn +1, CTA +1 pending audit",Lookup URLs prebuilt; run scraper/ locally to fill counts.,pending (audit),search-verified (URL-cited)
99,Descartes NetCHB,netchb.com,https://www.facebook.com/ads/library/?active_status=active&ad_type=all&country=US&q=Descartes%20NetCHB&search_type=keyword_unordered&media_type=all,unverified (host blocked),unverified (host blocked),unverified (host blocked),unverified (host blocked),unverified (host blocked),https://adstransparency.google.com/?region=US&domain=netchb.com,unverified (host blocked),unverified (host blocked),unverified (host blocked),unverified (host blocked),https://www.linkedin.com/ad-library/search?keyword=Descartes%20NetCHB,unverified (host blocked),unverified (host blocked),2,https://pitchbook.com/profiles/company/491462-29,unverified (host blocked),2,"Meta +3, Google +3, LinkedIn +1, CTA +1 pending audit",Lookup URLs prebuilt; run scraper/ locally to fill counts. Headcount bonus caveat: see tools.csv notes.,pending (audit),search-verified (URL-cited)
99,GoFreight,gofreight.com,https://www.facebook.com/ads/library/?active_status=active&ad_type=all&country=US&q=GoFreight&search_type=keyword_unordered&media_type=all,unverified (host blocked),unverified (host blocked),unverified (host blocked),unverified (host blocked),unverified (host blocked),https://adstransparency.google.com/?region=US&domain=gofreight.com,unverified (host blocked),unverified (host blocked),unverified (host blocked),unverified (host blocked),https://www.linkedin.com/ad-library/search?keyword=GoFreight,unverified (host blocked),unverified (host blocked),0,unverified,unverified (host blocked),0,"Meta +3, Google +3, LinkedIn +1, CTA +1 pending audit",Lookup URLs prebuilt; run scraper/ locally to fill counts.,pending (audit),search-verified (URL-cited)
99,Magaya,unverified,https://www.facebook.com/ads/library/?active_status=active&ad_type=all&country=US&q=Magaya&search_type=keyword_unordered&media_type=all,unverified (host blocked),unverified (host blocked),unverified (host blocked),unverified (host blocked),unverified (host blocked),https://adstransparency.google.com/?region=US&domain=,unverified (host blocked),unverified (host blocked),unverified (host blocked),unverified (host blocked),https://www.linkedin.com/ad-library/search?keyword=Magaya,unverified (host blocked),unverified (host blocked),0,unverified,unverified (host blocked),0,"Meta +3, Google +3, LinkedIn +1, CTA +1 pending audit",Lookup URLs prebuilt; run scraper/ locally to fill counts.,pending (audit),search-verified (URL-cited)
99,Strix,strixsmart.com,https://www.facebook.com/ads/library/?active_status=active&ad_type=all&country=US&q=Strix&search_type=keyword_unordered&media_type=all,unverified (host blocked),unverified (host blocked),unverified (host blocked),unverified (host blocked),unverified (host blocked),https://adstransparency.google.com/?region=US&domain=strixsmart.com,unverified (host blocked),unverified (host blocked),unverified (host blocked),unverified (host blocked),https://www.linkedin.com/ad-library/search?keyword=Strix,unverified (host blocked),unverified (host blocked),0,unverified,unverified (host blocked),0,"Meta +3, Google +3, LinkedIn +1, CTA +1 pending audit",Lookup URLs prebuilt; run scraper/ locally to fill counts.,pending (audit),search-verified (URL-cited)
100,Deposco,deposco.com,https://www.facebook.com/ads/library/?active_status=active&ad_type=all&country=US&q=Deposco&search_type=keyword_unordered&media_type=all,unverified (host blocked),unverified (host blocked),unverified (host blocked),unverified (host blocked),unverified (host blocked),https://adstransparency.google.com/?region=US&domain=deposco.com,unverified (host blocked),unverified (host blocked),unverified (host blocked),unverified (host blocked),https://www.linkedin.com/ad-library/search?keyword=Deposco,unverified (host blocked),unverified (host blocked),0,unverified,unverified (host blocked),0,"Meta +3, Google +3, LinkedIn +1, CTA +1 pending audit",Search-verified tool; no <50-headcount or bootstrapped evidence found in results.,pending (audit),search-verified (URL-cited)
100,Extensiv 3PL Warehouse Manager,extensiv.com,https://www.facebook.com/ads/library/?active_status=active&ad_type=all&country=US&q=Extensiv%203PL%20Warehouse%20Manager&search_type=keyword_unordered&media_type=all,unverified (host blocked),unverified (host blocked),unverified (host blocked),unverified (host blocked),unverified (host blocked),https://adstransparency.google.com/?region=US&domain=extensiv.com,unverified (host blocked),unverified (host blocked),unverified (host blocked),unverified (host blocked),https://www.linkedin.com/ad-library/search?keyword=Extensiv%203PL%20Warehouse%20Manager,unverified (host blocked),unverified (host blocked),0,unverified,unverified (host blocked),0,"Meta +3, Google +3, LinkedIn +1, CTA +1 pending audit",Search-verified tool; no <50-headcount or bootstrapped evidence found in results.,pending (audit),search-verified (URL-cited)
100,Logiwa,logiwa.com,https://www.facebook.com/ads/library/?active_status=active&ad_type=all&country=US&q=Logiwa&search_type=keyword_unordered&media_type=all,unverified (host blocked),unverified (host blocked),unverified (host blocked),unverified (host blocked),unverified (host blocked),https://adstransparency.google.com/?region=US&domain=logiwa.com,unverified (host blocked),unverified (host blocked),unverified (host blocked),unverified (host blocked),https://www.linkedin.com/ad-library/search?keyword=Logiwa,unverified (host blocked),unverified (host blocked),0,unverified,unverified (host blocked),0,"Meta +3, Google +3, LinkedIn +1, CTA +1 pending audit",Search-verified tool; no <50-headcount or bootstrapped evidence found in results.,pending (audit),search-verified (URL-cited)
100,Packem WMS,packemwms.com,https://www.facebook.com/ads/library/?active_status=active&ad_type=all&country=US&q=Packem%20WMS&search_type=keyword_unordered&media_type=all,unverified (host blocked),unverified (host blocked),unverified (host blocked),unverified (host blocked),unverified (host blocked),https://adstransparency.google.com/?region=US&domain=packemwms.com,unverified (host blocked),unverified (host blocked),unverified (host blocked),unverified (host blocked),https://www.linkedin.com/ad-library/search?keyword=Packem%20WMS,unverified (host blocked),unverified (host blocked),0,unverified,unverified (host blocked),0,"Meta +3, Google +3, LinkedIn +1, CTA +1 pending audit",Search-verified tool; no <50-headcount or bootstrapped evidence found in results.,pending (audit),search-verified (URL-cited)
100,Packiyo,packiyo.com,https://www.facebook.com/ads/library/?active_status=active&ad_type=all&country=US&q=Packiyo&search_type=keyword_unordered&media_type=all,unverified (host blocked),unverified (host blocked),unverified (host blocked),unverified (host blocked),unverified (host blocked),https://adstransparency.google.com/?region=US&domain=packiyo.com,unverified (host blocked),unverified (host blocked),unverified (host blocked),unverified (host blocked),https://www.linkedin.com/ad-library/search?keyword=Packiyo,unverified (host blocked),unverified (host blocked),2,https://tracxn.com/d/companies/packiyo/__OYcTVq8H3ggyvflibz1KFiU70WxcdNRb9_HY2WlzYuo,unverified (host blocked),2,"Meta +3, Google +3, LinkedIn +1, CTA +1 pending audit",Search-verified tool; all platform counts await local scraper run.,pending (audit),search-verified (URL-cited)
100,ShipHero,unverified,https://www.facebook.com/ads/library/?active_status=active&ad_type=all&country=US&q=ShipHero&search_type=keyword_unordered&media_type=all,unverified (host blocked),unverified (host blocked),unverified (host blocked),unverified (host blocked),unverified (host blocked),https://adstransparency.google.com/?region=US&domain=,unverified (host blocked),unverified (host blocked),unverified (host blocked),unverified (host blocked),https://www.linkedin.com/ad-library/search?keyword=ShipHero,unverified (host blocked),unverified (host blocked),0,unverified,unverified (host blocked),0,"Meta +3, Google +3, LinkedIn +1, CTA +1 pending audit",Search-verified tool; no <50-headcount or bootstrapped evidence found in results.,pending (audit),search-verified (URL-cited)
101,BiT DMS,bitdms.com,https://www.facebook.com/ads/library/?active_status=active&ad_type=all&country=US&q=BiT%20DMS&search_type=keyword_unordered&media_type=all,unverified (host blocked),unverified (host blocked),unverified (host blocked),unverified (host blocked),unverified (host blocked),https://adstransparency.google.com/?region=US&domain=bitdms.com,unverified (host blocked),unverified (host blocked),unverified (host blocked),unverified (host blocked),https://www.linkedin.com/ad-library/search?keyword=BiT%20DMS,unverified (host blocked),unverified (host blocked),0,,unverified (host blocked),0,"Meta +3, Google +3, LinkedIn +1, CTA +1 pending audit",headcount bonus only; all ad-library hosts blocked in this session; no <50-employee or bootstrapped evidence found,pending (audit),search-verified (URL-cited)
101,Blackpurl,blackpurl.com,https://www.facebook.com/ads/library/?active_status=active&ad_type=all&country=US&q=Blackpurl&search_type=keyword_unordered&media_type=all,unverified (host blocked),unverified (host blocked),unverified (host blocked),unverified (host blocked),unverified (host blocked),https://adstransparency.google.com/?region=US&domain=blackpurl.com,unverified (host blocked),unverified (host blocked),unverified (host blocked),unverified (host blocked),https://www.linkedin.com/ad-library/search?keyword=Blackpurl,unverified (host blocked),unverified (host blocked),0,,unverified (host blocked),0,"Meta +3, Google +3, LinkedIn +1, CTA +1 pending audit",headcount bonus only; all ad-library hosts blocked in this session; no <50-employee or bootstrapped evidence found,pending (audit),search-verified (URL-cited)
101,DX1,dx1app.com,https://www.facebook.com/ads/library/?active_status=active&ad_type=all&country=US&q=DX1&search_type=keyword_unordered&media_type=all,unverified (host blocked),unverified (host blocked),unverified (host blocked),unverified (host blocked),unverified (host blocked),https://adstransparency.google.com/?region=US&domain=dx1app.com,unverified (host blocked),unverified (host blocked),unverified (host blocked),unverified (host blocked),https://www.linkedin.com/ad-library/search?keyword=DX1,unverified (host blocked),unverified (host blocked),0,,unverified (host blocked),0,"Meta +3, Google +3, LinkedIn +1, CTA +1 pending audit",headcount bonus only; all ad-library hosts blocked in this session; no <50-employee or bootstrapped evidence found,pending (audit),search-verified (URL-cited)
101,DealerClick,dealerclick.com,https://www.facebook.com/ads/library/?active_status=active&ad_type=all&country=US&q=DealerClick&search_type=keyword_unordered&media_type=all,unverified (host blocked),unverified (host blocked),unverified (host blocked),unverified (host blocked),unverified (host blocked),https://adstransparency.google.com/?region=US&domain=dealerclick.com,unverified (host blocked),unverified (host blocked),unverified (host blocked),unverified (host blocked),https://www.linkedin.com/ad-library/search?keyword=DealerClick,unverified (host blocked),unverified (host blocked),0,,unverified (host blocked),0,"Meta +3, Google +3, LinkedIn +1, CTA +1 pending audit",headcount bonus only; all ad-library hosts blocked in this session; no <50-employee or bootstrapped evidence found,pending (audit),search-verified (URL-cited)
101,EverLogic,everlogic.com,https://www.facebook.com/ads/library/?active_status=active&ad_type=all&country=US&q=EverLogic&search_type=keyword_unordered&media_type=all,unverified (host blocked),unverified (host blocked),unverified (host blocked),unverified (host blocked),unverified (host blocked),https://adstransparency.google.com/?region=US&domain=everlogic.com,unverified (host blocked),unverified (host blocked),unverified (host blocked),unverified (host blocked),https://www.linkedin.com/ad-library/search?keyword=EverLogic,unverified (host blocked),unverified (host blocked),0,,unverified (host blocked),0,"Meta +3, Google +3, LinkedIn +1, CTA +1 pending audit",headcount bonus only; all ad-library hosts blocked in this session; no <50-employee or bootstrapped evidence found,pending (audit),search-verified (URL-cited)
101,Lightspeed DMS,lightspeeddms.com,https://www.facebook.com/ads/library/?active_status=active&ad_type=all&country=US&q=Lightspeed%20DMS&search_type=keyword_unordered&media_type=all,unverified (host blocked),unverified (host blocked),unverified (host blocked),unverified (host blocked),unverified (host blocked),https://adstransparency.google.com/?region=US&domain=lightspeeddms.com,unverified (host blocked),unverified (host blocked),unverified (host blocked),unverified (host blocked),https://www.linkedin.com/ad-library/search?keyword=Lightspeed%20DMS,unverified (host blocked),unverified (host blocked),0,,unverified (host blocked),0,"Meta +3, Google +3, LinkedIn +1, CTA +1 pending audit",headcount bonus only; all ad-library hosts blocked in this session; no <50-employee or bootstrapped evidence found,pending (audit),search-verified (URL-cited)
101,ZiiDMS,ziidms.com,https://www.facebook.com/ads/library/?active_status=active&ad_type=all&country=US&q=ZiiDMS&search_type=keyword_unordered&media_type=all,unverified (host blocked),unverified (host blocked),unverified (host blocked),unverified (host blocked),unverified (host blocked),https://adstransparency.google.com/?region=US&domain=ziidms.com,unverified (host blocked),unverified (host blocked),unverified (host blocked),unverified (host blocked),https://www.linkedin.com/ad-library/search?keyword=ZiiDMS,unverified (host blocked),unverified (host blocked),0,,unverified (host blocked),0,"Meta +3, Google +3, LinkedIn +1, CTA +1 pending audit",headcount bonus only; all ad-library hosts blocked in this session; no <50-employee or bootstrapped evidence found,pending (audit),search-verified (URL-cited)
102,BiT DMS,bitdms.com,https://www.facebook.com/ads/library/?active_status=active&ad_type=all&country=US&q=BiT%20DMS&search_type=keyword_unordered&media_type=all,unverified (host blocked),unverified (host blocked),unverified (host blocked),unverified (host blocked),unverified (host blocked),https://adstransparency.google.com/?region=US&domain=bitdms.com,unverified (host blocked),unverified (host blocked),unverified (host blocked),unverified (host blocked),https://www.linkedin.com/ad-library/search?keyword=BiT%20DMS,unverified (host blocked),unverified (host blocked),0,n/a,unverified (host blocked),0,"Meta +3, Google +3, LinkedIn +1, CTA +1 pending audit",headcount_bonus=2 only where a result showed <50 employees or bootstrapped (URL in evidence column).,pending (audit),search-verified (URL-cited)
102,DealerRock,dealerrock.com,https://www.facebook.com/ads/library/?active_status=active&ad_type=all&country=US&q=DealerRock&search_type=keyword_unordered&media_type=all,unverified (host blocked),unverified (host blocked),unverified (host blocked),unverified (host blocked),unverified (host blocked),https://adstransparency.google.com/?region=US&domain=dealerrock.com,unverified (host blocked),unverified (host blocked),unverified (host blocked),unverified (host blocked),https://www.linkedin.com/ad-library/search?keyword=DealerRock,unverified (host blocked),unverified (host blocked),0,n/a,unverified (host blocked),0,"Meta +3, Google +3, LinkedIn +1, CTA +1 pending audit",headcount_bonus=2 only where a result showed <50 employees or bootstrapped (URL in evidence column).,pending (audit),search-verified (URL-cited)
102,DockMaster,dockmaster.com,https://www.facebook.com/ads/library/?active_status=active&ad_type=all&country=US&q=DockMaster&search_type=keyword_unordered&media_type=all,unverified (host blocked),unverified (host blocked),unverified (host blocked),unverified (host blocked),unverified (host blocked),https://adstransparency.google.com/?region=US&domain=dockmaster.com,unverified (host blocked),unverified (host blocked),unverified (host blocked),unverified (host blocked),https://www.linkedin.com/ad-library/search?keyword=DockMaster,unverified (host blocked),unverified (host blocked),0,n/a,unverified (host blocked),0,"Meta +3, Google +3, LinkedIn +1, CTA +1 pending audit",headcount_bonus=2 only where a result showed <50 employees or bootstrapped (URL in evidence column).,pending (audit),search-verified (URL-cited)
102,Dockwa,marinas.dockwa.com,https://www.facebook.com/ads/library/?active_status=active&ad_type=all&country=US&q=Dockwa&search_type=keyword_unordered&media_type=all,unverified (host blocked),unverified (host blocked),unverified (host blocked),unverified (host blocked),unverified (host blocked),https://adstransparency.google.com/?region=US&domain=marinas.dockwa.com,unverified (host blocked),unverified (host blocked),unverified (host blocked),unverified (host blocked),https://www.linkedin.com/ad-library/search?keyword=Dockwa,unverified (host blocked),unverified (host blocked),2,https://getlatka.com/companies/dockwa.com,unverified (host blocked),2,"Meta +3, Google +3, LinkedIn +1, CTA +1 pending audit",headcount_bonus=2 only where a result showed <50 employees or bootstrapped (URL in evidence column).,pending (audit),search-verified (URL-cited)
102,Ideal Computer Systems,idealcomputersystems.com,https://www.facebook.com/ads/library/?active_status=active&ad_type=all&country=US&q=Ideal%20Computer%20Systems&search_type=keyword_unordered&media_type=all,unverified (host blocked),unverified (host blocked),unverified (host blocked),unverified (host blocked),unverified (host blocked),https://adstransparency.google.com/?region=US&domain=idealcomputersystems.com,unverified (host blocked),unverified (host blocked),unverified (host blocked),unverified (host blocked),https://www.linkedin.com/ad-library/search?keyword=Ideal%20Computer%20Systems,unverified (host blocked),unverified (host blocked),0,n/a,unverified (host blocked),0,"Meta +3, Google +3, LinkedIn +1, CTA +1 pending audit",headcount_bonus=2 only where a result showed <50 employees or bootstrapped (URL in evidence column).,pending (audit),search-verified (URL-cited)
102,Lightspeed DMS,lightspeeddms.com,https://www.facebook.com/ads/library/?active_status=active&ad_type=all&country=US&q=Lightspeed%20DMS&search_type=keyword_unordered&media_type=all,unverified (host blocked),unverified (host blocked),unverified (host blocked),unverified (host blocked),unverified (host blocked),https://adstransparency.google.com/?region=US&domain=lightspeeddms.com,unverified (host blocked),unverified (host blocked),unverified (host blocked),unverified (host blocked),https://www.linkedin.com/ad-library/search?keyword=Lightspeed%20DMS,unverified (host blocked),unverified (host blocked),0,n/a,unverified (host blocked),0,"Meta +3, Google +3, LinkedIn +1, CTA +1 pending audit",headcount_bonus=2 only where a result showed <50 employees or bootstrapped (URL in evidence column).,pending (audit),search-verified (URL-cited)
102,MARINAGO (Scribble Software),marinago.com,https://www.facebook.com/ads/library/?active_status=active&ad_type=all&country=US&q=MARINAGO%20%28Scribble%20Software%29&search_type=keyword_unordered&media_type=all,unverified (host blocked),unverified (host blocked),unverified (host blocked),unverified (host blocked),unverified (host blocked),https://adstransparency.google.com/?region=US&domain=marinago.com,unverified (host blocked),unverified (host blocked),unverified (host blocked),unverified (host blocked),https://www.linkedin.com/ad-library/search?keyword=MARINAGO%20%28Scribble%20Software%29,unverified (host blocked),unverified (host blocked),0,n/a,unverified (host blocked),0,"Meta +3, Google +3, LinkedIn +1, CTA +1 pending audit",headcount_bonus=2 only where a result showed <50 employees or bootstrapped (URL in evidence column).,pending (audit),search-verified (URL-cited)
102,MarinaOffice,marinaoffice.net,https://www.facebook.com/ads/library/?active_status=active&ad_type=all&country=US&q=MarinaOffice&search_type=keyword_unordered&media_type=all,unverified (host blocked),unverified (host blocked),unverified (host blocked),unverified (host blocked),unverified (host blocked),https://adstransparency.google.com/?region=US&domain=marinaoffice.net,unverified (host blocked),unverified (host blocked),unverified (host blocked),unverified (host blocked),https://www.linkedin.com/ad-library/search?keyword=MarinaOffice,unverified (host blocked),unverified (host blocked),0,n/a,unverified (host blocked),0,"Meta +3, Google +3, LinkedIn +1, CTA +1 pending audit",headcount_bonus=2 only where a result showed <50 employees or bootstrapped (URL in evidence column).,pending (audit),search-verified (URL-cited)
102,SlipBoss,slipboss.com,https://www.facebook.com/ads/library/?active_status=active&ad_type=all&country=US&q=SlipBoss&search_type=keyword_unordered&media_type=all,unverified (host blocked),unverified (host blocked),unverified (host blocked),unverified (host blocked),unverified (host blocked),https://adstransparency.google.com/?region=US&domain=slipboss.com,unverified (host blocked),unverified (host blocked),unverified (host blocked),unverified (host blocked),https://www.linkedin.com/ad-library/search?keyword=SlipBoss,unverified (host blocked),unverified (host blocked),0,n/a,unverified (host blocked),0,"Meta +3, Google +3, LinkedIn +1, CTA +1 pending audit",headcount_bonus=2 only where a result showed <50 employees or bootstrapped (URL in evidence column).,pending (audit),search-verified (URL-cited)
102,Slipax,slipax.com,https://www.facebook.com/ads/library/?active_status=active&ad_type=all&country=US&q=Slipax&search_type=keyword_unordered&media_type=all,unverified (host blocked),unverified (host blocked),unverified (host blocked),unverified (host blocked),unverified (host blocked),https://adstransparency.google.com/?region=US&domain=slipax.com,unverified (host blocked),unverified (host blocked),unverified (host blocked),unverified (host blocked),https://www.linkedin.com/ad-library/search?keyword=Slipax,unverified (host blocked),unverified (host blocked),0,n/a,unverified (host blocked),0,"Meta +3, Google +3, LinkedIn +1, CTA +1 pending audit",headcount_bonus=2 only where a result showed <50 employees or bootstrapped (URL in evidence column).,pending (audit),search-verified (URL-cited)
102,Slipify,slipifymarinas.com,https://www.facebook.com/ads/library/?active_status=active&ad_type=all&country=US&q=Slipify&search_type=keyword_unordered&media_type=all,unverified (host blocked),unverified (host blocked),unverified (host blocked),unverified (host blocked),unverified (host blocked),https://adstransparency.google.com/?region=US&domain=slipifymarinas.com,unverified (host blocked),unverified (host blocked),unverified (host blocked),unverified (host blocked),https://www.linkedin.com/ad-library/search?keyword=Slipify,unverified (host blocked),unverified (host blocked),0,n/a,unverified (host blocked),0,"Meta +3, Google +3, LinkedIn +1, CTA +1 pending audit",headcount_bonus=2 only where a result showed <50 employees or bootstrapped (URL in evidence column).,pending (audit),search-verified (URL-cited)
102,Storable Marine,storablemarine.com,https://www.facebook.com/ads/library/?active_status=active&ad_type=all&country=US&q=Storable%20Marine&search_type=keyword_unordered&media_type=all,unverified (host blocked),unverified (host blocked),unverified (host blocked),unverified (host blocked),unverified (host blocked),https://adstransparency.google.com/?region=US&domain=storablemarine.com,unverified (host blocked),unverified (host blocked),unverified (host blocked),unverified (host blocked),https://www.linkedin.com/ad-library/search?keyword=Storable%20Marine,unverified (host blocked),unverified (host blocked),0,n/a,unverified (host blocked),0,"Meta +3, Google +3, LinkedIn +1, CTA +1 pending audit",headcount_bonus=2 only where a result showed <50 employees or bootstrapped (URL in evidence column).,pending (audit),search-verified (URL-cited)
103,Blackpurl,blackpurl.com,https://www.facebook.com/ads/library/?active_status=active&ad_type=all&country=US&q=Blackpurl&search_type=keyword_unordered&media_type=all,unverified (host blocked),unverified (host blocked),unverified (host blocked),unverified (host blocked),unverified (host blocked),https://adstransparency.google.com/?region=US&domain=blackpurl.com,unverified (host blocked),unverified (host blocked),unverified (host blocked),unverified (host blocked),https://www.linkedin.com/ad-library/search?keyword=Blackpurl,unverified (host blocked),unverified (host blocked),2,https://tracxn.com/d/companies/blackpurl/__IsMxQqcsiWKdAV1rEPqP-PjmZqUBNASngjyu93OUdUc,unverified (host blocked),2,"Meta +3, Google +3, LinkedIn +1, CTA +1 pending audit",Ad libraries unreachable from this environment (egress policy); counts pending local audit. Headcount bonus: result shows <50 employees or bootstrapped.,pending (audit),search-verified (URL-cited)
103,EverLogic,everlogic.com,https://www.facebook.com/ads/library/?active_status=active&ad_type=all&country=US&q=EverLogic&search_type=keyword_unordered&media_type=all,unverified (host blocked),unverified (host blocked),unverified (host blocked),unverified (host blocked),unverified (host blocked),https://adstransparency.google.com/?region=US&domain=everlogic.com,unverified (host blocked),unverified (host blocked),unverified (host blocked),unverified (host blocked),https://www.linkedin.com/ad-library/search?keyword=EverLogic,unverified (host blocked),unverified (host blocked),0,n/a,unverified (host blocked),0,"Meta +3, Google +3, LinkedIn +1, CTA +1 pending audit",Ad libraries unreachable from this environment (egress policy); counts pending local audit.,pending (audit),search-verified (URL-cited)
103,Lightspeed DMS (trailer),lightspeeddms.com,https://www.facebook.com/ads/library/?active_status=active&ad_type=all&country=US&q=Lightspeed%20DMS%20%28trailer%29&search_type=keyword_unordered&media_type=all,unverified (host blocked),unverified (host blocked),unverified (host blocked),unverified (host blocked),unverified (host blocked),https://adstransparency.google.com/?region=US&domain=lightspeeddms.com,unverified (host blocked),unverified (host blocked),unverified (host blocked),unverified (host blocked),https://www.linkedin.com/ad-library/search?keyword=Lightspeed%20DMS%20%28trailer%29,unverified (host blocked),unverified (host blocked),0,n/a,unverified (host blocked),0,"Meta +3, Google +3, LinkedIn +1, CTA +1 pending audit",Ad libraries unreachable from this environment (egress policy); counts pending local audit.,pending (audit),search-verified (URL-cited)
103,Motility Software Solutions,motilitysoftware.com,https://www.facebook.com/ads/library/?active_status=active&ad_type=all&country=US&q=Motility%20Software%20Solutions&search_type=keyword_unordered&media_type=all,unverified (host blocked),unverified (host blocked),unverified (host blocked),unverified (host blocked),unverified (host blocked),https://adstransparency.google.com/?region=US&domain=motilitysoftware.com,unverified (host blocked),unverified (host blocked),unverified (host blocked),unverified (host blocked),https://www.linkedin.com/ad-library/search?keyword=Motility%20Software%20Solutions,unverified (host blocked),unverified (host blocked),0,n/a,unverified (host blocked),0,"Meta +3, Google +3, LinkedIn +1, CTA +1 pending audit",Ad libraries unreachable from this environment (egress policy); counts pending local audit.,pending (audit),search-verified (URL-cited)
103,SOARR,soarrsolutions.com,https://www.facebook.com/ads/library/?active_status=active&ad_type=all&country=US&q=SOARR&search_type=keyword_unordered&media_type=all,unverified (host blocked),unverified (host blocked),unverified (host blocked),unverified (host blocked),unverified (host blocked),https://adstransparency.google.com/?region=US&domain=soarrsolutions.com,unverified (host blocked),unverified (host blocked),unverified (host blocked),unverified (host blocked),https://www.linkedin.com/ad-library/search?keyword=SOARR,unverified (host blocked),unverified (host blocked),0,n/a,unverified (host blocked),0,"Meta +3, Google +3, LinkedIn +1, CTA +1 pending audit",Ad libraries unreachable from this environment (egress policy); counts pending local audit.,pending (audit),search-verified (URL-cited)
103,Softbase Evolution (Softbase Systems),softbasesystems.com,https://www.facebook.com/ads/library/?active_status=active&ad_type=all&country=US&q=Softbase%20Evolution%20%28Softbase%20Systems%29&search_type=keyword_unordered&media_type=all,unverified (host blocked),unverified (host blocked),unverified (host blocked),unverified (host blocked),unverified (host blocked),https://adstransparency.google.com/?region=US&domain=softbasesystems.com,unverified (host blocked),unverified (host blocked),unverified (host blocked),unverified (host blocked),https://www.linkedin.com/ad-library/search?keyword=Softbase%20Evolution%20%28Softbase%20Systems%29,unverified (host blocked),unverified (host blocked),2,https://getlatka.com/companies/softbasesystems.com,unverified (host blocked),2,"Meta +3, Google +3, LinkedIn +1, CTA +1 pending audit",Ad libraries unreachable from this environment (egress policy); counts pending local audit. Headcount bonus: result shows <50 employees or bootstrapped.,pending (audit),search-verified (URL-cited)
103,Trailer Ops DMS,trailerops.com,https://www.facebook.com/ads/library/?active_status=active&ad_type=all&country=US&q=Trailer%20Ops%20DMS&search_type=keyword_unordered&media_type=all,unverified (host blocked),unverified (host blocked),unverified (host blocked),unverified (host blocked),unverified (host blocked),https://adstransparency.google.com/?region=US&domain=trailerops.com,unverified (host blocked),unverified (host blocked),unverified (host blocked),unverified (host blocked),https://www.linkedin.com/ad-library/search?keyword=Trailer%20Ops%20DMS,unverified (host blocked),unverified (host blocked),2,https://www.linkedin.com/company/trailer-ops,unverified (host blocked),2,"Meta +3, Google +3, LinkedIn +1, CTA +1 pending audit",Ad libraries unreachable from this environment (egress policy); counts pending local audit. Headcount bonus: result shows <50 employees or bootstrapped.,pending (audit),search-verified (URL-cited)
104,EZRentOut (EZO),ezo.io,https://www.facebook.com/ads/library/?active_status=active&ad_type=all&country=US&q=EZRentOut%20%28EZO%29&search_type=keyword_unordered&media_type=all,unverified (host blocked),unverified (host blocked),unverified (host blocked),unverified (host blocked),unverified (host blocked),https://adstransparency.google.com/?region=US&domain=ezo.io,unverified (host blocked),unverified (host blocked),unverified (host blocked),unverified (host blocked),https://www.linkedin.com/ad-library/search?keyword=EZRentOut%20%28EZO%29,unverified (host blocked),unverified (host blocked),0,unverified,unverified (host blocked),0,"Meta +3, Google +3, LinkedIn +1, CTA +1 pending audit",,pending (audit),search-verified (URL-cited)
104,Point of Rental,point-of-rental.com,https://www.facebook.com/ads/library/?active_status=active&ad_type=all&country=US&q=Point%20of%20Rental&search_type=keyword_unordered&media_type=all,unverified (host blocked),unverified (host blocked),unverified (host blocked),unverified (host blocked),unverified (host blocked),https://adstransparency.google.com/?region=US&domain=point-of-rental.com,unverified (host blocked),unverified (host blocked),unverified (host blocked),unverified (host blocked),https://www.linkedin.com/ad-library/search?keyword=Point%20of%20Rental,unverified (host blocked),unverified (host blocked),0,unverified,unverified (host blocked),0,"Meta +3, Google +3, LinkedIn +1, CTA +1 pending audit",,pending (audit),search-verified (URL-cited)
104,Quipli,quipli.com,https://www.facebook.com/ads/library/?active_status=active&ad_type=all&country=US&q=Quipli&search_type=keyword_unordered&media_type=all,unverified (host blocked),unverified (host blocked),unverified (host blocked),unverified (host blocked),unverified (host blocked),https://adstransparency.google.com/?region=US&domain=quipli.com,unverified (host blocked),unverified (host blocked),unverified (host blocked),unverified (host blocked),https://www.linkedin.com/ad-library/search?keyword=Quipli,unverified (host blocked),unverified (host blocked),2,https://www.crunchbase.com/organization/quipli,unverified (host blocked),2,"Meta +3, Google +3, LinkedIn +1, CTA +1 pending audit",,pending (audit),search-verified (URL-cited)
104,RentMy,rentmy.co,https://www.facebook.com/ads/library/?active_status=active&ad_type=all&country=US&q=RentMy&search_type=keyword_unordered&media_type=all,unverified (host blocked),unverified (host blocked),unverified (host blocked),unverified (host blocked),unverified (host blocked),https://adstransparency.google.com/?region=US&domain=rentmy.co,unverified (host blocked),unverified (host blocked),unverified (host blocked),unverified (host blocked),https://www.linkedin.com/ad-library/search?keyword=RentMy,unverified (host blocked),unverified (host blocked),0,unverified,unverified (host blocked),0,"Meta +3, Google +3, LinkedIn +1, CTA +1 pending audit",,pending (audit),search-verified (URL-cited)
104,Rentrax,rentrax.com,https://www.facebook.com/ads/library/?active_status=active&ad_type=all&country=US&q=Rentrax&search_type=keyword_unordered&media_type=all,unverified (host blocked),unverified (host blocked),unverified (host blocked),unverified (host blocked),unverified (host blocked),https://adstransparency.google.com/?region=US&domain=rentrax.com,unverified (host blocked),unverified (host blocked),unverified (host blocked),unverified (host blocked),https://www.linkedin.com/ad-library/search?keyword=Rentrax,unverified (host blocked),unverified (host blocked),0,unverified,unverified (host blocked),0,"Meta +3, Google +3, LinkedIn +1, CTA +1 pending audit",,pending (audit),search-verified (URL-cited)
104,Reservety,reservety.com,https://www.facebook.com/ads/library/?active_status=active&ad_type=all&country=US&q=Reservety&search_type=keyword_unordered&media_type=all,unverified (host blocked),unverified (host blocked),unverified (host blocked),unverified (host blocked),unverified (host blocked),https://adstransparency.google.com/?region=US&domain=reservety.com,unverified (host blocked),unverified (host blocked),unverified (host blocked),unverified (host blocked),https://www.linkedin.com/ad-library/search?keyword=Reservety,unverified (host blocked),unverified (host blocked),0,unverified,unverified (host blocked),0,"Meta +3, Google +3, LinkedIn +1, CTA +1 pending audit",,pending (audit),search-verified (URL-cited)
104,Texada,unverified,https://www.facebook.com/ads/library/?active_status=active&ad_type=all&country=US&q=Texada&search_type=keyword_unordered&media_type=all,unverified (host blocked),unverified (host blocked),unverified (host blocked),unverified (host blocked),unverified (host blocked),https://adstransparency.google.com/?region=US&domain=,unverified (host blocked),unverified (host blocked),unverified (host blocked),unverified (host blocked),https://www.linkedin.com/ad-library/search?keyword=Texada,unverified (host blocked),unverified (host blocked),0,unverified,unverified (host blocked),0,"Meta +3, Google +3, LinkedIn +1, CTA +1 pending audit",domain not seen in a result URL; Google lookup needs the domain,pending (audit),search-verified (URL-cited)
105,ARM Software (party rental),armsoftware.com,https://www.facebook.com/ads/library/?active_status=active&ad_type=all&country=US&q=ARM%20Software%20%28party%20rental%29&search_type=keyword_unordered&media_type=all,unverified (host blocked),unverified (host blocked),unverified (host blocked),unverified (host blocked),unverified (host blocked),https://adstransparency.google.com/?region=US&domain=armsoftware.com,unverified,unverified (host blocked),unverified (host blocked),unverified (host blocked),https://www.linkedin.com/ad-library/search?keyword=ARM%20Software%20%28party%20rental%29,unverified (host blocked),unverified (host blocked),0,unverified,unverified,0,"Meta +3, Google +3, LinkedIn +1, CTA +1 pending audit",headcount/funding not verified in results,pending (audit),search-verified (URL-cited)
105,Booqable (party rental),booqable.com,https://www.facebook.com/ads/library/?active_status=active&ad_type=all&country=US&q=Booqable%20%28party%20rental%29&search_type=keyword_unordered&media_type=all,unverified (host blocked),unverified (host blocked),unverified (host blocked),unverified (host blocked),unverified (host blocked),https://adstransparency.google.com/?region=US&domain=booqable.com,unverified,unverified (host blocked),unverified (host blocked),unverified (host blocked),https://www.linkedin.com/ad-library/search?keyword=Booqable%20%28party%20rental%29,unverified (host blocked),unverified (host blocked),0,unverified,unverified,0,"Meta +3, Google +3, LinkedIn +1, CTA +1 pending audit",headcount/funding not verified in results,pending (audit),search-verified (URL-cited)
105,Event Rental Systems (ERS),eventrentalsystems.com,https://www.facebook.com/ads/library/?active_status=active&ad_type=all&country=US&q=Event%20Rental%20Systems%20%28ERS%29&search_type=keyword_unordered&media_type=all,unverified (host blocked),unverified (host blocked),unverified (host blocked),unverified (host blocked),unverified (host blocked),https://adstransparency.google.com/?region=US&domain=eventrentalsystems.com,unverified,unverified (host blocked),unverified (host blocked),unverified (host blocked),https://www.linkedin.com/ad-library/search?keyword=Event%20Rental%20Systems%20%28ERS%29,unverified (host blocked),unverified (host blocked),0,unverified,unverified,0,"Meta +3, Google +3, LinkedIn +1, CTA +1 pending audit",headcount/funding not verified in results,pending (audit),search-verified (URL-cited)
105,Goodshuffle Pro,goodshuffle.com,https://www.facebook.com/ads/library/?active_status=active&ad_type=all&country=US&q=Goodshuffle%20Pro&search_type=keyword_unordered&media_type=all,unverified (host blocked),unverified (host blocked),unverified (host blocked),unverified (host blocked),unverified (host blocked),https://adstransparency.google.com/?region=US&domain=goodshuffle.com,unverified,unverified (host blocked),unverified (host blocked),unverified (host blocked),https://www.linkedin.com/ad-library/search?keyword=Goodshuffle%20Pro,unverified (host blocked),unverified (host blocked),0,unverified,unverified,0,"Meta +3, Google +3, LinkedIn +1, CTA +1 pending audit",headcount >=50 or ambiguous; no bonus,pending (audit),search-verified (URL-cited)
105,InTempo Software (party & event rental),intemposoftware.com,https://www.facebook.com/ads/library/?active_status=active&ad_type=all&country=US&q=InTempo%20Software%20%28party%20%26%20event%20rental%29&search_type=keyword_unordered&media_type=all,unverified (host blocked),unverified (host blocked),unverified (host blocked),unverified (host blocked),unverified (host blocked),https://adstransparency.google.com/?region=US&domain=intemposoftware.com,unverified,unverified (host blocked),unverified (host blocked),unverified (host blocked),https://www.linkedin.com/ad-library/search?keyword=InTempo%20Software%20%28party%20%26%20event%20rental%29,unverified (host blocked),unverified (host blocked),0,unverified,unverified,0,"Meta +3, Google +3, LinkedIn +1, CTA +1 pending audit",headcount/funding not verified in results,pending (audit),search-verified (URL-cited)
105,InflatableOffice,inflatableoffice.com,https://www.facebook.com/ads/library/?active_status=active&ad_type=all&country=US&q=InflatableOffice&search_type=keyword_unordered&media_type=all,unverified (host blocked),unverified (host blocked),unverified (host blocked),unverified (host blocked),unverified (host blocked),https://adstransparency.google.com/?region=US&domain=inflatableoffice.com,unverified,unverified (host blocked),unverified (host blocked),unverified (host blocked),https://www.linkedin.com/ad-library/search?keyword=InflatableOffice,unverified (host blocked),unverified (host blocked),0,unverified,unverified,0,"Meta +3, Google +3, LinkedIn +1, CTA +1 pending audit",headcount/funding not verified in results,pending (audit),search-verified (URL-cited)
105,Rentman (party rental),rentman.io,https://www.facebook.com/ads/library/?active_status=active&ad_type=all&country=US&q=Rentman%20%28party%20rental%29&search_type=keyword_unordered&media_type=all,unverified (host blocked),unverified (host blocked),unverified (host blocked),unverified (host blocked),unverified (host blocked),https://adstransparency.google.com/?region=US&domain=rentman.io,unverified,unverified (host blocked),unverified (host blocked),unverified (host blocked),https://www.linkedin.com/ad-library/search?keyword=Rentman%20%28party%20rental%29,unverified (host blocked),unverified (host blocked),0,unverified,unverified,0,"Meta +3, Google +3, LinkedIn +1, CTA +1 pending audit",headcount/funding not verified in results,pending (audit),search-verified (URL-cited)
105,Rentopian,rentopian.com,https://www.facebook.com/ads/library/?active_status=active&ad_type=all&country=US&q=Rentopian&search_type=keyword_unordered&media_type=all,unverified (host blocked),unverified (host blocked),unverified (host blocked),unverified (host blocked),unverified (host blocked),https://adstransparency.google.com/?region=US&domain=rentopian.com,unverified,unverified (host blocked),unverified (host blocked),unverified (host blocked),https://www.linkedin.com/ad-library/search?keyword=Rentopian,unverified (host blocked),unverified (host blocked),0,unverified,unverified,0,"Meta +3, Google +3, LinkedIn +1, CTA +1 pending audit",headcount/funding not verified in results,pending (audit),search-verified (URL-cited)
105,Reservety,reservety.com,https://www.facebook.com/ads/library/?active_status=active&ad_type=all&country=US&q=Reservety&search_type=keyword_unordered&media_type=all,unverified (host blocked),unverified (host blocked),unverified (host blocked),unverified (host blocked),unverified (host blocked),https://adstransparency.google.com/?region=US&domain=reservety.com,unverified,unverified (host blocked),unverified (host blocked),unverified (host blocked),https://www.linkedin.com/ad-library/search?keyword=Reservety,unverified (host blocked),unverified (host blocked),0,unverified,unverified,0,"Meta +3, Google +3, LinkedIn +1, CTA +1 pending audit",headcount/funding not verified in results,pending (audit),search-verified (URL-cited)
106,6Storage,6storage.com,https://www.facebook.com/ads/library/?active_status=active&ad_type=all&country=US&q=6Storage&search_type=keyword_unordered&media_type=all,unverified (host blocked),unverified (host blocked),unverified (host blocked),unverified (host blocked),unverified (host blocked),https://adstransparency.google.com/?region=US&domain=6storage.com,unverified (host blocked),unverified (host blocked),unverified (host blocked),unverified (host blocked),https://www.linkedin.com/ad-library/search?keyword=6Storage,unverified (host blocked),unverified (host blocked),0,unverified,unverified (host blocked),0,"Meta +3, Google +3, LinkedIn +1, CTA +1 pending audit",Lookup URLs prebuilt; run scraper/ locally to fill counts.,pending (audit),search-verified (URL-cited)
106,Kinnovis,kinnovis.com,https://www.facebook.com/ads/library/?active_status=active&ad_type=all&country=US&q=Kinnovis&search_type=keyword_unordered&media_type=all,unverified (host blocked),unverified (host blocked),unverified (host blocked),unverified (host blocked),unverified (host blocked),https://adstransparency.google.com/?region=US&domain=kinnovis.com,unverified (host blocked),unverified (host blocked),unverified (host blocked),unverified (host blocked),https://www.linkedin.com/ad-library/search?keyword=Kinnovis,unverified (host blocked),unverified (host blocked),2,https://tracxn.com/d/companies/kinnovis/__5x0B3WzEEy3A7FeS3wVnV54xA8UESrHEFlsetx3pCv0,unverified (host blocked),2,"Meta +3, Google +3, LinkedIn +1, CTA +1 pending audit",Lookup URLs prebuilt; run scraper/ locally to fill counts.,pending (audit),search-verified (URL-cited)
106,SiteLink (Storable),sitelink.com,https://www.facebook.com/ads/library/?active_status=active&ad_type=all&country=US&q=SiteLink%20%28Storable%29&search_type=keyword_unordered&media_type=all,unverified (host blocked),unverified (host blocked),unverified (host blocked),unverified (host blocked),unverified (host blocked),https://adstransparency.google.com/?region=US&domain=sitelink.com,unverified (host blocked),unverified (host blocked),unverified (host blocked),unverified (host blocked),https://www.linkedin.com/ad-library/search?keyword=SiteLink%20%28Storable%29,unverified (host blocked),unverified (host blocked),0,unverified,unverified (host blocked),0,"Meta +3, Google +3, LinkedIn +1, CTA +1 pending audit",Lookup URLs prebuilt; run scraper/ locally to fill counts.,pending (audit),search-verified (URL-cited)
106,Stora,stora.co,https://www.facebook.com/ads/library/?active_status=active&ad_type=all&country=US&q=Stora&search_type=keyword_unordered&media_type=all,unverified (host blocked),unverified (host blocked),unverified (host blocked),unverified (host blocked),unverified (host blocked),https://adstransparency.google.com/?region=US&domain=stora.co,unverified (host blocked),unverified (host blocked),unverified (host blocked),unverified (host blocked),https://www.linkedin.com/ad-library/search?keyword=Stora,unverified (host blocked),unverified (host blocked),2,https://getlatka.com/companies/stora.co,unverified (host blocked),2,"Meta +3, Google +3, LinkedIn +1, CTA +1 pending audit",Lookup URLs prebuilt; run scraper/ locally to fill counts.,pending (audit),search-verified (URL-cited)
106,Storable Easy (Easy Storage Solutions),storageunitsoftware.com,https://www.facebook.com/ads/library/?active_status=active&ad_type=all&country=US&q=Storable%20Easy%20%28Easy%20Storage%20Solutions%29&search_type=keyword_unordered&media_type=all,unverified (host blocked),unverified (host blocked),unverified (host blocked),unverified (host blocked),unverified (host blocked),https://adstransparency.google.com/?region=US&domain=storageunitsoftware.com,unverified (host blocked),unverified (host blocked),unverified (host blocked),unverified (host blocked),https://www.linkedin.com/ad-library/search?keyword=Storable%20Easy%20%28Easy%20Storage%20Solutions%29,unverified (host blocked),unverified (host blocked),0,unverified,unverified (host blocked),0,"Meta +3, Google +3, LinkedIn +1, CTA +1 pending audit",Lookup URLs prebuilt; run scraper/ locally to fill counts.,pending (audit),search-verified (URL-cited)
106,Storable Edge (storEDGE),storable.com,https://www.facebook.com/ads/library/?active_status=active&ad_type=all&country=US&q=Storable%20Edge%20%28storEDGE%29&search_type=keyword_unordered&media_type=all,unverified (host blocked),unverified (host blocked),unverified (host blocked),unverified (host blocked),unverified (host blocked),https://adstransparency.google.com/?region=US&domain=storable.com,unverified (host blocked),unverified (host blocked),unverified (host blocked),unverified (host blocked),https://www.linkedin.com/ad-library/search?keyword=Storable%20Edge%20%28storEDGE%29,unverified (host blocked),unverified (host blocked),0,unverified,unverified (host blocked),0,"Meta +3, Google +3, LinkedIn +1, CTA +1 pending audit",Lookup URLs prebuilt; run scraper/ locally to fill counts.,pending (audit),search-verified (URL-cited)
106,Storeganise,storeganise.com,https://www.facebook.com/ads/library/?active_status=active&ad_type=all&country=US&q=Storeganise&search_type=keyword_unordered&media_type=all,unverified (host blocked),unverified (host blocked),unverified (host blocked),unverified (host blocked),unverified (host blocked),https://adstransparency.google.com/?region=US&domain=storeganise.com,unverified (host blocked),unverified (host blocked),unverified (host blocked),unverified (host blocked),https://www.linkedin.com/ad-library/search?keyword=Storeganise,unverified (host blocked),unverified (host blocked),2,https://getlatka.com/companies/storeganise,unverified (host blocked),2,"Meta +3, Google +3, LinkedIn +1, CTA +1 pending audit",Lookup URLs prebuilt; run scraper/ locally to fill counts.,pending (audit),search-verified (URL-cited)
107,Cents,trycents.com,https://www.facebook.com/ads/library/?active_status=active&ad_type=all&country=US&q=Cents&search_type=keyword_unordered&media_type=all,unverified (host blocked),unverified (host blocked),unverified (host blocked),unverified (host blocked),unverified (host blocked),https://adstransparency.google.com/?region=US&domain=trycents.com,unverified (host blocked),unverified (host blocked),unverified (host blocked),unverified (host blocked),https://www.linkedin.com/ad-library/search?keyword=Cents,unverified (host blocked),unverified (host blocked),0,unverified,unverified (host blocked),0,"Meta +3, Google +3, LinkedIn +1, CTA +1 pending audit",Search-verified tool; no <50-headcount or bootstrapped evidence found in results.,pending (audit),search-verified (URL-cited)
107,CleanCloud,cleancloudapp.com,https://www.facebook.com/ads/library/?active_status=active&ad_type=all&country=US&q=CleanCloud&search_type=keyword_unordered&media_type=all,unverified (host blocked),unverified (host blocked),unverified (host blocked),unverified (host blocked),unverified (host blocked),https://adstransparency.google.com/?region=US&domain=cleancloudapp.com,unverified (host blocked),unverified (host blocked),unverified (host blocked),unverified (host blocked),https://www.linkedin.com/ad-library/search?keyword=CleanCloud,unverified (host blocked),unverified (host blocked),2,https://pitchbook.com/profiles/company/228558-61,unverified (host blocked),2,"Meta +3, Google +3, LinkedIn +1, CTA +1 pending audit",Search-verified tool; all platform counts await local scraper run.,pending (audit),search-verified (URL-cited)
107,Curbside Laundries,curbsidelaundries.com,https://www.facebook.com/ads/library/?active_status=active&ad_type=all&country=US&q=Curbside%20Laundries&search_type=keyword_unordered&media_type=all,unverified (host blocked),unverified (host blocked),unverified (host blocked),unverified (host blocked),unverified (host blocked),https://adstransparency.google.com/?region=US&domain=curbsidelaundries.com,unverified (host blocked),unverified (host blocked),unverified (host blocked),unverified (host blocked),https://www.linkedin.com/ad-library/search?keyword=Curbside%20Laundries,unverified (host blocked),unverified (host blocked),0,unverified,unverified (host blocked),0,"Meta +3, Google +3, LinkedIn +1, CTA +1 pending audit",Search-verified tool; no <50-headcount or bootstrapped evidence found in results.,pending (audit),search-verified (URL-cited)
107,LaundryMatch / LaunderPay,getlaundrymatch.com,https://www.facebook.com/ads/library/?active_status=active&ad_type=all&country=US&q=LaundryMatch%20/%20LaunderPay&search_type=keyword_unordered&media_type=all,unverified (host blocked),unverified (host blocked),unverified (host blocked),unverified (host blocked),unverified (host blocked),https://adstransparency.google.com/?region=US&domain=getlaundrymatch.com,unverified (host blocked),unverified (host blocked),unverified (host blocked),unverified (host blocked),https://www.linkedin.com/ad-library/search?keyword=LaundryMatch%20/%20LaunderPay,unverified (host blocked),unverified (host blocked),0,unverified,unverified (host blocked),0,"Meta +3, Google +3, LinkedIn +1, CTA +1 pending audit",Search-verified tool; no <50-headcount or bootstrapped evidence found in results.,pending (audit),search-verified (URL-cited)
107,The Laundry Boss,thelaundryboss.com,https://www.facebook.com/ads/library/?active_status=active&ad_type=all&country=US&q=The%20Laundry%20Boss&search_type=keyword_unordered&media_type=all,unverified (host blocked),unverified (host blocked),unverified (host blocked),unverified (host blocked),unverified (host blocked),https://adstransparency.google.com/?region=US&domain=thelaundryboss.com,unverified (host blocked),unverified (host blocked),unverified (host blocked),unverified (host blocked),https://www.linkedin.com/ad-library/search?keyword=The%20Laundry%20Boss,unverified (host blocked),unverified (host blocked),0,unverified,unverified (host blocked),0,"Meta +3, Google +3, LinkedIn +1, CTA +1 pending audit",Search-verified tool; no <50-headcount or bootstrapped evidence found in results.,pending (audit),search-verified (URL-cited)
107,Wash-Dry-Fold POS,washdryfoldpos.com,https://www.facebook.com/ads/library/?active_status=active&ad_type=all&country=US&q=Wash-Dry-Fold%20POS&search_type=keyword_unordered&media_type=all,unverified (host blocked),unverified (host blocked),unverified (host blocked),unverified (host blocked),unverified (host blocked),https://adstransparency.google.com/?region=US&domain=washdryfoldpos.com,unverified (host blocked),unverified (host blocked),unverified (host blocked),unverified (host blocked),https://www.linkedin.com/ad-library/search?keyword=Wash-Dry-Fold%20POS,unverified (host blocked),unverified (host blocked),0,unverified,unverified (host blocked),0,"Meta +3, Google +3, LinkedIn +1, CTA +1 pending audit",Search-verified tool; no <50-headcount or bootstrapped evidence found in results.,pending (audit),search-verified (URL-cited)
108,CleanCloud,unverified,https://www.facebook.com/ads/library/?active_status=active&ad_type=all&country=US&q=CleanCloud&search_type=keyword_unordered&media_type=all,unverified (host blocked),unverified (host blocked),unverified (host blocked),unverified (host blocked),unverified (host blocked),https://adstransparency.google.com/?region=US&domain=,unverified (host blocked),unverified (host blocked),unverified (host blocked),unverified (host blocked),https://www.linkedin.com/ad-library/search?keyword=CleanCloud,unverified (host blocked),unverified (host blocked),0,,unverified (host blocked),0,"Meta +3, Google +3, LinkedIn +1, CTA +1 pending audit",headcount bonus only; all ad-library hosts blocked in this session; no <50-employee or bootstrapped evidence found,pending (audit),search-verified (URL-cited)
108,Cleantie (Computer Systems Int'l),cleantie.com,https://www.facebook.com/ads/library/?active_status=active&ad_type=all&country=US&q=Cleantie%20%28Computer%20Systems%20Int%27l%29&search_type=keyword_unordered&media_type=all,unverified (host blocked),unverified (host blocked),unverified (host blocked),unverified (host blocked),unverified (host blocked),https://adstransparency.google.com/?region=US&domain=cleantie.com,unverified (host blocked),unverified (host blocked),unverified (host blocked),unverified (host blocked),https://www.linkedin.com/ad-library/search?keyword=Cleantie%20%28Computer%20Systems%20Int%27l%29,unverified (host blocked),unverified (host blocked),0,,unverified (host blocked),0,"Meta +3, Google +3, LinkedIn +1, CTA +1 pending audit",headcount bonus only; all ad-library hosts blocked in this session; no <50-employee or bootstrapped evidence found,pending (audit),search-verified (URL-cited)
108,Clover (dry cleaning),clover.com,https://www.facebook.com/ads/library/?active_status=active&ad_type=all&country=US&q=Clover%20%28dry%20cleaning%29&search_type=keyword_unordered&media_type=all,unverified (host blocked),unverified (host blocked),unverified (host blocked),unverified (host blocked),unverified (host blocked),https://adstransparency.google.com/?region=US&domain=clover.com,unverified (host blocked),unverified (host blocked),unverified (host blocked),unverified (host blocked),https://www.linkedin.com/ad-library/search?keyword=Clover%20%28dry%20cleaning%29,unverified (host blocked),unverified (host blocked),0,,unverified (host blocked),0,"Meta +3, Google +3, LinkedIn +1, CTA +1 pending audit",headcount bonus only; all ad-library hosts blocked in this session; no <50-employee or bootstrapped evidence found,pending (audit),search-verified (URL-cited)
108,DragonPOS,dragonpos.com,https://www.facebook.com/ads/library/?active_status=active&ad_type=all&country=US&q=DragonPOS&search_type=keyword_unordered&media_type=all,unverified (host blocked),unverified (host blocked),unverified (host blocked),unverified (host blocked),unverified (host blocked),https://adstransparency.google.com/?region=US&domain=dragonpos.com,unverified (host blocked),unverified (host blocked),unverified (host blocked),unverified (host blocked),https://www.linkedin.com/ad-library/search?keyword=DragonPOS,unverified (host blocked),unverified (host blocked),0,,unverified (host blocked),0,"Meta +3, Google +3, LinkedIn +1, CTA +1 pending audit",headcount bonus only; all ad-library hosts blocked in this session; no <50-employee or bootstrapped evidence found,pending (audit),search-verified (URL-cited)
108,Enlite POS (DARK),darkpos.com,https://www.facebook.com/ads/library/?active_status=active&ad_type=all&country=US&q=Enlite%20POS%20%28DARK%29&search_type=keyword_unordered&media_type=all,unverified (host blocked),unverified (host blocked),unverified (host blocked),unverified (host blocked),unverified (host blocked),https://adstransparency.google.com/?region=US&domain=darkpos.com,unverified (host blocked),unverified (host blocked),unverified (host blocked),unverified (host blocked),https://www.linkedin.com/ad-library/search?keyword=Enlite%20POS%20%28DARK%29,unverified (host blocked),unverified (host blocked),2,https://softwarefinder.com/retail/enlite-pos,unverified (host blocked),2,"Meta +3, Google +3, LinkedIn +1, CTA +1 pending audit",headcount bonus only; all ad-library hosts blocked in this session,pending (audit),search-verified (URL-cited)
108,Geelus,geelus.com,https://www.facebook.com/ads/library/?active_status=active&ad_type=all&country=US&q=Geelus&search_type=keyword_unordered&media_type=all,unverified (host blocked),unverified (host blocked),unverified (host blocked),unverified (host blocked),unverified (host blocked),https://adstransparency.google.com/?region=US&domain=geelus.com,unverified (host blocked),unverified (host blocked),unverified (host blocked),unverified (host blocked),https://www.linkedin.com/ad-library/search?keyword=Geelus,unverified (host blocked),unverified (host blocked),0,,unverified (host blocked),0,"Meta +3, Google +3, LinkedIn +1, CTA +1 pending audit",headcount bonus only; all ad-library hosts blocked in this session; no <50-employee or bootstrapped evidence found,pending (audit),search-verified (URL-cited)
108,SMRT Systems,smrtsystems.com,https://www.facebook.com/ads/library/?active_status=active&ad_type=all&country=US&q=SMRT%20Systems&search_type=keyword_unordered&media_type=all,unverified (host blocked),unverified (host blocked),unverified (host blocked),unverified (host blocked),unverified (host blocked),https://adstransparency.google.com/?region=US&domain=smrtsystems.com,unverified (host blocked),unverified (host blocked),unverified (host blocked),unverified (host blocked),https://www.linkedin.com/ad-library/search?keyword=SMRT%20Systems,unverified (host blocked),unverified (host blocked),2,https://www.crunchbase.com/organization/smrt-systems,unverified (host blocked),2,"Meta +3, Google +3, LinkedIn +1, CTA +1 pending audit",headcount bonus only; all ad-library hosts blocked in this session,pending (audit),search-verified (URL-cited)
108,Xplor Spot,xplorspot.com,https://www.facebook.com/ads/library/?active_status=active&ad_type=all&country=US&q=Xplor%20Spot&search_type=keyword_unordered&media_type=all,unverified (host blocked),unverified (host blocked),unverified (host blocked),unverified (host blocked),unverified (host blocked),https://adstransparency.google.com/?region=US&domain=xplorspot.com,unverified (host blocked),unverified (host blocked),unverified (host blocked),unverified (host blocked),https://www.linkedin.com/ad-library/search?keyword=Xplor%20Spot,unverified (host blocked),unverified (host blocked),0,,unverified (host blocked),0,"Meta +3, Google +3, LinkedIn +1, CTA +1 pending audit",headcount bonus only; all ad-library hosts blocked in this session; no <50-employee or bootstrapped evidence found,pending (audit),search-verified (URL-cited)
109,Celerant,celerant.com,https://www.facebook.com/ads/library/?active_status=active&ad_type=all&country=US&q=Celerant&search_type=keyword_unordered&media_type=all,unverified (host blocked),unverified (host blocked),unverified (host blocked),unverified (host blocked),unverified (host blocked),https://adstransparency.google.com/?region=US&domain=celerant.com,unverified (host blocked),unverified (host blocked),unverified (host blocked),unverified (host blocked),https://www.linkedin.com/ad-library/search?keyword=Celerant,unverified (host blocked),unverified (host blocked),0,n/a,unverified (host blocked),0,"Meta +3, Google +3, LinkedIn +1, CTA +1 pending audit",headcount_bonus=2 only where a result showed <50 employees or bootstrapped (URL in evidence column).,pending (audit),search-verified (URL-cited)
109,Epicor Eagle,epicor.com,https://www.facebook.com/ads/library/?active_status=active&ad_type=all&country=US&q=Epicor%20Eagle&search_type=keyword_unordered&media_type=all,unverified (host blocked),unverified (host blocked),unverified (host blocked),unverified (host blocked),unverified (host blocked),https://adstransparency.google.com/?region=US&domain=epicor.com,unverified (host blocked),unverified (host blocked),unverified (host blocked),unverified (host blocked),https://www.linkedin.com/ad-library/search?keyword=Epicor%20Eagle,unverified (host blocked),unverified (host blocked),0,n/a,unverified (host blocked),0,"Meta +3, Google +3, LinkedIn +1, CTA +1 pending audit",headcount_bonus=2 only where a result showed <50 employees or bootstrapped (URL in evidence column).,pending (audit),search-verified (URL-cited)
109,KORONA POS,koronapos.com,https://www.facebook.com/ads/library/?active_status=active&ad_type=all&country=US&q=KORONA%20POS&search_type=keyword_unordered&media_type=all,unverified (host blocked),unverified (host blocked),unverified (host blocked),unverified (host blocked),unverified (host blocked),https://adstransparency.google.com/?region=US&domain=koronapos.com,unverified (host blocked),unverified (host blocked),unverified (host blocked),unverified (host blocked),https://www.linkedin.com/ad-library/search?keyword=KORONA%20POS,unverified (host blocked),unverified (host blocked),0,n/a,unverified (host blocked),0,"Meta +3, Google +3, LinkedIn +1, CTA +1 pending audit",headcount_bonus=2 only where a result showed <50 employees or bootstrapped (URL in evidence column).,pending (audit),search-verified (URL-cited)
109,Lightspeed Retail,lightspeedhq.com,https://www.facebook.com/ads/library/?active_status=active&ad_type=all&country=US&q=Lightspeed%20Retail&search_type=keyword_unordered&media_type=all,unverified (host blocked),unverified (host blocked),unverified (host blocked),unverified (host blocked),unverified (host blocked),https://adstransparency.google.com/?region=US&domain=lightspeedhq.com,unverified (host blocked),unverified (host blocked),unverified (host blocked),unverified (host blocked),https://www.linkedin.com/ad-library/search?keyword=Lightspeed%20Retail,unverified (host blocked),unverified (host blocked),0,n/a,unverified (host blocked),0,"Meta +3, Google +3, LinkedIn +1, CTA +1 pending audit",headcount_bonus=2 only where a result showed <50 employees or bootstrapped (URL in evidence column).,pending (audit),search-verified (URL-cited)
109,POS Nation,posnation.com,https://www.facebook.com/ads/library/?active_status=active&ad_type=all&country=US&q=POS%20Nation&search_type=keyword_unordered&media_type=all,unverified (host blocked),unverified (host blocked),unverified (host blocked),unverified (host blocked),unverified (host blocked),https://adstransparency.google.com/?region=US&domain=posnation.com,unverified (host blocked),unverified (host blocked),unverified (host blocked),unverified (host blocked),https://www.linkedin.com/ad-library/search?keyword=POS%20Nation,unverified (host blocked),unverified (host blocked),0,n/a,unverified (host blocked),0,"Meta +3, Google +3, LinkedIn +1, CTA +1 pending audit",headcount_bonus=2 only where a result showed <50 employees or bootstrapped (URL in evidence column).,pending (audit),search-verified (URL-cited)
109,Paladin POS,paladinpointofsale.com,https://www.facebook.com/ads/library/?active_status=active&ad_type=all&country=US&q=Paladin%20POS&search_type=keyword_unordered&media_type=all,unverified (host blocked),unverified (host blocked),unverified (host blocked),unverified (host blocked),unverified (host blocked),https://adstransparency.google.com/?region=US&domain=paladinpointofsale.com,unverified (host blocked),unverified (host blocked),unverified (host blocked),unverified (host blocked),https://www.linkedin.com/ad-library/search?keyword=Paladin%20POS,unverified (host blocked),unverified (host blocked),0,n/a,unverified (host blocked),0,"Meta +3, Google +3, LinkedIn +1, CTA +1 pending audit",headcount_bonus=2 only where a result showed <50 employees or bootstrapped (URL in evidence column).,pending (audit),search-verified (URL-cited)
109,RockSolid MAX (ECI),ecisolutions.com,https://www.facebook.com/ads/library/?active_status=active&ad_type=all&country=US&q=RockSolid%20MAX%20%28ECI%29&search_type=keyword_unordered&media_type=all,unverified (host blocked),unverified (host blocked),unverified (host blocked),unverified (host blocked),unverified (host blocked),https://adstransparency.google.com/?region=US&domain=ecisolutions.com,unverified (host blocked),unverified (host blocked),unverified (host blocked),unverified (host blocked),https://www.linkedin.com/ad-library/search?keyword=RockSolid%20MAX%20%28ECI%29,unverified (host blocked),unverified (host blocked),0,n/a,unverified (host blocked),0,"Meta +3, Google +3, LinkedIn +1, CTA +1 pending audit",headcount_bonus=2 only where a result showed <50 employees or bootstrapped (URL in evidence column).,pending (audit),search-verified (URL-cited)
109,Rundoo,rundoo.ai,https://www.facebook.com/ads/library/?active_status=active&ad_type=all&country=US&q=Rundoo&search_type=keyword_unordered&media_type=all,unverified (host blocked),unverified (host blocked),unverified (host blocked),unverified (host blocked),unverified (host blocked),https://adstransparency.google.com/?region=US&domain=rundoo.ai,unverified (host blocked),unverified (host blocked),unverified (host blocked),unverified (host blocked),https://www.linkedin.com/ad-library/search?keyword=Rundoo,unverified (host blocked),unverified (host blocked),0,n/a,unverified (host blocked),0,"Meta +3, Google +3, LinkedIn +1, CTA +1 pending audit",headcount_bonus=2 only where a result showed <50 employees or bootstrapped (URL in evidence column).,pending (audit),search-verified (URL-cited)
109,The General Store,thegeneralstore.com,https://www.facebook.com/ads/library/?active_status=active&ad_type=all&country=US&q=The%20General%20Store&search_type=keyword_unordered&media_type=all,unverified (host blocked),unverified (host blocked),unverified (host blocked),unverified (host blocked),unverified (host blocked),https://adstransparency.google.com/?region=US&domain=thegeneralstore.com,unverified (host blocked),unverified (host blocked),unverified (host blocked),unverified (host blocked),https://www.linkedin.com/ad-library/search?keyword=The%20General%20Store,unverified (host blocked),unverified (host blocked),2,https://www.linkedin.com/company/crichlow-data-sciences-inc-,unverified (host blocked),2,"Meta +3, Google +3, LinkedIn +1, CTA +1 pending audit",headcount_bonus=2 only where a result showed <50 employees or bootstrapped (URL in evidence column).,pending (audit),search-verified (URL-cited)
109,XEPOS,xe-pos.com,https://www.facebook.com/ads/library/?active_status=active&ad_type=all&country=US&q=XEPOS&search_type=keyword_unordered&media_type=all,unverified (host blocked),unverified (host blocked),unverified (host blocked),unverified (host blocked),unverified (host blocked),https://adstransparency.google.com/?region=US&domain=xe-pos.com,unverified (host blocked),unverified (host blocked),unverified (host blocked),unverified (host blocked),https://www.linkedin.com/ad-library/search?keyword=XEPOS,unverified (host blocked),unverified (host blocked),0,n/a,unverified (host blocked),0,"Meta +3, Google +3, LinkedIn +1, CTA +1 pending audit",headcount_bonus=2 only where a result showed <50 employees or bootstrapped (URL in evidence column).,pending (audit),search-verified (URL-cited)
110,Comcash,comcash.com,https://www.facebook.com/ads/library/?active_status=active&ad_type=all&country=US&q=Comcash&search_type=keyword_unordered&media_type=all,unverified (host blocked),unverified (host blocked),unverified (host blocked),unverified (host blocked),unverified (host blocked),https://adstransparency.google.com/?region=US&domain=comcash.com,unverified (host blocked),unverified (host blocked),unverified (host blocked),unverified (host blocked),https://www.linkedin.com/ad-library/search?keyword=Comcash,unverified (host blocked),unverified (host blocked),0,n/a,unverified (host blocked),0,"Meta +3, Google +3, LinkedIn +1, CTA +1 pending audit",Ad libraries unreachable from this environment (egress policy); counts pending local audit.,pending (audit),search-verified (URL-cited)
110,Epos Now (garden center page),eposnow.com,https://www.facebook.com/ads/library/?active_status=active&ad_type=all&country=US&q=Epos%20Now%20%28garden%20center%20page%29&search_type=keyword_unordered&media_type=all,unverified (host blocked),unverified (host blocked),unverified (host blocked),unverified (host blocked),unverified (host blocked),https://adstransparency.google.com/?region=US&domain=eposnow.com,unverified (host blocked),unverified (host blocked),unverified (host blocked),unverified (host blocked),https://www.linkedin.com/ad-library/search?keyword=Epos%20Now%20%28garden%20center%20page%29,unverified (host blocked),unverified (host blocked),0,n/a,unverified (host blocked),0,"Meta +3, Google +3, LinkedIn +1, CTA +1 pending audit",Ad libraries unreachable from this environment (egress policy); counts pending local audit.,pending (audit),search-verified (URL-cited)
110,Lightspeed Retail (garden center page),lightspeedhq.com,https://www.facebook.com/ads/library/?active_status=active&ad_type=all&country=US&q=Lightspeed%20Retail%20%28garden%20center%20page%29&search_type=keyword_unordered&media_type=all,unverified (host blocked),unverified (host blocked),unverified (host blocked),unverified (host blocked),unverified (host blocked),https://adstransparency.google.com/?region=US&domain=lightspeedhq.com,unverified (host blocked),unverified (host blocked),unverified (host blocked),unverified (host blocked),https://www.linkedin.com/ad-library/search?keyword=Lightspeed%20Retail%20%28garden%20center%20page%29,unverified (host blocked),unverified (host blocked),0,n/a,unverified (host blocked),0,"Meta +3, Google +3, LinkedIn +1, CTA +1 pending audit",Ad libraries unreachable from this environment (egress policy); counts pending local audit.,pending (audit),search-verified (URL-cited)
110,MicroBiz Cloud POS,microbiz.com,https://www.facebook.com/ads/library/?active_status=active&ad_type=all&country=US&q=MicroBiz%20Cloud%20POS&search_type=keyword_unordered&media_type=all,unverified (host blocked),unverified (host blocked),unverified (host blocked),unverified (host blocked),unverified (host blocked),https://adstransparency.google.com/?region=US&domain=microbiz.com,unverified (host blocked),unverified (host blocked),unverified (host blocked),unverified (host blocked),https://www.linkedin.com/ad-library/search?keyword=MicroBiz%20Cloud%20POS,unverified (host blocked),unverified (host blocked),0,n/a,unverified (host blocked),0,"Meta +3, Google +3, LinkedIn +1, CTA +1 pending audit",Ad libraries unreachable from this environment (egress policy); counts pending local audit.,pending (audit),search-verified (URL-cited)
110,Planting Nursery (HighSoft),plantingnursery.com,https://www.facebook.com/ads/library/?active_status=active&ad_type=all&country=US&q=Planting%20Nursery%20%28HighSoft%29&search_type=keyword_unordered&media_type=all,unverified (host blocked),unverified (host blocked),unverified (host blocked),unverified (host blocked),unverified (host blocked),https://adstransparency.google.com/?region=US&domain=plantingnursery.com,unverified (host blocked),unverified (host blocked),unverified (host blocked),unverified (host blocked),https://www.linkedin.com/ad-library/search?keyword=Planting%20Nursery%20%28HighSoft%29,unverified (host blocked),unverified (host blocked),0,n/a,unverified (host blocked),0,"Meta +3, Google +3, LinkedIn +1, CTA +1 pending audit",Ad libraries unreachable from this environment (egress policy); counts pending local audit.,pending (audit),search-verified (URL-cited)
110,Rapid Garden POS,rapidgardenpos.com,https://www.facebook.com/ads/library/?active_status=active&ad_type=all&country=US&q=Rapid%20Garden%20POS&search_type=keyword_unordered&media_type=all,unverified (host blocked),unverified (host blocked),unverified (host blocked),unverified (host blocked),unverified (host blocked),https://adstransparency.google.com/?region=US&domain=rapidgardenpos.com,unverified (host blocked),unverified (host blocked),unverified (host blocked),unverified (host blocked),https://www.linkedin.com/ad-library/search?keyword=Rapid%20Garden%20POS,unverified (host blocked),unverified (host blocked),2,https://www.linkedin.com/company/rapid-garden-pos,unverified (host blocked),2,"Meta +3, Google +3, LinkedIn +1, CTA +1 pending audit",Ad libraries unreachable from this environment (egress policy); counts pending local audit. Headcount bonus: result shows <50 employees or bootstrapped.,pending (audit),search-verified (URL-cited)
110,Rundoo,rundoo.ai,https://www.facebook.com/ads/library/?active_status=active&ad_type=all&country=US&q=Rundoo&search_type=keyword_unordered&media_type=all,unverified (host blocked),unverified (host blocked),unverified (host blocked),unverified (host blocked),unverified (host blocked),https://adstransparency.google.com/?region=US&domain=rundoo.ai,unverified (host blocked),unverified (host blocked),unverified (host blocked),unverified (host blocked),https://www.linkedin.com/ad-library/search?keyword=Rundoo,unverified (host blocked),unverified (host blocked),0,n/a,unverified (host blocked),0,"Meta +3, Google +3, LinkedIn +1, CTA +1 pending audit",Ad libraries unreachable from this environment (egress policy); counts pending local audit.,pending (audit),search-verified (URL-cited)
110,Sunfire POS,sunfirepos.com,https://www.facebook.com/ads/library/?active_status=active&ad_type=all&country=US&q=Sunfire%20POS&search_type=keyword_unordered&media_type=all,unverified (host blocked),unverified (host blocked),unverified (host blocked),unverified (host blocked),unverified (host blocked),https://adstransparency.google.com/?region=US&domain=sunfirepos.com,unverified (host blocked),unverified (host blocked),unverified (host blocked),unverified (host blocked),https://www.linkedin.com/ad-library/search?keyword=Sunfire%20POS,unverified (host blocked),unverified (host blocked),0,n/a,unverified (host blocked),0,"Meta +3, Google +3, LinkedIn +1, CTA +1 pending audit",Ad libraries unreachable from this environment (egress policy); counts pending local audit.,pending (audit),search-verified (URL-cited)
111,Curate,curate.co,https://www.facebook.com/ads/library/?active_status=active&ad_type=all&country=US&q=Curate&search_type=keyword_unordered&media_type=all,unverified (host blocked),unverified (host blocked),unverified (host blocked),unverified (host blocked),unverified (host blocked),https://adstransparency.google.com/?region=US&domain=curate.co,unverified (host blocked),unverified (host blocked),unverified (host blocked),unverified (host blocked),https://www.linkedin.com/ad-library/search?keyword=Curate,unverified (host blocked),unverified (host blocked),0,unverified,unverified (host blocked),0,"Meta +3, Google +3, LinkedIn +1, CTA +1 pending audit",,pending (audit),search-verified (URL-cited)
111,FTD Mercury,unverified,https://www.facebook.com/ads/library/?active_status=active&ad_type=all&country=US&q=FTD%20Mercury&search_type=keyword_unordered&media_type=all,unverified (host blocked),unverified (host blocked),unverified (host blocked),unverified (host blocked),unverified (host blocked),https://adstransparency.google.com/?region=US&domain=,unverified (host blocked),unverified (host blocked),unverified (host blocked),unverified (host blocked),https://www.linkedin.com/ad-library/search?keyword=FTD%20Mercury,unverified (host blocked),unverified (host blocked),0,unverified,unverified (host blocked),0,"Meta +3, Google +3, LinkedIn +1, CTA +1 pending audit",domain not seen in a result URL; Google lookup needs the domain,pending (audit),search-verified (URL-cited)
111,Floranext,floranext.com,https://www.facebook.com/ads/library/?active_status=active&ad_type=all&country=US&q=Floranext&search_type=keyword_unordered&media_type=all,unverified (host blocked),unverified (host blocked),unverified (host blocked),unverified (host blocked),unverified (host blocked),https://adstransparency.google.com/?region=US&domain=floranext.com,unverified (host blocked),unverified (host blocked),unverified (host blocked),unverified (host blocked),https://www.linkedin.com/ad-library/search?keyword=Floranext,unverified (host blocked),unverified (host blocked),0,unverified,unverified (host blocked),0,"Meta +3, Google +3, LinkedIn +1, CTA +1 pending audit",,pending (audit),search-verified (URL-cited)
111,FloristWare,floristware.com,https://www.facebook.com/ads/library/?active_status=active&ad_type=all&country=US&q=FloristWare&search_type=keyword_unordered&media_type=all,unverified (host blocked),unverified (host blocked),unverified (host blocked),unverified (host blocked),unverified (host blocked),https://adstransparency.google.com/?region=US&domain=floristware.com,unverified (host blocked),unverified (host blocked),unverified (host blocked),unverified (host blocked),https://www.linkedin.com/ad-library/search?keyword=FloristWare,unverified (host blocked),unverified (host blocked),2,https://checkthat.ai/brands/floristware,unverified (host blocked),2,"Meta +3, Google +3, LinkedIn +1, CTA +1 pending audit",,pending (audit),search-verified (URL-cited)
111,Hana Florist POS,hanafloristpos.com,https://www.facebook.com/ads/library/?active_status=active&ad_type=all&country=US&q=Hana%20Florist%20POS&search_type=keyword_unordered&media_type=all,unverified (host blocked),unverified (host blocked),unverified (host blocked),unverified (host blocked),unverified (host blocked),https://adstransparency.google.com/?region=US&domain=hanafloristpos.com,unverified (host blocked),unverified (host blocked),unverified (host blocked),unverified (host blocked),https://www.linkedin.com/ad-library/search?keyword=Hana%20Florist%20POS,unverified (host blocked),unverified (host blocked),0,unverified,unverified (host blocked),0,"Meta +3, Google +3, LinkedIn +1, CTA +1 pending audit",,pending (audit),search-verified (URL-cited)
111,IRIS,unverified,https://www.facebook.com/ads/library/?active_status=active&ad_type=all&country=US&q=IRIS&search_type=keyword_unordered&media_type=all,unverified (host blocked),unverified (host blocked),unverified (host blocked),unverified (host blocked),unverified (host blocked),https://adstransparency.google.com/?region=US&domain=,unverified (host blocked),unverified (host blocked),unverified (host blocked),unverified (host blocked),https://www.linkedin.com/ad-library/search?keyword=IRIS,unverified (host blocked),unverified (host blocked),0,unverified,unverified (host blocked),0,"Meta +3, Google +3, LinkedIn +1, CTA +1 pending audit",domain not seen in a result URL; Google lookup needs the domain,pending (audit),search-verified (URL-cited)
111,QuickFlora,unverified,https://www.facebook.com/ads/library/?active_status=active&ad_type=all&country=US&q=QuickFlora&search_type=keyword_unordered&media_type=all,unverified (host blocked),unverified (host blocked),unverified (host blocked),unverified (host blocked),unverified (host blocked),https://adstransparency.google.com/?region=US&domain=,unverified (host blocked),unverified (host blocked),unverified (host blocked),unverified (host blocked),https://www.linkedin.com/ad-library/search?keyword=QuickFlora,unverified (host blocked),unverified (host blocked),0,unverified,unverified (host blocked),0,"Meta +3, Google +3, LinkedIn +1, CTA +1 pending audit",domain not seen in a result URL; Google lookup needs the domain,pending (audit),search-verified (URL-cited)
112,Clientbook,clientbook.com,https://www.facebook.com/ads/library/?active_status=active&ad_type=all&country=US&q=Clientbook&search_type=keyword_unordered&media_type=all,unverified (host blocked),unverified (host blocked),unverified (host blocked),unverified (host blocked),unverified (host blocked),https://adstransparency.google.com/?region=US&domain=clientbook.com,unverified,unverified (host blocked),unverified (host blocked),unverified (host blocked),https://www.linkedin.com/ad-library/search?keyword=Clientbook,unverified (host blocked),unverified (host blocked),0,unverified,unverified,0,"Meta +3, Google +3, LinkedIn +1, CTA +1 pending audit",headcount/funding not verified in results,pending (audit),search-verified (URL-cited)
112,Jewel360 (Quilt Software),jewel360.com,https://www.facebook.com/ads/library/?active_status=active&ad_type=all&country=US&q=Jewel360%20%28Quilt%20Software%29&search_type=keyword_unordered&media_type=all,unverified (host blocked),unverified (host blocked),unverified (host blocked),unverified (host blocked),unverified (host blocked),https://adstransparency.google.com/?region=US&domain=jewel360.com,unverified,unverified (host blocked),unverified (host blocked),unverified (host blocked),https://www.linkedin.com/ad-library/search?keyword=Jewel360%20%28Quilt%20Software%29,unverified (host blocked),unverified (host blocked),0,unverified,unverified,0,"Meta +3, Google +3, LinkedIn +1, CTA +1 pending audit",headcount/funding not verified in results,pending (audit),search-verified (URL-cited)
112,RepairDesk (jewelry repair),repairdesk.co,https://www.facebook.com/ads/library/?active_status=active&ad_type=all&country=US&q=RepairDesk%20%28jewelry%20repair%29&search_type=keyword_unordered&media_type=all,unverified (host blocked),unverified (host blocked),unverified (host blocked),unverified (host blocked),unverified (host blocked),https://adstransparency.google.com/?region=US&domain=repairdesk.co,unverified,unverified (host blocked),unverified (host blocked),unverified (host blocked),https://www.linkedin.com/ad-library/search?keyword=RepairDesk%20%28jewelry%20repair%29,unverified (host blocked),unverified (host blocked),0,unverified,unverified,0,"Meta +3, Google +3, LinkedIn +1, CTA +1 pending audit",headcount/funding not verified in results,pending (audit),search-verified (URL-cited)
112,Swim,unverified,https://www.facebook.com/ads/library/?active_status=active&ad_type=all&country=US&q=Swim&search_type=keyword_unordered&media_type=all,unverified (host blocked),unverified (host blocked),unverified (host blocked),unverified (host blocked),unverified (host blocked),https://adstransparency.google.com/?region=US&domain=,unverified,unverified (host blocked),unverified (host blocked),unverified (host blocked),https://www.linkedin.com/ad-library/search?keyword=Swim,unverified (host blocked),unverified (host blocked),0,unverified,unverified,0,"Meta +3, Google +3, LinkedIn +1, CTA +1 pending audit",headcount/funding not verified in results,pending (audit),search-verified (URL-cited)
112,The Edge (Abbott Jewelry Systems),theedgeforjewelers.com,https://www.facebook.com/ads/library/?active_status=active&ad_type=all&country=US&q=The%20Edge%20%28Abbott%20Jewelry%20Systems%29&search_type=keyword_unordered&media_type=all,unverified (host blocked),unverified (host blocked),unverified (host blocked),unverified (host blocked),unverified (host blocked),https://adstransparency.google.com/?region=US&domain=theedgeforjewelers.com,unverified,unverified (host blocked),unverified (host blocked),unverified (host blocked),https://www.linkedin.com/ad-library/search?keyword=The%20Edge%20%28Abbott%20Jewelry%20Systems%29,unverified (host blocked),unverified (host blocked),0,unverified,unverified,0,"Meta +3, Google +3, LinkedIn +1, CTA +1 pending audit",headcount/funding not verified in results,pending (audit),search-verified (URL-cited)
112,The Jewel Software,unverified,https://www.facebook.com/ads/library/?active_status=active&ad_type=all&country=US&q=The%20Jewel%20Software&search_type=keyword_unordered&media_type=all,unverified (host blocked),unverified (host blocked),unverified (host blocked),unverified (host blocked),unverified (host blocked),https://adstransparency.google.com/?region=US&domain=,unverified,unverified (host blocked),unverified (host blocked),unverified (host blocked),https://www.linkedin.com/ad-library/search?keyword=The%20Jewel%20Software,unverified (host blocked),unverified (host blocked),0,unverified,unverified,0,"Meta +3, Google +3, LinkedIn +1, CTA +1 pending audit",headcount/funding not verified in results,pending (audit),search-verified (URL-cited)
112,Valigara Online Jewelry Manager,unverified,https://www.facebook.com/ads/library/?active_status=active&ad_type=all&country=US&q=Valigara%20Online%20Jewelry%20Manager&search_type=keyword_unordered&media_type=all,unverified (host blocked),unverified (host blocked),unverified (host blocked),unverified (host blocked),unverified (host blocked),https://adstransparency.google.com/?region=US&domain=,unverified,unverified (host blocked),unverified (host blocked),unverified (host blocked),https://www.linkedin.com/ad-library/search?keyword=Valigara%20Online%20Jewelry%20Manager,unverified (host blocked),unverified (host blocked),0,unverified,unverified,0,"Meta +3, Google +3, LinkedIn +1, CTA +1 pending audit",headcount/funding not verified in results,pending (audit),search-verified (URL-cited)
112,WJewel,wjewel.com,https://www.facebook.com/ads/library/?active_status=active&ad_type=all&country=US&q=WJewel&search_type=keyword_unordered&media_type=all,unverified (host blocked),unverified (host blocked),unverified (host blocked),unverified (host blocked),unverified (host blocked),https://adstransparency.google.com/?region=US&domain=wjewel.com,unverified,unverified (host blocked),unverified (host blocked),unverified (host blocked),https://www.linkedin.com/ad-library/search?keyword=WJewel,unverified (host blocked),unverified (host blocked),0,unverified,unverified,0,"Meta +3, Google +3, LinkedIn +1, CTA +1 pending audit",headcount/funding not verified in results,pending (audit),search-verified (URL-cited)
113,Bravo Store Systems,bravostoresystems.com,https://www.facebook.com/ads/library/?active_status=active&ad_type=all&country=US&q=Bravo%20Store%20Systems&search_type=keyword_unordered&media_type=all,unverified (host blocked),unverified (host blocked),unverified (host blocked),unverified (host blocked),unverified (host blocked),https://adstransparency.google.com/?region=US&domain=bravostoresystems.com,unverified (host blocked),unverified (host blocked),unverified (host blocked),unverified (host blocked),https://www.linkedin.com/ad-library/search?keyword=Bravo%20Store%20Systems,unverified (host blocked),unverified (host blocked),0,unverified,unverified (host blocked),0,"Meta +3, Google +3, LinkedIn +1, CTA +1 pending audit",Lookup URLs prebuilt; run scraper/ locally to fill counts.,pending (audit),search-verified (URL-cited)
113,PawnMaster (Bravo / Data Age),unverified,https://www.facebook.com/ads/library/?active_status=active&ad_type=all&country=US&q=PawnMaster%20%28Bravo%20/%20Data%20Age%29&search_type=keyword_unordered&media_type=all,unverified (host blocked),unverified (host blocked),unverified (host blocked),unverified (host blocked),unverified (host blocked),https://adstransparency.google.com/?region=US&domain=,unverified (host blocked),unverified (host blocked),unverified (host blocked),unverified (host blocked),https://www.linkedin.com/ad-library/search?keyword=PawnMaster%20%28Bravo%20/%20Data%20Age%29,unverified (host blocked),unverified (host blocked),0,unverified,unverified (host blocked),0,"Meta +3, Google +3, LinkedIn +1, CTA +1 pending audit",Lookup URLs prebuilt; run scraper/ locally to fill counts.,pending (audit),search-verified (URL-cited)
113,PawnMate,pawnmate.com,https://www.facebook.com/ads/library/?active_status=active&ad_type=all&country=US&q=PawnMate&search_type=keyword_unordered&media_type=all,unverified (host blocked),unverified (host blocked),unverified (host blocked),unverified (host blocked),unverified (host blocked),https://adstransparency.google.com/?region=US&domain=pawnmate.com,unverified (host blocked),unverified (host blocked),unverified (host blocked),unverified (host blocked),https://www.linkedin.com/ad-library/search?keyword=PawnMate,unverified (host blocked),unverified (host blocked),0,unverified,unverified (host blocked),0,"Meta +3, Google +3, LinkedIn +1, CTA +1 pending audit",Lookup URLs prebuilt; run scraper/ locally to fill counts.,pending (audit),search-verified (URL-cited)
113,PawnSmarts,pawn-software.com,https://www.facebook.com/ads/library/?active_status=active&ad_type=all&country=US&q=PawnSmarts&search_type=keyword_unordered&media_type=all,unverified (host blocked),unverified (host blocked),unverified (host blocked),unverified (host blocked),unverified (host blocked),https://adstransparency.google.com/?region=US&domain=pawn-software.com,unverified (host blocked),unverified (host blocked),unverified (host blocked),unverified (host blocked),https://www.linkedin.com/ad-library/search?keyword=PawnSmarts,unverified (host blocked),unverified (host blocked),0,unverified,unverified (host blocked),0,"Meta +3, Google +3, LinkedIn +1, CTA +1 pending audit",Lookup URLs prebuilt; run scraper/ locally to fill counts.,pending (audit),search-verified (URL-cited)
113,PawnSnap (Snap Software),snapsoftware.com,https://www.facebook.com/ads/library/?active_status=active&ad_type=all&country=US&q=PawnSnap%20%28Snap%20Software%29&search_type=keyword_unordered&media_type=all,unverified (host blocked),unverified (host blocked),unverified (host blocked),unverified (host blocked),unverified (host blocked),https://adstransparency.google.com/?region=US&domain=snapsoftware.com,unverified (host blocked),unverified (host blocked),unverified (host blocked),unverified (host blocked),https://www.linkedin.com/ad-library/search?keyword=PawnSnap%20%28Snap%20Software%29,unverified (host blocked),unverified (host blocked),2,https://tracxn.com/d/companies/pawnsnap/__q3_2XGZBe_ndZ-rx8wm9MLDx1iTBbf8YwhwDVQyWEM4,unverified (host blocked),2,"Meta +3, Google +3, LinkedIn +1, CTA +1 pending audit",Lookup URLs prebuilt; run scraper/ locally to fill counts.,pending (audit),search-verified (URL-cited)
113,Pawnbroker Pawn Shop Software (PPSS),unverified,https://www.facebook.com/ads/library/?active_status=active&ad_type=all&country=US&q=Pawnbroker%20Pawn%20Shop%20Software%20%28PPSS%29&search_type=keyword_unordered&media_type=all,unverified (host blocked),unverified (host blocked),unverified (host blocked),unverified (host blocked),unverified (host blocked),https://adstransparency.google.com/?region=US&domain=,unverified (host blocked),unverified (host blocked),unverified (host blocked),unverified (host blocked),https://www.linkedin.com/ad-library/search?keyword=Pawnbroker%20Pawn%20Shop%20Software%20%28PPSS%29,unverified (host blocked),unverified (host blocked),0,unverified,unverified (host blocked),0,"Meta +3, Google +3, LinkedIn +1, CTA +1 pending audit",Lookup URLs prebuilt; run scraper/ locally to fill counts.,pending (audit),search-verified (URL-cited)
113,Pawnit Systems,unverified,https://www.facebook.com/ads/library/?active_status=active&ad_type=all&country=US&q=Pawnit%20Systems&search_type=keyword_unordered&media_type=all,unverified (host blocked),unverified (host blocked),unverified (host blocked),unverified (host blocked),unverified (host blocked),https://adstransparency.google.com/?region=US&domain=,unverified (host blocked),unverified (host blocked),unverified (host blocked),unverified (host blocked),https://www.linkedin.com/ad-library/search?keyword=Pawnit%20Systems,unverified (host blocked),unverified (host blocked),0,unverified,unverified (host blocked),0,"Meta +3, Google +3, LinkedIn +1, CTA +1 pending audit",Lookup URLs prebuilt; run scraper/ locally to fill counts.,pending (audit),search-verified (URL-cited)
114,AIM POS,aim-pos.com,https://www.facebook.com/ads/library/?active_status=active&ad_type=all&country=US&q=AIM%20POS&search_type=keyword_unordered&media_type=all,unverified (host blocked),unverified (host blocked),unverified (host blocked),unverified (host blocked),unverified (host blocked),https://adstransparency.google.com/?region=US&domain=aim-pos.com,unverified (host blocked),unverified (host blocked),unverified (host blocked),unverified (host blocked),https://www.linkedin.com/ad-library/search?keyword=AIM%20POS,unverified (host blocked),unverified (host blocked),0,unverified,unverified (host blocked),0,"Meta +3, Google +3, LinkedIn +1, CTA +1 pending audit",Search-verified tool; no <50-headcount or bootstrapped evidence found in results.,pending (audit),search-verified (URL-cited)
114,BoundPro,boundpro.app,https://www.facebook.com/ads/library/?active_status=active&ad_type=all&country=US&q=BoundPro&search_type=keyword_unordered&media_type=all,unverified (host blocked),unverified (host blocked),unverified (host blocked),unverified (host blocked),unverified (host blocked),https://adstransparency.google.com/?region=US&domain=boundpro.app,unverified (host blocked),unverified (host blocked),unverified (host blocked),unverified (host blocked),https://www.linkedin.com/ad-library/search?keyword=BoundPro,unverified (host blocked),unverified (host blocked),0,unverified,unverified (host blocked),0,"Meta +3, Google +3, LinkedIn +1, CTA +1 pending audit",Search-verified tool; no <50-headcount or bootstrapped evidence found in results.,pending (audit),search-verified (URL-cited)
114,Bravo Store Systems,bravostoresystems.com,https://www.facebook.com/ads/library/?active_status=active&ad_type=all&country=US&q=Bravo%20Store%20Systems&search_type=keyword_unordered&media_type=all,unverified (host blocked),unverified (host blocked),unverified (host blocked),unverified (host blocked),unverified (host blocked),https://adstransparency.google.com/?region=US&domain=bravostoresystems.com,unverified (host blocked),unverified (host blocked),unverified (host blocked),unverified (host blocked),https://www.linkedin.com/ad-library/search?keyword=Bravo%20Store%20Systems,unverified (host blocked),unverified (host blocked),0,unverified,unverified (host blocked),0,"Meta +3, Google +3, LinkedIn +1, CTA +1 pending audit",Search-verified tool; no <50-headcount or bootstrapped evidence found in results.,pending (audit),search-verified (URL-cited)
114,Coreware (coreSTORE / coreFFL),unverified,https://www.facebook.com/ads/library/?active_status=active&ad_type=all&country=US&q=Coreware%20%28coreSTORE%20/%20coreFFL%29&search_type=keyword_unordered&media_type=all,unverified (host blocked),unverified (host blocked),unverified (host blocked),unverified (host blocked),unverified (host blocked),https://adstransparency.google.com/?region=US&domain=,unverified (host blocked),unverified (host blocked),unverified (host blocked),unverified (host blocked),https://www.linkedin.com/ad-library/search?keyword=Coreware%20%28coreSTORE%20/%20coreFFL%29,unverified (host blocked),unverified (host blocked),0,unverified,unverified (host blocked),0,"Meta +3, Google +3, LinkedIn +1, CTA +1 pending audit",Search-verified tool; no <50-headcount or bootstrapped evidence found in results.,pending (audit),search-verified (URL-cited)
114,FastBound,fastbound.com,https://www.facebook.com/ads/library/?active_status=active&ad_type=all&country=US&q=FastBound&search_type=keyword_unordered&media_type=all,unverified (host blocked),unverified (host blocked),unverified (host blocked),unverified (host blocked),unverified (host blocked),https://adstransparency.google.com/?region=US&domain=fastbound.com,unverified (host blocked),unverified (host blocked),unverified (host blocked),unverified (host blocked),https://www.linkedin.com/ad-library/search?keyword=FastBound,unverified (host blocked),unverified (host blocked),0,unverified,unverified (host blocked),0,"Meta +3, Google +3, LinkedIn +1, CTA +1 pending audit",Search-verified tool; no <50-headcount or bootstrapped evidence found in results.,pending (audit),search-verified (URL-cited)
114,Gearfire AXIS,gogearfire.com,https://www.facebook.com/ads/library/?active_status=active&ad_type=all&country=US&q=Gearfire%20AXIS&search_type=keyword_unordered&media_type=all,unverified (host blocked),unverified (host blocked),unverified (host blocked),unverified (host blocked),unverified (host blocked),https://adstransparency.google.com/?region=US&domain=gogearfire.com,unverified (host blocked),unverified (host blocked),unverified (host blocked),unverified (host blocked),https://www.linkedin.com/ad-library/search?keyword=Gearfire%20AXIS,unverified (host blocked),unverified (host blocked),0,unverified,unverified (host blocked),0,"Meta +3, Google +3, LinkedIn +1, CTA +1 pending audit",Search-verified tool; no <50-headcount or bootstrapped evidence found in results.,pending (audit),search-verified (URL-cited)
114,Orchid eBound (Orchid LLC),orchidadvisors.com,https://www.facebook.com/ads/library/?active_status=active&ad_type=all&country=US&q=Orchid%20eBound%20%28Orchid%20LLC%29&search_type=keyword_unordered&media_type=all,unverified (host blocked),unverified (host blocked),unverified (host blocked),unverified (host blocked),unverified (host blocked),https://adstransparency.google.com/?region=US&domain=orchidadvisors.com,unverified (host blocked),unverified (host blocked),unverified (host blocked),unverified (host blocked),https://www.linkedin.com/ad-library/search?keyword=Orchid%20eBound%20%28Orchid%20LLC%29,unverified (host blocked),unverified (host blocked),2,https://rocketreach.co/orchid-advisors-1-in-ffl-compliance-profile_b5c20062f42e0ebc,unverified (host blocked),2,"Meta +3, Google +3, LinkedIn +1, CTA +1 pending audit",Search-verified tool; all platform counts await local scraper run.,pending (audit),search-verified (URL-cited)
114,Rapid Gun Systems,rapidgunsystems.com,https://www.facebook.com/ads/library/?active_status=active&ad_type=all&country=US&q=Rapid%20Gun%20Systems&search_type=keyword_unordered&media_type=all,unverified (host blocked),unverified (host blocked),unverified (host blocked),unverified (host blocked),unverified (host blocked),https://adstransparency.google.com/?region=US&domain=rapidgunsystems.com,unverified (host blocked),unverified (host blocked),unverified (host blocked),unverified (host blocked),https://www.linkedin.com/ad-library/search?keyword=Rapid%20Gun%20Systems,unverified (host blocked),unverified (host blocked),0,unverified,unverified (host blocked),0,"Meta +3, Google +3, LinkedIn +1, CTA +1 pending audit",Search-verified tool; no <50-headcount or bootstrapped evidence found in results.,pending (audit),search-verified (URL-cited)
115,Bottle POS (POS Nation),bottlepos.com,https://www.facebook.com/ads/library/?active_status=active&ad_type=all&country=US&q=Bottle%20POS%20%28POS%20Nation%29&search_type=keyword_unordered&media_type=all,unverified (host blocked),unverified (host blocked),unverified (host blocked),unverified (host blocked),unverified (host blocked),https://adstransparency.google.com/?region=US&domain=bottlepos.com,unverified (host blocked),unverified (host blocked),unverified (host blocked),unverified (host blocked),https://www.linkedin.com/ad-library/search?keyword=Bottle%20POS%20%28POS%20Nation%29,unverified (host blocked),unverified (host blocked),0,,unverified (host blocked),0,"Meta +3, Google +3, LinkedIn +1, CTA +1 pending audit",headcount bonus only; all ad-library hosts blocked in this session; no <50-employee or bootstrapped evidence found,pending (audit),search-verified (URL-cited)
115,Cheers POS,cheerspos.com,https://www.facebook.com/ads/library/?active_status=active&ad_type=all&country=US&q=Cheers%20POS&search_type=keyword_unordered&media_type=all,unverified (host blocked),unverified (host blocked),unverified (host blocked),unverified (host blocked),unverified (host blocked),https://adstransparency.google.com/?region=US&domain=cheerspos.com,unverified (host blocked),unverified (host blocked),unverified (host blocked),unverified (host blocked),https://www.linkedin.com/ad-library/search?keyword=Cheers%20POS,unverified (host blocked),unverified (host blocked),0,,unverified (host blocked),0,"Meta +3, Google +3, LinkedIn +1, CTA +1 pending audit",headcount bonus only; all ad-library hosts blocked in this session; no <50-employee or bootstrapped evidence found,pending (audit),search-verified (URL-cited)
115,Heartland LiquorPOS,liquorpos.clearsolutionsip.com,https://www.facebook.com/ads/library/?active_status=active&ad_type=all&country=US&q=Heartland%20LiquorPOS&search_type=keyword_unordered&media_type=all,unverified (host blocked),unverified (host blocked),unverified (host blocked),unverified (host blocked),unverified (host blocked),https://adstransparency.google.com/?region=US&domain=liquorpos.clearsolutionsip.com,unverified (host blocked),unverified (host blocked),unverified (host blocked),unverified (host blocked),https://www.linkedin.com/ad-library/search?keyword=Heartland%20LiquorPOS,unverified (host blocked),unverified (host blocked),0,,unverified (host blocked),0,"Meta +3, Google +3, LinkedIn +1, CTA +1 pending audit",headcount bonus only; all ad-library hosts blocked in this session; no <50-employee or bootstrapped evidence found,pending (audit),search-verified (URL-cited)
115,KORONA POS (COMBASE USA),koronapos.com,https://www.facebook.com/ads/library/?active_status=active&ad_type=all&country=US&q=KORONA%20POS%20%28COMBASE%20USA%29&search_type=keyword_unordered&media_type=all,unverified (host blocked),unverified (host blocked),unverified (host blocked),unverified (host blocked),unverified (host blocked),https://adstransparency.google.com/?region=US&domain=koronapos.com,unverified (host blocked),unverified (host blocked),unverified (host blocked),unverified (host blocked),https://www.linkedin.com/ad-library/search?keyword=KORONA%20POS%20%28COMBASE%20USA%29,unverified (host blocked),unverified (host blocked),0,,unverified (host blocked),0,"Meta +3, Google +3, LinkedIn +1, CTA +1 pending audit",headcount bonus only; all ad-library hosts blocked in this session; no <50-employee or bootstrapped evidence found,pending (audit),search-verified (URL-cited)
115,NRS (National Retail Solutions),nrsplus.com,https://www.facebook.com/ads/library/?active_status=active&ad_type=all&country=US&q=NRS%20%28National%20Retail%20Solutions%29&search_type=keyword_unordered&media_type=all,unverified (host blocked),unverified (host blocked),unverified (host blocked),unverified (host blocked),unverified (host blocked),https://adstransparency.google.com/?region=US&domain=nrsplus.com,unverified (host blocked),unverified (host blocked),unverified (host blocked),unverified (host blocked),https://www.linkedin.com/ad-library/search?keyword=NRS%20%28National%20Retail%20Solutions%29,unverified (host blocked),unverified (host blocked),0,,unverified (host blocked),0,"Meta +3, Google +3, LinkedIn +1, CTA +1 pending audit",headcount bonus only; all ad-library hosts blocked in this session; no <50-employee or bootstrapped evidence found,pending (audit),search-verified (URL-cited)
115,RetailzPOS,retailzpos.com,https://www.facebook.com/ads/library/?active_status=active&ad_type=all&country=US&q=RetailzPOS&search_type=keyword_unordered&media_type=all,unverified (host blocked),unverified (host blocked),unverified (host blocked),unverified (host blocked),unverified (host blocked),https://adstransparency.google.com/?region=US&domain=retailzpos.com,unverified (host blocked),unverified (host blocked),unverified (host blocked),unverified (host blocked),https://www.linkedin.com/ad-library/search?keyword=RetailzPOS,unverified (host blocked),unverified (host blocked),0,,unverified (host blocked),0,"Meta +3, Google +3, LinkedIn +1, CTA +1 pending audit",headcount bonus only; all ad-library hosts blocked in this session; no <50-employee or bootstrapped evidence found,pending (audit),search-verified (URL-cited)
115,mPower Beverage (InfoSolve),mpowerbeverage.com,https://www.facebook.com/ads/library/?active_status=active&ad_type=all&country=US&q=mPower%20Beverage%20%28InfoSolve%29&search_type=keyword_unordered&media_type=all,unverified (host blocked),unverified (host blocked),unverified (host blocked),unverified (host blocked),unverified (host blocked),https://adstransparency.google.com/?region=US&domain=mpowerbeverage.com,unverified (host blocked),unverified (host blocked),unverified (host blocked),unverified (host blocked),https://www.linkedin.com/ad-library/search?keyword=mPower%20Beverage%20%28InfoSolve%29,unverified (host blocked),unverified (host blocked),2,https://www.crunchbase.com/organization/mpower-beverage-software,unverified (host blocked),2,"Meta +3, Google +3, LinkedIn +1, CTA +1 pending audit",headcount bonus only; all ad-library hosts blocked in this session,pending (audit),search-verified (URL-cited)
116,BestRx,bestrx.com,https://www.facebook.com/ads/library/?active_status=active&ad_type=all&country=US&q=BestRx&search_type=keyword_unordered&media_type=all,unverified (host blocked),unverified (host blocked),unverified (host blocked),unverified (host blocked),unverified (host blocked),https://adstransparency.google.com/?region=US&domain=bestrx.com,unverified (host blocked),unverified (host blocked),unverified (host blocked),unverified (host blocked),https://www.linkedin.com/ad-library/search?keyword=BestRx,unverified (host blocked),unverified (host blocked),0,n/a,unverified (host blocked),0,"Meta +3, Google +3, LinkedIn +1, CTA +1 pending audit",headcount_bonus=2 only where a result showed <50 employees or bootstrapped (URL in evidence column).,pending (audit),search-verified (URL-cited)
116,Computer-Rx (Outcomes),outcomes.com,https://www.facebook.com/ads/library/?active_status=active&ad_type=all&country=US&q=Computer-Rx%20%28Outcomes%29&search_type=keyword_unordered&media_type=all,unverified (host blocked),unverified (host blocked),unverified (host blocked),unverified (host blocked),unverified (host blocked),https://adstransparency.google.com/?region=US&domain=outcomes.com,unverified (host blocked),unverified (host blocked),unverified (host blocked),unverified (host blocked),https://www.linkedin.com/ad-library/search?keyword=Computer-Rx%20%28Outcomes%29,unverified (host blocked),unverified (host blocked),0,n/a,unverified (host blocked),0,"Meta +3, Google +3, LinkedIn +1, CTA +1 pending audit",headcount_bonus=2 only where a result showed <50 employees or bootstrapped (URL in evidence column).,pending (audit),search-verified (URL-cited)
116,Datascan,datascanpharmacy.com,https://www.facebook.com/ads/library/?active_status=active&ad_type=all&country=US&q=Datascan&search_type=keyword_unordered&media_type=all,unverified (host blocked),unverified (host blocked),unverified (host blocked),unverified (host blocked),unverified (host blocked),https://adstransparency.google.com/?region=US&domain=datascanpharmacy.com,unverified (host blocked),unverified (host blocked),unverified (host blocked),unverified (host blocked),https://www.linkedin.com/ad-library/search?keyword=Datascan,unverified (host blocked),unverified (host blocked),0,n/a,unverified (host blocked),0,"Meta +3, Google +3, LinkedIn +1, CTA +1 pending audit",headcount_bonus=2 only where a result showed <50 employees or bootstrapped (URL in evidence column).,pending (audit),search-verified (URL-cited)
116,Enliven Health,enlivenhealth.co,https://www.facebook.com/ads/library/?active_status=active&ad_type=all&country=US&q=Enliven%20Health&search_type=keyword_unordered&media_type=all,unverified (host blocked),unverified (host blocked),unverified (host blocked),unverified (host blocked),unverified (host blocked),https://adstransparency.google.com/?region=US&domain=enlivenhealth.co,unverified (host blocked),unverified (host blocked),unverified (host blocked),unverified (host blocked),https://www.linkedin.com/ad-library/search?keyword=Enliven%20Health,unverified (host blocked),unverified (host blocked),0,n/a,unverified (host blocked),0,"Meta +3, Google +3, LinkedIn +1, CTA +1 pending audit",headcount_bonus=2 only where a result showed <50 employees or bootstrapped (URL in evidence column).,pending (audit),search-verified (URL-cited)
116,Liberty Software,unverified,https://www.facebook.com/ads/library/?active_status=active&ad_type=all&country=US&q=Liberty%20Software&search_type=keyword_unordered&media_type=all,unverified (host blocked),unverified (host blocked),unverified (host blocked),unverified (host blocked),unverified (host blocked),https://adstransparency.google.com/?region=US&domain=,unverified (host blocked),unverified (host blocked),unverified (host blocked),unverified (host blocked),https://www.linkedin.com/ad-library/search?keyword=Liberty%20Software,unverified (host blocked),unverified (host blocked),0,n/a,unverified (host blocked),0,"Meta +3, Google +3, LinkedIn +1, CTA +1 pending audit",headcount_bonus=2 only where a result showed <50 employees or bootstrapped (URL in evidence column).,pending (audit),search-verified (URL-cited)
116,Lumistry,lumistry.com,https://www.facebook.com/ads/library/?active_status=active&ad_type=all&country=US&q=Lumistry&search_type=keyword_unordered&media_type=all,unverified (host blocked),unverified (host blocked),unverified (host blocked),unverified (host blocked),unverified (host blocked),https://adstransparency.google.com/?region=US&domain=lumistry.com,unverified (host blocked),unverified (host blocked),unverified (host blocked),unverified (host blocked),https://www.linkedin.com/ad-library/search?keyword=Lumistry,unverified (host blocked),unverified (host blocked),2,https://getlatka.com/companies/Lumistry#team,unverified (host blocked),2,"Meta +3, Google +3, LinkedIn +1, CTA +1 pending audit",headcount_bonus=2 only where a result showed <50 employees or bootstrapped (URL in evidence column).,pending (audit),search-verified (URL-cited)
116,PioneerRx,pioneerrx.com,https://www.facebook.com/ads/library/?active_status=active&ad_type=all&country=US&q=PioneerRx&search_type=keyword_unordered&media_type=all,unverified (host blocked),unverified (host blocked),unverified (host blocked),unverified (host blocked),unverified (host blocked),https://adstransparency.google.com/?region=US&domain=pioneerrx.com,unverified (host blocked),unverified (host blocked),unverified (host blocked),unverified (host blocked),https://www.linkedin.com/ad-library/search?keyword=PioneerRx,unverified (host blocked),unverified (host blocked),0,n/a,unverified (host blocked),0,"Meta +3, Google +3, LinkedIn +1, CTA +1 pending audit",headcount_bonus=2 only where a result showed <50 employees or bootstrapped (URL in evidence column).,pending (audit),search-verified (URL-cited)
116,Refill Assistant,refillassistant.com,https://www.facebook.com/ads/library/?active_status=active&ad_type=all&country=US&q=Refill%20Assistant&search_type=keyword_unordered&media_type=all,unverified (host blocked),unverified (host blocked),unverified (host blocked),unverified (host blocked),unverified (host blocked),https://adstransparency.google.com/?region=US&domain=refillassistant.com,unverified (host blocked),unverified (host blocked),unverified (host blocked),unverified (host blocked),https://www.linkedin.com/ad-library/search?keyword=Refill%20Assistant,unverified (host blocked),unverified (host blocked),0,n/a,unverified (host blocked),0,"Meta +3, Google +3, LinkedIn +1, CTA +1 pending audit",headcount_bonus=2 only where a result showed <50 employees or bootstrapped (URL in evidence column).,pending (audit),search-verified (URL-cited)
116,RevealSite,revealsite.com,https://www.facebook.com/ads/library/?active_status=active&ad_type=all&country=US&q=RevealSite&search_type=keyword_unordered&media_type=all,unverified (host blocked),unverified (host blocked),unverified (host blocked),unverified (host blocked),unverified (host blocked),https://adstransparency.google.com/?region=US&domain=revealsite.com,unverified (host blocked),unverified (host blocked),unverified (host blocked),unverified (host blocked),https://www.linkedin.com/ad-library/search?keyword=RevealSite,unverified (host blocked),unverified (host blocked),0,n/a,unverified (host blocked),0,"Meta +3, Google +3, LinkedIn +1, CTA +1 pending audit",headcount_bonus=2 only where a result showed <50 employees or bootstrapped (URL in evidence column).,pending (audit),search-verified (URL-cited)
116,Rx30 (RedSail),redsailtechnologies.com,https://www.facebook.com/ads/library/?active_status=active&ad_type=all&country=US&q=Rx30%20%28RedSail%29&search_type=keyword_unordered&media_type=all,unverified (host blocked),unverified (host blocked),unverified (host blocked),unverified (host blocked),unverified (host blocked),https://adstransparency.google.com/?region=US&domain=redsailtechnologies.com,unverified (host blocked),unverified (host blocked),unverified (host blocked),unverified (host blocked),https://www.linkedin.com/ad-library/search?keyword=Rx30%20%28RedSail%29,unverified (host blocked),unverified (host blocked),0,n/a,unverified (host blocked),0,"Meta +3, Google +3, LinkedIn +1, CTA +1 pending audit",headcount_bonus=2 only where a result showed <50 employees or bootstrapped (URL in evidence column).,pending (audit),search-verified (URL-cited)
117,Catermonkey,catermonkey.com,https://www.facebook.com/ads/library/?active_status=active&ad_type=all&country=US&q=Catermonkey&search_type=keyword_unordered&media_type=all,unverified (host blocked),unverified (host blocked),unverified (host blocked),unverified (host blocked),unverified (host blocked),https://adstransparency.google.com/?region=US&domain=catermonkey.com,unverified (host blocked),unverified (host blocked),unverified (host blocked),unverified (host blocked),https://www.linkedin.com/ad-library/search?keyword=Catermonkey,unverified (host blocked),unverified (host blocked),0,n/a,unverified (host blocked),0,"Meta +3, Google +3, LinkedIn +1, CTA +1 pending audit",Ad libraries unreachable from this environment (egress policy); counts pending local audit.,pending (audit),search-verified (URL-cited)
117,Food Truck Lineup,foodtrucklineup.com,https://www.facebook.com/ads/library/?active_status=active&ad_type=all&country=US&q=Food%20Truck%20Lineup&search_type=keyword_unordered&media_type=all,unverified (host blocked),unverified (host blocked),unverified (host blocked),unverified (host blocked),unverified (host blocked),https://adstransparency.google.com/?region=US&domain=foodtrucklineup.com,unverified (host blocked),unverified (host blocked),unverified (host blocked),unverified (host blocked),https://www.linkedin.com/ad-library/search?keyword=Food%20Truck%20Lineup,unverified (host blocked),unverified (host blocked),0,n/a,unverified (host blocked),0,"Meta +3, Google +3, LinkedIn +1, CTA +1 pending audit",Ad libraries unreachable from this environment (egress policy); counts pending local audit.,pending (audit),search-verified (URL-cited)
117,Food Truck OS,foodtruckone.com,https://www.facebook.com/ads/library/?active_status=active&ad_type=all&country=US&q=Food%20Truck%20OS&search_type=keyword_unordered&media_type=all,unverified (host blocked),unverified (host blocked),unverified (host blocked),unverified (host blocked),unverified (host blocked),https://adstransparency.google.com/?region=US&domain=foodtruckone.com,unverified (host blocked),unverified (host blocked),unverified (host blocked),unverified (host blocked),https://www.linkedin.com/ad-library/search?keyword=Food%20Truck%20OS,unverified (host blocked),unverified (host blocked),0,n/a,unverified (host blocked),0,"Meta +3, Google +3, LinkedIn +1, CTA +1 pending audit",Ad libraries unreachable from this environment (egress policy); counts pending local audit.,pending (audit),search-verified (URL-cited)
117,Homebase (food truck page),joinhomebase.com,https://www.facebook.com/ads/library/?active_status=active&ad_type=all&country=US&q=Homebase%20%28food%20truck%20page%29&search_type=keyword_unordered&media_type=all,unverified (host blocked),unverified (host blocked),unverified (host blocked),unverified (host blocked),unverified (host blocked),https://adstransparency.google.com/?region=US&domain=joinhomebase.com,unverified (host blocked),unverified (host blocked),unverified (host blocked),unverified (host blocked),https://www.linkedin.com/ad-library/search?keyword=Homebase%20%28food%20truck%20page%29,unverified (host blocked),unverified (host blocked),0,n/a,unverified (host blocked),0,"Meta +3, Google +3, LinkedIn +1, CTA +1 pending audit",Ad libraries unreachable from this environment (egress policy); counts pending local audit.,pending (audit),search-verified (URL-cited)
117,HubPlate,hubplate.app,https://www.facebook.com/ads/library/?active_status=active&ad_type=all&country=US&q=HubPlate&search_type=keyword_unordered&media_type=all,unverified (host blocked),unverified (host blocked),unverified (host blocked),unverified (host blocked),unverified (host blocked),https://adstransparency.google.com/?region=US&domain=hubplate.app,unverified (host blocked),unverified (host blocked),unverified (host blocked),unverified (host blocked),https://www.linkedin.com/ad-library/search?keyword=HubPlate,unverified (host blocked),unverified (host blocked),0,n/a,unverified (host blocked),0,"Meta +3, Google +3, LinkedIn +1, CTA +1 pending audit",Ad libraries unreachable from this environment (egress policy); counts pending local audit.,pending (audit),search-verified (URL-cited)
117,Roaming Hunger (vendor portal),roaminghunger.com,https://www.facebook.com/ads/library/?active_status=active&ad_type=all&country=US&q=Roaming%20Hunger%20%28vendor%20portal%29&search_type=keyword_unordered&media_type=all,unverified (host blocked),unverified (host blocked),unverified (host blocked),unverified (host blocked),unverified (host blocked),https://adstransparency.google.com/?region=US&domain=roaminghunger.com,unverified (host blocked),unverified (host blocked),unverified (host blocked),unverified (host blocked),https://www.linkedin.com/ad-library/search?keyword=Roaming%20Hunger%20%28vendor%20portal%29,unverified (host blocked),unverified (host blocked),2,https://en.wikipedia.org/wiki/Roaming_Hunger,unverified (host blocked),2,"Meta +3, Google +3, LinkedIn +1, CTA +1 pending audit",Ad libraries unreachable from this environment (egress policy); counts pending local audit. Headcount bonus: result shows <50 employees or bootstrapped.,pending (audit),search-verified (URL-cited)
117,Square for Restaurants (food truck page),squareup.com,https://www.facebook.com/ads/library/?active_status=active&ad_type=all&country=US&q=Square%20for%20Restaurants%20%28food%20truck%20page%29&search_type=keyword_unordered&media_type=all,unverified (host blocked),unverified (host blocked),unverified (host blocked),unverified (host blocked),unverified (host blocked),https://adstransparency.google.com/?region=US&domain=squareup.com,unverified (host blocked),unverified (host blocked),unverified (host blocked),unverified (host blocked),https://www.linkedin.com/ad-library/search?keyword=Square%20for%20Restaurants%20%28food%20truck%20page%29,unverified (host blocked),unverified (host blocked),0,n/a,unverified (host blocked),0,"Meta +3, Google +3, LinkedIn +1, CTA +1 pending audit",Ad libraries unreachable from this environment (egress policy); counts pending local audit.,pending (audit),search-verified (URL-cited)
117,Truckster (vendor platform),gotruckster.com,https://www.facebook.com/ads/library/?active_status=active&ad_type=all&country=US&q=Truckster%20%28vendor%20platform%29&search_type=keyword_unordered&media_type=all,unverified (host blocked),unverified (host blocked),unverified (host blocked),unverified (host blocked),unverified (host blocked),https://adstransparency.google.com/?region=US&domain=gotruckster.com,unverified (host blocked),unverified (host blocked),unverified (host blocked),unverified (host blocked),https://www.linkedin.com/ad-library/search?keyword=Truckster%20%28vendor%20platform%29,unverified (host blocked),unverified (host blocked),2,https://tracxn.com/d/companies/truckster/__EuPirfcxsVSbfGvfQn7My08qDAnMUnqloEH5rNOsxg0,unverified (host blocked),2,"Meta +3, Google +3, LinkedIn +1, CTA +1 pending audit",Ad libraries unreachable from this environment (egress policy); counts pending local audit. Headcount bonus: result shows <50 employees or bootstrapped.,pending (audit),search-verified (URL-cited)
118,Better Cater,unverified,https://www.facebook.com/ads/library/?active_status=active&ad_type=all&country=US&q=Better%20Cater&search_type=keyword_unordered&media_type=all,unverified (host blocked),unverified (host blocked),unverified (host blocked),unverified (host blocked),unverified (host blocked),https://adstransparency.google.com/?region=US&domain=,unverified (host blocked),unverified (host blocked),unverified (host blocked),unverified (host blocked),https://www.linkedin.com/ad-library/search?keyword=Better%20Cater,unverified (host blocked),unverified (host blocked),0,unverified,unverified (host blocked),0,"Meta +3, Google +3, LinkedIn +1, CTA +1 pending audit",domain not seen in a result URL; Google lookup needs the domain,pending (audit),search-verified (URL-cited)
118,CaterZen,caterzen.com,https://www.facebook.com/ads/library/?active_status=active&ad_type=all&country=US&q=CaterZen&search_type=keyword_unordered&media_type=all,unverified (host blocked),unverified (host blocked),unverified (host blocked),unverified (host blocked),unverified (host blocked),https://adstransparency.google.com/?region=US&domain=caterzen.com,unverified (host blocked),unverified (host blocked),unverified (host blocked),unverified (host blocked),https://www.linkedin.com/ad-library/search?keyword=CaterZen,unverified (host blocked),unverified (host blocked),0,unverified,unverified (host blocked),0,"Meta +3, Google +3, LinkedIn +1, CTA +1 pending audit",,pending (audit),search-verified (URL-cited)
118,Caterease,unverified,https://www.facebook.com/ads/library/?active_status=active&ad_type=all&country=US&q=Caterease&search_type=keyword_unordered&media_type=all,unverified (host blocked),unverified (host blocked),unverified (host blocked),unverified (host blocked),unverified (host blocked),https://adstransparency.google.com/?region=US&domain=,unverified (host blocked),unverified (host blocked),unverified (host blocked),unverified (host blocked),https://www.linkedin.com/ad-library/search?keyword=Caterease,unverified (host blocked),unverified (host blocked),0,unverified,unverified (host blocked),0,"Meta +3, Google +3, LinkedIn +1, CTA +1 pending audit",domain not seen in a result URL; Google lookup needs the domain,pending (audit),search-verified (URL-cited)
118,Curate,curate.co,https://www.facebook.com/ads/library/?active_status=active&ad_type=all&country=US&q=Curate&search_type=keyword_unordered&media_type=all,unverified (host blocked),unverified (host blocked),unverified (host blocked),unverified (host blocked),unverified (host blocked),https://adstransparency.google.com/?region=US&domain=curate.co,unverified (host blocked),unverified (host blocked),unverified (host blocked),unverified (host blocked),https://www.linkedin.com/ad-library/search?keyword=Curate,unverified (host blocked),unverified (host blocked),0,unverified,unverified (host blocked),0,"Meta +3, Google +3, LinkedIn +1, CTA +1 pending audit",,pending (audit),search-verified (URL-cited)
118,Total Party Planner,totalpartyplanner.com,https://www.facebook.com/ads/library/?active_status=active&ad_type=all&country=US&q=Total%20Party%20Planner&search_type=keyword_unordered&media_type=all,unverified (host blocked),unverified (host blocked),unverified (host blocked),unverified (host blocked),unverified (host blocked),https://adstransparency.google.com/?region=US&domain=totalpartyplanner.com,unverified (host blocked),unverified (host blocked),unverified (host blocked),unverified (host blocked),https://www.linkedin.com/ad-library/search?keyword=Total%20Party%20Planner,unverified (host blocked),unverified (host blocked),0,unverified,unverified (host blocked),0,"Meta +3, Google +3, LinkedIn +1, CTA +1 pending audit",,pending (audit),search-verified (URL-cited)
119,BakeBoost,bakeboost.com,https://www.facebook.com/ads/library/?active_status=active&ad_type=all&country=US&q=BakeBoost&search_type=keyword_unordered&media_type=all,unverified (host blocked),unverified (host blocked),unverified (host blocked),unverified (host blocked),unverified (host blocked),https://adstransparency.google.com/?region=US&domain=bakeboost.com,unverified,unverified (host blocked),unverified (host blocked),unverified (host blocked),https://www.linkedin.com/ad-library/search?keyword=BakeBoost,unverified (host blocked),unverified (host blocked),0,unverified,unverified,0,"Meta +3, Google +3, LinkedIn +1, CTA +1 pending audit",headcount/funding not verified in results,pending (audit),search-verified (URL-cited)
119,BakeIQ,bakeiq.ai,https://www.facebook.com/ads/library/?active_status=active&ad_type=all&country=US&q=BakeIQ&search_type=keyword_unordered&media_type=all,unverified (host blocked),unverified (host blocked),unverified (host blocked),unverified (host blocked),unverified (host blocked),https://adstransparency.google.com/?region=US&domain=bakeiq.ai,unverified,unverified (host blocked),unverified (host blocked),unverified (host blocked),https://www.linkedin.com/ad-library/search?keyword=BakeIQ,unverified (host blocked),unverified (host blocked),0,unverified,unverified,0,"Meta +3, Google +3, LinkedIn +1, CTA +1 pending audit",headcount/funding not verified in results,pending (audit),search-verified (URL-cited)
119,BakeSmart,bakesmart.com,https://www.facebook.com/ads/library/?active_status=active&ad_type=all&country=US&q=BakeSmart&search_type=keyword_unordered&media_type=all,unverified (host blocked),unverified (host blocked),unverified (host blocked),unverified (host blocked),unverified (host blocked),https://adstransparency.google.com/?region=US&domain=bakesmart.com,unverified,unverified (host blocked),unverified (host blocked),unverified (host blocked),https://www.linkedin.com/ad-library/search?keyword=BakeSmart,unverified (host blocked),unverified (host blocked),2,https://tracxn.com/d/companies/bakesmart/__73NwDWm_zO0jzerQlT8u8VwXmZcdJlPzqBIwnQJAVSs,unverified,2,"Meta +3, Google +3, LinkedIn +1, CTA +1 pending audit",headcount <50 or bootstrapped per cited result,pending (audit),search-verified (URL-cited)
119,Bakesy,bakesy.app,https://www.facebook.com/ads/library/?active_status=active&ad_type=all&country=US&q=Bakesy&search_type=keyword_unordered&media_type=all,unverified (host blocked),unverified (host blocked),unverified (host blocked),unverified (host blocked),unverified (host blocked),https://adstransparency.google.com/?region=US&domain=bakesy.app,unverified,unverified (host blocked),unverified (host blocked),unverified (host blocked),https://www.linkedin.com/ad-library/search?keyword=Bakesy,unverified (host blocked),unverified (host blocked),0,unverified,unverified,0,"Meta +3, Google +3, LinkedIn +1, CTA +1 pending audit",headcount/funding not verified in results,pending (audit),search-verified (URL-cited)
119,CakeBoss,cakeboss.com,https://www.facebook.com/ads/library/?active_status=active&ad_type=all&country=US&q=CakeBoss&search_type=keyword_unordered&media_type=all,unverified (host blocked),unverified (host blocked),unverified (host blocked),unverified (host blocked),unverified (host blocked),https://adstransparency.google.com/?region=US&domain=cakeboss.com,unverified,unverified (host blocked),unverified (host blocked),unverified (host blocked),https://www.linkedin.com/ad-library/search?keyword=CakeBoss,unverified (host blocked),unverified (host blocked),0,unverified,unverified,0,"Meta +3, Google +3, LinkedIn +1, CTA +1 pending audit",headcount/funding not verified in results,pending (audit),search-verified (URL-cited)
119,Cybake,cybake.com,https://www.facebook.com/ads/library/?active_status=active&ad_type=all&country=US&q=Cybake&search_type=keyword_unordered&media_type=all,unverified (host blocked),unverified (host blocked),unverified (host blocked),unverified (host blocked),unverified (host blocked),https://adstransparency.google.com/?region=US&domain=cybake.com,unverified,unverified (host blocked),unverified (host blocked),unverified (host blocked),https://www.linkedin.com/ad-library/search?keyword=Cybake,unverified (host blocked),unverified (host blocked),0,unverified,unverified,0,"Meta +3, Google +3, LinkedIn +1, CTA +1 pending audit",headcount/funding not verified in results,pending (audit),search-verified (URL-cited)
119,FlexiBake,flexibake.com,https://www.facebook.com/ads/library/?active_status=active&ad_type=all&country=US&q=FlexiBake&search_type=keyword_unordered&media_type=all,unverified (host blocked),unverified (host blocked),unverified (host blocked),unverified (host blocked),unverified (host blocked),https://adstransparency.google.com/?region=US&domain=flexibake.com,unverified,unverified (host blocked),unverified (host blocked),unverified (host blocked),https://www.linkedin.com/ad-library/search?keyword=FlexiBake,unverified (host blocked),unverified (host blocked),0,unverified,unverified,0,"Meta +3, Google +3, LinkedIn +1, CTA +1 pending audit",headcount/funding not verified in results,pending (audit),search-verified (URL-cited)
119,FoodStorm (custom cakes ordering),foodstorm.com,https://www.facebook.com/ads/library/?active_status=active&ad_type=all&country=US&q=FoodStorm%20%28custom%20cakes%20ordering%29&search_type=keyword_unordered&media_type=all,unverified (host blocked),unverified (host blocked),unverified (host blocked),unverified (host blocked),unverified (host blocked),https://adstransparency.google.com/?region=US&domain=foodstorm.com,unverified,unverified (host blocked),unverified (host blocked),unverified (host blocked),https://www.linkedin.com/ad-library/search?keyword=FoodStorm%20%28custom%20cakes%20ordering%29,unverified (host blocked),unverified (host blocked),0,unverified,unverified,0,"Meta +3, Google +3, LinkedIn +1, CTA +1 pending audit",headcount/funding not verified in results,pending (audit),search-verified (URL-cited)
119,Square for Bakeries,squareup.com,https://www.facebook.com/ads/library/?active_status=active&ad_type=all&country=US&q=Square%20for%20Bakeries&search_type=keyword_unordered&media_type=all,unverified (host blocked),unverified (host blocked),unverified (host blocked),unverified (host blocked),unverified (host blocked),https://adstransparency.google.com/?region=US&domain=squareup.com,unverified,unverified (host blocked),unverified (host blocked),unverified (host blocked),https://www.linkedin.com/ad-library/search?keyword=Square%20for%20Bakeries,unverified (host blocked),unverified (host blocked),0,unverified,unverified,0,"Meta +3, Google +3, LinkedIn +1, CTA +1 pending audit",headcount/funding not verified in results,pending (audit),search-verified (URL-cited)
120,Cantaloupe Seed,cantaloupe.com,https://www.facebook.com/ads/library/?active_status=active&ad_type=all&country=US&q=Cantaloupe%20Seed&search_type=keyword_unordered&media_type=all,unverified (host blocked),unverified (host blocked),unverified (host blocked),unverified (host blocked),unverified (host blocked),https://adstransparency.google.com/?region=US&domain=cantaloupe.com,unverified (host blocked),unverified (host blocked),unverified (host blocked),unverified (host blocked),https://www.linkedin.com/ad-library/search?keyword=Cantaloupe%20Seed,unverified (host blocked),unverified (host blocked),0,unverified,unverified (host blocked),0,"Meta +3, Google +3, LinkedIn +1, CTA +1 pending audit",Lookup URLs prebuilt; run scraper/ locally to fill counts.,pending (audit),search-verified (URL-cited)
120,Gimme,unverified,https://www.facebook.com/ads/library/?active_status=active&ad_type=all&country=US&q=Gimme&search_type=keyword_unordered&media_type=all,unverified (host blocked),unverified (host blocked),unverified (host blocked),unverified (host blocked),unverified (host blocked),https://adstransparency.google.com/?region=US&domain=,unverified (host blocked),unverified (host blocked),unverified (host blocked),unverified (host blocked),https://www.linkedin.com/ad-library/search?keyword=Gimme,unverified (host blocked),unverified (host blocked),2,https://getlatka.com/companies/gimme-1,unverified (host blocked),2,"Meta +3, Google +3, LinkedIn +1, CTA +1 pending audit",Lookup URLs prebuilt; run scraper/ locally to fill counts.,pending (audit),search-verified (URL-cited)
120,Parlevel Systems,parlevelsystems.com,https://www.facebook.com/ads/library/?active_status=active&ad_type=all&country=US&q=Parlevel%20Systems&search_type=keyword_unordered&media_type=all,unverified (host blocked),unverified (host blocked),unverified (host blocked),unverified (host blocked),unverified (host blocked),https://adstransparency.google.com/?region=US&domain=parlevelsystems.com,unverified (host blocked),unverified (host blocked),unverified (host blocked),unverified (host blocked),https://www.linkedin.com/ad-library/search?keyword=Parlevel%20Systems,unverified (host blocked),unverified (host blocked),0,unverified,unverified (host blocked),0,"Meta +3, Google +3, LinkedIn +1, CTA +1 pending audit",Lookup URLs prebuilt; run scraper/ locally to fill counts.,pending (audit),search-verified (URL-cited)
120,VendGO,vendgo.co,https://www.facebook.com/ads/library/?active_status=active&ad_type=all&country=US&q=VendGO&search_type=keyword_unordered&media_type=all,unverified (host blocked),unverified (host blocked),unverified (host blocked),unverified (host blocked),unverified (host blocked),https://adstransparency.google.com/?region=US&domain=vendgo.co,unverified (host blocked),unverified (host blocked),unverified (host blocked),unverified (host blocked),https://www.linkedin.com/ad-library/search?keyword=VendGO,unverified (host blocked),unverified (host blocked),0,unverified,unverified (host blocked),0,"Meta +3, Google +3, LinkedIn +1, CTA +1 pending audit",Lookup URLs prebuilt; run scraper/ locally to fill counts.,pending (audit),search-verified (URL-cited)
120,VendMAX (Crane),unverified,https://www.facebook.com/ads/library/?active_status=active&ad_type=all&country=US&q=VendMAX%20%28Crane%29&search_type=keyword_unordered&media_type=all,unverified (host blocked),unverified (host blocked),unverified (host blocked),unverified (host blocked),unverified (host blocked),https://adstransparency.google.com/?region=US&domain=,unverified (host blocked),unverified (host blocked),unverified (host blocked),unverified (host blocked),https://www.linkedin.com/ad-library/search?keyword=VendMAX%20%28Crane%29,unverified (host blocked),unverified (host blocked),0,unverified,unverified (host blocked),0,"Meta +3, Google +3, LinkedIn +1, CTA +1 pending audit",Lookup URLs prebuilt; run scraper/ locally to fill counts.,pending (audit),search-verified (URL-cited)
120,VendSoft,vendsoft.com,https://www.facebook.com/ads/library/?active_status=active&ad_type=all&country=US&q=VendSoft&search_type=keyword_unordered&media_type=all,unverified (host blocked),unverified (host blocked),unverified (host blocked),unverified (host blocked),unverified (host blocked),https://adstransparency.google.com/?region=US&domain=vendsoft.com,unverified (host blocked),unverified (host blocked),unverified (host blocked),unverified (host blocked),https://www.linkedin.com/ad-library/search?keyword=VendSoft,unverified (host blocked),unverified (host blocked),2,https://getlatka.com/companies/vendsoft,unverified (host blocked),2,"Meta +3, Google +3, LinkedIn +1, CTA +1 pending audit",Lookup URLs prebuilt; run scraper/ locally to fill counts.,pending (audit),search-verified (URL-cited)
120,VendSys,vendsys.com,https://www.facebook.com/ads/library/?active_status=active&ad_type=all&country=US&q=VendSys&search_type=keyword_unordered&media_type=all,unverified (host blocked),unverified (host blocked),unverified (host blocked),unverified (host blocked),unverified (host blocked),https://adstransparency.google.com/?region=US&domain=vendsys.com,unverified (host blocked),unverified (host blocked),unverified (host blocked),unverified (host blocked),https://www.linkedin.com/ad-library/search?keyword=VendSys,unverified (host blocked),unverified (host blocked),0,unverified,unverified (host blocked),0,"Meta +3, Google +3, LinkedIn +1, CTA +1 pending audit",Lookup URLs prebuilt; run scraper/ locally to fill counts.,pending (audit),search-verified (URL-cited)
121,CRaKN (Tribute Management Software),unverified,https://www.facebook.com/ads/library/?active_status=active&ad_type=all&country=US&q=CRaKN%20%28Tribute%20Management%20Software%29&search_type=keyword_unordered&media_type=all,unverified (host blocked),unverified (host blocked),unverified (host blocked),unverified (host blocked),unverified (host blocked),https://adstransparency.google.com/?region=US&domain=,unverified (host blocked),unverified (host blocked),unverified (host blocked),unverified (host blocked),https://www.linkedin.com/ad-library/search?keyword=CRaKN%20%28Tribute%20Management%20Software%29,unverified (host blocked),unverified (host blocked),0,unverified,unverified (host blocked),0,"Meta +3, Google +3, LinkedIn +1, CTA +1 pending audit",Search-verified tool; no <50-headcount or bootstrapped evidence found in results.,pending (audit),search-verified (URL-cited)
121,Gather,gather.app,https://www.facebook.com/ads/library/?active_status=active&ad_type=all&country=US&q=Gather&search_type=keyword_unordered&media_type=all,unverified (host blocked),unverified (host blocked),unverified (host blocked),unverified (host blocked),unverified (host blocked),https://adstransparency.google.com/?region=US&domain=gather.app,unverified (host blocked),unverified (host blocked),unverified (host blocked),unverified (host blocked),https://www.linkedin.com/ad-library/search?keyword=Gather,unverified (host blocked),unverified (host blocked),2,https://boisedev.com/news/2020/11/04/gather-funerals-meridian-idaho/,unverified (host blocked),2,"Meta +3, Google +3, LinkedIn +1, CTA +1 pending audit",Search-verified tool; all platform counts await local scraper run.,pending (audit),search-verified (URL-cited)
121,Halcyon Death Care Management Solutions,unverified,https://www.facebook.com/ads/library/?active_status=active&ad_type=all&country=US&q=Halcyon%20Death%20Care%20Management%20Solutions&search_type=keyword_unordered&media_type=all,unverified (host blocked),unverified (host blocked),unverified (host blocked),unverified (host blocked),unverified (host blocked),https://adstransparency.google.com/?region=US&domain=,unverified (host blocked),unverified (host blocked),unverified (host blocked),unverified (host blocked),https://www.linkedin.com/ad-library/search?keyword=Halcyon%20Death%20Care%20Management%20Solutions,unverified (host blocked),unverified (host blocked),0,unverified,unverified (host blocked),0,"Meta +3, Google +3, LinkedIn +1, CTA +1 pending audit",Search-verified tool; no <50-headcount or bootstrapped evidence found in results.,pending (audit),search-verified (URL-cited)
121,Osiris Software,osirissoftware.com,https://www.facebook.com/ads/library/?active_status=active&ad_type=all&country=US&q=Osiris%20Software&search_type=keyword_unordered&media_type=all,unverified (host blocked),unverified (host blocked),unverified (host blocked),unverified (host blocked),unverified (host blocked),https://adstransparency.google.com/?region=US&domain=osirissoftware.com,unverified (host blocked),unverified (host blocked),unverified (host blocked),unverified (host blocked),https://www.linkedin.com/ad-library/search?keyword=Osiris%20Software,unverified (host blocked),unverified (host blocked),2,https://www.zoominfo.com/c/osiris-software/356518964,unverified (host blocked),2,"Meta +3, Google +3, LinkedIn +1, CTA +1 pending audit",Search-verified tool; all platform counts await local scraper run.,pending (audit),search-verified (URL-cited)
121,Parting Pro (Tribute Technology),partingpro.com,https://www.facebook.com/ads/library/?active_status=active&ad_type=all&country=US&q=Parting%20Pro%20%28Tribute%20Technology%29&search_type=keyword_unordered&media_type=all,unverified (host blocked),unverified (host blocked),unverified (host blocked),unverified (host blocked),unverified (host blocked),https://adstransparency.google.com/?region=US&domain=partingpro.com,unverified (host blocked),unverified (host blocked),unverified (host blocked),unverified (host blocked),https://www.linkedin.com/ad-library/search?keyword=Parting%20Pro%20%28Tribute%20Technology%29,unverified (host blocked),unverified (host blocked),0,unverified,unverified (host blocked),0,"Meta +3, Google +3, LinkedIn +1, CTA +1 pending audit",Search-verified tool; no <50-headcount or bootstrapped evidence found in results.,pending (audit),search-verified (URL-cited)
121,Passare,passare.com,https://www.facebook.com/ads/library/?active_status=active&ad_type=all&country=US&q=Passare&search_type=keyword_unordered&media_type=all,unverified (host blocked),unverified (host blocked),unverified (host blocked),unverified (host blocked),unverified (host blocked),https://adstransparency.google.com/?region=US&domain=passare.com,unverified (host blocked),unverified (host blocked),unverified (host blocked),unverified (host blocked),https://www.linkedin.com/ad-library/search?keyword=Passare,unverified (host blocked),unverified (host blocked),0,unverified,unverified (host blocked),0,"Meta +3, Google +3, LinkedIn +1, CTA +1 pending audit",Search-verified tool; no <50-headcount or bootstrapped evidence found in results.,pending (audit),search-verified (URL-cited)
122,CemSites,cemsites.com,https://www.facebook.com/ads/library/?active_status=active&ad_type=all&country=US&q=CemSites&search_type=keyword_unordered&media_type=all,unverified (host blocked),unverified (host blocked),unverified (host blocked),unverified (host blocked),unverified (host blocked),https://adstransparency.google.com/?region=US&domain=cemsites.com,unverified (host blocked),unverified (host blocked),unverified (host blocked),unverified (host blocked),https://www.linkedin.com/ad-library/search?keyword=CemSites,unverified (host blocked),unverified (host blocked),0,,unverified (host blocked),0,"Meta +3, Google +3, LinkedIn +1, CTA +1 pending audit",headcount bonus only; all ad-library hosts blocked in this session; no <50-employee or bootstrapped evidence found,pending (audit),search-verified (URL-cited)
122,Cemetery Workstation (allfuneral.com),allfuneral.com,https://www.facebook.com/ads/library/?active_status=active&ad_type=all&country=US&q=Cemetery%20Workstation%20%28allfuneral.com%29&search_type=keyword_unordered&media_type=all,unverified (host blocked),unverified (host blocked),unverified (host blocked),unverified (host blocked),unverified (host blocked),https://adstransparency.google.com/?region=US&domain=allfuneral.com,unverified (host blocked),unverified (host blocked),unverified (host blocked),unverified (host blocked),https://www.linkedin.com/ad-library/search?keyword=Cemetery%20Workstation%20%28allfuneral.com%29,unverified (host blocked),unverified (host blocked),0,,unverified (host blocked),0,"Meta +3, Google +3, LinkedIn +1, CTA +1 pending audit",headcount bonus only; all ad-library hosts blocked in this session; no <50-employee or bootstrapped evidence found,pending (audit),search-verified (URL-cited)
122,CemeteryBase,cemeterybase.com,https://www.facebook.com/ads/library/?active_status=active&ad_type=all&country=US&q=CemeteryBase&search_type=keyword_unordered&media_type=all,unverified (host blocked),unverified (host blocked),unverified (host blocked),unverified (host blocked),unverified (host blocked),https://adstransparency.google.com/?region=US&domain=cemeterybase.com,unverified (host blocked),unverified (host blocked),unverified (host blocked),unverified (host blocked),https://www.linkedin.com/ad-library/search?keyword=CemeteryBase,unverified (host blocked),unverified (host blocked),0,,unverified (host blocked),0,"Meta +3, Google +3, LinkedIn +1, CTA +1 pending audit",headcount bonus only; all ad-library hosts blocked in this session; no <50-employee or bootstrapped evidence found,pending (audit),search-verified (URL-cited)
122,Cemify,cemify.com,https://www.facebook.com/ads/library/?active_status=active&ad_type=all&country=US&q=Cemify&search_type=keyword_unordered&media_type=all,unverified (host blocked),unverified (host blocked),unverified (host blocked),unverified (host blocked),unverified (host blocked),https://adstransparency.google.com/?region=US&domain=cemify.com,unverified (host blocked),unverified (host blocked),unverified (host blocked),unverified (host blocked),https://www.linkedin.com/ad-library/search?keyword=Cemify,unverified (host blocked),unverified (host blocked),0,,unverified (host blocked),0,"Meta +3, Google +3, LinkedIn +1, CTA +1 pending audit",headcount bonus only; all ad-library hosts blocked in this session; no <50-employee or bootstrapped evidence found,pending (audit),search-verified (URL-cited)
122,Halcyon,halcyondcms.com,https://www.facebook.com/ads/library/?active_status=active&ad_type=all&country=US&q=Halcyon&search_type=keyword_unordered&media_type=all,unverified (host blocked),unverified (host blocked),unverified (host blocked),unverified (host blocked),unverified (host blocked),https://adstransparency.google.com/?region=US&domain=halcyondcms.com,unverified (host blocked),unverified (host blocked),unverified (host blocked),unverified (host blocked),https://www.linkedin.com/ad-library/search?keyword=Halcyon,unverified (host blocked),unverified (host blocked),0,,unverified (host blocked),0,"Meta +3, Google +3, LinkedIn +1, CTA +1 pending audit",headcount bonus only; all ad-library hosts blocked in this session; no <50-employee or bootstrapped evidence found,pending (audit),search-verified (URL-cited)
122,PlotBox,plotbox.com,https://www.facebook.com/ads/library/?active_status=active&ad_type=all&country=US&q=PlotBox&search_type=keyword_unordered&media_type=all,unverified (host blocked),unverified (host blocked),unverified (host blocked),unverified (host blocked),unverified (host blocked),https://adstransparency.google.com/?region=US&domain=plotbox.com,unverified (host blocked),unverified (host blocked),unverified (host blocked),unverified (host blocked),https://www.linkedin.com/ad-library/search?keyword=PlotBox,unverified (host blocked),unverified (host blocked),0,,unverified (host blocked),0,"Meta +3, Google +3, LinkedIn +1, CTA +1 pending audit",headcount bonus only; all ad-library hosts blocked in this session; no <50-employee or bootstrapped evidence found,pending (audit),search-verified (URL-cited)
122,Pontem Cemetery Data Manager,unverified,https://www.facebook.com/ads/library/?active_status=active&ad_type=all&country=US&q=Pontem%20Cemetery%20Data%20Manager&search_type=keyword_unordered&media_type=all,unverified (host blocked),unverified (host blocked),unverified (host blocked),unverified (host blocked),unverified (host blocked),https://adstransparency.google.com/?region=US&domain=,unverified (host blocked),unverified (host blocked),unverified (host blocked),unverified (host blocked),https://www.linkedin.com/ad-library/search?keyword=Pontem%20Cemetery%20Data%20Manager,unverified (host blocked),unverified (host blocked),0,,unverified (host blocked),0,"Meta +3, Google +3, LinkedIn +1, CTA +1 pending audit",headcount bonus only; all ad-library hosts blocked in this session; no <50-employee or bootstrapped evidence found,pending (audit),search-verified (URL-cited)
122,byondpro (OpusXenta),unverified,https://www.facebook.com/ads/library/?active_status=active&ad_type=all&country=US&q=byondpro%20%28OpusXenta%29&search_type=keyword_unordered&media_type=all,unverified (host blocked),unverified (host blocked),unverified (host blocked),unverified (host blocked),unverified (host blocked),https://adstransparency.google.com/?region=US&domain=,unverified (host blocked),unverified (host blocked),unverified (host blocked),unverified (host blocked),https://www.linkedin.com/ad-library/search?keyword=byondpro%20%28OpusXenta%29,unverified (host blocked),unverified (host blocked),0,,unverified (host blocked),0,"Meta +3, Google +3, LinkedIn +1, CTA +1 pending audit",headcount bonus only; all ad-library hosts blocked in this session; no <50-employee or bootstrapped evidence found,pending (audit),search-verified (URL-cited)
123,Animalo,animalo.com,https://www.facebook.com/ads/library/?active_status=active&ad_type=all&country=US&q=Animalo&search_type=keyword_unordered&media_type=all,unverified (host blocked),unverified (host blocked),unverified (host blocked),unverified (host blocked),unverified (host blocked),https://adstransparency.google.com/?region=US&domain=animalo.com,unverified (host blocked),unverified (host blocked),unverified (host blocked),unverified (host blocked),https://www.linkedin.com/ad-library/search?keyword=Animalo,unverified (host blocked),unverified (host blocked),0,n/a,unverified (host blocked),0,"Meta +3, Google +3, LinkedIn +1, CTA +1 pending audit",headcount_bonus=2 only where a result showed <50 employees or bootstrapped (URL in evidence column).,pending (audit),search-verified (URL-cited)
123,Anolla,anolla.com,https://www.facebook.com/ads/library/?active_status=active&ad_type=all&country=US&q=Anolla&search_type=keyword_unordered&media_type=all,unverified (host blocked),unverified (host blocked),unverified (host blocked),unverified (host blocked),unverified (host blocked),https://adstransparency.google.com/?region=US&domain=anolla.com,unverified (host blocked),unverified (host blocked),unverified (host blocked),unverified (host blocked),https://www.linkedin.com/ad-library/search?keyword=Anolla,unverified (host blocked),unverified (host blocked),0,n/a,unverified (host blocked),0,"Meta +3, Google +3, LinkedIn +1, CTA +1 pending audit",headcount_bonus=2 only where a result showed <50 employees or bootstrapped (URL in evidence column).,pending (audit),search-verified (URL-cited)
123,DaySmart Pet,daysmart.com,https://www.facebook.com/ads/library/?active_status=active&ad_type=all&country=US&q=DaySmart%20Pet&search_type=keyword_unordered&media_type=all,unverified (host blocked),unverified (host blocked),unverified (host blocked),unverified (host blocked),unverified (host blocked),https://adstransparency.google.com/?region=US&domain=daysmart.com,unverified (host blocked),unverified (host blocked),unverified (host blocked),unverified (host blocked),https://www.linkedin.com/ad-library/search?keyword=DaySmart%20Pet,unverified (host blocked),unverified (host blocked),0,n/a,unverified (host blocked),0,"Meta +3, Google +3, LinkedIn +1, CTA +1 pending audit",headcount_bonus=2 only where a result showed <50 employees or bootstrapped (URL in evidence column).,pending (audit),search-verified (URL-cited)
123,GrooMore,groomore.com,https://www.facebook.com/ads/library/?active_status=active&ad_type=all&country=US&q=GrooMore&search_type=keyword_unordered&media_type=all,unverified (host blocked),unverified (host blocked),unverified (host blocked),unverified (host blocked),unverified (host blocked),https://adstransparency.google.com/?region=US&domain=groomore.com,unverified (host blocked),unverified (host blocked),unverified (host blocked),unverified (host blocked),https://www.linkedin.com/ad-library/search?keyword=GrooMore,unverified (host blocked),unverified (host blocked),0,n/a,unverified (host blocked),0,"Meta +3, Google +3, LinkedIn +1, CTA +1 pending audit",headcount_bonus=2 only where a result showed <50 employees or bootstrapped (URL in evidence column).,pending (audit),search-verified (URL-cited)
123,Groomer.io,groomer.io,https://www.facebook.com/ads/library/?active_status=active&ad_type=all&country=US&q=Groomer.io&search_type=keyword_unordered&media_type=all,unverified (host blocked),unverified (host blocked),unverified (host blocked),unverified (host blocked),unverified (host blocked),https://adstransparency.google.com/?region=US&domain=groomer.io,unverified (host blocked),unverified (host blocked),unverified (host blocked),unverified (host blocked),https://www.linkedin.com/ad-library/search?keyword=Groomer.io,unverified (host blocked),unverified (host blocked),2,https://pitchbook.com/profiles/company/494755-03,unverified (host blocked),2,"Meta +3, Google +3, LinkedIn +1, CTA +1 pending audit",headcount_bonus=2 only where a result showed <50 employees or bootstrapped (URL in evidence column).,pending (audit),search-verified (URL-cited)
123,Groomsoft,groomsoft.com,https://www.facebook.com/ads/library/?active_status=active&ad_type=all&country=US&q=Groomsoft&search_type=keyword_unordered&media_type=all,unverified (host blocked),unverified (host blocked),unverified (host blocked),unverified (host blocked),unverified (host blocked),https://adstransparency.google.com/?region=US&domain=groomsoft.com,unverified (host blocked),unverified (host blocked),unverified (host blocked),unverified (host blocked),https://www.linkedin.com/ad-library/search?keyword=Groomsoft,unverified (host blocked),unverified (host blocked),0,n/a,unverified (host blocked),0,"Meta +3, Google +3, LinkedIn +1, CTA +1 pending audit",headcount_bonus=2 only where a result showed <50 employees or bootstrapped (URL in evidence column).,pending (audit),search-verified (URL-cited)
123,Koalendar,koalendar.com,https://www.facebook.com/ads/library/?active_status=active&ad_type=all&country=US&q=Koalendar&search_type=keyword_unordered&media_type=all,unverified (host blocked),unverified (host blocked),unverified (host blocked),unverified (host blocked),unverified (host blocked),https://adstransparency.google.com/?region=US&domain=koalendar.com,unverified (host blocked),unverified (host blocked),unverified (host blocked),unverified (host blocked),https://www.linkedin.com/ad-library/search?keyword=Koalendar,unverified (host blocked),unverified (host blocked),0,n/a,unverified (host blocked),0,"Meta +3, Google +3, LinkedIn +1, CTA +1 pending audit",headcount_bonus=2 only where a result showed <50 employees or bootstrapped (URL in evidence column).,pending (audit),search-verified (URL-cited)
123,MoeGo,moego.pet,https://www.facebook.com/ads/library/?active_status=active&ad_type=all&country=US&q=MoeGo&search_type=keyword_unordered&media_type=all,unverified (host blocked),unverified (host blocked),unverified (host blocked),unverified (host blocked),unverified (host blocked),https://adstransparency.google.com/?region=US&domain=moego.pet,unverified (host blocked),unverified (host blocked),unverified (host blocked),unverified (host blocked),https://www.linkedin.com/ad-library/search?keyword=MoeGo,unverified (host blocked),unverified (host blocked),0,n/a,unverified (host blocked),0,"Meta +3, Google +3, LinkedIn +1, CTA +1 pending audit",headcount_bonus=2 only where a result showed <50 employees or bootstrapped (URL in evidence column).,pending (audit),search-verified (URL-cited)
123,ShakeYourTail,shakeyourtail.com,https://www.facebook.com/ads/library/?active_status=active&ad_type=all&country=US&q=ShakeYourTail&search_type=keyword_unordered&media_type=all,unverified (host blocked),unverified (host blocked),unverified (host blocked),unverified (host blocked),unverified (host blocked),https://adstransparency.google.com/?region=US&domain=shakeyourtail.com,unverified (host blocked),unverified (host blocked),unverified (host blocked),unverified (host blocked),https://www.linkedin.com/ad-library/search?keyword=ShakeYourTail,unverified (host blocked),unverified (host blocked),0,n/a,unverified (host blocked),0,"Meta +3, Google +3, LinkedIn +1, CTA +1 pending audit",headcount_bonus=2 only where a result showed <50 employees or bootstrapped (URL in evidence column).,pending (audit),search-verified (URL-cited)
123,Vagaro,vagaro.com,https://www.facebook.com/ads/library/?active_status=active&ad_type=all&country=US&q=Vagaro&search_type=keyword_unordered&media_type=all,unverified (host blocked),unverified (host blocked),unverified (host blocked),unverified (host blocked),unverified (host blocked),https://adstransparency.google.com/?region=US&domain=vagaro.com,unverified (host blocked),unverified (host blocked),unverified (host blocked),unverified (host blocked),https://www.linkedin.com/ad-library/search?keyword=Vagaro,unverified (host blocked),unverified (host blocked),0,n/a,unverified (host blocked),0,"Meta +3, Google +3, LinkedIn +1, CTA +1 pending audit",headcount_bonus=2 only where a result showed <50 employees or bootstrapped (URL in evidence column).,pending (audit),search-verified (URL-cited)
123,Vonigo,vonigo.com,https://www.facebook.com/ads/library/?active_status=active&ad_type=all&country=US&q=Vonigo&search_type=keyword_unordered&media_type=all,unverified (host blocked),unverified (host blocked),unverified (host blocked),unverified (host blocked),unverified (host blocked),https://adstransparency.google.com/?region=US&domain=vonigo.com,unverified (host blocked),unverified (host blocked),unverified (host blocked),unverified (host blocked),https://www.linkedin.com/ad-library/search?keyword=Vonigo,unverified (host blocked),unverified (host blocked),0,n/a,unverified (host blocked),0,"Meta +3, Google +3, LinkedIn +1, CTA +1 pending audit",headcount_bonus=2 only where a result showed <50 employees or bootstrapped (URL in evidence column).,pending (audit),search-verified (URL-cited)
124,Animalo,animalo.com,https://www.facebook.com/ads/library/?active_status=active&ad_type=all&country=US&q=Animalo&search_type=keyword_unordered&media_type=all,unverified (host blocked),unverified (host blocked),unverified (host blocked),unverified (host blocked),unverified (host blocked),https://adstransparency.google.com/?region=US&domain=animalo.com,unverified (host blocked),unverified (host blocked),unverified (host blocked),unverified (host blocked),https://www.linkedin.com/ad-library/search?keyword=Animalo,unverified (host blocked),unverified (host blocked),2,https://www.exafol.com/products/animalo,unverified (host blocked),2,"Meta +3, Google +3, LinkedIn +1, CTA +1 pending audit",Ad libraries unreachable from this environment (egress policy); counts pending local audit. Headcount bonus: result shows <50 employees or bootstrapped.,pending (audit),search-verified (URL-cited)
124,Book'n (BooknBuddy),booknbuddy.com,https://www.facebook.com/ads/library/?active_status=active&ad_type=all&country=US&q=Book%27n%20%28BooknBuddy%29&search_type=keyword_unordered&media_type=all,unverified (host blocked),unverified (host blocked),unverified (host blocked),unverified (host blocked),unverified (host blocked),https://adstransparency.google.com/?region=US&domain=booknbuddy.com,unverified (host blocked),unverified (host blocked),unverified (host blocked),unverified (host blocked),https://www.linkedin.com/ad-library/search?keyword=Book%27n%20%28BooknBuddy%29,unverified (host blocked),unverified (host blocked),0,n/a,unverified (host blocked),0,"Meta +3, Google +3, LinkedIn +1, CTA +1 pending audit",Ad libraries unreachable from this environment (egress policy); counts pending local audit.,pending (audit),search-verified (URL-cited)
124,DoggieDashboard,doggiedashboard.com,https://www.facebook.com/ads/library/?active_status=active&ad_type=all&country=US&q=DoggieDashboard&search_type=keyword_unordered&media_type=all,unverified (host blocked),unverified (host blocked),unverified (host blocked),unverified (host blocked),unverified (host blocked),https://adstransparency.google.com/?region=US&domain=doggiedashboard.com,unverified (host blocked),unverified (host blocked),unverified (host blocked),unverified (host blocked),https://www.linkedin.com/ad-library/search?keyword=DoggieDashboard,unverified (host blocked),unverified (host blocked),0,n/a,unverified (host blocked),0,"Meta +3, Google +3, LinkedIn +1, CTA +1 pending audit",Ad libraries unreachable from this environment (egress policy); counts pending local audit.,pending (audit),search-verified (URL-cited)
124,Gingr (Togetherwork),gingrapp.com,https://www.facebook.com/ads/library/?active_status=active&ad_type=all&country=US&q=Gingr%20%28Togetherwork%29&search_type=keyword_unordered&media_type=all,unverified (host blocked),unverified (host blocked),unverified (host blocked),unverified (host blocked),unverified (host blocked),https://adstransparency.google.com/?region=US&domain=gingrapp.com,unverified (host blocked),unverified (host blocked),unverified (host blocked),unverified (host blocked),https://www.linkedin.com/ad-library/search?keyword=Gingr%20%28Togetherwork%29,unverified (host blocked),unverified (host blocked),2,https://growjo.com/company/Gingr,unverified (host blocked),2,"Meta +3, Google +3, LinkedIn +1, CTA +1 pending audit",Ad libraries unreachable from this environment (egress policy); counts pending local audit. Headcount bonus: result shows <50 employees or bootstrapped.,pending (audit),search-verified (URL-cited)
124,Kennel Connection,kennelconnection.com,https://www.facebook.com/ads/library/?active_status=active&ad_type=all&country=US&q=Kennel%20Connection&search_type=keyword_unordered&media_type=all,unverified (host blocked),unverified (host blocked),unverified (host blocked),unverified (host blocked),unverified (host blocked),https://adstransparency.google.com/?region=US&domain=kennelconnection.com,unverified (host blocked),unverified (host blocked),unverified (host blocked),unverified (host blocked),https://www.linkedin.com/ad-library/search?keyword=Kennel%20Connection,unverified (host blocked),unverified (host blocked),0,n/a,unverified (host blocked),0,"Meta +3, Google +3, LinkedIn +1, CTA +1 pending audit",Ad libraries unreachable from this environment (egress policy); counts pending local audit.,pending (audit),search-verified (URL-cited)
124,Paw Partner,pawpartner.com,https://www.facebook.com/ads/library/?active_status=active&ad_type=all&country=US&q=Paw%20Partner&search_type=keyword_unordered&media_type=all,unverified (host blocked),unverified (host blocked),unverified (host blocked),unverified (host blocked),unverified (host blocked),https://adstransparency.google.com/?region=US&domain=pawpartner.com,unverified (host blocked),unverified (host blocked),unverified (host blocked),unverified (host blocked),https://www.linkedin.com/ad-library/search?keyword=Paw%20Partner,unverified (host blocked),unverified (host blocked),2,https://pawpartner.com/pricing,unverified (host blocked),2,"Meta +3, Google +3, LinkedIn +1, CTA +1 pending audit",Ad libraries unreachable from this environment (egress policy); counts pending local audit. Headcount bonus: result shows <50 employees or bootstrapped.,pending (audit),search-verified (URL-cited)
124,PetExec (Togetherwork),petexec.net,https://www.facebook.com/ads/library/?active_status=active&ad_type=all&country=US&q=PetExec%20%28Togetherwork%29&search_type=keyword_unordered&media_type=all,unverified (host blocked),unverified (host blocked),unverified (host blocked),unverified (host blocked),unverified (host blocked),https://adstransparency.google.com/?region=US&domain=petexec.net,unverified (host blocked),unverified (host blocked),unverified (host blocked),unverified (host blocked),https://www.linkedin.com/ad-library/search?keyword=PetExec%20%28Togetherwork%29,unverified (host blocked),unverified (host blocked),0,n/a,unverified (host blocked),0,"Meta +3, Google +3, LinkedIn +1, CTA +1 pending audit",Ad libraries unreachable from this environment (egress policy); counts pending local audit.,pending (audit),search-verified (URL-cited)
125,BusyPaws,busypaws.app,https://www.facebook.com/ads/library/?active_status=active&ad_type=all&country=US&q=BusyPaws&search_type=keyword_unordered&media_type=all,unverified (host blocked),unverified (host blocked),unverified (host blocked),unverified (host blocked),unverified (host blocked),https://adstransparency.google.com/?region=US&domain=busypaws.app,unverified (host blocked),unverified (host blocked),unverified (host blocked),unverified (host blocked),https://www.linkedin.com/ad-library/search?keyword=BusyPaws,unverified (host blocked),unverified (host blocked),0,unverified,unverified (host blocked),0,"Meta +3, Google +3, LinkedIn +1, CTA +1 pending audit",,pending (audit),search-verified (URL-cited)
125,DigiWoof Clicks!,digiwoof.com,https://www.facebook.com/ads/library/?active_status=active&ad_type=all&country=US&q=DigiWoof%20Clicks%21&search_type=keyword_unordered&media_type=all,unverified (host blocked),unverified (host blocked),unverified (host blocked),unverified (host blocked),unverified (host blocked),https://adstransparency.google.com/?region=US&domain=digiwoof.com,unverified (host blocked),unverified (host blocked),unverified (host blocked),unverified (host blocked),https://www.linkedin.com/ad-library/search?keyword=DigiWoof%20Clicks%21,unverified (host blocked),unverified (host blocked),0,unverified,unverified (host blocked),0,"Meta +3, Google +3, LinkedIn +1, CTA +1 pending audit",,pending (audit),search-verified (URL-cited)
125,DogBizPro,dogbusinessprogram.com,https://www.facebook.com/ads/library/?active_status=active&ad_type=all&country=US&q=DogBizPro&search_type=keyword_unordered&media_type=all,unverified (host blocked),unverified (host blocked),unverified (host blocked),unverified (host blocked),unverified (host blocked),https://adstransparency.google.com/?region=US&domain=dogbusinessprogram.com,unverified (host blocked),unverified (host blocked),unverified (host blocked),unverified (host blocked),https://www.linkedin.com/ad-library/search?keyword=DogBizPro,unverified (host blocked),unverified (host blocked),0,unverified,unverified (host blocked),0,"Meta +3, Google +3, LinkedIn +1, CTA +1 pending audit",,pending (audit),search-verified (URL-cited)
125,HoneyBook,honeybook.com,https://www.facebook.com/ads/library/?active_status=active&ad_type=all&country=US&q=HoneyBook&search_type=keyword_unordered&media_type=all,unverified (host blocked),unverified (host blocked),unverified (host blocked),unverified (host blocked),unverified (host blocked),https://adstransparency.google.com/?region=US&domain=honeybook.com,unverified (host blocked),unverified (host blocked),unverified (host blocked),unverified (host blocked),https://www.linkedin.com/ad-library/search?keyword=HoneyBook,unverified (host blocked),unverified (host blocked),0,unverified,unverified (host blocked),0,"Meta +3, Google +3, LinkedIn +1, CTA +1 pending audit",,pending (audit),search-verified (URL-cited)
125,PetExec,unverified,https://www.facebook.com/ads/library/?active_status=active&ad_type=all&country=US&q=PetExec&search_type=keyword_unordered&media_type=all,unverified (host blocked),unverified (host blocked),unverified (host blocked),unverified (host blocked),unverified (host blocked),https://adstransparency.google.com/?region=US&domain=,unverified (host blocked),unverified (host blocked),unverified (host blocked),unverified (host blocked),https://www.linkedin.com/ad-library/search?keyword=PetExec,unverified (host blocked),unverified (host blocked),0,unverified,unverified (host blocked),0,"Meta +3, Google +3, LinkedIn +1, CTA +1 pending audit",domain not seen in a result URL; Google lookup needs the domain,pending (audit),search-verified (URL-cited)
125,PocketSuite (Dog Trainer Edition),pocketsuite.io,https://www.facebook.com/ads/library/?active_status=active&ad_type=all&country=US&q=PocketSuite%20%28Dog%20Trainer%20Edition%29&search_type=keyword_unordered&media_type=all,unverified (host blocked),unverified (host blocked),unverified (host blocked),unverified (host blocked),unverified (host blocked),https://adstransparency.google.com/?region=US&domain=pocketsuite.io,unverified (host blocked),unverified (host blocked),unverified (host blocked),unverified (host blocked),https://www.linkedin.com/ad-library/search?keyword=PocketSuite%20%28Dog%20Trainer%20Edition%29,unverified (host blocked),unverified (host blocked),0,unverified,unverified (host blocked),0,"Meta +3, Google +3, LinkedIn +1, CTA +1 pending audit",,pending (audit),search-verified (URL-cited)
125,PupManager,pupmanager.com,https://www.facebook.com/ads/library/?active_status=active&ad_type=all&country=US&q=PupManager&search_type=keyword_unordered&media_type=all,unverified (host blocked),unverified (host blocked),unverified (host blocked),unverified (host blocked),unverified (host blocked),https://adstransparency.google.com/?region=US&domain=pupmanager.com,unverified (host blocked),unverified (host blocked),unverified (host blocked),unverified (host blocked),https://www.linkedin.com/ad-library/search?keyword=PupManager,unverified (host blocked),unverified (host blocked),2,https://pupmanager.com/dog-training-software,unverified (host blocked),2,"Meta +3, Google +3, LinkedIn +1, CTA +1 pending audit",,pending (audit),search-verified (URL-cited)
125,SchedulingKit,schedulingkit.com,https://www.facebook.com/ads/library/?active_status=active&ad_type=all&country=US&q=SchedulingKit&search_type=keyword_unordered&media_type=all,unverified (host blocked),unverified (host blocked),unverified (host blocked),unverified (host blocked),unverified (host blocked),https://adstransparency.google.com/?region=US&domain=schedulingkit.com,unverified (host blocked),unverified (host blocked),unverified (host blocked),unverified (host blocked),https://www.linkedin.com/ad-library/search?keyword=SchedulingKit,unverified (host blocked),unverified (host blocked),0,unverified,unverified (host blocked),0,"Meta +3, Google +3, LinkedIn +1, CTA +1 pending audit",,pending (audit),search-verified (URL-cited)
126,Booksy (barbers),booksy.com,https://www.facebook.com/ads/library/?active_status=active&ad_type=all&country=US&q=Booksy%20%28barbers%29&search_type=keyword_unordered&media_type=all,unverified (host blocked),unverified (host blocked),unverified (host blocked),unverified (host blocked),unverified (host blocked),https://adstransparency.google.com/?region=US&domain=booksy.com,unverified,unverified (host blocked),unverified (host blocked),unverified (host blocked),https://www.linkedin.com/ad-library/search?keyword=Booksy%20%28barbers%29,unverified (host blocked),unverified (host blocked),0,unverified,unverified,0,"Meta +3, Google +3, LinkedIn +1, CTA +1 pending audit",headcount/funding not verified in results,pending (audit),search-verified (URL-cited)
126,Boulevard,joinblvd.com,https://www.facebook.com/ads/library/?active_status=active&ad_type=all&country=US&q=Boulevard&search_type=keyword_unordered&media_type=all,unverified (host blocked),unverified (host blocked),unverified (host blocked),unverified (host blocked),unverified (host blocked),https://adstransparency.google.com/?region=US&domain=joinblvd.com,unverified,unverified (host blocked),unverified (host blocked),unverified (host blocked),https://www.linkedin.com/ad-library/search?keyword=Boulevard,unverified (host blocked),unverified (host blocked),0,unverified,unverified,0,"Meta +3, Google +3, LinkedIn +1, CTA +1 pending audit",headcount/funding not verified in results,pending (audit),search-verified (URL-cited)
126,GlossGenius (barber),glossgenius.com,https://www.facebook.com/ads/library/?active_status=active&ad_type=all&country=US&q=GlossGenius%20%28barber%29&search_type=keyword_unordered&media_type=all,unverified (host blocked),unverified (host blocked),unverified (host blocked),unverified (host blocked),unverified (host blocked),https://adstransparency.google.com/?region=US&domain=glossgenius.com,unverified,unverified (host blocked),unverified (host blocked),unverified (host blocked),https://www.linkedin.com/ad-library/search?keyword=GlossGenius%20%28barber%29,unverified (host blocked),unverified (host blocked),0,unverified,unverified,0,"Meta +3, Google +3, LinkedIn +1, CTA +1 pending audit",headcount/funding not verified in results,pending (audit),search-verified (URL-cited)
126,Mangomint,mangomint.com,https://www.facebook.com/ads/library/?active_status=active&ad_type=all&country=US&q=Mangomint&search_type=keyword_unordered&media_type=all,unverified (host blocked),unverified (host blocked),unverified (host blocked),unverified (host blocked),unverified (host blocked),https://adstransparency.google.com/?region=US&domain=mangomint.com,unverified,unverified (host blocked),unverified (host blocked),unverified (host blocked),https://www.linkedin.com/ad-library/search?keyword=Mangomint,unverified (host blocked),unverified (host blocked),0,unverified,unverified,0,"Meta +3, Google +3, LinkedIn +1, CTA +1 pending audit",headcount/funding not verified in results,pending (audit),search-verified (URL-cited)
126,SHIFT,goingshift.com,https://www.facebook.com/ads/library/?active_status=active&ad_type=all&country=US&q=SHIFT&search_type=keyword_unordered&media_type=all,unverified (host blocked),unverified (host blocked),unverified (host blocked),unverified (host blocked),unverified (host blocked),https://adstransparency.google.com/?region=US&domain=goingshift.com,unverified,unverified (host blocked),unverified (host blocked),unverified (host blocked),https://www.linkedin.com/ad-library/search?keyword=SHIFT,unverified (host blocked),unverified (host blocked),0,unverified,unverified,0,"Meta +3, Google +3, LinkedIn +1, CTA +1 pending audit",headcount/funding not verified in results,pending (audit),search-verified (URL-cited)
126,SQUIRE,getsquire.com,https://www.facebook.com/ads/library/?active_status=active&ad_type=all&country=US&q=SQUIRE&search_type=keyword_unordered&media_type=all,unverified (host blocked),unverified (host blocked),unverified (host blocked),unverified (host blocked),unverified (host blocked),https://adstransparency.google.com/?region=US&domain=getsquire.com,unverified,unverified (host blocked),unverified (host blocked),unverified (host blocked),https://www.linkedin.com/ad-library/search?keyword=SQUIRE,unverified (host blocked),unverified (host blocked),0,unverified,unverified,0,"Meta +3, Google +3, LinkedIn +1, CTA +1 pending audit",headcount/funding not verified in results,pending (audit),search-verified (URL-cited)
126,Vagaro (barber),vagaro.com,https://www.facebook.com/ads/library/?active_status=active&ad_type=all&country=US&q=Vagaro%20%28barber%29&search_type=keyword_unordered&media_type=all,unverified (host blocked),unverified (host blocked),unverified (host blocked),unverified (host blocked),unverified (host blocked),https://adstransparency.google.com/?region=US&domain=vagaro.com,unverified,unverified (host blocked),unverified (host blocked),unverified (host blocked),https://www.linkedin.com/ad-library/search?keyword=Vagaro%20%28barber%29,unverified (host blocked),unverified (host blocked),0,unverified,unverified,0,"Meta +3, Google +3, LinkedIn +1, CTA +1 pending audit",headcount/funding not verified in results,pending (audit),search-verified (URL-cited)
126,theCut,thecut.co,https://www.facebook.com/ads/library/?active_status=active&ad_type=all&country=US&q=theCut&search_type=keyword_unordered&media_type=all,unverified (host blocked),unverified (host blocked),unverified (host blocked),unverified (host blocked),unverified (host blocked),https://adstransparency.google.com/?region=US&domain=thecut.co,unverified,unverified (host blocked),unverified (host blocked),unverified (host blocked),https://www.linkedin.com/ad-library/search?keyword=theCut,unverified (host blocked),unverified (host blocked),2,https://app.dealroom.co/companies/thecut,unverified,2,"Meta +3, Google +3, LinkedIn +1, CTA +1 pending audit",headcount <50 or bootstrapped per cited result,pending (audit),search-verified (URL-cited)
127,Booksy,booksy.com,https://www.facebook.com/ads/library/?active_status=active&ad_type=all&country=US&q=Booksy&search_type=keyword_unordered&media_type=all,unverified (host blocked),unverified (host blocked),unverified (host blocked),unverified (host blocked),unverified (host blocked),https://adstransparency.google.com/?region=US&domain=booksy.com,unverified (host blocked),unverified (host blocked),unverified (host blocked),unverified (host blocked),https://www.linkedin.com/ad-library/search?keyword=Booksy,unverified (host blocked),unverified (host blocked),0,unverified,unverified (host blocked),0,"Meta +3, Google +3, LinkedIn +1, CTA +1 pending audit",Lookup URLs prebuilt; run scraper/ locally to fill counts.,pending (audit),search-verified (URL-cited)
127,Boulevard,joinblvd.com,https://www.facebook.com/ads/library/?active_status=active&ad_type=all&country=US&q=Boulevard&search_type=keyword_unordered&media_type=all,unverified (host blocked),unverified (host blocked),unverified (host blocked),unverified (host blocked),unverified (host blocked),https://adstransparency.google.com/?region=US&domain=joinblvd.com,unverified (host blocked),unverified (host blocked),unverified (host blocked),unverified (host blocked),https://www.linkedin.com/ad-library/search?keyword=Boulevard,unverified (host blocked),unverified (host blocked),0,unverified,unverified (host blocked),0,"Meta +3, Google +3, LinkedIn +1, CTA +1 pending audit",Lookup URLs prebuilt; run scraper/ locally to fill counts.,pending (audit),search-verified (URL-cited)
127,Fresha,unverified,https://www.facebook.com/ads/library/?active_status=active&ad_type=all&country=US&q=Fresha&search_type=keyword_unordered&media_type=all,unverified (host blocked),unverified (host blocked),unverified (host blocked),unverified (host blocked),unverified (host blocked),https://adstransparency.google.com/?region=US&domain=,unverified (host blocked),unverified (host blocked),unverified (host blocked),unverified (host blocked),https://www.linkedin.com/ad-library/search?keyword=Fresha,unverified (host blocked),unverified (host blocked),0,unverified,unverified (host blocked),0,"Meta +3, Google +3, LinkedIn +1, CTA +1 pending audit",Lookup URLs prebuilt; run scraper/ locally to fill counts.,pending (audit),search-verified (URL-cited)
127,GlossGenius,glossgenius.com,https://www.facebook.com/ads/library/?active_status=active&ad_type=all&country=US&q=GlossGenius&search_type=keyword_unordered&media_type=all,unverified (host blocked),unverified (host blocked),unverified (host blocked),unverified (host blocked),unverified (host blocked),https://adstransparency.google.com/?region=US&domain=glossgenius.com,unverified (host blocked),unverified (host blocked),unverified (host blocked),unverified (host blocked),https://www.linkedin.com/ad-library/search?keyword=GlossGenius,unverified (host blocked),unverified (host blocked),0,unverified,unverified (host blocked),0,"Meta +3, Google +3, LinkedIn +1, CTA +1 pending audit",Lookup URLs prebuilt; run scraper/ locally to fill counts.,pending (audit),search-verified (URL-cited)
127,Mangomint,mangomint.com,https://www.facebook.com/ads/library/?active_status=active&ad_type=all&country=US&q=Mangomint&search_type=keyword_unordered&media_type=all,unverified (host blocked),unverified (host blocked),unverified (host blocked),unverified (host blocked),unverified (host blocked),https://adstransparency.google.com/?region=US&domain=mangomint.com,unverified (host blocked),unverified (host blocked),unverified (host blocked),unverified (host blocked),https://www.linkedin.com/ad-library/search?keyword=Mangomint,unverified (host blocked),unverified (host blocked),0,unverified,unverified (host blocked),0,"Meta +3, Google +3, LinkedIn +1, CTA +1 pending audit",Lookup URLs prebuilt; run scraper/ locally to fill counts.,pending (audit),search-verified (URL-cited)
127,Phorest,unverified,https://www.facebook.com/ads/library/?active_status=active&ad_type=all&country=US&q=Phorest&search_type=keyword_unordered&media_type=all,unverified (host blocked),unverified (host blocked),unverified (host blocked),unverified (host blocked),unverified (host blocked),https://adstransparency.google.com/?region=US&domain=,unverified (host blocked),unverified (host blocked),unverified (host blocked),unverified (host blocked),https://www.linkedin.com/ad-library/search?keyword=Phorest,unverified (host blocked),unverified (host blocked),0,unverified,unverified (host blocked),0,"Meta +3, Google +3, LinkedIn +1, CTA +1 pending audit",Lookup URLs prebuilt; run scraper/ locally to fill counts.,pending (audit),search-verified (URL-cited)
127,Square Appointments,squareup.com,https://www.facebook.com/ads/library/?active_status=active&ad_type=all&country=US&q=Square%20Appointments&search_type=keyword_unordered&media_type=all,unverified (host blocked),unverified (host blocked),unverified (host blocked),unverified (host blocked),unverified (host blocked),https://adstransparency.google.com/?region=US&domain=squareup.com,unverified (host blocked),unverified (host blocked),unverified (host blocked),unverified (host blocked),https://www.linkedin.com/ad-library/search?keyword=Square%20Appointments,unverified (host blocked),unverified (host blocked),0,unverified,unverified (host blocked),0,"Meta +3, Google +3, LinkedIn +1, CTA +1 pending audit",Lookup URLs prebuilt; run scraper/ locally to fill counts.,pending (audit),search-verified (URL-cited)
127,Vagaro,vagaro.com,https://www.facebook.com/ads/library/?active_status=active&ad_type=all&country=US&q=Vagaro&search_type=keyword_unordered&media_type=all,unverified (host blocked),unverified (host blocked),unverified (host blocked),unverified (host blocked),unverified (host blocked),https://adstransparency.google.com/?region=US&domain=vagaro.com,unverified (host blocked),unverified (host blocked),unverified (host blocked),unverified (host blocked),https://www.linkedin.com/ad-library/search?keyword=Vagaro,unverified (host blocked),unverified (host blocked),0,unverified,unverified (host blocked),0,"Meta +3, Google +3, LinkedIn +1, CTA +1 pending audit",Lookup URLs prebuilt; run scraper/ locally to fill counts.,pending (audit),search-verified (URL-cited)
128,Boulevard,joinblvd.com,https://www.facebook.com/ads/library/?active_status=active&ad_type=all&country=US&q=Boulevard&search_type=keyword_unordered&media_type=all,unverified (host blocked),unverified (host blocked),unverified (host blocked),unverified (host blocked),unverified (host blocked),https://adstransparency.google.com/?region=US&domain=joinblvd.com,unverified (host blocked),unverified (host blocked),unverified (host blocked),unverified (host blocked),https://www.linkedin.com/ad-library/search?keyword=Boulevard,unverified (host blocked),unverified (host blocked),0,unverified,unverified (host blocked),0,"Meta +3, Google +3, LinkedIn +1, CTA +1 pending audit",Search-verified tool; no <50-headcount or bootstrapped evidence found in results.,pending (audit),search-verified (URL-cited)
128,Fresha,unverified,https://www.facebook.com/ads/library/?active_status=active&ad_type=all&country=US&q=Fresha&search_type=keyword_unordered&media_type=all,unverified (host blocked),unverified (host blocked),unverified (host blocked),unverified (host blocked),unverified (host blocked),https://adstransparency.google.com/?region=US&domain=,unverified (host blocked),unverified (host blocked),unverified (host blocked),unverified (host blocked),https://www.linkedin.com/ad-library/search?keyword=Fresha,unverified (host blocked),unverified (host blocked),0,unverified,unverified (host blocked),0,"Meta +3, Google +3, LinkedIn +1, CTA +1 pending audit",Search-verified tool; no <50-headcount or bootstrapped evidence found in results.,pending (audit),search-verified (URL-cited)
128,GlossGenius,glossgenius.com,https://www.facebook.com/ads/library/?active_status=active&ad_type=all&country=US&q=GlossGenius&search_type=keyword_unordered&media_type=all,unverified (host blocked),unverified (host blocked),unverified (host blocked),unverified (host blocked),unverified (host blocked),https://adstransparency.google.com/?region=US&domain=glossgenius.com,unverified (host blocked),unverified (host blocked),unverified (host blocked),unverified (host blocked),https://www.linkedin.com/ad-library/search?keyword=GlossGenius,unverified (host blocked),unverified (host blocked),0,unverified,unverified (host blocked),0,"Meta +3, Google +3, LinkedIn +1, CTA +1 pending audit",Search-verified tool; no <50-headcount or bootstrapped evidence found in results.,pending (audit),search-verified (URL-cited)
128,Mangomint,mangomint.com,https://www.facebook.com/ads/library/?active_status=active&ad_type=all&country=US&q=Mangomint&search_type=keyword_unordered&media_type=all,unverified (host blocked),unverified (host blocked),unverified (host blocked),unverified (host blocked),unverified (host blocked),https://adstransparency.google.com/?region=US&domain=mangomint.com,unverified (host blocked),unverified (host blocked),unverified (host blocked),unverified (host blocked),https://www.linkedin.com/ad-library/search?keyword=Mangomint,unverified (host blocked),unverified (host blocked),0,unverified,unverified (host blocked),0,"Meta +3, Google +3, LinkedIn +1, CTA +1 pending audit",Search-verified tool; no <50-headcount or bootstrapped evidence found in results.,pending (audit),search-verified (URL-cited)
128,Vagaro,vagaro.com,https://www.facebook.com/ads/library/?active_status=active&ad_type=all&country=US&q=Vagaro&search_type=keyword_unordered&media_type=all,unverified (host blocked),unverified (host blocked),unverified (host blocked),unverified (host blocked),unverified (host blocked),https://adstransparency.google.com/?region=US&domain=vagaro.com,unverified (host blocked),unverified (host blocked),unverified (host blocked),unverified (host blocked),https://www.linkedin.com/ad-library/search?keyword=Vagaro,unverified (host blocked),unverified (host blocked),0,unverified,unverified (host blocked),0,"Meta +3, Google +3, LinkedIn +1, CTA +1 pending audit",Search-verified tool; no <50-headcount or bootstrapped evidence found in results.,pending (audit),search-verified (URL-cited)
128,Zenoti,zenoti.com,https://www.facebook.com/ads/library/?active_status=active&ad_type=all&country=US&q=Zenoti&search_type=keyword_unordered&media_type=all,unverified (host blocked),unverified (host blocked),unverified (host blocked),unverified (host blocked),unverified (host blocked),https://adstransparency.google.com/?region=US&domain=zenoti.com,unverified (host blocked),unverified (host blocked),unverified (host blocked),unverified (host blocked),https://www.linkedin.com/ad-library/search?keyword=Zenoti,unverified (host blocked),unverified (host blocked),0,unverified,unverified (host blocked),0,"Meta +3, Google +3, LinkedIn +1, CTA +1 pending audit",Search-verified tool; no <50-headcount or bootstrapped evidence found in results.,pending (audit),search-verified (URL-cited)
129,Apprentice,useapprentice.com,https://www.facebook.com/ads/library/?active_status=active&ad_type=all&country=US&q=Apprentice&search_type=keyword_unordered&media_type=all,unverified (host blocked),unverified (host blocked),unverified (host blocked),unverified (host blocked),unverified (host blocked),https://adstransparency.google.com/?region=US&domain=useapprentice.com,unverified (host blocked),unverified (host blocked),unverified (host blocked),unverified (host blocked),https://www.linkedin.com/ad-library/search?keyword=Apprentice,unverified (host blocked),unverified (host blocked),0,,unverified (host blocked),0,"Meta +3, Google +3, LinkedIn +1, CTA +1 pending audit",headcount bonus only; all ad-library hosts blocked in this session; no <50-employee or bootstrapped evidence found,pending (audit),search-verified (URL-cited)
129,MyTattoo,mytattoo.software,https://www.facebook.com/ads/library/?active_status=active&ad_type=all&country=US&q=MyTattoo&search_type=keyword_unordered&media_type=all,unverified (host blocked),unverified (host blocked),unverified (host blocked),unverified (host blocked),unverified (host blocked),https://adstransparency.google.com/?region=US&domain=mytattoo.software,unverified (host blocked),unverified (host blocked),unverified (host blocked),unverified (host blocked),https://www.linkedin.com/ad-library/search?keyword=MyTattoo,unverified (host blocked),unverified (host blocked),0,,unverified (host blocked),0,"Meta +3, Google +3, LinkedIn +1, CTA +1 pending audit",headcount bonus only; all ad-library hosts blocked in this session; no <50-employee or bootstrapped evidence found,pending (audit),search-verified (URL-cited)
129,Porter,getporter.io,https://www.facebook.com/ads/library/?active_status=active&ad_type=all&country=US&q=Porter&search_type=keyword_unordered&media_type=all,unverified (host blocked),unverified (host blocked),unverified (host blocked),unverified (host blocked),unverified (host blocked),https://adstransparency.google.com/?region=US&domain=getporter.io,unverified (host blocked),unverified (host blocked),unverified (host blocked),unverified (host blocked),https://www.linkedin.com/ad-library/search?keyword=Porter,unverified (host blocked),unverified (host blocked),2,https://pitchbook.com/profiles/company/529312-15,unverified (host blocked),2,"Meta +3, Google +3, LinkedIn +1, CTA +1 pending audit",headcount bonus only; all ad-library hosts blocked in this session,pending (audit),search-verified (URL-cited)
129,Salonist (tattoo),salonist.io,https://www.facebook.com/ads/library/?active_status=active&ad_type=all&country=US&q=Salonist%20%28tattoo%29&search_type=keyword_unordered&media_type=all,unverified (host blocked),unverified (host blocked),unverified (host blocked),unverified (host blocked),unverified (host blocked),https://adstransparency.google.com/?region=US&domain=salonist.io,unverified (host blocked),unverified (host blocked),unverified (host blocked),unverified (host blocked),https://www.linkedin.com/ad-library/search?keyword=Salonist%20%28tattoo%29,unverified (host blocked),unverified (host blocked),0,,unverified (host blocked),0,"Meta +3, Google +3, LinkedIn +1, CTA +1 pending audit",headcount bonus only; all ad-library hosts blocked in this session; no <50-employee or bootstrapped evidence found,pending (audit),search-verified (URL-cited)
129,Tattoo Studio Pro,tattoostudiopro.com,https://www.facebook.com/ads/library/?active_status=active&ad_type=all&country=US&q=Tattoo%20Studio%20Pro&search_type=keyword_unordered&media_type=all,unverified (host blocked),unverified (host blocked),unverified (host blocked),unverified (host blocked),unverified (host blocked),https://adstransparency.google.com/?region=US&domain=tattoostudiopro.com,unverified (host blocked),unverified (host blocked),unverified (host blocked),unverified (host blocked),https://www.linkedin.com/ad-library/search?keyword=Tattoo%20Studio%20Pro,unverified (host blocked),unverified (host blocked),2,https://getlatka.com/companies/tattoostudiopro.com/team,unverified (host blocked),2,"Meta +3, Google +3, LinkedIn +1, CTA +1 pending audit",headcount bonus only; all ad-library hosts blocked in this session,pending (audit),search-verified (URL-cited)
129,TattooPro (Punchey),tattoopro.io,https://www.facebook.com/ads/library/?active_status=active&ad_type=all&country=US&q=TattooPro%20%28Punchey%29&search_type=keyword_unordered&media_type=all,unverified (host blocked),unverified (host blocked),unverified (host blocked),unverified (host blocked),unverified (host blocked),https://adstransparency.google.com/?region=US&domain=tattoopro.io,unverified (host blocked),unverified (host blocked),unverified (host blocked),unverified (host blocked),https://www.linkedin.com/ad-library/search?keyword=TattooPro%20%28Punchey%29,unverified (host blocked),unverified (host blocked),0,,unverified (host blocked),0,"Meta +3, Google +3, LinkedIn +1, CTA +1 pending audit",headcount bonus only; all ad-library hosts blocked in this session; no <50-employee or bootstrapped evidence found,pending (audit),search-verified (URL-cited)
129,Twizzlo,twizzlo.com,https://www.facebook.com/ads/library/?active_status=active&ad_type=all&country=US&q=Twizzlo&search_type=keyword_unordered&media_type=all,unverified (host blocked),unverified (host blocked),unverified (host blocked),unverified (host blocked),unverified (host blocked),https://adstransparency.google.com/?region=US&domain=twizzlo.com,unverified (host blocked),unverified (host blocked),unverified (host blocked),unverified (host blocked),https://www.linkedin.com/ad-library/search?keyword=Twizzlo,unverified (host blocked),unverified (host blocked),0,,unverified (host blocked),0,"Meta +3, Google +3, LinkedIn +1, CTA +1 pending audit",headcount bonus only; all ad-library hosts blocked in this session; no <50-employee or bootstrapped evidence found,pending (audit),search-verified (URL-cited)
129,Venue Ink,venue.ink,https://www.facebook.com/ads/library/?active_status=active&ad_type=all&country=US&q=Venue%20Ink&search_type=keyword_unordered&media_type=all,unverified (host blocked),unverified (host blocked),unverified (host blocked),unverified (host blocked),unverified (host blocked),https://adstransparency.google.com/?region=US&domain=venue.ink,unverified (host blocked),unverified (host blocked),unverified (host blocked),unverified (host blocked),https://www.linkedin.com/ad-library/search?keyword=Venue%20Ink,unverified (host blocked),unverified (host blocked),0,,unverified (host blocked),0,"Meta +3, Google +3, LinkedIn +1, CTA +1 pending audit",headcount bonus only; all ad-library hosts blocked in this session; no <50-employee or bootstrapped evidence found,pending (audit),search-verified (URL-cited)
130,ClinicSense,clinicsense.com,https://www.facebook.com/ads/library/?active_status=active&ad_type=all&country=US&q=ClinicSense&search_type=keyword_unordered&media_type=all,unverified (host blocked),unverified (host blocked),unverified (host blocked),unverified (host blocked),unverified (host blocked),https://adstransparency.google.com/?region=US&domain=clinicsense.com,unverified (host blocked),unverified (host blocked),unverified (host blocked),unverified (host blocked),https://www.linkedin.com/ad-library/search?keyword=ClinicSense,unverified (host blocked),unverified (host blocked),2,https://www.crunchbase.com/organization/clinicsense,unverified (host blocked),2,"Meta +3, Google +3, LinkedIn +1, CTA +1 pending audit",headcount_bonus=2 only where a result showed <50 employees or bootstrapped (URL in evidence column).,pending (audit),search-verified (URL-cited)
130,Koalendar,koalendar.com,https://www.facebook.com/ads/library/?active_status=active&ad_type=all&country=US&q=Koalendar&search_type=keyword_unordered&media_type=all,unverified (host blocked),unverified (host blocked),unverified (host blocked),unverified (host blocked),unverified (host blocked),https://adstransparency.google.com/?region=US&domain=koalendar.com,unverified (host blocked),unverified (host blocked),unverified (host blocked),unverified (host blocked),https://www.linkedin.com/ad-library/search?keyword=Koalendar,unverified (host blocked),unverified (host blocked),0,n/a,unverified (host blocked),0,"Meta +3, Google +3, LinkedIn +1, CTA +1 pending audit",headcount_bonus=2 only where a result showed <50 employees or bootstrapped (URL in evidence column).,pending (audit),search-verified (URL-cited)
130,MassageBook,massagebook.com,https://www.facebook.com/ads/library/?active_status=active&ad_type=all&country=US&q=MassageBook&search_type=keyword_unordered&media_type=all,unverified (host blocked),unverified (host blocked),unverified (host blocked),unverified (host blocked),unverified (host blocked),https://adstransparency.google.com/?region=US&domain=massagebook.com,unverified (host blocked),unverified (host blocked),unverified (host blocked),unverified (host blocked),https://www.linkedin.com/ad-library/search?keyword=MassageBook,unverified (host blocked),unverified (host blocked),2,https://tracxn.com/d/companies/massagebook/__j6PUrHPPyVmaKKrYUsmb2TLdgO9yyST81EtywSzW988,unverified (host blocked),2,"Meta +3, Google +3, LinkedIn +1, CTA +1 pending audit",headcount_bonus=2 only where a result showed <50 employees or bootstrapped (URL in evidence column).,pending (audit),search-verified (URL-cited)
130,Noterro,noterro.com,https://www.facebook.com/ads/library/?active_status=active&ad_type=all&country=US&q=Noterro&search_type=keyword_unordered&media_type=all,unverified (host blocked),unverified (host blocked),unverified (host blocked),unverified (host blocked),unverified (host blocked),https://adstransparency.google.com/?region=US&domain=noterro.com,unverified (host blocked),unverified (host blocked),unverified (host blocked),unverified (host blocked),https://www.linkedin.com/ad-library/search?keyword=Noterro,unverified (host blocked),unverified (host blocked),0,n/a,unverified (host blocked),0,"Meta +3, Google +3, LinkedIn +1, CTA +1 pending audit",headcount_bonus=2 only where a result showed <50 employees or bootstrapped (URL in evidence column).,pending (audit),search-verified (URL-cited)
130,Ruana,getruana.com,https://www.facebook.com/ads/library/?active_status=active&ad_type=all&country=US&q=Ruana&search_type=keyword_unordered&media_type=all,unverified (host blocked),unverified (host blocked),unverified (host blocked),unverified (host blocked),unverified (host blocked),https://adstransparency.google.com/?region=US&domain=getruana.com,unverified (host blocked),unverified (host blocked),unverified (host blocked),unverified (host blocked),https://www.linkedin.com/ad-library/search?keyword=Ruana,unverified (host blocked),unverified (host blocked),0,n/a,unverified (host blocked),0,"Meta +3, Google +3, LinkedIn +1, CTA +1 pending audit",headcount_bonus=2 only where a result showed <50 employees or bootstrapped (URL in evidence column).,pending (audit),search-verified (URL-cited)
130,WellnessLiving,wellnessliving.com,https://www.facebook.com/ads/library/?active_status=active&ad_type=all&country=US&q=WellnessLiving&search_type=keyword_unordered&media_type=all,unverified (host blocked),unverified (host blocked),unverified (host blocked),unverified (host blocked),unverified (host blocked),https://adstransparency.google.com/?region=US&domain=wellnessliving.com,unverified (host blocked),unverified (host blocked),unverified (host blocked),unverified (host blocked),https://www.linkedin.com/ad-library/search?keyword=WellnessLiving,unverified (host blocked),unverified (host blocked),0,n/a,unverified (host blocked),0,"Meta +3, Google +3, LinkedIn +1, CTA +1 pending audit",headcount_bonus=2 only where a result showed <50 employees or bootstrapped (URL in evidence column).,pending (audit),search-verified (URL-cited)
130,Yocale,yocale.com,https://www.facebook.com/ads/library/?active_status=active&ad_type=all&country=US&q=Yocale&search_type=keyword_unordered&media_type=all,unverified (host blocked),unverified (host blocked),unverified (host blocked),unverified (host blocked),unverified (host blocked),https://adstransparency.google.com/?region=US&domain=yocale.com,unverified (host blocked),unverified (host blocked),unverified (host blocked),unverified (host blocked),https://www.linkedin.com/ad-library/search?keyword=Yocale,unverified (host blocked),unverified (host blocked),0,n/a,unverified (host blocked),0,"Meta +3, Google +3, LinkedIn +1, CTA +1 pending audit",headcount_bonus=2 only where a result showed <50 employees or bootstrapped (URL in evidence column).,pending (audit),search-verified (URL-cited)
130,Zanda,zandahealth.com,https://www.facebook.com/ads/library/?active_status=active&ad_type=all&country=US&q=Zanda&search_type=keyword_unordered&media_type=all,unverified (host blocked),unverified (host blocked),unverified (host blocked),unverified (host blocked),unverified (host blocked),https://adstransparency.google.com/?region=US&domain=zandahealth.com,unverified (host blocked),unverified (host blocked),unverified (host blocked),unverified (host blocked),https://www.linkedin.com/ad-library/search?keyword=Zanda,unverified (host blocked),unverified (host blocked),0,n/a,unverified (host blocked),0,"Meta +3, Google +3, LinkedIn +1, CTA +1 pending audit",headcount_bonus=2 only where a result showed <50 employees or bootstrapped (URL in evidence column).,pending (audit),search-verified (URL-cited)
131,Covetrus AVImark,unverified,https://www.facebook.com/ads/library/?active_status=active&ad_type=all&country=US&q=Covetrus%20AVImark&search_type=keyword_unordered&media_type=all,unverified (host blocked),unverified (host blocked),unverified (host blocked),unverified (host blocked),unverified (host blocked),https://adstransparency.google.com/?region=US&domain=,unverified (host blocked),unverified (host blocked),unverified (host blocked),unverified (host blocked),https://www.linkedin.com/ad-library/search?keyword=Covetrus%20AVImark,unverified (host blocked),unverified (host blocked),0,n/a,unverified (host blocked),0,"Meta +3, Google +3, LinkedIn +1, CTA +1 pending audit",Ad libraries unreachable from this environment (egress policy); counts pending local audit.,pending (audit),search-verified (URL-cited)
131,DaySmart Vet (formerly Vetter),daysmart.com,https://www.facebook.com/ads/library/?active_status=active&ad_type=all&country=US&q=DaySmart%20Vet%20%28formerly%20Vetter%29&search_type=keyword_unordered&media_type=all,unverified (host blocked),unverified (host blocked),unverified (host blocked),unverified (host blocked),unverified (host blocked),https://adstransparency.google.com/?region=US&domain=daysmart.com,unverified (host blocked),unverified (host blocked),unverified (host blocked),unverified (host blocked),https://www.linkedin.com/ad-library/search?keyword=DaySmart%20Vet%20%28formerly%20Vetter%29,unverified (host blocked),unverified (host blocked),0,n/a,unverified (host blocked),0,"Meta +3, Google +3, LinkedIn +1, CTA +1 pending audit",Ad libraries unreachable from this environment (egress policy); counts pending local audit.,pending (audit),search-verified (URL-cited)
131,Digitail,digitail.com,https://www.facebook.com/ads/library/?active_status=active&ad_type=all&country=US&q=Digitail&search_type=keyword_unordered&media_type=all,unverified (host blocked),unverified (host blocked),unverified (host blocked),unverified (host blocked),unverified (host blocked),https://adstransparency.google.com/?region=US&domain=digitail.com,unverified (host blocked),unverified (host blocked),unverified (host blocked),unverified (host blocked),https://www.linkedin.com/ad-library/search?keyword=Digitail,unverified (host blocked),unverified (host blocked),0,n/a,unverified (host blocked),0,"Meta +3, Google +3, LinkedIn +1, CTA +1 pending audit",Ad libraries unreachable from this environment (egress policy); counts pending local audit.,pending (audit),search-verified (URL-cited)
131,Hippo Manager,unverified,https://www.facebook.com/ads/library/?active_status=active&ad_type=all&country=US&q=Hippo%20Manager&search_type=keyword_unordered&media_type=all,unverified (host blocked),unverified (host blocked),unverified (host blocked),unverified (host blocked),unverified (host blocked),https://adstransparency.google.com/?region=US&domain=,unverified (host blocked),unverified (host blocked),unverified (host blocked),unverified (host blocked),https://www.linkedin.com/ad-library/search?keyword=Hippo%20Manager,unverified (host blocked),unverified (host blocked),2,https://pitchbook.com/profiles/company/104062-06,unverified (host blocked),2,"Meta +3, Google +3, LinkedIn +1, CTA +1 pending audit",Ad libraries unreachable from this environment (egress policy); counts pending local audit. Headcount bonus: result shows <50 employees or bootstrapped.,pending (audit),search-verified (URL-cited)
131,Provet Cloud,provet.com,https://www.facebook.com/ads/library/?active_status=active&ad_type=all&country=US&q=Provet%20Cloud&search_type=keyword_unordered&media_type=all,unverified (host blocked),unverified (host blocked),unverified (host blocked),unverified (host blocked),unverified (host blocked),https://adstransparency.google.com/?region=US&domain=provet.com,unverified (host blocked),unverified (host blocked),unverified (host blocked),unverified (host blocked),https://www.linkedin.com/ad-library/search?keyword=Provet%20Cloud,unverified (host blocked),unverified (host blocked),0,n/a,unverified (host blocked),0,"Meta +3, Google +3, LinkedIn +1, CTA +1 pending audit",Ad libraries unreachable from this environment (egress policy); counts pending local audit.,pending (audit),search-verified (URL-cited)
131,Shepherd Veterinary Software,shepherd.vet,https://www.facebook.com/ads/library/?active_status=active&ad_type=all&country=US&q=Shepherd%20Veterinary%20Software&search_type=keyword_unordered&media_type=all,unverified (host blocked),unverified (host blocked),unverified (host blocked),unverified (host blocked),unverified (host blocked),https://adstransparency.google.com/?region=US&domain=shepherd.vet,unverified (host blocked),unverified (host blocked),unverified (host blocked),unverified (host blocked),https://www.linkedin.com/ad-library/search?keyword=Shepherd%20Veterinary%20Software,unverified (host blocked),unverified (host blocked),0,n/a,unverified (host blocked),0,"Meta +3, Google +3, LinkedIn +1, CTA +1 pending audit",Ad libraries unreachable from this environment (egress policy); counts pending local audit.,pending (audit),search-verified (URL-cited)
131,Vetspire,vetspire.com,https://www.facebook.com/ads/library/?active_status=active&ad_type=all&country=US&q=Vetspire&search_type=keyword_unordered&media_type=all,unverified (host blocked),unverified (host blocked),unverified (host blocked),unverified (host blocked),unverified (host blocked),https://adstransparency.google.com/?region=US&domain=vetspire.com,unverified (host blocked),unverified (host blocked),unverified (host blocked),unverified (host blocked),https://www.linkedin.com/ad-library/search?keyword=Vetspire,unverified (host blocked),unverified (host blocked),0,n/a,unverified (host blocked),0,"Meta +3, Google +3, LinkedIn +1, CTA +1 pending audit",Ad libraries unreachable from this environment (egress policy); counts pending local audit.,pending (audit),search-verified (URL-cited)
131,ezyVet (IDEXX),ezyvet.com,https://www.facebook.com/ads/library/?active_status=active&ad_type=all&country=US&q=ezyVet%20%28IDEXX%29&search_type=keyword_unordered&media_type=all,unverified (host blocked),unverified (host blocked),unverified (host blocked),unverified (host blocked),unverified (host blocked),https://adstransparency.google.com/?region=US&domain=ezyvet.com,unverified (host blocked),unverified (host blocked),unverified (host blocked),unverified (host blocked),https://www.linkedin.com/ad-library/search?keyword=ezyVet%20%28IDEXX%29,unverified (host blocked),unverified (host blocked),0,n/a,unverified (host blocked),0,"Meta +3, Google +3, LinkedIn +1, CTA +1 pending audit",Ad libraries unreachable from this environment (egress policy); counts pending local audit.,pending (audit),search-verified (URL-cited)
132,Curve Dental,curvedental.com,https://www.facebook.com/ads/library/?active_status=active&ad_type=all&country=US&q=Curve%20Dental&search_type=keyword_unordered&media_type=all,unverified (host blocked),unverified (host blocked),unverified (host blocked),unverified (host blocked),unverified (host blocked),https://adstransparency.google.com/?region=US&domain=curvedental.com,unverified (host blocked),unverified (host blocked),unverified (host blocked),unverified (host blocked),https://www.linkedin.com/ad-library/search?keyword=Curve%20Dental,unverified (host blocked),unverified (host blocked),0,unverified,unverified (host blocked),0,"Meta +3, Google +3, LinkedIn +1, CTA +1 pending audit",,pending (audit),search-verified (URL-cited)
132,Dentrix (Henry Schein),unverified,https://www.facebook.com/ads/library/?active_status=active&ad_type=all&country=US&q=Dentrix%20%28Henry%20Schein%29&search_type=keyword_unordered&media_type=all,unverified (host blocked),unverified (host blocked),unverified (host blocked),unverified (host blocked),unverified (host blocked),https://adstransparency.google.com/?region=US&domain=,unverified (host blocked),unverified (host blocked),unverified (host blocked),unverified (host blocked),https://www.linkedin.com/ad-library/search?keyword=Dentrix%20%28Henry%20Schein%29,unverified (host blocked),unverified (host blocked),0,unverified,unverified (host blocked),0,"Meta +3, Google +3, LinkedIn +1, CTA +1 pending audit",domain not seen in a result URL; Google lookup needs the domain,pending (audit),search-verified (URL-cited)
132,Dentrix Ascend,unverified,https://www.facebook.com/ads/library/?active_status=active&ad_type=all&country=US&q=Dentrix%20Ascend&search_type=keyword_unordered&media_type=all,unverified (host blocked),unverified (host blocked),unverified (host blocked),unverified (host blocked),unverified (host blocked),https://adstransparency.google.com/?region=US&domain=,unverified (host blocked),unverified (host blocked),unverified (host blocked),unverified (host blocked),https://www.linkedin.com/ad-library/search?keyword=Dentrix%20Ascend,unverified (host blocked),unverified (host blocked),0,unverified,unverified (host blocked),0,"Meta +3, Google +3, LinkedIn +1, CTA +1 pending audit",domain not seen in a result URL; Google lookup needs the domain,pending (audit),search-verified (URL-cited)
132,Eaglesoft (Patterson),unverified,https://www.facebook.com/ads/library/?active_status=active&ad_type=all&country=US&q=Eaglesoft%20%28Patterson%29&search_type=keyword_unordered&media_type=all,unverified (host blocked),unverified (host blocked),unverified (host blocked),unverified (host blocked),unverified (host blocked),https://adstransparency.google.com/?region=US&domain=,unverified (host blocked),unverified (host blocked),unverified (host blocked),unverified (host blocked),https://www.linkedin.com/ad-library/search?keyword=Eaglesoft%20%28Patterson%29,unverified (host blocked),unverified (host blocked),0,unverified,unverified (host blocked),0,"Meta +3, Google +3, LinkedIn +1, CTA +1 pending audit",domain not seen in a result URL; Google lookup needs the domain,pending (audit),search-verified (URL-cited)
132,Open Dental,opendental.com,https://www.facebook.com/ads/library/?active_status=active&ad_type=all&country=US&q=Open%20Dental&search_type=keyword_unordered&media_type=all,unverified (host blocked),unverified (host blocked),unverified (host blocked),unverified (host blocked),unverified (host blocked),https://adstransparency.google.com/?region=US&domain=opendental.com,unverified (host blocked),unverified (host blocked),unverified (host blocked),unverified (host blocked),https://www.linkedin.com/ad-library/search?keyword=Open%20Dental,unverified (host blocked),unverified (host blocked),0,unverified,unverified (host blocked),0,"Meta +3, Google +3, LinkedIn +1, CTA +1 pending audit",,pending (audit),search-verified (URL-cited)
132,Oryx Dental Software,oryxdental.com,https://www.facebook.com/ads/library/?active_status=active&ad_type=all&country=US&q=Oryx%20Dental%20Software&search_type=keyword_unordered&media_type=all,unverified (host blocked),unverified (host blocked),unverified (host blocked),unverified (host blocked),unverified (host blocked),https://adstransparency.google.com/?region=US&domain=oryxdental.com,unverified (host blocked),unverified (host blocked),unverified (host blocked),unverified (host blocked),https://www.linkedin.com/ad-library/search?keyword=Oryx%20Dental%20Software,unverified (host blocked),unverified (host blocked),0,unverified,unverified (host blocked),0,"Meta +3, Google +3, LinkedIn +1, CTA +1 pending audit",,pending (audit),search-verified (URL-cited)
133,CaseRM,caserm.com,https://www.facebook.com/ads/library/?active_status=active&ad_type=all&country=US&q=CaseRM&search_type=keyword_unordered&media_type=all,unverified (host blocked),unverified (host blocked),unverified (host blocked),unverified (host blocked),unverified (host blocked),https://adstransparency.google.com/?region=US&domain=caserm.com,unverified,unverified (host blocked),unverified (host blocked),unverified (host blocked),https://www.linkedin.com/ad-library/search?keyword=CaseRM,unverified (host blocked),unverified (host blocked),0,unverified,unverified,0,"Meta +3, Google +3, LinkedIn +1, CTA +1 pending audit",headcount/funding not verified in results,pending (audit),search-verified (URL-cited)
133,ChiroFusion,chirofusionsoftware.com,https://www.facebook.com/ads/library/?active_status=active&ad_type=all&country=US&q=ChiroFusion&search_type=keyword_unordered&media_type=all,unverified (host blocked),unverified (host blocked),unverified (host blocked),unverified (host blocked),unverified (host blocked),https://adstransparency.google.com/?region=US&domain=chirofusionsoftware.com,unverified,unverified (host blocked),unverified (host blocked),unverified (host blocked),https://www.linkedin.com/ad-library/search?keyword=ChiroFusion,unverified (host blocked),unverified (host blocked),0,unverified,unverified,0,"Meta +3, Google +3, LinkedIn +1, CTA +1 pending audit",headcount/funding not verified in results,pending (audit),search-verified (URL-cited)
133,ChiroTouch,chirotouch.com,https://www.facebook.com/ads/library/?active_status=active&ad_type=all&country=US&q=ChiroTouch&search_type=keyword_unordered&media_type=all,unverified (host blocked),unverified (host blocked),unverified (host blocked),unverified (host blocked),unverified (host blocked),https://adstransparency.google.com/?region=US&domain=chirotouch.com,unverified,unverified (host blocked),unverified (host blocked),unverified (host blocked),https://www.linkedin.com/ad-library/search?keyword=ChiroTouch,unverified (host blocked),unverified (host blocked),0,unverified,unverified,0,"Meta +3, Google +3, LinkedIn +1, CTA +1 pending audit",headcount/funding not verified in results,pending (audit),search-verified (URL-cited)
133,Genesis Chiropractic Software,genesischiropracticsoftware.com,https://www.facebook.com/ads/library/?active_status=active&ad_type=all&country=US&q=Genesis%20Chiropractic%20Software&search_type=keyword_unordered&media_type=all,unverified (host blocked),unverified (host blocked),unverified (host blocked),unverified (host blocked),unverified (host blocked),https://adstransparency.google.com/?region=US&domain=genesischiropracticsoftware.com,unverified,unverified (host blocked),unverified (host blocked),unverified (host blocked),https://www.linkedin.com/ad-library/search?keyword=Genesis%20Chiropractic%20Software,unverified (host blocked),unverified (host blocked),0,unverified,unverified,0,"Meta +3, Google +3, LinkedIn +1, CTA +1 pending audit",headcount/funding not verified in results,pending (audit),search-verified (URL-cited)
133,Jane App,jane.app,https://www.facebook.com/ads/library/?active_status=active&ad_type=all&country=US&q=Jane%20App&search_type=keyword_unordered&media_type=all,unverified (host blocked),unverified (host blocked),unverified (host blocked),unverified (host blocked),unverified (host blocked),https://adstransparency.google.com/?region=US&domain=jane.app,unverified,unverified (host blocked),unverified (host blocked),unverified (host blocked),https://www.linkedin.com/ad-library/search?keyword=Jane%20App,unverified (host blocked),unverified (host blocked),2,https://www.ehrsource.com/vendors/jane/,unverified,2,"Meta +3, Google +3, LinkedIn +1, CTA +1 pending audit",headcount <50 or bootstrapped per cited result,pending (audit),search-verified (URL-cited)
133,Noterro,noterro.com,https://www.facebook.com/ads/library/?active_status=active&ad_type=all&country=US&q=Noterro&search_type=keyword_unordered&media_type=all,unverified (host blocked),unverified (host blocked),unverified (host blocked),unverified (host blocked),unverified (host blocked),https://adstransparency.google.com/?region=US&domain=noterro.com,unverified,unverified (host blocked),unverified (host blocked),unverified (host blocked),https://www.linkedin.com/ad-library/search?keyword=Noterro,unverified (host blocked),unverified (host blocked),0,unverified,unverified,0,"Meta +3, Google +3, LinkedIn +1, CTA +1 pending audit",headcount/funding not verified in results,pending (audit),search-verified (URL-cited)
133,Zanda,unverified,https://www.facebook.com/ads/library/?active_status=active&ad_type=all&country=US&q=Zanda&search_type=keyword_unordered&media_type=all,unverified (host blocked),unverified (host blocked),unverified (host blocked),unverified (host blocked),unverified (host blocked),https://adstransparency.google.com/?region=US&domain=,unverified,unverified (host blocked),unverified (host blocked),unverified (host blocked),https://www.linkedin.com/ad-library/search?keyword=Zanda,unverified (host blocked),unverified (host blocked),0,unverified,unverified,0,"Meta +3, Google +3, LinkedIn +1, CTA +1 pending audit",headcount/funding not verified in results,pending (audit),search-verified (URL-cited)
133,zHealth EHR,zhealthehr.com,https://www.facebook.com/ads/library/?active_status=active&ad_type=all&country=US&q=zHealth%20EHR&search_type=keyword_unordered&media_type=all,unverified (host blocked),unverified (host blocked),unverified (host blocked),unverified (host blocked),unverified (host blocked),https://adstransparency.google.com/?region=US&domain=zhealthehr.com,unverified,unverified (host blocked),unverified (host blocked),unverified (host blocked),https://www.linkedin.com/ad-library/search?keyword=zHealth%20EHR,unverified (host blocked),unverified (host blocked),0,unverified,unverified,0,"Meta +3, Google +3, LinkedIn +1, CTA +1 pending audit",headcount >=50 or ambiguous; no bonus,pending (audit),search-verified (URL-cited)
134,AdvancedMD (Physical Therapy),advancedmd.com,https://www.facebook.com/ads/library/?active_status=active&ad_type=all&country=US&q=AdvancedMD%20%28Physical%20Therapy%29&search_type=keyword_unordered&media_type=all,unverified (host blocked),unverified (host blocked),unverified (host blocked),unverified (host blocked),unverified (host blocked),https://adstransparency.google.com/?region=US&domain=advancedmd.com,unverified (host blocked),unverified (host blocked),unverified (host blocked),unverified (host blocked),https://www.linkedin.com/ad-library/search?keyword=AdvancedMD%20%28Physical%20Therapy%29,unverified (host blocked),unverified (host blocked),0,unverified,unverified (host blocked),0,"Meta +3, Google +3, LinkedIn +1, CTA +1 pending audit",Lookup URLs prebuilt; run scraper/ locally to fill counts.,pending (audit),search-verified (URL-cited)
134,Net Health,ntst.com,https://www.facebook.com/ads/library/?active_status=active&ad_type=all&country=US&q=Net%20Health&search_type=keyword_unordered&media_type=all,unverified (host blocked),unverified (host blocked),unverified (host blocked),unverified (host blocked),unverified (host blocked),https://adstransparency.google.com/?region=US&domain=ntst.com,unverified (host blocked),unverified (host blocked),unverified (host blocked),unverified (host blocked),https://www.linkedin.com/ad-library/search?keyword=Net%20Health,unverified (host blocked),unverified (host blocked),0,unverified,unverified (host blocked),0,"Meta +3, Google +3, LinkedIn +1, CTA +1 pending audit",Lookup URLs prebuilt; run scraper/ locally to fill counts.,pending (audit),search-verified (URL-cited)
134,Prompt Health (Prompt EMR),prompthealth.com,https://www.facebook.com/ads/library/?active_status=active&ad_type=all&country=US&q=Prompt%20Health%20%28Prompt%20EMR%29&search_type=keyword_unordered&media_type=all,unverified (host blocked),unverified (host blocked),unverified (host blocked),unverified (host blocked),unverified (host blocked),https://adstransparency.google.com/?region=US&domain=prompthealth.com,unverified (host blocked),unverified (host blocked),unverified (host blocked),unverified (host blocked),https://www.linkedin.com/ad-library/search?keyword=Prompt%20Health%20%28Prompt%20EMR%29,unverified (host blocked),unverified (host blocked),0,unverified,unverified (host blocked),0,"Meta +3, Google +3, LinkedIn +1, CTA +1 pending audit",Lookup URLs prebuilt; run scraper/ locally to fill counts.,pending (audit),search-verified (URL-cited)
134,SPRY,sprypt.com,https://www.facebook.com/ads/library/?active_status=active&ad_type=all&country=US&q=SPRY&search_type=keyword_unordered&media_type=all,unverified (host blocked),unverified (host blocked),unverified (host blocked),unverified (host blocked),unverified (host blocked),https://adstransparency.google.com/?region=US&domain=sprypt.com,unverified (host blocked),unverified (host blocked),unverified (host blocked),unverified (host blocked),https://www.linkedin.com/ad-library/search?keyword=SPRY,unverified (host blocked),unverified (host blocked),0,unverified,unverified (host blocked),0,"Meta +3, Google +3, LinkedIn +1, CTA +1 pending audit",Lookup URLs prebuilt; run scraper/ locally to fill counts.,pending (audit),search-verified (URL-cited)
134,TheraPlatform,theraplatform.com,https://www.facebook.com/ads/library/?active_status=active&ad_type=all&country=US&q=TheraPlatform&search_type=keyword_unordered&media_type=all,unverified (host blocked),unverified (host blocked),unverified (host blocked),unverified (host blocked),unverified (host blocked),https://adstransparency.google.com/?region=US&domain=theraplatform.com,unverified (host blocked),unverified (host blocked),unverified (host blocked),unverified (host blocked),https://www.linkedin.com/ad-library/search?keyword=TheraPlatform,unverified (host blocked),unverified (host blocked),2,https://tracxn.com/d/companies/theraplatform/__dytvRIQiS26BDx3agMK9xq-UBBUzMxwTuUr3zIGXYtc,unverified (host blocked),2,"Meta +3, Google +3, LinkedIn +1, CTA +1 pending audit",Lookup URLs prebuilt; run scraper/ locally to fill counts.,pending (audit),search-verified (URL-cited)
134,TurboPT,turbopt.com,https://www.facebook.com/ads/library/?active_status=active&ad_type=all&country=US&q=TurboPT&search_type=keyword_unordered&media_type=all,unverified (host blocked),unverified (host blocked),unverified (host blocked),unverified (host blocked),unverified (host blocked),https://adstransparency.google.com/?region=US&domain=turbopt.com,unverified (host blocked),unverified (host blocked),unverified (host blocked),unverified (host blocked),https://www.linkedin.com/ad-library/search?keyword=TurboPT,unverified (host blocked),unverified (host blocked),2,https://www.zoominfo.com/c/turbo-pt/356131931,unverified (host blocked),2,"Meta +3, Google +3, LinkedIn +1, CTA +1 pending audit",Lookup URLs prebuilt; run scraper/ locally to fill counts.,pending (audit),search-verified (URL-cited)
134,Vagaro (Physical Therapy),vagaro.com,https://www.facebook.com/ads/library/?active_status=active&ad_type=all&country=US&q=Vagaro%20%28Physical%20Therapy%29&search_type=keyword_unordered&media_type=all,unverified (host blocked),unverified (host blocked),unverified (host blocked),unverified (host blocked),unverified (host blocked),https://adstransparency.google.com/?region=US&domain=vagaro.com,unverified (host blocked),unverified (host blocked),unverified (host blocked),unverified (host blocked),https://www.linkedin.com/ad-library/search?keyword=Vagaro%20%28Physical%20Therapy%29,unverified (host blocked),unverified (host blocked),0,unverified,unverified (host blocked),0,"Meta +3, Google +3, LinkedIn +1, CTA +1 pending audit",Lookup URLs prebuilt; run scraper/ locally to fill counts.,pending (audit),search-verified (URL-cited)
134,WebPT,webpt.com,https://www.facebook.com/ads/library/?active_status=active&ad_type=all&country=US&q=WebPT&search_type=keyword_unordered&media_type=all,unverified (host blocked),unverified (host blocked),unverified (host blocked),unverified (host blocked),unverified (host blocked),https://adstransparency.google.com/?region=US&domain=webpt.com,unverified (host blocked),unverified (host blocked),unverified (host blocked),unverified (host blocked),https://www.linkedin.com/ad-library/search?keyword=WebPT,unverified (host blocked),unverified (host blocked),0,unverified,unverified (host blocked),0,"Meta +3, Google +3, LinkedIn +1, CTA +1 pending audit",Lookup URLs prebuilt; run scraper/ locally to fill counts.,pending (audit),search-verified (URL-cited)
135,Compulink Advantage,unverified,https://www.facebook.com/ads/library/?active_status=active&ad_type=all&country=US&q=Compulink%20Advantage&search_type=keyword_unordered&media_type=all,unverified (host blocked),unverified (host blocked),unverified (host blocked),unverified (host blocked),unverified (host blocked),https://adstransparency.google.com/?region=US&domain=,unverified (host blocked),unverified (host blocked),unverified (host blocked),unverified (host blocked),https://www.linkedin.com/ad-library/search?keyword=Compulink%20Advantage,unverified (host blocked),unverified (host blocked),0,unverified,unverified (host blocked),0,"Meta +3, Google +3, LinkedIn +1, CTA +1 pending audit",Search-verified tool; no <50-headcount or bootstrapped evidence found in results.,pending (audit),search-verified (URL-cited)
135,Crystal PM,crystalpm.com,https://www.facebook.com/ads/library/?active_status=active&ad_type=all&country=US&q=Crystal%20PM&search_type=keyword_unordered&media_type=all,unverified (host blocked),unverified (host blocked),unverified (host blocked),unverified (host blocked),unverified (host blocked),https://adstransparency.google.com/?region=US&domain=crystalpm.com,unverified (host blocked),unverified (host blocked),unverified (host blocked),unverified (host blocked),https://www.linkedin.com/ad-library/search?keyword=Crystal%20PM,unverified (host blocked),unverified (host blocked),2,https://rocketreach.co/crystal-practice-management-profile_b6a5d461c87e728f,unverified (host blocked),2,"Meta +3, Google +3, LinkedIn +1, CTA +1 pending audit",Search-verified tool; all platform counts await local scraper run.,pending (audit),search-verified (URL-cited)
135,Eyefinity (VSP Vision),eyefinity.com,https://www.facebook.com/ads/library/?active_status=active&ad_type=all&country=US&q=Eyefinity%20%28VSP%20Vision%29&search_type=keyword_unordered&media_type=all,unverified (host blocked),unverified (host blocked),unverified (host blocked),unverified (host blocked),unverified (host blocked),https://adstransparency.google.com/?region=US&domain=eyefinity.com,unverified (host blocked),unverified (host blocked),unverified (host blocked),unverified (host blocked),https://www.linkedin.com/ad-library/search?keyword=Eyefinity%20%28VSP%20Vision%29,unverified (host blocked),unverified (host blocked),0,unverified,unverified (host blocked),0,"Meta +3, Google +3, LinkedIn +1, CTA +1 pending audit",Search-verified tool; no <50-headcount or bootstrapped evidence found in results.,pending (audit),search-verified (URL-cited)
135,Glasson,glasson.app,https://www.facebook.com/ads/library/?active_status=active&ad_type=all&country=US&q=Glasson&search_type=keyword_unordered&media_type=all,unverified (host blocked),unverified (host blocked),unverified (host blocked),unverified (host blocked),unverified (host blocked),https://adstransparency.google.com/?region=US&domain=glasson.app,unverified (host blocked),unverified (host blocked),unverified (host blocked),unverified (host blocked),https://www.linkedin.com/ad-library/search?keyword=Glasson,unverified (host blocked),unverified (host blocked),0,unverified,unverified (host blocked),0,"Meta +3, Google +3, LinkedIn +1, CTA +1 pending audit",Search-verified tool; no <50-headcount or bootstrapped evidence found in results.,pending (audit),search-verified (URL-cited)
135,MaximEyes (First Insight),maximeyes.com,https://www.facebook.com/ads/library/?active_status=active&ad_type=all&country=US&q=MaximEyes%20%28First%20Insight%29&search_type=keyword_unordered&media_type=all,unverified (host blocked),unverified (host blocked),unverified (host blocked),unverified (host blocked),unverified (host blocked),https://adstransparency.google.com/?region=US&domain=maximeyes.com,unverified (host blocked),unverified (host blocked),unverified (host blocked),unverified (host blocked),https://www.linkedin.com/ad-library/search?keyword=MaximEyes%20%28First%20Insight%29,unverified (host blocked),unverified (host blocked),0,unverified,unverified (host blocked),0,"Meta +3, Google +3, LinkedIn +1, CTA +1 pending audit",Search-verified tool; no <50-headcount or bootstrapped evidence found in results.,pending (audit),search-verified (URL-cited)
135,RevolutionEHR (Rev360),revolutionehr.com,https://www.facebook.com/ads/library/?active_status=active&ad_type=all&country=US&q=RevolutionEHR%20%28Rev360%29&search_type=keyword_unordered&media_type=all,unverified (host blocked),unverified (host blocked),unverified (host blocked),unverified (host blocked),unverified (host blocked),https://adstransparency.google.com/?region=US&domain=revolutionehr.com,unverified (host blocked),unverified (host blocked),unverified (host blocked),unverified (host blocked),https://www.linkedin.com/ad-library/search?keyword=RevolutionEHR%20%28Rev360%29,unverified (host blocked),unverified (host blocked),0,unverified,unverified (host blocked),0,"Meta +3, Google +3, LinkedIn +1, CTA +1 pending audit",Search-verified tool; no <50-headcount or bootstrapped evidence found in results.,pending (audit),search-verified (URL-cited)
135,Uprise (VisionWeb),unverified,https://www.facebook.com/ads/library/?active_status=active&ad_type=all&country=US&q=Uprise%20%28VisionWeb%29&search_type=keyword_unordered&media_type=all,unverified (host blocked),unverified (host blocked),unverified (host blocked),unverified (host blocked),unverified (host blocked),https://adstransparency.google.com/?region=US&domain=,unverified (host blocked),unverified (host blocked),unverified (host blocked),unverified (host blocked),https://www.linkedin.com/ad-library/search?keyword=Uprise%20%28VisionWeb%29,unverified (host blocked),unverified (host blocked),0,unverified,unverified (host blocked),0,"Meta +3, Google +3, LinkedIn +1, CTA +1 pending audit",Search-verified tool; no <50-headcount or bootstrapped evidence found in results.,pending (audit),search-verified (URL-cited)
136,BreezyNotes,unverified,https://www.facebook.com/ads/library/?active_status=active&ad_type=all&country=US&q=BreezyNotes&search_type=keyword_unordered&media_type=all,unverified (host blocked),unverified (host blocked),unverified (host blocked),unverified (host blocked),unverified (host blocked),https://adstransparency.google.com/?region=US&domain=,unverified (host blocked),unverified (host blocked),unverified (host blocked),unverified (host blocked),https://www.linkedin.com/ad-library/search?keyword=BreezyNotes,unverified (host blocked),unverified (host blocked),0,,unverified (host blocked),0,"Meta +3, Google +3, LinkedIn +1, CTA +1 pending audit",headcount bonus only; all ad-library hosts blocked in this session; no <50-employee or bootstrapped evidence found,pending (audit),search-verified (URL-cited)
136,CounSol,unverified,https://www.facebook.com/ads/library/?active_status=active&ad_type=all&country=US&q=CounSol&search_type=keyword_unordered&media_type=all,unverified (host blocked),unverified (host blocked),unverified (host blocked),unverified (host blocked),unverified (host blocked),https://adstransparency.google.com/?region=US&domain=,unverified (host blocked),unverified (host blocked),unverified (host blocked),unverified (host blocked),https://www.linkedin.com/ad-library/search?keyword=CounSol,unverified (host blocked),unverified (host blocked),0,,unverified (host blocked),0,"Meta +3, Google +3, LinkedIn +1, CTA +1 pending audit",headcount bonus only; all ad-library hosts blocked in this session; no <50-employee or bootstrapped evidence found,pending (audit),search-verified (URL-cited)
136,ICANotes,icanotes.com,https://www.facebook.com/ads/library/?active_status=active&ad_type=all&country=US&q=ICANotes&search_type=keyword_unordered&media_type=all,unverified (host blocked),unverified (host blocked),unverified (host blocked),unverified (host blocked),unverified (host blocked),https://adstransparency.google.com/?region=US&domain=icanotes.com,unverified (host blocked),unverified (host blocked),unverified (host blocked),unverified (host blocked),https://www.linkedin.com/ad-library/search?keyword=ICANotes,unverified (host blocked),unverified (host blocked),0,,unverified (host blocked),0,"Meta +3, Google +3, LinkedIn +1, CTA +1 pending audit",headcount bonus only; all ad-library hosts blocked in this session; no <50-employee or bootstrapped evidence found,pending (audit),search-verified (URL-cited)
136,Sessions Health,sessionshealth.com,https://www.facebook.com/ads/library/?active_status=active&ad_type=all&country=US&q=Sessions%20Health&search_type=keyword_unordered&media_type=all,unverified (host blocked),unverified (host blocked),unverified (host blocked),unverified (host blocked),unverified (host blocked),https://adstransparency.google.com/?region=US&domain=sessionshealth.com,unverified (host blocked),unverified (host blocked),unverified (host blocked),unverified (host blocked),https://www.linkedin.com/ad-library/search?keyword=Sessions%20Health,unverified (host blocked),unverified (host blocked),0,,unverified (host blocked),0,"Meta +3, Google +3, LinkedIn +1, CTA +1 pending audit",headcount bonus only; all ad-library hosts blocked in this session; no <50-employee or bootstrapped evidence found,pending (audit),search-verified (URL-cited)
136,SimplePractice,simplepractice.com,https://www.facebook.com/ads/library/?active_status=active&ad_type=all&country=US&q=SimplePractice&search_type=keyword_unordered&media_type=all,unverified (host blocked),unverified (host blocked),unverified (host blocked),unverified (host blocked),unverified (host blocked),https://adstransparency.google.com/?region=US&domain=simplepractice.com,unverified (host blocked),unverified (host blocked),unverified (host blocked),unverified (host blocked),https://www.linkedin.com/ad-library/search?keyword=SimplePractice,unverified (host blocked),unverified (host blocked),0,,unverified (host blocked),0,"Meta +3, Google +3, LinkedIn +1, CTA +1 pending audit",headcount bonus only; all ad-library hosts blocked in this session; no <50-employee or bootstrapped evidence found,pending (audit),search-verified (URL-cited)
136,TheraNest (Ensora Mental Health),unverified,https://www.facebook.com/ads/library/?active_status=active&ad_type=all&country=US&q=TheraNest%20%28Ensora%20Mental%20Health%29&search_type=keyword_unordered&media_type=all,unverified (host blocked),unverified (host blocked),unverified (host blocked),unverified (host blocked),unverified (host blocked),https://adstransparency.google.com/?region=US&domain=,unverified (host blocked),unverified (host blocked),unverified (host blocked),unverified (host blocked),https://www.linkedin.com/ad-library/search?keyword=TheraNest%20%28Ensora%20Mental%20Health%29,unverified (host blocked),unverified (host blocked),0,,unverified (host blocked),0,"Meta +3, Google +3, LinkedIn +1, CTA +1 pending audit",headcount bonus only; all ad-library hosts blocked in this session; no <50-employee or bootstrapped evidence found,pending (audit),search-verified (URL-cited)
136,TheraPlatform,theraplatform.com,https://www.facebook.com/ads/library/?active_status=active&ad_type=all&country=US&q=TheraPlatform&search_type=keyword_unordered&media_type=all,unverified (host blocked),unverified (host blocked),unverified (host blocked),unverified (host blocked),unverified (host blocked),https://adstransparency.google.com/?region=US&domain=theraplatform.com,unverified (host blocked),unverified (host blocked),unverified (host blocked),unverified (host blocked),https://www.linkedin.com/ad-library/search?keyword=TheraPlatform,unverified (host blocked),unverified (host blocked),0,,unverified (host blocked),0,"Meta +3, Google +3, LinkedIn +1, CTA +1 pending audit",headcount bonus only; all ad-library hosts blocked in this session; no <50-employee or bootstrapped evidence found,pending (audit),search-verified (URL-cited)
136,TherapyNotes,therapynotes.com,https://www.facebook.com/ads/library/?active_status=active&ad_type=all&country=US&q=TherapyNotes&search_type=keyword_unordered&media_type=all,unverified (host blocked),unverified (host blocked),unverified (host blocked),unverified (host blocked),unverified (host blocked),https://adstransparency.google.com/?region=US&domain=therapynotes.com,unverified (host blocked),unverified (host blocked),unverified (host blocked),unverified (host blocked),https://www.linkedin.com/ad-library/search?keyword=TherapyNotes,unverified (host blocked),unverified (host blocked),2,https://www.crunchbase.com/organization/therapy-notes,unverified (host blocked),2,"Meta +3, Google +3, LinkedIn +1, CTA +1 pending audit",headcount bonus only; all ad-library hosts blocked in this session,pending (audit),search-verified (URL-cited)
137,AlayaCare,alayacare.com,https://www.facebook.com/ads/library/?active_status=active&ad_type=all&country=US&q=AlayaCare&search_type=keyword_unordered&media_type=all,unverified (host blocked),unverified (host blocked),unverified (host blocked),unverified (host blocked),unverified (host blocked),https://adstransparency.google.com/?region=US&domain=alayacare.com,,unverified (host blocked),unverified (host blocked),unverified (host blocked),https://www.linkedin.com/ad-library/search?keyword=AlayaCare,unverified (host blocked),unverified (host blocked),0,,,0,"Meta +3, Google +3, LinkedIn +1, CTA +1 pending audit",,pending (audit),search-verified (URL-cited)
137,Alora Health,alorahealth.com,https://www.facebook.com/ads/library/?active_status=active&ad_type=all&country=US&q=Alora%20Health&search_type=keyword_unordered&media_type=all,unverified (host blocked),unverified (host blocked),unverified (host blocked),unverified (host blocked),unverified (host blocked),https://adstransparency.google.com/?region=US&domain=alorahealth.com,,unverified (host blocked),unverified (host blocked),unverified (host blocked),https://www.linkedin.com/ad-library/search?keyword=Alora%20Health,unverified (host blocked),unverified (host blocked),0,,,0,"Meta +3, Google +3, LinkedIn +1, CTA +1 pending audit",,pending (audit),search-verified (URL-cited)
137,AxisCare,axiscare.com,https://www.facebook.com/ads/library/?active_status=active&ad_type=all&country=US&q=AxisCare&search_type=keyword_unordered&media_type=all,unverified (host blocked),unverified (host blocked),unverified (host blocked),unverified (host blocked),unverified (host blocked),https://adstransparency.google.com/?region=US&domain=axiscare.com,,unverified (host blocked),unverified (host blocked),unverified (host blocked),https://www.linkedin.com/ad-library/search?keyword=AxisCare,unverified (host blocked),unverified (host blocked),0,,,0,"Meta +3, Google +3, LinkedIn +1, CTA +1 pending audit",,pending (audit),search-verified (URL-cited)
137,BridgeCare OS,bridgecareos.com,https://www.facebook.com/ads/library/?active_status=active&ad_type=all&country=US&q=BridgeCare%20OS&search_type=keyword_unordered&media_type=all,unverified (host blocked),unverified (host blocked),unverified (host blocked),unverified (host blocked),unverified (host blocked),https://adstransparency.google.com/?region=US&domain=bridgecareos.com,,unverified (host blocked),unverified (host blocked),unverified (host blocked),https://www.linkedin.com/ad-library/search?keyword=BridgeCare%20OS,unverified (host blocked),unverified (host blocked),0,,,0,"Meta +3, Google +3, LinkedIn +1, CTA +1 pending audit",,pending (audit),search-verified (URL-cited)
137,CareSmartz360,caresmartz360.com,https://www.facebook.com/ads/library/?active_status=active&ad_type=all&country=US&q=CareSmartz360&search_type=keyword_unordered&media_type=all,unverified (host blocked),unverified (host blocked),unverified (host blocked),unverified (host blocked),unverified (host blocked),https://adstransparency.google.com/?region=US&domain=caresmartz360.com,,unverified (host blocked),unverified (host blocked),unverified (host blocked),https://www.linkedin.com/ad-library/search?keyword=CareSmartz360,unverified (host blocked),unverified (host blocked),0,,,0,"Meta +3, Google +3, LinkedIn +1, CTA +1 pending audit",,pending (audit),search-verified (URL-cited)
137,CareTime,caretime domain not confirmed by a result,https://www.facebook.com/ads/library/?active_status=active&ad_type=all&country=US&q=CareTime&search_type=keyword_unordered&media_type=all,unverified (host blocked),unverified (host blocked),unverified (host blocked),unverified (host blocked),unverified (host blocked),https://adstransparency.google.com/?region=US&domain=caretime domain not confirmed by a result,,unverified (host blocked),unverified (host blocked),unverified (host blocked),https://www.linkedin.com/ad-library/search?keyword=CareTime,unverified (host blocked),unverified (host blocked),0,,,0,"Meta +3, Google +3, LinkedIn +1, CTA +1 pending audit",,pending (audit),search-verified (URL-cited)
137,HHAeXchange,hhaexchange.com,https://www.facebook.com/ads/library/?active_status=active&ad_type=all&country=US&q=HHAeXchange&search_type=keyword_unordered&media_type=all,unverified (host blocked),unverified (host blocked),unverified (host blocked),unverified (host blocked),unverified (host blocked),https://adstransparency.google.com/?region=US&domain=hhaexchange.com,,unverified (host blocked),unverified (host blocked),unverified (host blocked),https://www.linkedin.com/ad-library/search?keyword=HHAeXchange,unverified (host blocked),unverified (host blocked),0,,,0,"Meta +3, Google +3, LinkedIn +1, CTA +1 pending audit",,pending (audit),search-verified (URL-cited)
137,ShiftCare,shiftcare.com,https://www.facebook.com/ads/library/?active_status=active&ad_type=all&country=US&q=ShiftCare&search_type=keyword_unordered&media_type=all,unverified (host blocked),unverified (host blocked),unverified (host blocked),unverified (host blocked),unverified (host blocked),https://adstransparency.google.com/?region=US&domain=shiftcare.com,,unverified (host blocked),unverified (host blocked),unverified (host blocked),https://www.linkedin.com/ad-library/search?keyword=ShiftCare,unverified (host blocked),unverified (host blocked),0,,,0,"Meta +3, Google +3, LinkedIn +1, CTA +1 pending audit",,pending (audit),search-verified (URL-cited)
138,Ankota,ankota.com,https://www.facebook.com/ads/library/?active_status=active&ad_type=all&country=US&q=Ankota&search_type=keyword_unordered&media_type=all,unverified (host blocked),unverified (host blocked),unverified (host blocked),unverified (host blocked),unverified (host blocked),https://adstransparency.google.com/?region=US&domain=ankota.com,unverified (host blocked),unverified (host blocked),unverified (host blocked),unverified (host blocked),https://www.linkedin.com/ad-library/search?keyword=Ankota,unverified (host blocked),unverified (host blocked),0,n/a,unverified (host blocked),0,"Meta +3, Google +3, LinkedIn +1, CTA +1 pending audit",headcount_bonus=2 only where a result showed <50 employees or bootstrapped (URL in evidence column).,pending (audit),search-verified (URL-cited)
138,Carecenta,carecenta.com,https://www.facebook.com/ads/library/?active_status=active&ad_type=all&country=US&q=Carecenta&search_type=keyword_unordered&media_type=all,unverified (host blocked),unverified (host blocked),unverified (host blocked),unverified (host blocked),unverified (host blocked),https://adstransparency.google.com/?region=US&domain=carecenta.com,unverified (host blocked),unverified (host blocked),unverified (host blocked),unverified (host blocked),https://www.linkedin.com/ad-library/search?keyword=Carecenta,unverified (host blocked),unverified (host blocked),0,n/a,unverified (host blocked),0,"Meta +3, Google +3, LinkedIn +1, CTA +1 pending audit",headcount_bonus=2 only where a result showed <50 employees or bootstrapped (URL in evidence column).,pending (audit),search-verified (URL-cited)
138,ElderSuite,eldersuite.com,https://www.facebook.com/ads/library/?active_status=active&ad_type=all&country=US&q=ElderSuite&search_type=keyword_unordered&media_type=all,unverified (host blocked),unverified (host blocked),unverified (host blocked),unverified (host blocked),unverified (host blocked),https://adstransparency.google.com/?region=US&domain=eldersuite.com,unverified (host blocked),unverified (host blocked),unverified (host blocked),unverified (host blocked),https://www.linkedin.com/ad-library/search?keyword=ElderSuite,unverified (host blocked),unverified (host blocked),0,n/a,unverified (host blocked),0,"Meta +3, Google +3, LinkedIn +1, CTA +1 pending audit",headcount_bonus=2 only where a result showed <50 employees or bootstrapped (URL in evidence column).,pending (audit),search-verified (URL-cited)
138,MyAdultDayCare,myadultdaycare.com,https://www.facebook.com/ads/library/?active_status=active&ad_type=all&country=US&q=MyAdultDayCare&search_type=keyword_unordered&media_type=all,unverified (host blocked),unverified (host blocked),unverified (host blocked),unverified (host blocked),unverified (host blocked),https://adstransparency.google.com/?region=US&domain=myadultdaycare.com,unverified (host blocked),unverified (host blocked),unverified (host blocked),unverified (host blocked),https://www.linkedin.com/ad-library/search?keyword=MyAdultDayCare,unverified (host blocked),unverified (host blocked),0,n/a,unverified (host blocked),0,"Meta +3, Google +3, LinkedIn +1, CTA +1 pending audit",headcount_bonus=2 only where a result showed <50 employees or bootstrapped (URL in evidence column).,pending (audit),search-verified (URL-cited)
138,One Care Portal,onecareportal.com,https://www.facebook.com/ads/library/?active_status=active&ad_type=all&country=US&q=One%20Care%20Portal&search_type=keyword_unordered&media_type=all,unverified (host blocked),unverified (host blocked),unverified (host blocked),unverified (host blocked),unverified (host blocked),https://adstransparency.google.com/?region=US&domain=onecareportal.com,unverified (host blocked),unverified (host blocked),unverified (host blocked),unverified (host blocked),https://www.linkedin.com/ad-library/search?keyword=One%20Care%20Portal,unverified (host blocked),unverified (host blocked),0,n/a,unverified (host blocked),0,"Meta +3, Google +3, LinkedIn +1, CTA +1 pending audit",headcount_bonus=2 only where a result showed <50 employees or bootstrapped (URL in evidence column).,pending (audit),search-verified (URL-cited)
138,StoriiCare,storiicare.com,https://www.facebook.com/ads/library/?active_status=active&ad_type=all&country=US&q=StoriiCare&search_type=keyword_unordered&media_type=all,unverified (host blocked),unverified (host blocked),unverified (host blocked),unverified (host blocked),unverified (host blocked),https://adstransparency.google.com/?region=US&domain=storiicare.com,unverified (host blocked),unverified (host blocked),unverified (host blocked),unverified (host blocked),https://www.linkedin.com/ad-library/search?keyword=StoriiCare,unverified (host blocked),unverified (host blocked),2,https://pitchbook.com/profiles/company/180082-63,unverified (host blocked),2,"Meta +3, Google +3, LinkedIn +1, CTA +1 pending audit",headcount_bonus=2 only where a result showed <50 employees or bootstrapped (URL in evidence column).,pending (audit),search-verified (URL-cited)
138,WellSky Adult Day,wellsky.com,https://www.facebook.com/ads/library/?active_status=active&ad_type=all&country=US&q=WellSky%20Adult%20Day&search_type=keyword_unordered&media_type=all,unverified (host blocked),unverified (host blocked),unverified (host blocked),unverified (host blocked),unverified (host blocked),https://adstransparency.google.com/?region=US&domain=wellsky.com,unverified (host blocked),unverified (host blocked),unverified (host blocked),unverified (host blocked),https://www.linkedin.com/ad-library/search?keyword=WellSky%20Adult%20Day,unverified (host blocked),unverified (host blocked),0,n/a,unverified (host blocked),0,"Meta +3, Google +3, LinkedIn +1, CTA +1 pending audit",headcount_bonus=2 only where a result showed <50 employees or bootstrapped (URL in evidence column).,pending (audit),search-verified (URL-cited)
138,myEZcare,myezcare.com,https://www.facebook.com/ads/library/?active_status=active&ad_type=all&country=US&q=myEZcare&search_type=keyword_unordered&media_type=all,unverified (host blocked),unverified (host blocked),unverified (host blocked),unverified (host blocked),unverified (host blocked),https://adstransparency.google.com/?region=US&domain=myezcare.com,unverified (host blocked),unverified (host blocked),unverified (host blocked),unverified (host blocked),https://www.linkedin.com/ad-library/search?keyword=myEZcare,unverified (host blocked),unverified (host blocked),0,n/a,unverified (host blocked),0,"Meta +3, Google +3, LinkedIn +1, CTA +1 pending audit",headcount_bonus=2 only where a result showed <50 employees or bootstrapped (URL in evidence column).,pending (audit),search-verified (URL-cited)
139,AFH Manager,afhapp.com,https://www.facebook.com/ads/library/?active_status=active&ad_type=all&country=US&q=AFH%20Manager&search_type=keyword_unordered&media_type=all,unverified (host blocked),unverified (host blocked),unverified (host blocked),unverified (host blocked),unverified (host blocked),https://adstransparency.google.com/?region=US&domain=afhapp.com,unverified (host blocked),unverified (host blocked),unverified (host blocked),unverified (host blocked),https://www.linkedin.com/ad-library/search?keyword=AFH%20Manager,unverified (host blocked),unverified (host blocked),0,n/a,unverified (host blocked),0,"Meta +3, Google +3, LinkedIn +1, CTA +1 pending audit",Ad libraries unreachable from this environment (egress policy); counts pending local audit.,pending (audit),search-verified (URL-cited)
139,AL CloudCare (Sushoo LLC),al-cloudcare.com,https://www.facebook.com/ads/library/?active_status=active&ad_type=all&country=US&q=AL%20CloudCare%20%28Sushoo%20LLC%29&search_type=keyword_unordered&media_type=all,unverified (host blocked),unverified (host blocked),unverified (host blocked),unverified (host blocked),unverified (host blocked),https://adstransparency.google.com/?region=US&domain=al-cloudcare.com,unverified (host blocked),unverified (host blocked),unverified (host blocked),unverified (host blocked),https://www.linkedin.com/ad-library/search?keyword=AL%20CloudCare%20%28Sushoo%20LLC%29,unverified (host blocked),unverified (host blocked),0,n/a,unverified (host blocked),0,"Meta +3, Google +3, LinkedIn +1, CTA +1 pending audit",Ad libraries unreachable from this environment (egress policy); counts pending local audit.,pending (audit),search-verified (URL-cited)
139,ALIS (Medtelligent),medtelligent.com,https://www.facebook.com/ads/library/?active_status=active&ad_type=all&country=US&q=ALIS%20%28Medtelligent%29&search_type=keyword_unordered&media_type=all,unverified (host blocked),unverified (host blocked),unverified (host blocked),unverified (host blocked),unverified (host blocked),https://adstransparency.google.com/?region=US&domain=medtelligent.com,unverified (host blocked),unverified (host blocked),unverified (host blocked),unverified (host blocked),https://www.linkedin.com/ad-library/search?keyword=ALIS%20%28Medtelligent%29,unverified (host blocked),unverified (host blocked),0,n/a,unverified (host blocked),0,"Meta +3, Google +3, LinkedIn +1, CTA +1 pending audit",Ad libraries unreachable from this environment (egress policy); counts pending local audit.,pending (audit),search-verified (URL-cited)
139,ECP (Extended Care Professional),ecp123.com,https://www.facebook.com/ads/library/?active_status=active&ad_type=all&country=US&q=ECP%20%28Extended%20Care%20Professional%29&search_type=keyword_unordered&media_type=all,unverified (host blocked),unverified (host blocked),unverified (host blocked),unverified (host blocked),unverified (host blocked),https://adstransparency.google.com/?region=US&domain=ecp123.com,unverified (host blocked),unverified (host blocked),unverified (host blocked),unverified (host blocked),https://www.linkedin.com/ad-library/search?keyword=ECP%20%28Extended%20Care%20Professional%29,unverified (host blocked),unverified (host blocked),0,n/a,unverified (host blocked),0,"Meta +3, Google +3, LinkedIn +1, CTA +1 pending audit",Ad libraries unreachable from this environment (egress policy); counts pending local audit.,pending (audit),search-verified (URL-cited)
139,Eldermark,eldermark.com,https://www.facebook.com/ads/library/?active_status=active&ad_type=all&country=US&q=Eldermark&search_type=keyword_unordered&media_type=all,unverified (host blocked),unverified (host blocked),unverified (host blocked),unverified (host blocked),unverified (host blocked),https://adstransparency.google.com/?region=US&domain=eldermark.com,unverified (host blocked),unverified (host blocked),unverified (host blocked),unverified (host blocked),https://www.linkedin.com/ad-library/search?keyword=Eldermark,unverified (host blocked),unverified (host blocked),0,n/a,unverified (host blocked),0,"Meta +3, Google +3, LinkedIn +1, CTA +1 pending audit",Ad libraries unreachable from this environment (egress policy); counts pending local audit.,pending (audit),search-verified (URL-cited)
139,Synkwise,synkwise.com,https://www.facebook.com/ads/library/?active_status=active&ad_type=all&country=US&q=Synkwise&search_type=keyword_unordered&media_type=all,unverified (host blocked),unverified (host blocked),unverified (host blocked),unverified (host blocked),unverified (host blocked),https://adstransparency.google.com/?region=US&domain=synkwise.com,unverified (host blocked),unverified (host blocked),unverified (host blocked),unverified (host blocked),https://www.linkedin.com/ad-library/search?keyword=Synkwise,unverified (host blocked),unverified (host blocked),0,n/a,unverified (host blocked),0,"Meta +3, Google +3, LinkedIn +1, CTA +1 pending audit",Ad libraries unreachable from this environment (egress policy); counts pending local audit.,pending (audit),search-verified (URL-cited)
139,eResidentCare (Software Solutions Associates),eresidentcare.com,https://www.facebook.com/ads/library/?active_status=active&ad_type=all&country=US&q=eResidentCare%20%28Software%20Solutions%20Associates%29&search_type=keyword_unordered&media_type=all,unverified (host blocked),unverified (host blocked),unverified (host blocked),unverified (host blocked),unverified (host blocked),https://adstransparency.google.com/?region=US&domain=eresidentcare.com,unverified (host blocked),unverified (host blocked),unverified (host blocked),unverified (host blocked),https://www.linkedin.com/ad-library/search?keyword=eResidentCare%20%28Software%20Solutions%20Associates%29,unverified (host blocked),unverified (host blocked),0,n/a,unverified (host blocked),0,"Meta +3, Google +3, LinkedIn +1, CTA +1 pending audit",Ad libraries unreachable from this environment (egress policy); counts pending local audit.,pending (audit),search-verified (URL-cited)
140,Bonafide (WellSky),bonafide.com,https://www.facebook.com/ads/library/?active_status=active&ad_type=all&country=US&q=Bonafide%20%28WellSky%29&search_type=keyword_unordered&media_type=all,unverified (host blocked),unverified (host blocked),unverified (host blocked),unverified (host blocked),unverified (host blocked),https://adstransparency.google.com/?region=US&domain=bonafide.com,unverified (host blocked),unverified (host blocked),unverified (host blocked),unverified (host blocked),https://www.linkedin.com/ad-library/search?keyword=Bonafide%20%28WellSky%29,unverified (host blocked),unverified (host blocked),0,unverified,unverified (host blocked),0,"Meta +3, Google +3, LinkedIn +1, CTA +1 pending audit",,pending (audit),search-verified (URL-cited)
140,Brightree,brightree.com,https://www.facebook.com/ads/library/?active_status=active&ad_type=all&country=US&q=Brightree&search_type=keyword_unordered&media_type=all,unverified (host blocked),unverified (host blocked),unverified (host blocked),unverified (host blocked),unverified (host blocked),https://adstransparency.google.com/?region=US&domain=brightree.com,unverified (host blocked),unverified (host blocked),unverified (host blocked),unverified (host blocked),https://www.linkedin.com/ad-library/search?keyword=Brightree,unverified (host blocked),unverified (host blocked),0,unverified,unverified (host blocked),0,"Meta +3, Google +3, LinkedIn +1, CTA +1 pending audit",,pending (audit),search-verified (URL-cited)
140,DME Works,unverified,https://www.facebook.com/ads/library/?active_status=active&ad_type=all&country=US&q=DME%20Works&search_type=keyword_unordered&media_type=all,unverified (host blocked),unverified (host blocked),unverified (host blocked),unverified (host blocked),unverified (host blocked),https://adstransparency.google.com/?region=US&domain=,unverified (host blocked),unverified (host blocked),unverified (host blocked),unverified (host blocked),https://www.linkedin.com/ad-library/search?keyword=DME%20Works,unverified (host blocked),unverified (host blocked),0,unverified,unverified (host blocked),0,"Meta +3, Google +3, LinkedIn +1, CTA +1 pending audit",domain not seen in a result URL; Google lookup needs the domain,pending (audit),search-verified (URL-cited)
140,NikoHealth,nikohealth.com,https://www.facebook.com/ads/library/?active_status=active&ad_type=all&country=US&q=NikoHealth&search_type=keyword_unordered&media_type=all,unverified (host blocked),unverified (host blocked),unverified (host blocked),unverified (host blocked),unverified (host blocked),https://adstransparency.google.com/?region=US&domain=nikohealth.com,unverified (host blocked),unverified (host blocked),unverified (host blocked),unverified (host blocked),https://www.linkedin.com/ad-library/search?keyword=NikoHealth,unverified (host blocked),unverified (host blocked),2,https://www.crunchbase.com/organization/nikohealth,unverified (host blocked),2,"Meta +3, Google +3, LinkedIn +1, CTA +1 pending audit",,pending (audit),search-verified (URL-cited)
140,TIMS (Computers Unlimited),cu.net,https://www.facebook.com/ads/library/?active_status=active&ad_type=all&country=US&q=TIMS%20%28Computers%20Unlimited%29&search_type=keyword_unordered&media_type=all,unverified (host blocked),unverified (host blocked),unverified (host blocked),unverified (host blocked),unverified (host blocked),https://adstransparency.google.com/?region=US&domain=cu.net,unverified (host blocked),unverified (host blocked),unverified (host blocked),unverified (host blocked),https://www.linkedin.com/ad-library/search?keyword=TIMS%20%28Computers%20Unlimited%29,unverified (host blocked),unverified (host blocked),0,unverified,unverified (host blocked),0,"Meta +3, Google +3, LinkedIn +1, CTA +1 pending audit",,pending (audit),search-verified (URL-cited)
141,Brightwheel,mybrightwheel.com,https://www.facebook.com/ads/library/?active_status=active&ad_type=all&country=US&q=Brightwheel&search_type=keyword_unordered&media_type=all,unverified (host blocked),unverified (host blocked),unverified (host blocked),unverified (host blocked),unverified (host blocked),https://adstransparency.google.com/?region=US&domain=mybrightwheel.com,unverified,unverified (host blocked),unverified (host blocked),unverified (host blocked),https://www.linkedin.com/ad-library/search?keyword=Brightwheel,unverified (host blocked),unverified (host blocked),0,unverified,unverified,0,"Meta +3, Google +3, LinkedIn +1, CTA +1 pending audit",headcount >=50 or ambiguous; no bonus,pending (audit),search-verified (URL-cited)
141,CheckInKids,checkinkids.com,https://www.facebook.com/ads/library/?active_status=active&ad_type=all&country=US&q=CheckInKids&search_type=keyword_unordered&media_type=all,unverified (host blocked),unverified (host blocked),unverified (host blocked),unverified (host blocked),unverified (host blocked),https://adstransparency.google.com/?region=US&domain=checkinkids.com,unverified,unverified (host blocked),unverified (host blocked),unverified (host blocked),https://www.linkedin.com/ad-library/search?keyword=CheckInKids,unverified (host blocked),unverified (host blocked),0,unverified,unverified,0,"Meta +3, Google +3, LinkedIn +1, CTA +1 pending audit",headcount/funding not verified in results,pending (audit),search-verified (URL-cited)
141,Kangarootime,kangarootime.com,https://www.facebook.com/ads/library/?active_status=active&ad_type=all&country=US&q=Kangarootime&search_type=keyword_unordered&media_type=all,unverified (host blocked),unverified (host blocked),unverified (host blocked),unverified (host blocked),unverified (host blocked),https://adstransparency.google.com/?region=US&domain=kangarootime.com,unverified,unverified (host blocked),unverified (host blocked),unverified (host blocked),https://www.linkedin.com/ad-library/search?keyword=Kangarootime,unverified (host blocked),unverified (host blocked),2,https://tracxn.com/d/companies/kangarootime/__rq_HDOQNLEUGrdvsOlH55IOJofGVuXsHUyeyfJP7dqY,unverified,2,"Meta +3, Google +3, LinkedIn +1, CTA +1 pending audit",headcount <50 or bootstrapped per cited result,pending (audit),search-verified (URL-cited)
141,KidKare,kidkare.com,https://www.facebook.com/ads/library/?active_status=active&ad_type=all&country=US&q=KidKare&search_type=keyword_unordered&media_type=all,unverified (host blocked),unverified (host blocked),unverified (host blocked),unverified (host blocked),unverified (host blocked),https://adstransparency.google.com/?region=US&domain=kidkare.com,unverified,unverified (host blocked),unverified (host blocked),unverified (host blocked),https://www.linkedin.com/ad-library/search?keyword=KidKare,unverified (host blocked),unverified (host blocked),0,unverified,unverified,0,"Meta +3, Google +3, LinkedIn +1, CTA +1 pending audit",headcount/funding not verified in results,pending (audit),search-verified (URL-cited)
141,KinderSystems (KinderTrack / state attendance systems),kindersystems.com,https://www.facebook.com/ads/library/?active_status=active&ad_type=all&country=US&q=KinderSystems%20%28KinderTrack%20/%20state%20attendance%20systems%29&search_type=keyword_unordered&media_type=all,unverified (host blocked),unverified (host blocked),unverified (host blocked),unverified (host blocked),unverified (host blocked),https://adstransparency.google.com/?region=US&domain=kindersystems.com,unverified,unverified (host blocked),unverified (host blocked),unverified (host blocked),https://www.linkedin.com/ad-library/search?keyword=KinderSystems%20%28KinderTrack%20/%20state%20attendance%20systems%29,unverified (host blocked),unverified (host blocked),0,unverified,unverified,0,"Meta +3, Google +3, LinkedIn +1, CTA +1 pending audit",headcount/funding not verified in results,pending (audit),search-verified (URL-cited)
141,Lillio (formerly HiMama),lillio.com,https://www.facebook.com/ads/library/?active_status=active&ad_type=all&country=US&q=Lillio%20%28formerly%20HiMama%29&search_type=keyword_unordered&media_type=all,unverified (host blocked),unverified (host blocked),unverified (host blocked),unverified (host blocked),unverified (host blocked),https://adstransparency.google.com/?region=US&domain=lillio.com,unverified,unverified (host blocked),unverified (host blocked),unverified (host blocked),https://www.linkedin.com/ad-library/search?keyword=Lillio%20%28formerly%20HiMama%29,unverified (host blocked),unverified (host blocked),0,unverified,unverified,0,"Meta +3, Google +3, LinkedIn +1, CTA +1 pending audit",headcount/funding not verified in results,pending (audit),search-verified (URL-cited)
141,MyKidReports,mykidreports.com,https://www.facebook.com/ads/library/?active_status=active&ad_type=all&country=US&q=MyKidReports&search_type=keyword_unordered&media_type=all,unverified (host blocked),unverified (host blocked),unverified (host blocked),unverified (host blocked),unverified (host blocked),https://adstransparency.google.com/?region=US&domain=mykidreports.com,unverified,unverified (host blocked),unverified (host blocked),unverified (host blocked),https://www.linkedin.com/ad-library/search?keyword=MyKidReports,unverified (host blocked),unverified (host blocked),0,unverified,unverified,0,"Meta +3, Google +3, LinkedIn +1, CTA +1 pending audit",headcount/funding not verified in results,pending (audit),search-verified (URL-cited)
141,Playground,tryplayground.com,https://www.facebook.com/ads/library/?active_status=active&ad_type=all&country=US&q=Playground&search_type=keyword_unordered&media_type=all,unverified (host blocked),unverified (host blocked),unverified (host blocked),unverified (host blocked),unverified (host blocked),https://adstransparency.google.com/?region=US&domain=tryplayground.com,unverified,unverified (host blocked),unverified (host blocked),unverified (host blocked),https://www.linkedin.com/ad-library/search?keyword=Playground,unverified (host blocked),unverified (host blocked),0,unverified,unverified,0,"Meta +3, Google +3, LinkedIn +1, CTA +1 pending audit",headcount >=50 or ambiguous; no bonus,pending (audit),search-verified (URL-cited)
141,Procare Solutions,procaresoftware.com,https://www.facebook.com/ads/library/?active_status=active&ad_type=all&country=US&q=Procare%20Solutions&search_type=keyword_unordered&media_type=all,unverified (host blocked),unverified (host blocked),unverified (host blocked),unverified (host blocked),unverified (host blocked),https://adstransparency.google.com/?region=US&domain=procaresoftware.com,unverified,unverified (host blocked),unverified (host blocked),unverified (host blocked),https://www.linkedin.com/ad-library/search?keyword=Procare%20Solutions,unverified (host blocked),unverified (host blocked),0,unverified,unverified,0,"Meta +3, Google +3, LinkedIn +1, CTA +1 pending audit",headcount/funding not verified in results,pending (audit),search-verified (URL-cited)
141,Sandbox Software,unverified,https://www.facebook.com/ads/library/?active_status=active&ad_type=all&country=US&q=Sandbox%20Software&search_type=keyword_unordered&media_type=all,unverified (host blocked),unverified (host blocked),unverified (host blocked),unverified (host blocked),unverified (host blocked),https://adstransparency.google.com/?region=US&domain=,unverified,unverified (host blocked),unverified (host blocked),unverified (host blocked),https://www.linkedin.com/ad-library/search?keyword=Sandbox%20Software,unverified (host blocked),unverified (host blocked),0,unverified,unverified,0,"Meta +3, Google +3, LinkedIn +1, CTA +1 pending audit",headcount/funding not verified in results,pending (audit),search-verified (URL-cited)
142,Akada,akadasoftware.com,https://www.facebook.com/ads/library/?active_status=active&ad_type=all&country=US&q=Akada&search_type=keyword_unordered&media_type=all,unverified (host blocked),unverified (host blocked),unverified (host blocked),unverified (host blocked),unverified (host blocked),https://adstransparency.google.com/?region=US&domain=akadasoftware.com,unverified (host blocked),unverified (host blocked),unverified (host blocked),unverified (host blocked),https://www.linkedin.com/ad-library/search?keyword=Akada,unverified (host blocked),unverified (host blocked),2,https://tracxn.com/d/companies/akadasoftware/__Yh4BTPACq7xqUAjbqAT_UMPWqbynu88X7pmski1fuRc,unverified (host blocked),2,"Meta +3, Google +3, LinkedIn +1, CTA +1 pending audit",Lookup URLs prebuilt; run scraper/ locally to fill counts.,pending (audit),search-verified (URL-cited)
142,Class Manager,classmanager.com,https://www.facebook.com/ads/library/?active_status=active&ad_type=all&country=US&q=Class%20Manager&search_type=keyword_unordered&media_type=all,unverified (host blocked),unverified (host blocked),unverified (host blocked),unverified (host blocked),unverified (host blocked),https://adstransparency.google.com/?region=US&domain=classmanager.com,unverified (host blocked),unverified (host blocked),unverified (host blocked),unverified (host blocked),https://www.linkedin.com/ad-library/search?keyword=Class%20Manager,unverified (host blocked),unverified (host blocked),0,unverified,unverified (host blocked),0,"Meta +3, Google +3, LinkedIn +1, CTA +1 pending audit",Lookup URLs prebuilt; run scraper/ locally to fill counts.,pending (audit),search-verified (URL-cited)
142,Dance Studio Manager,dancestudiomanager.com,https://www.facebook.com/ads/library/?active_status=active&ad_type=all&country=US&q=Dance%20Studio%20Manager&search_type=keyword_unordered&media_type=all,unverified (host blocked),unverified (host blocked),unverified (host blocked),unverified (host blocked),unverified (host blocked),https://adstransparency.google.com/?region=US&domain=dancestudiomanager.com,unverified (host blocked),unverified (host blocked),unverified (host blocked),unverified (host blocked),https://www.linkedin.com/ad-library/search?keyword=Dance%20Studio%20Manager,unverified (host blocked),unverified (host blocked),0,unverified,unverified (host blocked),0,"Meta +3, Google +3, LinkedIn +1, CTA +1 pending audit",Lookup URLs prebuilt; run scraper/ locally to fill counts.,pending (audit),search-verified (URL-cited)
142,DanceStudio-Pro (Studio Pro),dancestudio-pro.com,https://www.facebook.com/ads/library/?active_status=active&ad_type=all&country=US&q=DanceStudio-Pro%20%28Studio%20Pro%29&search_type=keyword_unordered&media_type=all,unverified (host blocked),unverified (host blocked),unverified (host blocked),unverified (host blocked),unverified (host blocked),https://adstransparency.google.com/?region=US&domain=dancestudio-pro.com,unverified (host blocked),unverified (host blocked),unverified (host blocked),unverified (host blocked),https://www.linkedin.com/ad-library/search?keyword=DanceStudio-Pro%20%28Studio%20Pro%29,unverified (host blocked),unverified (host blocked),0,unverified,unverified (host blocked),0,"Meta +3, Google +3, LinkedIn +1, CTA +1 pending audit",Lookup URLs prebuilt; run scraper/ locally to fill counts.,pending (audit),search-verified (URL-cited)
142,Jackrabbit Dance,jackrabbitdance.com,https://www.facebook.com/ads/library/?active_status=active&ad_type=all&country=US&q=Jackrabbit%20Dance&search_type=keyword_unordered&media_type=all,unverified (host blocked),unverified (host blocked),unverified (host blocked),unverified (host blocked),unverified (host blocked),https://adstransparency.google.com/?region=US&domain=jackrabbitdance.com,unverified (host blocked),unverified (host blocked),unverified (host blocked),unverified (host blocked),https://www.linkedin.com/ad-library/search?keyword=Jackrabbit%20Dance,unverified (host blocked),unverified (host blocked),0,unverified,unverified (host blocked),0,"Meta +3, Google +3, LinkedIn +1, CTA +1 pending audit",Lookup URLs prebuilt; run scraper/ locally to fill counts.,pending (audit),search-verified (URL-cited)
142,Sawyer,unverified,https://www.facebook.com/ads/library/?active_status=active&ad_type=all&country=US&q=Sawyer&search_type=keyword_unordered&media_type=all,unverified (host blocked),unverified (host blocked),unverified (host blocked),unverified (host blocked),unverified (host blocked),https://adstransparency.google.com/?region=US&domain=,unverified (host blocked),unverified (host blocked),unverified (host blocked),unverified (host blocked),https://www.linkedin.com/ad-library/search?keyword=Sawyer,unverified (host blocked),unverified (host blocked),0,unverified,unverified (host blocked),0,"Meta +3, Google +3, LinkedIn +1, CTA +1 pending audit",Lookup URLs prebuilt; run scraper/ locally to fill counts.,pending (audit),search-verified (URL-cited)
142,The Studio Director,thestudiodirector.com,https://www.facebook.com/ads/library/?active_status=active&ad_type=all&country=US&q=The%20Studio%20Director&search_type=keyword_unordered&media_type=all,unverified (host blocked),unverified (host blocked),unverified (host blocked),unverified (host blocked),unverified (host blocked),https://adstransparency.google.com/?region=US&domain=thestudiodirector.com,unverified (host blocked),unverified (host blocked),unverified (host blocked),unverified (host blocked),https://www.linkedin.com/ad-library/search?keyword=The%20Studio%20Director,unverified (host blocked),unverified (host blocked),0,unverified,unverified (host blocked),0,"Meta +3, Google +3, LinkedIn +1, CTA +1 pending audit",Lookup URLs prebuilt; run scraper/ locally to fill counts.,pending (audit),search-verified (URL-cited)
142,iClassPro,iclasspro.com,https://www.facebook.com/ads/library/?active_status=active&ad_type=all&country=US&q=iClassPro&search_type=keyword_unordered&media_type=all,unverified (host blocked),unverified (host blocked),unverified (host blocked),unverified (host blocked),unverified (host blocked),https://adstransparency.google.com/?region=US&domain=iclasspro.com,unverified (host blocked),unverified (host blocked),unverified (host blocked),unverified (host blocked),https://www.linkedin.com/ad-library/search?keyword=iClassPro,unverified (host blocked),unverified (host blocked),0,unverified,unverified (host blocked),0,"Meta +3, Google +3, LinkedIn +1, CTA +1 pending audit",Lookup URLs prebuilt; run scraper/ locally to fill counts.,pending (audit),search-verified (URL-cited)
143,Gymdesk,gymdesk.com,https://www.facebook.com/ads/library/?active_status=active&ad_type=all&country=US&q=Gymdesk&search_type=keyword_unordered&media_type=all,unverified (host blocked),unverified (host blocked),unverified (host blocked),unverified (host blocked),unverified (host blocked),https://adstransparency.google.com/?region=US&domain=gymdesk.com,unverified (host blocked),unverified (host blocked),unverified (host blocked),unverified (host blocked),https://www.linkedin.com/ad-library/search?keyword=Gymdesk,unverified (host blocked),unverified (host blocked),0,unverified,unverified (host blocked),0,"Meta +3, Google +3, LinkedIn +1, CTA +1 pending audit",Search-verified tool; no <50-headcount or bootstrapped evidence found in results.,pending (audit),search-verified (URL-cited)
143,Kicksite,kicksite.com,https://www.facebook.com/ads/library/?active_status=active&ad_type=all&country=US&q=Kicksite&search_type=keyword_unordered&media_type=all,unverified (host blocked),unverified (host blocked),unverified (host blocked),unverified (host blocked),unverified (host blocked),https://adstransparency.google.com/?region=US&domain=kicksite.com,unverified (host blocked),unverified (host blocked),unverified (host blocked),unverified (host blocked),https://www.linkedin.com/ad-library/search?keyword=Kicksite,unverified (host blocked),unverified (host blocked),2,https://tracxn.com/d/companies/kicksite/__U4o3NqAPU8ZYut-X_QmgMTCQVmnFeqOouAaSRXHDM9Q,unverified (host blocked),2,"Meta +3, Google +3, LinkedIn +1, CTA +1 pending audit",Search-verified tool; all platform counts await local scraper run.,pending (audit),search-verified (URL-cited)
143,PushPress,pushpress.com,https://www.facebook.com/ads/library/?active_status=active&ad_type=all&country=US&q=PushPress&search_type=keyword_unordered&media_type=all,unverified (host blocked),unverified (host blocked),unverified (host blocked),unverified (host blocked),unverified (host blocked),https://adstransparency.google.com/?region=US&domain=pushpress.com,unverified (host blocked),unverified (host blocked),unverified (host blocked),unverified (host blocked),https://www.linkedin.com/ad-library/search?keyword=PushPress,unverified (host blocked),unverified (host blocked),0,unverified,unverified (host blocked),0,"Meta +3, Google +3, LinkedIn +1, CTA +1 pending audit",Search-verified tool; no <50-headcount or bootstrapped evidence found in results.,pending (audit),search-verified (URL-cited)
143,Spark Membership,sparkmembership.com,https://www.facebook.com/ads/library/?active_status=active&ad_type=all&country=US&q=Spark%20Membership&search_type=keyword_unordered&media_type=all,unverified (host blocked),unverified (host blocked),unverified (host blocked),unverified (host blocked),unverified (host blocked),https://adstransparency.google.com/?region=US&domain=sparkmembership.com,unverified (host blocked),unverified (host blocked),unverified (host blocked),unverified (host blocked),https://www.linkedin.com/ad-library/search?keyword=Spark%20Membership,unverified (host blocked),unverified (host blocked),0,unverified,unverified (host blocked),0,"Meta +3, Google +3, LinkedIn +1, CTA +1 pending audit",Search-verified tool; no <50-headcount or bootstrapped evidence found in results.,pending (audit),search-verified (URL-cited)
143,Zen Planner (Daxko),zenplanner.com,https://www.facebook.com/ads/library/?active_status=active&ad_type=all&country=US&q=Zen%20Planner%20%28Daxko%29&search_type=keyword_unordered&media_type=all,unverified (host blocked),unverified (host blocked),unverified (host blocked),unverified (host blocked),unverified (host blocked),https://adstransparency.google.com/?region=US&domain=zenplanner.com,unverified (host blocked),unverified (host blocked),unverified (host blocked),unverified (host blocked),https://www.linkedin.com/ad-library/search?keyword=Zen%20Planner%20%28Daxko%29,unverified (host blocked),unverified (host blocked),0,unverified,unverified (host blocked),0,"Meta +3, Google +3, LinkedIn +1, CTA +1 pending audit",Search-verified tool; no <50-headcount or bootstrapped evidence found in results.,pending (audit),search-verified (URL-cited)
144,Activity Messenger,activitymessenger.com,https://www.facebook.com/ads/library/?active_status=active&ad_type=all&country=US&q=Activity%20Messenger&search_type=keyword_unordered&media_type=all,unverified (host blocked),unverified (host blocked),unverified (host blocked),unverified (host blocked),unverified (host blocked),https://adstransparency.google.com/?region=US&domain=activitymessenger.com,unverified (host blocked),unverified (host blocked),unverified (host blocked),unverified (host blocked),https://www.linkedin.com/ad-library/search?keyword=Activity%20Messenger,unverified (host blocked),unverified (host blocked),0,,unverified (host blocked),0,"Meta +3, Google +3, LinkedIn +1, CTA +1 pending audit",headcount bonus only; all ad-library hosts blocked in this session; no <50-employee or bootstrapped evidence found,pending (audit),search-verified (URL-cited)
144,Amilia,amilia.com,https://www.facebook.com/ads/library/?active_status=active&ad_type=all&country=US&q=Amilia&search_type=keyword_unordered&media_type=all,unverified (host blocked),unverified (host blocked),unverified (host blocked),unverified (host blocked),unverified (host blocked),https://adstransparency.google.com/?region=US&domain=amilia.com,unverified (host blocked),unverified (host blocked),unverified (host blocked),unverified (host blocked),https://www.linkedin.com/ad-library/search?keyword=Amilia,unverified (host blocked),unverified (host blocked),0,,unverified (host blocked),0,"Meta +3, Google +3, LinkedIn +1, CTA +1 pending audit",headcount bonus only; all ad-library hosts blocked in this session; no <50-employee or bootstrapped evidence found,pending (audit),search-verified (URL-cited)
144,Jackrabbit Swim (Jackrabbit Technologies),jackrabbittech.com,https://www.facebook.com/ads/library/?active_status=active&ad_type=all&country=US&q=Jackrabbit%20Swim%20%28Jackrabbit%20Technologies%29&search_type=keyword_unordered&media_type=all,unverified (host blocked),unverified (host blocked),unverified (host blocked),unverified (host blocked),unverified (host blocked),https://adstransparency.google.com/?region=US&domain=jackrabbittech.com,unverified (host blocked),unverified (host blocked),unverified (host blocked),unverified (host blocked),https://www.linkedin.com/ad-library/search?keyword=Jackrabbit%20Swim%20%28Jackrabbit%20Technologies%29,unverified (host blocked),unverified (host blocked),0,,unverified (host blocked),0,"Meta +3, Google +3, LinkedIn +1, CTA +1 pending audit",headcount bonus only; all ad-library hosts blocked in this session; no <50-employee or bootstrapped evidence found,pending (audit),search-verified (URL-cited)
144,Jumbula,jumbula.com,https://www.facebook.com/ads/library/?active_status=active&ad_type=all&country=US&q=Jumbula&search_type=keyword_unordered&media_type=all,unverified (host blocked),unverified (host blocked),unverified (host blocked),unverified (host blocked),unverified (host blocked),https://adstransparency.google.com/?region=US&domain=jumbula.com,unverified (host blocked),unverified (host blocked),unverified (host blocked),unverified (host blocked),https://www.linkedin.com/ad-library/search?keyword=Jumbula,unverified (host blocked),unverified (host blocked),0,,unverified (host blocked),0,"Meta +3, Google +3, LinkedIn +1, CTA +1 pending audit",headcount bonus only; all ad-library hosts blocked in this session; no <50-employee or bootstrapped evidence found,pending (audit),search-verified (URL-cited)
144,Sportimea,sportimea.com,https://www.facebook.com/ads/library/?active_status=active&ad_type=all&country=US&q=Sportimea&search_type=keyword_unordered&media_type=all,unverified (host blocked),unverified (host blocked),unverified (host blocked),unverified (host blocked),unverified (host blocked),https://adstransparency.google.com/?region=US&domain=sportimea.com,unverified (host blocked),unverified (host blocked),unverified (host blocked),unverified (host blocked),https://www.linkedin.com/ad-library/search?keyword=Sportimea,unverified (host blocked),unverified (host blocked),0,,unverified (host blocked),0,"Meta +3, Google +3, LinkedIn +1, CTA +1 pending audit",headcount bonus only; all ad-library hosts blocked in this session; no <50-employee or bootstrapped evidence found,pending (audit),search-verified (URL-cited)
144,Swum,swum.ai,https://www.facebook.com/ads/library/?active_status=active&ad_type=all&country=US&q=Swum&search_type=keyword_unordered&media_type=all,unverified (host blocked),unverified (host blocked),unverified (host blocked),unverified (host blocked),unverified (host blocked),https://adstransparency.google.com/?region=US&domain=swum.ai,unverified (host blocked),unverified (host blocked),unverified (host blocked),unverified (host blocked),https://www.linkedin.com/ad-library/search?keyword=Swum,unverified (host blocked),unverified (host blocked),0,,unverified (host blocked),0,"Meta +3, Google +3, LinkedIn +1, CTA +1 pending audit",headcount bonus only; all ad-library hosts blocked in this session; no <50-employee or bootstrapped evidence found,pending (audit),search-verified (URL-cited)
144,Vagaro (swim),vagaro.com,https://www.facebook.com/ads/library/?active_status=active&ad_type=all&country=US&q=Vagaro%20%28swim%29&search_type=keyword_unordered&media_type=all,unverified (host blocked),unverified (host blocked),unverified (host blocked),unverified (host blocked),unverified (host blocked),https://adstransparency.google.com/?region=US&domain=vagaro.com,unverified (host blocked),unverified (host blocked),unverified (host blocked),unverified (host blocked),https://www.linkedin.com/ad-library/search?keyword=Vagaro%20%28swim%29,unverified (host blocked),unverified (host blocked),0,,unverified (host blocked),0,"Meta +3, Google +3, LinkedIn +1, CTA +1 pending audit",headcount bonus only; all ad-library hosts blocked in this session; no <50-employee or bootstrapped evidence found,pending (audit),search-verified (URL-cited)
144,iClassPro,iclasspro.com,https://www.facebook.com/ads/library/?active_status=active&ad_type=all&country=US&q=iClassPro&search_type=keyword_unordered&media_type=all,unverified (host blocked),unverified (host blocked),unverified (host blocked),unverified (host blocked),unverified (host blocked),https://adstransparency.google.com/?region=US&domain=iclasspro.com,unverified (host blocked),unverified (host blocked),unverified (host blocked),unverified (host blocked),https://www.linkedin.com/ad-library/search?keyword=iClassPro,unverified (host blocked),unverified (host blocked),2,https://www.crunchbase.com/organization/iclasspro,unverified (host blocked),2,"Meta +3, Google +3, LinkedIn +1, CTA +1 pending audit",headcount bonus only; all ad-library hosts blocked in this session,pending (audit),search-verified (URL-cited)
145,Bizzly,bizzly.net,https://www.facebook.com/ads/library/?active_status=active&ad_type=all&country=US&q=Bizzly&search_type=keyword_unordered&media_type=all,unverified (host blocked),unverified (host blocked),unverified (host blocked),unverified (host blocked),unverified (host blocked),https://adstransparency.google.com/?region=US&domain=bizzly.net,unverified (host blocked),unverified (host blocked),unverified (host blocked),unverified (host blocked),https://www.linkedin.com/ad-library/search?keyword=Bizzly,unverified (host blocked),unverified (host blocked),0,n/a,unverified (host blocked),0,"Meta +3, Google +3, LinkedIn +1, CTA +1 pending audit",headcount_bonus=2 only where a result showed <50 employees or bootstrapped (URL in evidence column).,pending (audit),search-verified (URL-cited)
145,Duet (Music Teacher's Helper),duetpartner.com,https://www.facebook.com/ads/library/?active_status=active&ad_type=all&country=US&q=Duet%20%28Music%20Teacher%27s%20Helper%29&search_type=keyword_unordered&media_type=all,unverified (host blocked),unverified (host blocked),unverified (host blocked),unverified (host blocked),unverified (host blocked),https://adstransparency.google.com/?region=US&domain=duetpartner.com,unverified (host blocked),unverified (host blocked),unverified (host blocked),unverified (host blocked),https://www.linkedin.com/ad-library/search?keyword=Duet%20%28Music%20Teacher%27s%20Helper%29,unverified (host blocked),unverified (host blocked),0,n/a,unverified (host blocked),0,"Meta +3, Google +3, LinkedIn +1, CTA +1 pending audit",headcount_bonus=2 only where a result showed <50 employees or bootstrapped (URL in evidence column).,pending (audit),search-verified (URL-cited)
145,Fons,unverified,https://www.facebook.com/ads/library/?active_status=active&ad_type=all&country=US&q=Fons&search_type=keyword_unordered&media_type=all,unverified (host blocked),unverified (host blocked),unverified (host blocked),unverified (host blocked),unverified (host blocked),https://adstransparency.google.com/?region=US&domain=,unverified (host blocked),unverified (host blocked),unverified (host blocked),unverified (host blocked),https://www.linkedin.com/ad-library/search?keyword=Fons,unverified (host blocked),unverified (host blocked),0,n/a,unverified (host blocked),0,"Meta +3, Google +3, LinkedIn +1, CTA +1 pending audit",headcount_bonus=2 only where a result showed <50 employees or bootstrapped (URL in evidence column).,pending (audit),search-verified (URL-cited)
145,Jackrabbit Music,jackrabbitclass.com,https://www.facebook.com/ads/library/?active_status=active&ad_type=all&country=US&q=Jackrabbit%20Music&search_type=keyword_unordered&media_type=all,unverified (host blocked),unverified (host blocked),unverified (host blocked),unverified (host blocked),unverified (host blocked),https://adstransparency.google.com/?region=US&domain=jackrabbitclass.com,unverified (host blocked),unverified (host blocked),unverified (host blocked),unverified (host blocked),https://www.linkedin.com/ad-library/search?keyword=Jackrabbit%20Music,unverified (host blocked),unverified (host blocked),0,n/a,unverified (host blocked),0,"Meta +3, Google +3, LinkedIn +1, CTA +1 pending audit",headcount_bonus=2 only where a result showed <50 employees or bootstrapped (URL in evidence column).,pending (audit),search-verified (URL-cited)
145,Jumbula,jumbula.com,https://www.facebook.com/ads/library/?active_status=active&ad_type=all&country=US&q=Jumbula&search_type=keyword_unordered&media_type=all,unverified (host blocked),unverified (host blocked),unverified (host blocked),unverified (host blocked),unverified (host blocked),https://adstransparency.google.com/?region=US&domain=jumbula.com,unverified (host blocked),unverified (host blocked),unverified (host blocked),unverified (host blocked),https://www.linkedin.com/ad-library/search?keyword=Jumbula,unverified (host blocked),unverified (host blocked),0,n/a,unverified (host blocked),0,"Meta +3, Google +3, LinkedIn +1, CTA +1 pending audit",headcount_bonus=2 only where a result showed <50 employees or bootstrapped (URL in evidence column).,pending (audit),search-verified (URL-cited)
145,My Music Staff (Port 443 Inc.),mymusicstaff.com,https://www.facebook.com/ads/library/?active_status=active&ad_type=all&country=US&q=My%20Music%20Staff%20%28Port%20443%20Inc.%29&search_type=keyword_unordered&media_type=all,unverified (host blocked),unverified (host blocked),unverified (host blocked),unverified (host blocked),unverified (host blocked),https://adstransparency.google.com/?region=US&domain=mymusicstaff.com,unverified (host blocked),unverified (host blocked),unverified (host blocked),unverified (host blocked),https://www.linkedin.com/ad-library/search?keyword=My%20Music%20Staff%20%28Port%20443%20Inc.%29,unverified (host blocked),unverified (host blocked),0,n/a,unverified (host blocked),0,"Meta +3, Google +3, LinkedIn +1, CTA +1 pending audit",headcount_bonus=2 only where a result showed <50 employees or bootstrapped (URL in evidence column).,pending (audit),search-verified (URL-cited)
145,Noto,withnoto.com,https://www.facebook.com/ads/library/?active_status=active&ad_type=all&country=US&q=Noto&search_type=keyword_unordered&media_type=all,unverified (host blocked),unverified (host blocked),unverified (host blocked),unverified (host blocked),unverified (host blocked),https://adstransparency.google.com/?region=US&domain=withnoto.com,unverified (host blocked),unverified (host blocked),unverified (host blocked),unverified (host blocked),https://www.linkedin.com/ad-library/search?keyword=Noto,unverified (host blocked),unverified (host blocked),0,n/a,unverified (host blocked),0,"Meta +3, Google +3, LinkedIn +1, CTA +1 pending audit",headcount_bonus=2 only where a result showed <50 employees or bootstrapped (URL in evidence column).,pending (audit),search-verified (URL-cited)
145,Nova Music,trynovamusic.com,https://www.facebook.com/ads/library/?active_status=active&ad_type=all&country=US&q=Nova%20Music&search_type=keyword_unordered&media_type=all,unverified (host blocked),unverified (host blocked),unverified (host blocked),unverified (host blocked),unverified (host blocked),https://adstransparency.google.com/?region=US&domain=trynovamusic.com,unverified (host blocked),unverified (host blocked),unverified (host blocked),unverified (host blocked),https://www.linkedin.com/ad-library/search?keyword=Nova%20Music,unverified (host blocked),unverified (host blocked),0,n/a,unverified (host blocked),0,"Meta +3, Google +3, LinkedIn +1, CTA +1 pending audit",headcount_bonus=2 only where a result showed <50 employees or bootstrapped (URL in evidence column).,pending (audit),search-verified (URL-cited)
145,Opus1.io,opus1.io,https://www.facebook.com/ads/library/?active_status=active&ad_type=all&country=US&q=Opus1.io&search_type=keyword_unordered&media_type=all,unverified (host blocked),unverified (host blocked),unverified (host blocked),unverified (host blocked),unverified (host blocked),https://adstransparency.google.com/?region=US&domain=opus1.io,unverified (host blocked),unverified (host blocked),unverified (host blocked),unverified (host blocked),https://www.linkedin.com/ad-library/search?keyword=Opus1.io,unverified (host blocked),unverified (host blocked),2,https://getlatka.com/companies/opus1.io,unverified (host blocked),2,"Meta +3, Google +3, LinkedIn +1, CTA +1 pending audit",headcount_bonus=2 only where a result showed <50 employees or bootstrapped (URL in evidence column).,pending (audit),search-verified (URL-cited)
145,Teach 'n Go,teachngo.com,https://www.facebook.com/ads/library/?active_status=active&ad_type=all&country=US&q=Teach%20%27n%20Go&search_type=keyword_unordered&media_type=all,unverified (host blocked),unverified (host blocked),unverified (host blocked),unverified (host blocked),unverified (host blocked),https://adstransparency.google.com/?region=US&domain=teachngo.com,unverified (host blocked),unverified (host blocked),unverified (host blocked),unverified (host blocked),https://www.linkedin.com/ad-library/search?keyword=Teach%20%27n%20Go,unverified (host blocked),unverified (host blocked),0,n/a,unverified (host blocked),0,"Meta +3, Google +3, LinkedIn +1, CTA +1 pending audit",headcount_bonus=2 only where a result showed <50 employees or bootstrapped (URL in evidence column).,pending (audit),search-verified (URL-cited)
145,Teachworks,teachworks.com,https://www.facebook.com/ads/library/?active_status=active&ad_type=all&country=US&q=Teachworks&search_type=keyword_unordered&media_type=all,unverified (host blocked),unverified (host blocked),unverified (host blocked),unverified (host blocked),unverified (host blocked),https://adstransparency.google.com/?region=US&domain=teachworks.com,unverified (host blocked),unverified (host blocked),unverified (host blocked),unverified (host blocked),https://www.linkedin.com/ad-library/search?keyword=Teachworks,unverified (host blocked),unverified (host blocked),0,n/a,unverified (host blocked),0,"Meta +3, Google +3, LinkedIn +1, CTA +1 pending audit",headcount_bonus=2 only where a result showed <50 employees or bootstrapped (URL in evidence column).,pending (audit),search-verified (URL-cited)
146,BookingTimes,bookingtimes.com,https://www.facebook.com/ads/library/?active_status=active&ad_type=all&country=US&q=BookingTimes&search_type=keyword_unordered&media_type=all,unverified (host blocked),unverified (host blocked),unverified (host blocked),unverified (host blocked),unverified (host blocked),https://adstransparency.google.com/?region=US&domain=bookingtimes.com,unverified (host blocked),unverified (host blocked),unverified (host blocked),unverified (host blocked),https://www.linkedin.com/ad-library/search?keyword=BookingTimes,unverified (host blocked),unverified (host blocked),0,n/a,unverified (host blocked),0,"Meta +3, Google +3, LinkedIn +1, CTA +1 pending audit",Ad libraries unreachable from this environment (egress policy); counts pending local audit.,pending (audit),search-verified (URL-cited)
146,Drive Scout,drivescout.com,https://www.facebook.com/ads/library/?active_status=active&ad_type=all&country=US&q=Drive%20Scout&search_type=keyword_unordered&media_type=all,unverified (host blocked),unverified (host blocked),unverified (host blocked),unverified (host blocked),unverified (host blocked),https://adstransparency.google.com/?region=US&domain=drivescout.com,unverified (host blocked),unverified (host blocked),unverified (host blocked),unverified (host blocked),https://www.linkedin.com/ad-library/search?keyword=Drive%20Scout,unverified (host blocked),unverified (host blocked),0,n/a,unverified (host blocked),0,"Meta +3, Google +3, LinkedIn +1, CTA +1 pending audit",Ad libraries unreachable from this environment (egress policy); counts pending local audit.,pending (audit),search-verified (URL-cited)
146,Drivers Ed Solutions,driversedsolutions.com,https://www.facebook.com/ads/library/?active_status=active&ad_type=all&country=US&q=Drivers%20Ed%20Solutions&search_type=keyword_unordered&media_type=all,unverified (host blocked),unverified (host blocked),unverified (host blocked),unverified (host blocked),unverified (host blocked),https://adstransparency.google.com/?region=US&domain=driversedsolutions.com,unverified (host blocked),unverified (host blocked),unverified (host blocked),unverified (host blocked),https://www.linkedin.com/ad-library/search?keyword=Drivers%20Ed%20Solutions,unverified (host blocked),unverified (host blocked),0,n/a,unverified (host blocked),0,"Meta +3, Google +3, LinkedIn +1, CTA +1 pending audit",Ad libraries unreachable from this environment (egress policy); counts pending local audit.,pending (audit),search-verified (URL-cited)
146,DrivingSchoolSoftware.com (DrivingSchool.Software),drivingschoolsoftware.com,https://www.facebook.com/ads/library/?active_status=active&ad_type=all&country=US&q=DrivingSchoolSoftware.com%20%28DrivingSchool.Software%29&search_type=keyword_unordered&media_type=all,unverified (host blocked),unverified (host blocked),unverified (host blocked),unverified (host blocked),unverified (host blocked),https://adstransparency.google.com/?region=US&domain=drivingschoolsoftware.com,unverified (host blocked),unverified (host blocked),unverified (host blocked),unverified (host blocked),https://www.linkedin.com/ad-library/search?keyword=DrivingSchoolSoftware.com%20%28DrivingSchool.Software%29,unverified (host blocked),unverified (host blocked),2,https://getlatka.com/companies/drivingschoolsoftware.com,unverified (host blocked),2,"Meta +3, Google +3, LinkedIn +1, CTA +1 pending audit",Ad libraries unreachable from this environment (egress policy); counts pending local audit. Headcount bonus: result shows <50 employees or bootstrapped.,pending (audit),search-verified (URL-cited)
146,GoDribe,unverified,https://www.facebook.com/ads/library/?active_status=active&ad_type=all&country=US&q=GoDribe&search_type=keyword_unordered&media_type=all,unverified (host blocked),unverified (host blocked),unverified (host blocked),unverified (host blocked),unverified (host blocked),https://adstransparency.google.com/?region=US&domain=,unverified (host blocked),unverified (host blocked),unverified (host blocked),unverified (host blocked),https://www.linkedin.com/ad-library/search?keyword=GoDribe,unverified (host blocked),unverified (host blocked),0,n/a,unverified (host blocked),0,"Meta +3, Google +3, LinkedIn +1, CTA +1 pending audit",Ad libraries unreachable from this environment (egress policy); counts pending local audit.,pending (audit),search-verified (URL-cited)
146,MyDriveSchool,mydriveschool.software,https://www.facebook.com/ads/library/?active_status=active&ad_type=all&country=US&q=MyDriveSchool&search_type=keyword_unordered&media_type=all,unverified (host blocked),unverified (host blocked),unverified (host blocked),unverified (host blocked),unverified (host blocked),https://adstransparency.google.com/?region=US&domain=mydriveschool.software,unverified (host blocked),unverified (host blocked),unverified (host blocked),unverified (host blocked),https://www.linkedin.com/ad-library/search?keyword=MyDriveSchool,unverified (host blocked),unverified (host blocked),0,n/a,unverified (host blocked),0,"Meta +3, Google +3, LinkedIn +1, CTA +1 pending audit",Ad libraries unreachable from this environment (egress policy); counts pending local audit.,pending (audit),search-verified (URL-cited)
146,Software for Driving School,unverified,https://www.facebook.com/ads/library/?active_status=active&ad_type=all&country=US&q=Software%20for%20Driving%20School&search_type=keyword_unordered&media_type=all,unverified (host blocked),unverified (host blocked),unverified (host blocked),unverified (host blocked),unverified (host blocked),https://adstransparency.google.com/?region=US&domain=,unverified (host blocked),unverified (host blocked),unverified (host blocked),unverified (host blocked),https://www.linkedin.com/ad-library/search?keyword=Software%20for%20Driving%20School,unverified (host blocked),unverified (host blocked),0,n/a,unverified (host blocked),0,"Meta +3, Google +3, LinkedIn +1, CTA +1 pending audit",Ad libraries unreachable from this environment (egress policy); counts pending local audit.,pending (audit),search-verified (URL-cited)
146,Teachworks (driving school page),teachworks.com,https://www.facebook.com/ads/library/?active_status=active&ad_type=all&country=US&q=Teachworks%20%28driving%20school%20page%29&search_type=keyword_unordered&media_type=all,unverified (host blocked),unverified (host blocked),unverified (host blocked),unverified (host blocked),unverified (host blocked),https://adstransparency.google.com/?region=US&domain=teachworks.com,unverified (host blocked),unverified (host blocked),unverified (host blocked),unverified (host blocked),https://www.linkedin.com/ad-library/search?keyword=Teachworks%20%28driving%20school%20page%29,unverified (host blocked),unverified (host blocked),0,n/a,unverified (host blocked),0,"Meta +3, Google +3, LinkedIn +1, CTA +1 pending audit",Ad libraries unreachable from this environment (egress policy); counts pending local audit.,pending (audit),search-verified (URL-cited)
147,BoltCDL,boltcdl.com,https://www.facebook.com/ads/library/?active_status=active&ad_type=all&country=US&q=BoltCDL&search_type=keyword_unordered&media_type=all,unverified (host blocked),unverified (host blocked),unverified (host blocked),unverified (host blocked),unverified (host blocked),https://adstransparency.google.com/?region=US&domain=boltcdl.com,,unverified (host blocked),unverified (host blocked),unverified (host blocked),https://www.linkedin.com/ad-library/search?keyword=BoltCDL,unverified (host blocked),unverified (host blocked),0,,,0,"Meta +3, Google +3, LinkedIn +1, CTA +1 pending audit",,pending (audit),search-verified (URL-cited)
147,CDL PowerSuite,cdlpowersuite.com,https://www.facebook.com/ads/library/?active_status=active&ad_type=all&country=US&q=CDL%20PowerSuite&search_type=keyword_unordered&media_type=all,unverified (host blocked),unverified (host blocked),unverified (host blocked),unverified (host blocked),unverified (host blocked),https://adstransparency.google.com/?region=US&domain=cdlpowersuite.com,,unverified (host blocked),unverified (host blocked),unverified (host blocked),https://www.linkedin.com/ad-library/search?keyword=CDL%20PowerSuite,unverified (host blocked),unverified (host blocked),0,,,0,"Meta +3, Google +3, LinkedIn +1, CTA +1 pending audit",,pending (audit),search-verified (URL-cited)
147,CDL Tracks,cdltracks.com,https://www.facebook.com/ads/library/?active_status=active&ad_type=all&country=US&q=CDL%20Tracks&search_type=keyword_unordered&media_type=all,unverified (host blocked),unverified (host blocked),unverified (host blocked),unverified (host blocked),unverified (host blocked),https://adstransparency.google.com/?region=US&domain=cdltracks.com,,unverified (host blocked),unverified (host blocked),unverified (host blocked),https://www.linkedin.com/ad-library/search?keyword=CDL%20Tracks,unverified (host blocked),unverified (host blocked),0,,,0,"Meta +3, Google +3, LinkedIn +1, CTA +1 pending audit",,pending (audit),search-verified (URL-cited)
147,Lumion,lumion.ai,https://www.facebook.com/ads/library/?active_status=active&ad_type=all&country=US&q=Lumion&search_type=keyword_unordered&media_type=all,unverified (host blocked),unverified (host blocked),unverified (host blocked),unverified (host blocked),unverified (host blocked),https://adstransparency.google.com/?region=US&domain=lumion.ai,,unverified (host blocked),unverified (host blocked),unverified (host blocked),https://www.linkedin.com/ad-library/search?keyword=Lumion,unverified (host blocked),unverified (host blocked),2,https://pitchbook.com/profiles/company/495414-82,,0,"Meta +3, Google +3, LinkedIn +1, CTA +1 pending audit",,pending (audit),search-verified (URL-cited)
147,Truck School Software,truckschoolsoftware.com,https://www.facebook.com/ads/library/?active_status=active&ad_type=all&country=US&q=Truck%20School%20Software&search_type=keyword_unordered&media_type=all,unverified (host blocked),unverified (host blocked),unverified (host blocked),unverified (host blocked),unverified (host blocked),https://adstransparency.google.com/?region=US&domain=truckschoolsoftware.com,,unverified (host blocked),unverified (host blocked),unverified (host blocked),https://www.linkedin.com/ad-library/search?keyword=Truck%20School%20Software,unverified (host blocked),unverified (host blocked),0,,,0,"Meta +3, Google +3, LinkedIn +1, CTA +1 pending audit",,pending (audit),search-verified (URL-cited)
148,Beauty School Boss,beautyschoolboss.com,https://www.facebook.com/ads/library/?active_status=active&ad_type=all&country=US&q=Beauty%20School%20Boss&search_type=keyword_unordered&media_type=all,unverified (host blocked),unverified (host blocked),unverified (host blocked),unverified (host blocked),unverified (host blocked),https://adstransparency.google.com/?region=US&domain=beautyschoolboss.com,unverified (host blocked),unverified (host blocked),unverified (host blocked),unverified (host blocked),https://www.linkedin.com/ad-library/search?keyword=Beauty%20School%20Boss,unverified (host blocked),unverified (host blocked),0,unverified,unverified (host blocked),0,"Meta +3, Google +3, LinkedIn +1, CTA +1 pending audit",,pending (audit),search-verified (URL-cited)
148,Discovery Pro (America's Software),americassoftware.com,https://www.facebook.com/ads/library/?active_status=active&ad_type=all&country=US&q=Discovery%20Pro%20%28America%27s%20Software%29&search_type=keyword_unordered&media_type=all,unverified (host blocked),unverified (host blocked),unverified (host blocked),unverified (host blocked),unverified (host blocked),https://adstransparency.google.com/?region=US&domain=americassoftware.com,unverified (host blocked),unverified (host blocked),unverified (host blocked),unverified (host blocked),https://www.linkedin.com/ad-library/search?keyword=Discovery%20Pro%20%28America%27s%20Software%29,unverified (host blocked),unverified (host blocked),0,unverified,unverified (host blocked),0,"Meta +3, Google +3, LinkedIn +1, CTA +1 pending audit",,pending (audit),search-verified (URL-cited)
148,EnvisionNow,envisionnow.com,https://www.facebook.com/ads/library/?active_status=active&ad_type=all&country=US&q=EnvisionNow&search_type=keyword_unordered&media_type=all,unverified (host blocked),unverified (host blocked),unverified (host blocked),unverified (host blocked),unverified (host blocked),https://adstransparency.google.com/?region=US&domain=envisionnow.com,unverified (host blocked),unverified (host blocked),unverified (host blocked),unverified (host blocked),https://www.linkedin.com/ad-library/search?keyword=EnvisionNow,unverified (host blocked),unverified (host blocked),0,unverified,unverified (host blocked),0,"Meta +3, Google +3, LinkedIn +1, CTA +1 pending audit",,pending (audit),search-verified (URL-cited)
148,GuestVision,guestvision.net,https://www.facebook.com/ads/library/?active_status=active&ad_type=all&country=US&q=GuestVision&search_type=keyword_unordered&media_type=all,unverified (host blocked),unverified (host blocked),unverified (host blocked),unverified (host blocked),unverified (host blocked),https://adstransparency.google.com/?region=US&domain=guestvision.net,unverified (host blocked),unverified (host blocked),unverified (host blocked),unverified (host blocked),https://www.linkedin.com/ad-library/search?keyword=GuestVision,unverified (host blocked),unverified (host blocked),0,unverified,unverified (host blocked),0,"Meta +3, Google +3, LinkedIn +1, CTA +1 pending audit",,pending (audit),search-verified (URL-cited)
148,Meevo (Millennium Systems),meevo.com,https://www.facebook.com/ads/library/?active_status=active&ad_type=all&country=US&q=Meevo%20%28Millennium%20Systems%29&search_type=keyword_unordered&media_type=all,unverified (host blocked),unverified (host blocked),unverified (host blocked),unverified (host blocked),unverified (host blocked),https://adstransparency.google.com/?region=US&domain=meevo.com,unverified (host blocked),unverified (host blocked),unverified (host blocked),unverified (host blocked),https://www.linkedin.com/ad-library/search?keyword=Meevo%20%28Millennium%20Systems%29,unverified (host blocked),unverified (host blocked),0,unverified,unverified (host blocked),0,"Meta +3, Google +3, LinkedIn +1, CTA +1 pending audit",,pending (audit),search-verified (URL-cited)
148,Portico,porticoedu.com,https://www.facebook.com/ads/library/?active_status=active&ad_type=all&country=US&q=Portico&search_type=keyword_unordered&media_type=all,unverified (host blocked),unverified (host blocked),unverified (host blocked),unverified (host blocked),unverified (host blocked),https://adstransparency.google.com/?region=US&domain=porticoedu.com,unverified (host blocked),unverified (host blocked),unverified (host blocked),unverified (host blocked),https://www.linkedin.com/ad-library/search?keyword=Portico,unverified (host blocked),unverified (host blocked),0,unverified,unverified (host blocked),0,"Meta +3, Google +3, LinkedIn +1, CTA +1 pending audit",,pending (audit),search-verified (URL-cited)
148,Prestige SIS,prestigesis.com,https://www.facebook.com/ads/library/?active_status=active&ad_type=all&country=US&q=Prestige%20SIS&search_type=keyword_unordered&media_type=all,unverified (host blocked),unverified (host blocked),unverified (host blocked),unverified (host blocked),unverified (host blocked),https://adstransparency.google.com/?region=US&domain=prestigesis.com,unverified (host blocked),unverified (host blocked),unverified (host blocked),unverified (host blocked),https://www.linkedin.com/ad-library/search?keyword=Prestige%20SIS,unverified (host blocked),unverified (host blocked),0,unverified,unverified (host blocked),0,"Meta +3, Google +3, LinkedIn +1, CTA +1 pending audit",,pending (audit),search-verified (URL-cited)
148,SMART School Management,unverified,https://www.facebook.com/ads/library/?active_status=active&ad_type=all&country=US&q=SMART%20School%20Management&search_type=keyword_unordered&media_type=all,unverified (host blocked),unverified (host blocked),unverified (host blocked),unverified (host blocked),unverified (host blocked),https://adstransparency.google.com/?region=US&domain=,unverified (host blocked),unverified (host blocked),unverified (host blocked),unverified (host blocked),https://www.linkedin.com/ad-library/search?keyword=SMART%20School%20Management,unverified (host blocked),unverified (host blocked),0,unverified,unverified (host blocked),0,"Meta +3, Google +3, LinkedIn +1, CTA +1 pending audit",domain not seen in a result URL; Google lookup needs the domain,pending (audit),search-verified (URL-cited)
149,AerScheduler,aerscheduler.com,https://www.facebook.com/ads/library/?active_status=active&ad_type=all&country=US&q=AerScheduler&search_type=keyword_unordered&media_type=all,unverified (host blocked),unverified (host blocked),unverified (host blocked),unverified (host blocked),unverified (host blocked),https://adstransparency.google.com/?region=US&domain=aerscheduler.com,unverified,unverified (host blocked),unverified (host blocked),unverified (host blocked),https://www.linkedin.com/ad-library/search?keyword=AerScheduler,unverified (host blocked),unverified (host blocked),0,unverified,unverified,0,"Meta +3, Google +3, LinkedIn +1, CTA +1 pending audit",headcount/funding not verified in results,pending (audit),search-verified (URL-cited)
149,Aviatize,aviatize.com,https://www.facebook.com/ads/library/?active_status=active&ad_type=all&country=US&q=Aviatize&search_type=keyword_unordered&media_type=all,unverified (host blocked),unverified (host blocked),unverified (host blocked),unverified (host blocked),unverified (host blocked),https://adstransparency.google.com/?region=US&domain=aviatize.com,unverified,unverified (host blocked),unverified (host blocked),unverified (host blocked),https://www.linkedin.com/ad-library/search?keyword=Aviatize,unverified (host blocked),unverified (host blocked),0,unverified,unverified,0,"Meta +3, Google +3, LinkedIn +1, CTA +1 pending audit",headcount/funding not verified in results,pending (audit),search-verified (URL-cited)
149,Flight Circle,flightcircle.com,https://www.facebook.com/ads/library/?active_status=active&ad_type=all&country=US&q=Flight%20Circle&search_type=keyword_unordered&media_type=all,unverified (host blocked),unverified (host blocked),unverified (host blocked),unverified (host blocked),unverified (host blocked),https://adstransparency.google.com/?region=US&domain=flightcircle.com,unverified,unverified (host blocked),unverified (host blocked),unverified (host blocked),https://www.linkedin.com/ad-library/search?keyword=Flight%20Circle,unverified (host blocked),unverified (host blocked),0,unverified,unverified,0,"Meta +3, Google +3, LinkedIn +1, CTA +1 pending audit",headcount/funding not verified in results,pending (audit),search-verified (URL-cited)
149,Flight Schedule Pro,flightschedulepro.com,https://www.facebook.com/ads/library/?active_status=active&ad_type=all&country=US&q=Flight%20Schedule%20Pro&search_type=keyword_unordered&media_type=all,unverified (host blocked),unverified (host blocked),unverified (host blocked),unverified (host blocked),unverified (host blocked),https://adstransparency.google.com/?region=US&domain=flightschedulepro.com,unverified,unverified (host blocked),unverified (host blocked),unverified (host blocked),https://www.linkedin.com/ad-library/search?keyword=Flight%20Schedule%20Pro,unverified (host blocked),unverified (host blocked),2,https://tracxn.com/d/companies/flight-schedule-pro/___o1wcd01i8dkBsqB5Y2xo1eH823RtdmEGz_YRcIXKRM,unverified,2,"Meta +3, Google +3, LinkedIn +1, CTA +1 pending audit",headcount <50 or bootstrapped per cited result,pending (audit),search-verified (URL-cited)
149,FlightLogger,flightlogger.net,https://www.facebook.com/ads/library/?active_status=active&ad_type=all&country=US&q=FlightLogger&search_type=keyword_unordered&media_type=all,unverified (host blocked),unverified (host blocked),unverified (host blocked),unverified (host blocked),unverified (host blocked),https://adstransparency.google.com/?region=US&domain=flightlogger.net,unverified,unverified (host blocked),unverified (host blocked),unverified (host blocked),https://www.linkedin.com/ad-library/search?keyword=FlightLogger,unverified (host blocked),unverified (host blocked),0,unverified,unverified,0,"Meta +3, Google +3, LinkedIn +1, CTA +1 pending audit",headcount >=50 or ambiguous; no bonus,pending (audit),search-verified (URL-cited)
149,Pilot Path Pro (Aviator Assistant),aviatorassistant.com,https://www.facebook.com/ads/library/?active_status=active&ad_type=all&country=US&q=Pilot%20Path%20Pro%20%28Aviator%20Assistant%29&search_type=keyword_unordered&media_type=all,unverified (host blocked),unverified (host blocked),unverified (host blocked),unverified (host blocked),unverified (host blocked),https://adstransparency.google.com/?region=US&domain=aviatorassistant.com,unverified,unverified (host blocked),unverified (host blocked),unverified (host blocked),https://www.linkedin.com/ad-library/search?keyword=Pilot%20Path%20Pro%20%28Aviator%20Assistant%29,unverified (host blocked),unverified (host blocked),0,unverified,unverified,0,"Meta +3, Google +3, LinkedIn +1, CTA +1 pending audit",headcount/funding not verified in results,pending (audit),search-verified (URL-cited)
149,Private Radar / Flylogs,unverified,https://www.facebook.com/ads/library/?active_status=active&ad_type=all&country=US&q=Private%20Radar%20/%20Flylogs&search_type=keyword_unordered&media_type=all,unverified (host blocked),unverified (host blocked),unverified (host blocked),unverified (host blocked),unverified (host blocked),https://adstransparency.google.com/?region=US&domain=,unverified,unverified (host blocked),unverified (host blocked),unverified (host blocked),https://www.linkedin.com/ad-library/search?keyword=Private%20Radar%20/%20Flylogs,unverified (host blocked),unverified (host blocked),0,unverified,unverified,0,"Meta +3, Google +3, LinkedIn +1, CTA +1 pending audit",headcount/funding not verified in results,pending (audit),search-verified (URL-cited)
149,Sky Schedule,skyschedule.io,https://www.facebook.com/ads/library/?active_status=active&ad_type=all&country=US&q=Sky%20Schedule&search_type=keyword_unordered&media_type=all,unverified (host blocked),unverified (host blocked),unverified (host blocked),unverified (host blocked),unverified (host blocked),https://adstransparency.google.com/?region=US&domain=skyschedule.io,unverified,unverified (host blocked),unverified (host blocked),unverified (host blocked),https://www.linkedin.com/ad-library/search?keyword=Sky%20Schedule,unverified (host blocked),unverified (host blocked),0,unverified,unverified,0,"Meta +3, Google +3, LinkedIn +1, CTA +1 pending audit",headcount/funding not verified in results,pending (audit),search-verified (URL-cited)
149,Talon Systems (ETA),unverified,https://www.facebook.com/ads/library/?active_status=active&ad_type=all&country=US&q=Talon%20Systems%20%28ETA%29&search_type=keyword_unordered&media_type=all,unverified (host blocked),unverified (host blocked),unverified (host blocked),unverified (host blocked),unverified (host blocked),https://adstransparency.google.com/?region=US&domain=,unverified,unverified (host blocked),unverified (host blocked),unverified (host blocked),https://www.linkedin.com/ad-library/search?keyword=Talon%20Systems%20%28ETA%29,unverified (host blocked),unverified (host blocked),0,unverified,unverified,0,"Meta +3, Google +3, LinkedIn +1, CTA +1 pending audit",headcount/funding not verified in results,pending (audit),search-verified (URL-cited)
150,Dewey,unverified,https://www.facebook.com/ads/library/?active_status=active&ad_type=all&country=US&q=Dewey&search_type=keyword_unordered&media_type=all,unverified (host blocked),unverified (host blocked),unverified (host blocked),unverified (host blocked),unverified (host blocked),https://adstransparency.google.com/?region=US&domain=,unverified (host blocked),unverified (host blocked),unverified (host blocked),unverified (host blocked),https://www.linkedin.com/ad-library/search?keyword=Dewey,unverified (host blocked),unverified (host blocked),0,unverified,unverified (host blocked),0,"Meta +3, Google +3, LinkedIn +1, CTA +1 pending audit",Lookup URLs prebuilt; run scraper/ locally to fill counts.,pending (audit),search-verified (URL-cited)
150,Oases Online,unverified,https://www.facebook.com/ads/library/?active_status=active&ad_type=all&country=US&q=Oases%20Online&search_type=keyword_unordered&media_type=all,unverified (host blocked),unverified (host blocked),unverified (host blocked),unverified (host blocked),unverified (host blocked),https://adstransparency.google.com/?region=US&domain=,unverified (host blocked),unverified (host blocked),unverified (host blocked),unverified (host blocked),https://www.linkedin.com/ad-library/search?keyword=Oases%20Online,unverified (host blocked),unverified (host blocked),0,unverified,unverified (host blocked),0,"Meta +3, Google +3, LinkedIn +1, CTA +1 pending audit",Lookup URLs prebuilt; run scraper/ locally to fill counts.,pending (audit),search-verified (URL-cited)
150,Pike13,unverified,https://www.facebook.com/ads/library/?active_status=active&ad_type=all&country=US&q=Pike13&search_type=keyword_unordered&media_type=all,unverified (host blocked),unverified (host blocked),unverified (host blocked),unverified (host blocked),unverified (host blocked),https://adstransparency.google.com/?region=US&domain=,unverified (host blocked),unverified (host blocked),unverified (host blocked),unverified (host blocked),https://www.linkedin.com/ad-library/search?keyword=Pike13,unverified (host blocked),unverified (host blocked),0,unverified,unverified (host blocked),0,"Meta +3, Google +3, LinkedIn +1, CTA +1 pending audit",Lookup URLs prebuilt; run scraper/ locally to fill counts.,pending (audit),search-verified (URL-cited)
150,Teachworks,teachworks.com,https://www.facebook.com/ads/library/?active_status=active&ad_type=all&country=US&q=Teachworks&search_type=keyword_unordered&media_type=all,unverified (host blocked),unverified (host blocked),unverified (host blocked),unverified (host blocked),unverified (host blocked),https://adstransparency.google.com/?region=US&domain=teachworks.com,unverified (host blocked),unverified (host blocked),unverified (host blocked),unverified (host blocked),https://www.linkedin.com/ad-library/search?keyword=Teachworks,unverified (host blocked),unverified (host blocked),2,https://tracxn.com/d/companies/teachworks/__vrPpN-x2DqxGrVo3QTYruiUrE3R6tvNvkUABqWk6oes,unverified (host blocked),2,"Meta +3, Google +3, LinkedIn +1, CTA +1 pending audit",Lookup URLs prebuilt; run scraper/ locally to fill counts. Headcount bonus caveat: see tools.csv notes.,pending (audit),search-verified (URL-cited)
150,TutorBird (Port 443),tutorbird.com,https://www.facebook.com/ads/library/?active_status=active&ad_type=all&country=US&q=TutorBird%20%28Port%20443%29&search_type=keyword_unordered&media_type=all,unverified (host blocked),unverified (host blocked),unverified (host blocked),unverified (host blocked),unverified (host blocked),https://adstransparency.google.com/?region=US&domain=tutorbird.com,unverified (host blocked),unverified (host blocked),unverified (host blocked),unverified (host blocked),https://www.linkedin.com/ad-library/search?keyword=TutorBird%20%28Port%20443%29,unverified (host blocked),unverified (host blocked),0,unverified,unverified (host blocked),0,"Meta +3, Google +3, LinkedIn +1, CTA +1 pending audit",Lookup URLs prebuilt; run scraper/ locally to fill counts.,pending (audit),search-verified (URL-cited)
150,TutorCruncher,tutorcruncher.com,https://www.facebook.com/ads/library/?active_status=active&ad_type=all&country=US&q=TutorCruncher&search_type=keyword_unordered&media_type=all,unverified (host blocked),unverified (host blocked),unverified (host blocked),unverified (host blocked),unverified (host blocked),https://adstransparency.google.com/?region=US&domain=tutorcruncher.com,unverified (host blocked),unverified (host blocked),unverified (host blocked),unverified (host blocked),https://www.linkedin.com/ad-library/search?keyword=TutorCruncher,unverified (host blocked),unverified (host blocked),0,unverified,unverified (host blocked),0,"Meta +3, Google +3, LinkedIn +1, CTA +1 pending audit",Lookup URLs prebuilt; run scraper/ locally to fill counts.,pending (audit),search-verified (URL-cited)
150,Tutorbase,tutorbase.com,https://www.facebook.com/ads/library/?active_status=active&ad_type=all&country=US&q=Tutorbase&search_type=keyword_unordered&media_type=all,unverified (host blocked),unverified (host blocked),unverified (host blocked),unverified (host blocked),unverified (host blocked),https://adstransparency.google.com/?region=US&domain=tutorbase.com,unverified (host blocked),unverified (host blocked),unverified (host blocked),unverified (host blocked),https://www.linkedin.com/ad-library/search?keyword=Tutorbase,unverified (host blocked),unverified (host blocked),0,unverified,unverified (host blocked),0,"Meta +3, Google +3, LinkedIn +1, CTA +1 pending audit",Lookup URLs prebuilt; run scraper/ locally to fill counts.,pending (audit),search-verified (URL-cited)
150,Wise,wise.live,https://www.facebook.com/ads/library/?active_status=active&ad_type=all&country=US&q=Wise&search_type=keyword_unordered&media_type=all,unverified (host blocked),unverified (host blocked),unverified (host blocked),unverified (host blocked),unverified (host blocked),https://adstransparency.google.com/?region=US&domain=wise.live,unverified (host blocked),unverified (host blocked),unverified (host blocked),unverified (host blocked),https://www.linkedin.com/ad-library/search?keyword=Wise,unverified (host blocked),unverified (host blocked),0,unverified,unverified (host blocked),0,"Meta +3, Google +3, LinkedIn +1, CTA +1 pending audit",Lookup URLs prebuilt; run scraper/ locally to fill counts.,pending (audit),search-verified (URL-cited)
151,Club Caddie (Jonas Software),clubcaddie.com,https://www.facebook.com/ads/library/?active_status=active&ad_type=all&country=US&q=Club%20Caddie%20%28Jonas%20Software%29&search_type=keyword_unordered&media_type=all,unverified (host blocked),unverified (host blocked),unverified (host blocked),unverified (host blocked),unverified (host blocked),https://adstransparency.google.com/?region=US&domain=clubcaddie.com,unverified (host blocked),unverified (host blocked),unverified (host blocked),unverified (host blocked),https://www.linkedin.com/ad-library/search?keyword=Club%20Caddie%20%28Jonas%20Software%29,unverified (host blocked),unverified (host blocked),0,unverified,unverified (host blocked),0,"Meta +3, Google +3, LinkedIn +1, CTA +1 pending audit",Search-verified tool; no <50-headcount or bootstrapped evidence found in results.,pending (audit),search-verified (URL-cited)
151,Club Prophet,unverified,https://www.facebook.com/ads/library/?active_status=active&ad_type=all&country=US&q=Club%20Prophet&search_type=keyword_unordered&media_type=all,unverified (host blocked),unverified (host blocked),unverified (host blocked),unverified (host blocked),unverified (host blocked),https://adstransparency.google.com/?region=US&domain=,unverified (host blocked),unverified (host blocked),unverified (host blocked),unverified (host blocked),https://www.linkedin.com/ad-library/search?keyword=Club%20Prophet,unverified (host blocked),unverified (host blocked),0,unverified,unverified (host blocked),0,"Meta +3, Google +3, LinkedIn +1, CTA +1 pending audit",Search-verified tool; no <50-headcount or bootstrapped evidence found in results.,pending (audit),search-verified (URL-cited)
151,GolfNow / EZLinks (NBC Sports),unverified,https://www.facebook.com/ads/library/?active_status=active&ad_type=all&country=US&q=GolfNow%20/%20EZLinks%20%28NBC%20Sports%29&search_type=keyword_unordered&media_type=all,unverified (host blocked),unverified (host blocked),unverified (host blocked),unverified (host blocked),unverified (host blocked),https://adstransparency.google.com/?region=US&domain=,unverified (host blocked),unverified (host blocked),unverified (host blocked),unverified (host blocked),https://www.linkedin.com/ad-library/search?keyword=GolfNow%20/%20EZLinks%20%28NBC%20Sports%29,unverified (host blocked),unverified (host blocked),0,unverified,unverified (host blocked),0,"Meta +3, Google +3, LinkedIn +1, CTA +1 pending audit",Search-verified tool; no <50-headcount or bootstrapped evidence found in results.,pending (audit),search-verified (URL-cited)
151,Lightspeed Golf (Chronogolf),lightspeedhq.com,https://www.facebook.com/ads/library/?active_status=active&ad_type=all&country=US&q=Lightspeed%20Golf%20%28Chronogolf%29&search_type=keyword_unordered&media_type=all,unverified (host blocked),unverified (host blocked),unverified (host blocked),unverified (host blocked),unverified (host blocked),https://adstransparency.google.com/?region=US&domain=lightspeedhq.com,unverified (host blocked),unverified (host blocked),unverified (host blocked),unverified (host blocked),https://www.linkedin.com/ad-library/search?keyword=Lightspeed%20Golf%20%28Chronogolf%29,unverified (host blocked),unverified (host blocked),0,unverified,unverified (host blocked),0,"Meta +3, Google +3, LinkedIn +1, CTA +1 pending audit",Search-verified tool; no <50-headcount or bootstrapped evidence found in results.,pending (audit),search-verified (URL-cited)
151,Teesnap,teesnap.com,https://www.facebook.com/ads/library/?active_status=active&ad_type=all&country=US&q=Teesnap&search_type=keyword_unordered&media_type=all,unverified (host blocked),unverified (host blocked),unverified (host blocked),unverified (host blocked),unverified (host blocked),https://adstransparency.google.com/?region=US&domain=teesnap.com,unverified (host blocked),unverified (host blocked),unverified (host blocked),unverified (host blocked),https://www.linkedin.com/ad-library/search?keyword=Teesnap,unverified (host blocked),unverified (host blocked),2,https://pitchbook.com/profiles/company/364564-45,unverified (host blocked),2,"Meta +3, Google +3, LinkedIn +1, CTA +1 pending audit",Search-verified tool; all platform counts await local scraper run.,pending (audit),search-verified (URL-cited)
151,foreUP (Clubessential),foreupgolf.com,https://www.facebook.com/ads/library/?active_status=active&ad_type=all&country=US&q=foreUP%20%28Clubessential%29&search_type=keyword_unordered&media_type=all,unverified (host blocked),unverified (host blocked),unverified (host blocked),unverified (host blocked),unverified (host blocked),https://adstransparency.google.com/?region=US&domain=foreupgolf.com,unverified (host blocked),unverified (host blocked),unverified (host blocked),unverified (host blocked),https://www.linkedin.com/ad-library/search?keyword=foreUP%20%28Clubessential%29,unverified (host blocked),unverified (host blocked),0,unverified,unverified (host blocked),0,"Meta +3, Google +3, LinkedIn +1, CTA +1 pending audit",Search-verified tool; no <50-headcount or bootstrapped evidence found in results.,pending (audit),search-verified (URL-cited)
152,Bowl O'Clock,bowloclock.com,https://www.facebook.com/ads/library/?active_status=active&ad_type=all&country=US&q=Bowl%20O%27Clock&search_type=keyword_unordered&media_type=all,unverified (host blocked),unverified (host blocked),unverified (host blocked),unverified (host blocked),unverified (host blocked),https://adstransparency.google.com/?region=US&domain=bowloclock.com,unverified (host blocked),unverified (host blocked),unverified (host blocked),unverified (host blocked),https://www.linkedin.com/ad-library/search?keyword=Bowl%20O%27Clock,unverified (host blocked),unverified (host blocked),0,,unverified (host blocked),0,"Meta +3, Google +3, LinkedIn +1, CTA +1 pending audit",headcount bonus only; all ad-library hosts blocked in this session; no <50-employee or bootstrapped evidence found,pending (audit),search-verified (URL-cited)
152,Brunswick Sync,brunswickbowling.com,https://www.facebook.com/ads/library/?active_status=active&ad_type=all&country=US&q=Brunswick%20Sync&search_type=keyword_unordered&media_type=all,unverified (host blocked),unverified (host blocked),unverified (host blocked),unverified (host blocked),unverified (host blocked),https://adstransparency.google.com/?region=US&domain=brunswickbowling.com,unverified (host blocked),unverified (host blocked),unverified (host blocked),unverified (host blocked),https://www.linkedin.com/ad-library/search?keyword=Brunswick%20Sync,unverified (host blocked),unverified (host blocked),0,,unverified (host blocked),0,"Meta +3, Google +3, LinkedIn +1, CTA +1 pending audit",headcount bonus only; all ad-library hosts blocked in this session; no <50-employee or bootstrapped evidence found,pending (audit),search-verified (URL-cited)
152,CDE Software BLS-2026,cdesoftware.com,https://www.facebook.com/ads/library/?active_status=active&ad_type=all&country=US&q=CDE%20Software%20BLS-2026&search_type=keyword_unordered&media_type=all,unverified (host blocked),unverified (host blocked),unverified (host blocked),unverified (host blocked),unverified (host blocked),https://adstransparency.google.com/?region=US&domain=cdesoftware.com,unverified (host blocked),unverified (host blocked),unverified (host blocked),unverified (host blocked),https://www.linkedin.com/ad-library/search?keyword=CDE%20Software%20BLS-2026,unverified (host blocked),unverified (host blocked),0,,unverified (host blocked),0,"Meta +3, Google +3, LinkedIn +1, CTA +1 pending audit",headcount bonus only; all ad-library hosts blocked in this session; no <50-employee or bootstrapped evidence found,pending (audit),search-verified (URL-cited)
152,Clubspeed,clubspeed.com,https://www.facebook.com/ads/library/?active_status=active&ad_type=all&country=US&q=Clubspeed&search_type=keyword_unordered&media_type=all,unverified (host blocked),unverified (host blocked),unverified (host blocked),unverified (host blocked),unverified (host blocked),https://adstransparency.google.com/?region=US&domain=clubspeed.com,unverified (host blocked),unverified (host blocked),unverified (host blocked),unverified (host blocked),https://www.linkedin.com/ad-library/search?keyword=Clubspeed,unverified (host blocked),unverified (host blocked),0,,unverified (host blocked),0,"Meta +3, Google +3, LinkedIn +1, CTA +1 pending audit",headcount bonus only; all ad-library hosts blocked in this session; no <50-employee or bootstrapped evidence found,pending (audit),search-verified (URL-cited)
152,QubicaAMF Conqueror X,unverified,https://www.facebook.com/ads/library/?active_status=active&ad_type=all&country=US&q=QubicaAMF%20Conqueror%20X&search_type=keyword_unordered&media_type=all,unverified (host blocked),unverified (host blocked),unverified (host blocked),unverified (host blocked),unverified (host blocked),https://adstransparency.google.com/?region=US&domain=,unverified (host blocked),unverified (host blocked),unverified (host blocked),unverified (host blocked),https://www.linkedin.com/ad-library/search?keyword=QubicaAMF%20Conqueror%20X,unverified (host blocked),unverified (host blocked),0,,unverified (host blocked),0,"Meta +3, Google +3, LinkedIn +1, CTA +1 pending audit",headcount bonus only; all ad-library hosts blocked in this session; no <50-employee or bootstrapped evidence found,pending (audit),search-named (no URL captured)
152,Rex Reservations,reservewithrex.com,https://www.facebook.com/ads/library/?active_status=active&ad_type=all&country=US&q=Rex%20Reservations&search_type=keyword_unordered&media_type=all,unverified (host blocked),unverified (host blocked),unverified (host blocked),unverified (host blocked),unverified (host blocked),https://adstransparency.google.com/?region=US&domain=reservewithrex.com,unverified (host blocked),unverified (host blocked),unverified (host blocked),unverified (host blocked),https://www.linkedin.com/ad-library/search?keyword=Rex%20Reservations,unverified (host blocked),unverified (host blocked),0,,unverified (host blocked),0,"Meta +3, Google +3, LinkedIn +1, CTA +1 pending audit",headcount bonus only; all ad-library hosts blocked in this session; no <50-employee or bootstrapped evidence found,pending (audit),search-verified (URL-cited)
152,Steltronic Focus / FOCUS-NEX,steltronicscoring.com,https://www.facebook.com/ads/library/?active_status=active&ad_type=all&country=US&q=Steltronic%20Focus%20/%20FOCUS-NEX&search_type=keyword_unordered&media_type=all,unverified (host blocked),unverified (host blocked),unverified (host blocked),unverified (host blocked),unverified (host blocked),https://adstransparency.google.com/?region=US&domain=steltronicscoring.com,unverified (host blocked),unverified (host blocked),unverified (host blocked),unverified (host blocked),https://www.linkedin.com/ad-library/search?keyword=Steltronic%20Focus%20/%20FOCUS-NEX,unverified (host blocked),unverified (host blocked),0,,unverified (host blocked),0,"Meta +3, Google +3, LinkedIn +1, CTA +1 pending audit",headcount bonus only; all ad-library hosts blocked in this session; no <50-employee or bootstrapped evidence found,pending (audit),search-verified (URL-cited)
152,XEPOS,xe-pos.com,https://www.facebook.com/ads/library/?active_status=active&ad_type=all&country=US&q=XEPOS&search_type=keyword_unordered&media_type=all,unverified (host blocked),unverified (host blocked),unverified (host blocked),unverified (host blocked),unverified (host blocked),https://adstransparency.google.com/?region=US&domain=xe-pos.com,unverified (host blocked),unverified (host blocked),unverified (host blocked),unverified (host blocked),https://www.linkedin.com/ad-library/search?keyword=XEPOS,unverified (host blocked),unverified (host blocked),0,,unverified (host blocked),0,"Meta +3, Google +3, LinkedIn +1, CTA +1 pending audit",headcount bonus only; all ad-library hosts blocked in this session; no <50-employee or bootstrapped evidence found,pending (audit),search-verified (URL-cited)
153,Bonfire,letsbonfire.com,https://www.facebook.com/ads/library/?active_status=active&ad_type=all&country=US&q=Bonfire&search_type=keyword_unordered&media_type=all,unverified (host blocked),unverified (host blocked),unverified (host blocked),unverified (host blocked),unverified (host blocked),https://adstransparency.google.com/?region=US&domain=letsbonfire.com,unverified (host blocked),unverified (host blocked),unverified (host blocked),unverified (host blocked),https://www.linkedin.com/ad-library/search?keyword=Bonfire,unverified (host blocked),unverified (host blocked),2,https://gust.com/companies/letsbonfire,unverified (host blocked),2,"Meta +3, Google +3, LinkedIn +1, CTA +1 pending audit",headcount_bonus=2 only where a result showed <50 employees or bootstrapped (URL in evidence column).,pending (audit),search-verified (URL-cited)
153,CampLife,software.camplife.com,https://www.facebook.com/ads/library/?active_status=active&ad_type=all&country=US&q=CampLife&search_type=keyword_unordered&media_type=all,unverified (host blocked),unverified (host blocked),unverified (host blocked),unverified (host blocked),unverified (host blocked),https://adstransparency.google.com/?region=US&domain=software.camplife.com,unverified (host blocked),unverified (host blocked),unverified (host blocked),unverified (host blocked),https://www.linkedin.com/ad-library/search?keyword=CampLife,unverified (host blocked),unverified (host blocked),2,https://leadiq.com/c/camplife/5a1dcf0a2300005b00d68dec,unverified (host blocked),2,"Meta +3, Google +3, LinkedIn +1, CTA +1 pending audit",headcount_bonus=2 only where a result showed <50 employees or bootstrapped (URL in evidence column).,pending (audit),search-verified (URL-cited)
153,Campground Master,campgroundmaster.com,https://www.facebook.com/ads/library/?active_status=active&ad_type=all&country=US&q=Campground%20Master&search_type=keyword_unordered&media_type=all,unverified (host blocked),unverified (host blocked),unverified (host blocked),unverified (host blocked),unverified (host blocked),https://adstransparency.google.com/?region=US&domain=campgroundmaster.com,unverified (host blocked),unverified (host blocked),unverified (host blocked),unverified (host blocked),https://www.linkedin.com/ad-library/search?keyword=Campground%20Master,unverified (host blocked),unverified (host blocked),0,n/a,unverified (host blocked),0,"Meta +3, Google +3, LinkedIn +1, CTA +1 pending audit",headcount_bonus=2 only where a result showed <50 employees or bootstrapped (URL in evidence column).,pending (audit),search-verified (URL-cited)
153,Campspot,campspot.com,https://www.facebook.com/ads/library/?active_status=active&ad_type=all&country=US&q=Campspot&search_type=keyword_unordered&media_type=all,unverified (host blocked),unverified (host blocked),unverified (host blocked),unverified (host blocked),unverified (host blocked),https://adstransparency.google.com/?region=US&domain=campspot.com,unverified (host blocked),unverified (host blocked),unverified (host blocked),unverified (host blocked),https://www.linkedin.com/ad-library/search?keyword=Campspot,unverified (host blocked),unverified (host blocked),0,n/a,unverified (host blocked),0,"Meta +3, Google +3, LinkedIn +1, CTA +1 pending audit",headcount_bonus=2 only where a result showed <50 employees or bootstrapped (URL in evidence column).,pending (audit),search-verified (URL-cited)
153,Firefly Reservations,fireflyreservations.com,https://www.facebook.com/ads/library/?active_status=active&ad_type=all&country=US&q=Firefly%20Reservations&search_type=keyword_unordered&media_type=all,unverified (host blocked),unverified (host blocked),unverified (host blocked),unverified (host blocked),unverified (host blocked),https://adstransparency.google.com/?region=US&domain=fireflyreservations.com,unverified (host blocked),unverified (host blocked),unverified (host blocked),unverified (host blocked),https://www.linkedin.com/ad-library/search?keyword=Firefly%20Reservations,unverified (host blocked),unverified (host blocked),0,n/a,unverified (host blocked),0,"Meta +3, Google +3, LinkedIn +1, CTA +1 pending audit",headcount_bonus=2 only where a result showed <50 employees or bootstrapped (URL in evidence column).,pending (audit),search-verified (URL-cited)
153,GraceSoft,gracesoft.com,https://www.facebook.com/ads/library/?active_status=active&ad_type=all&country=US&q=GraceSoft&search_type=keyword_unordered&media_type=all,unverified (host blocked),unverified (host blocked),unverified (host blocked),unverified (host blocked),unverified (host blocked),https://adstransparency.google.com/?region=US&domain=gracesoft.com,unverified (host blocked),unverified (host blocked),unverified (host blocked),unverified (host blocked),https://www.linkedin.com/ad-library/search?keyword=GraceSoft,unverified (host blocked),unverified (host blocked),0,n/a,unverified (host blocked),0,"Meta +3, Google +3, LinkedIn +1, CTA +1 pending audit",headcount_bonus=2 only where a result showed <50 employees or bootstrapped (URL in evidence column).,pending (audit),search-verified (URL-cited)
153,Keepr,keeprstay.com,https://www.facebook.com/ads/library/?active_status=active&ad_type=all&country=US&q=Keepr&search_type=keyword_unordered&media_type=all,unverified (host blocked),unverified (host blocked),unverified (host blocked),unverified (host blocked),unverified (host blocked),https://adstransparency.google.com/?region=US&domain=keeprstay.com,unverified (host blocked),unverified (host blocked),unverified (host blocked),unverified (host blocked),https://www.linkedin.com/ad-library/search?keyword=Keepr,unverified (host blocked),unverified (host blocked),0,n/a,unverified (host blocked),0,"Meta +3, Google +3, LinkedIn +1, CTA +1 pending audit",headcount_bonus=2 only where a result showed <50 employees or bootstrapped (URL in evidence column).,pending (audit),search-verified (URL-cited)
153,Premier Campground Management (PCM),premiercampground.com,https://www.facebook.com/ads/library/?active_status=active&ad_type=all&country=US&q=Premier%20Campground%20Management%20%28PCM%29&search_type=keyword_unordered&media_type=all,unverified (host blocked),unverified (host blocked),unverified (host blocked),unverified (host blocked),unverified (host blocked),https://adstransparency.google.com/?region=US&domain=premiercampground.com,unverified (host blocked),unverified (host blocked),unverified (host blocked),unverified (host blocked),https://www.linkedin.com/ad-library/search?keyword=Premier%20Campground%20Management%20%28PCM%29,unverified (host blocked),unverified (host blocked),0,n/a,unverified (host blocked),0,"Meta +3, Google +3, LinkedIn +1, CTA +1 pending audit",headcount_bonus=2 only where a result showed <50 employees or bootstrapped (URL in evidence column).,pending (audit),search-verified (URL-cited)
153,ReservationKey,reservationkey.com,https://www.facebook.com/ads/library/?active_status=active&ad_type=all&country=US&q=ReservationKey&search_type=keyword_unordered&media_type=all,unverified (host blocked),unverified (host blocked),unverified (host blocked),unverified (host blocked),unverified (host blocked),https://adstransparency.google.com/?region=US&domain=reservationkey.com,unverified (host blocked),unverified (host blocked),unverified (host blocked),unverified (host blocked),https://www.linkedin.com/ad-library/search?keyword=ReservationKey,unverified (host blocked),unverified (host blocked),0,n/a,unverified (host blocked),0,"Meta +3, Google +3, LinkedIn +1, CTA +1 pending audit",headcount_bonus=2 only where a result showed <50 employees or bootstrapped (URL in evidence column).,pending (audit),search-verified (URL-cited)
153,RoverPass,software.roverpass.com,https://www.facebook.com/ads/library/?active_status=active&ad_type=all&country=US&q=RoverPass&search_type=keyword_unordered&media_type=all,unverified (host blocked),unverified (host blocked),unverified (host blocked),unverified (host blocked),unverified (host blocked),https://adstransparency.google.com/?region=US&domain=software.roverpass.com,unverified (host blocked),unverified (host blocked),unverified (host blocked),unverified (host blocked),https://www.linkedin.com/ad-library/search?keyword=RoverPass,unverified (host blocked),unverified (host blocked),2,https://tracxn.com/d/companies/roverpass/__QpiSrUS8oDllHLS_Uu05zzXRbZ4ABeudFSsQirO3XIU,unverified (host blocked),2,"Meta +3, Google +3, LinkedIn +1, CTA +1 pending audit",headcount_bonus=2 only where a result showed <50 employees or bootstrapped (URL in evidence column).,pending (audit),search-verified (URL-cited)
154,Cloudbeds (B&B page),cloudbeds.com,https://www.facebook.com/ads/library/?active_status=active&ad_type=all&country=US&q=Cloudbeds%20%28B%26B%20page%29&search_type=keyword_unordered&media_type=all,unverified (host blocked),unverified (host blocked),unverified (host blocked),unverified (host blocked),unverified (host blocked),https://adstransparency.google.com/?region=US&domain=cloudbeds.com,unverified (host blocked),unverified (host blocked),unverified (host blocked),unverified (host blocked),https://www.linkedin.com/ad-library/search?keyword=Cloudbeds%20%28B%26B%20page%29,unverified (host blocked),unverified (host blocked),0,n/a,unverified (host blocked),0,"Meta +3, Google +3, LinkedIn +1, CTA +1 pending audit",Ad libraries unreachable from this environment (egress policy); counts pending local audit.,pending (audit),search-verified (URL-cited)
154,GraceSoft Easy InnKeeping,gracesoft.com,https://www.facebook.com/ads/library/?active_status=active&ad_type=all&country=US&q=GraceSoft%20Easy%20InnKeeping&search_type=keyword_unordered&media_type=all,unverified (host blocked),unverified (host blocked),unverified (host blocked),unverified (host blocked),unverified (host blocked),https://adstransparency.google.com/?region=US&domain=gracesoft.com,unverified (host blocked),unverified (host blocked),unverified (host blocked),unverified (host blocked),https://www.linkedin.com/ad-library/search?keyword=GraceSoft%20Easy%20InnKeeping,unverified (host blocked),unverified (host blocked),2,https://www.softwaresuggest.com/easy-innkeeping,unverified (host blocked),2,"Meta +3, Google +3, LinkedIn +1, CTA +1 pending audit",Ad libraries unreachable from this environment (egress policy); counts pending local audit. Headcount bonus: result shows <50 employees or bootstrapped.,pending (audit),search-verified (URL-cited)
154,Little Hotelier (SiteMinder),littlehotelier.com,https://www.facebook.com/ads/library/?active_status=active&ad_type=all&country=US&q=Little%20Hotelier%20%28SiteMinder%29&search_type=keyword_unordered&media_type=all,unverified (host blocked),unverified (host blocked),unverified (host blocked),unverified (host blocked),unverified (host blocked),https://adstransparency.google.com/?region=US&domain=littlehotelier.com,unverified (host blocked),unverified (host blocked),unverified (host blocked),unverified (host blocked),https://www.linkedin.com/ad-library/search?keyword=Little%20Hotelier%20%28SiteMinder%29,unverified (host blocked),unverified (host blocked),0,n/a,unverified (host blocked),0,"Meta +3, Google +3, LinkedIn +1, CTA +1 pending audit",Ad libraries unreachable from this environment (egress policy); counts pending local audit.,pending (audit),search-verified (URL-cited)
154,ResNexus,resnexus.com,https://www.facebook.com/ads/library/?active_status=active&ad_type=all&country=US&q=ResNexus&search_type=keyword_unordered&media_type=all,unverified (host blocked),unverified (host blocked),unverified (host blocked),unverified (host blocked),unverified (host blocked),https://adstransparency.google.com/?region=US&domain=resnexus.com,unverified (host blocked),unverified (host blocked),unverified (host blocked),unverified (host blocked),https://www.linkedin.com/ad-library/search?keyword=ResNexus,unverified (host blocked),unverified (host blocked),2,https://www.cbinsights.com/company/resnexus,unverified (host blocked),2,"Meta +3, Google +3, LinkedIn +1, CTA +1 pending audit",Ad libraries unreachable from this environment (egress policy); counts pending local audit. Headcount bonus: result shows <50 employees or bootstrapped.,pending (audit),search-verified (URL-cited)
154,ReservationKey,reservationkey.com,https://www.facebook.com/ads/library/?active_status=active&ad_type=all&country=US&q=ReservationKey&search_type=keyword_unordered&media_type=all,unverified (host blocked),unverified (host blocked),unverified (host blocked),unverified (host blocked),unverified (host blocked),https://adstransparency.google.com/?region=US&domain=reservationkey.com,unverified (host blocked),unverified (host blocked),unverified (host blocked),unverified (host blocked),https://www.linkedin.com/ad-library/search?keyword=ReservationKey,unverified (host blocked),unverified (host blocked),0,n/a,unverified (host blocked),0,"Meta +3, Google +3, LinkedIn +1, CTA +1 pending audit",Ad libraries unreachable from this environment (egress policy); counts pending local audit.,pending (audit),search-verified (URL-cited)
154,ThinkReservations,thinkreservations.com,https://www.facebook.com/ads/library/?active_status=active&ad_type=all&country=US&q=ThinkReservations&search_type=keyword_unordered&media_type=all,unverified (host blocked),unverified (host blocked),unverified (host blocked),unverified (host blocked),unverified (host blocked),https://adstransparency.google.com/?region=US&domain=thinkreservations.com,unverified (host blocked),unverified (host blocked),unverified (host blocked),unverified (host blocked),https://www.linkedin.com/ad-library/search?keyword=ThinkReservations,unverified (host blocked),unverified (host blocked),2,https://leadiq.com/c/thinkreservations/5acdc0d0470000bb00611c34,unverified (host blocked),2,"Meta +3, Google +3, LinkedIn +1, CTA +1 pending audit",Ad libraries unreachable from this environment (egress policy); counts pending local audit. Headcount bonus: result shows <50 employees or bootstrapped.,pending (audit),search-verified (URL-cited)
154,eviivo Suite,eviivo.com,https://www.facebook.com/ads/library/?active_status=active&ad_type=all&country=US&q=eviivo%20Suite&search_type=keyword_unordered&media_type=all,unverified (host blocked),unverified (host blocked),unverified (host blocked),unverified (host blocked),unverified (host blocked),https://adstransparency.google.com/?region=US&domain=eviivo.com,unverified (host blocked),unverified (host blocked),unverified (host blocked),unverified (host blocked),https://www.linkedin.com/ad-library/search?keyword=eviivo%20Suite,unverified (host blocked),unverified (host blocked),0,n/a,unverified (host blocked),0,"Meta +3, Google +3, LinkedIn +1, CTA +1 pending audit",Ad libraries unreachable from this environment (egress policy); counts pending local audit.,pending (audit),search-verified (URL-cited)
154,innRoad,innroad.com,https://www.facebook.com/ads/library/?active_status=active&ad_type=all&country=US&q=innRoad&search_type=keyword_unordered&media_type=all,unverified (host blocked),unverified (host blocked),unverified (host blocked),unverified (host blocked),unverified (host blocked),https://adstransparency.google.com/?region=US&domain=innroad.com,unverified (host blocked),unverified (host blocked),unverified (host blocked),unverified (host blocked),https://www.linkedin.com/ad-library/search?keyword=innRoad,unverified (host blocked),unverified (host blocked),0,n/a,unverified (host blocked),0,"Meta +3, Google +3, LinkedIn +1, CTA +1 pending audit",Ad libraries unreachable from this environment (egress policy); counts pending local audit.,pending (audit),search-verified (URL-cited)
155,FareHarbor,unverified,https://www.facebook.com/ads/library/?active_status=active&ad_type=all&country=US&q=FareHarbor&search_type=keyword_unordered&media_type=all,unverified (host blocked),unverified (host blocked),unverified (host blocked),unverified (host blocked),unverified (host blocked),https://adstransparency.google.com/?region=US&domain=,unverified (host blocked),unverified (host blocked),unverified (host blocked),unverified (host blocked),https://www.linkedin.com/ad-library/search?keyword=FareHarbor,unverified (host blocked),unverified (host blocked),0,unverified,unverified (host blocked),0,"Meta +3, Google +3, LinkedIn +1, CTA +1 pending audit",domain not seen in a result URL; Google lookup needs the domain,pending (audit),search-verified (URL-cited)
155,GuideTime,guidetimebooking.com,https://www.facebook.com/ads/library/?active_status=active&ad_type=all&country=US&q=GuideTime&search_type=keyword_unordered&media_type=all,unverified (host blocked),unverified (host blocked),unverified (host blocked),unverified (host blocked),unverified (host blocked),https://adstransparency.google.com/?region=US&domain=guidetimebooking.com,unverified (host blocked),unverified (host blocked),unverified (host blocked),unverified (host blocked),https://www.linkedin.com/ad-library/search?keyword=GuideTime,unverified (host blocked),unverified (host blocked),0,unverified,unverified (host blocked),0,"Meta +3, Google +3, LinkedIn +1, CTA +1 pending audit",,pending (audit),search-verified (URL-cited)
155,Guided Outdoors (GO360),guidedoutdoors.com,https://www.facebook.com/ads/library/?active_status=active&ad_type=all&country=US&q=Guided%20Outdoors%20%28GO360%29&search_type=keyword_unordered&media_type=all,unverified (host blocked),unverified (host blocked),unverified (host blocked),unverified (host blocked),unverified (host blocked),https://adstransparency.google.com/?region=US&domain=guidedoutdoors.com,unverified (host blocked),unverified (host blocked),unverified (host blocked),unverified (host blocked),https://www.linkedin.com/ad-library/search?keyword=Guided%20Outdoors%20%28GO360%29,unverified (host blocked),unverified (host blocked),0,unverified,unverified (host blocked),0,"Meta +3, Google +3, LinkedIn +1, CTA +1 pending audit",,pending (audit),search-verified (URL-cited)
155,Guidesly,guidesly.com,https://www.facebook.com/ads/library/?active_status=active&ad_type=all&country=US&q=Guidesly&search_type=keyword_unordered&media_type=all,unverified (host blocked),unverified (host blocked),unverified (host blocked),unverified (host blocked),unverified (host blocked),https://adstransparency.google.com/?region=US&domain=guidesly.com,unverified (host blocked),unverified (host blocked),unverified (host blocked),unverified (host blocked),https://www.linkedin.com/ad-library/search?keyword=Guidesly,unverified (host blocked),unverified (host blocked),0,unverified,unverified (host blocked),0,"Meta +3, Google +3, LinkedIn +1, CTA +1 pending audit",,pending (audit),search-verified (URL-cited)
155,Hunt Outfitter,huntoutfitter.app,https://www.facebook.com/ads/library/?active_status=active&ad_type=all&country=US&q=Hunt%20Outfitter&search_type=keyword_unordered&media_type=all,unverified (host blocked),unverified (host blocked),unverified (host blocked),unverified (host blocked),unverified (host blocked),https://adstransparency.google.com/?region=US&domain=huntoutfitter.app,unverified (host blocked),unverified (host blocked),unverified (host blocked),unverified (host blocked),https://www.linkedin.com/ad-library/search?keyword=Hunt%20Outfitter,unverified (host blocked),unverified (host blocked),0,unverified,unverified (host blocked),0,"Meta +3, Google +3, LinkedIn +1, CTA +1 pending audit",,pending (audit),search-verified (URL-cited)
155,HuntDocs,myhuntdocs.com,https://www.facebook.com/ads/library/?active_status=active&ad_type=all&country=US&q=HuntDocs&search_type=keyword_unordered&media_type=all,unverified (host blocked),unverified (host blocked),unverified (host blocked),unverified (host blocked),unverified (host blocked),https://adstransparency.google.com/?region=US&domain=myhuntdocs.com,unverified (host blocked),unverified (host blocked),unverified (host blocked),unverified (host blocked),https://www.linkedin.com/ad-library/search?keyword=HuntDocs,unverified (host blocked),unverified (host blocked),0,unverified,unverified (host blocked),0,"Meta +3, Google +3, LinkedIn +1, CTA +1 pending audit",,pending (audit),search-verified (URL-cited)
155,HuntPay,huntpay.com,https://www.facebook.com/ads/library/?active_status=active&ad_type=all&country=US&q=HuntPay&search_type=keyword_unordered&media_type=all,unverified (host blocked),unverified (host blocked),unverified (host blocked),unverified (host blocked),unverified (host blocked),https://adstransparency.google.com/?region=US&domain=huntpay.com,unverified (host blocked),unverified (host blocked),unverified (host blocked),unverified (host blocked),https://www.linkedin.com/ad-library/search?keyword=HuntPay,unverified (host blocked),unverified (host blocked),0,unverified,unverified (host blocked),0,"Meta +3, Google +3, LinkedIn +1, CTA +1 pending audit",,pending (audit),search-verified (URL-cited)
155,LodgeRunner,lodgerunner.com,https://www.facebook.com/ads/library/?active_status=active&ad_type=all&country=US&q=LodgeRunner&search_type=keyword_unordered&media_type=all,unverified (host blocked),unverified (host blocked),unverified (host blocked),unverified (host blocked),unverified (host blocked),https://adstransparency.google.com/?region=US&domain=lodgerunner.com,unverified (host blocked),unverified (host blocked),unverified (host blocked),unverified (host blocked),https://www.linkedin.com/ad-library/search?keyword=LodgeRunner,unverified (host blocked),unverified (host blocked),0,unverified,unverified (host blocked),0,"Meta +3, Google +3, LinkedIn +1, CTA +1 pending audit",,pending (audit),search-verified (URL-cited)
155,Xola,xola.com,https://www.facebook.com/ads/library/?active_status=active&ad_type=all&country=US&q=Xola&search_type=keyword_unordered&media_type=all,unverified (host blocked),unverified (host blocked),unverified (host blocked),unverified (host blocked),unverified (host blocked),https://adstransparency.google.com/?region=US&domain=xola.com,unverified (host blocked),unverified (host blocked),unverified (host blocked),unverified (host blocked),https://www.linkedin.com/ad-library/search?keyword=Xola,unverified (host blocked),unverified (host blocked),0,unverified,unverified (host blocked),0,"Meta +3, Google +3, LinkedIn +1, CTA +1 pending audit",,pending (audit),search-verified (URL-cited)
156,Arketa,arketa.com,https://www.facebook.com/ads/library/?active_status=active&ad_type=all&country=US&q=Arketa&search_type=keyword_unordered&media_type=all,unverified (host blocked),unverified (host blocked),unverified (host blocked),unverified (host blocked),unverified (host blocked),https://adstransparency.google.com/?region=US&domain=arketa.com,unverified,unverified (host blocked),unverified (host blocked),unverified (host blocked),https://www.linkedin.com/ad-library/search?keyword=Arketa,unverified (host blocked),unverified (host blocked),0,unverified,unverified,0,"Meta +3, Google +3, LinkedIn +1, CTA +1 pending audit",headcount >=50 or ambiguous; no bonus,pending (audit),search-verified (URL-cited)
156,Mindbody,mindbodyonline.com,https://www.facebook.com/ads/library/?active_status=active&ad_type=all&country=US&q=Mindbody&search_type=keyword_unordered&media_type=all,unverified (host blocked),unverified (host blocked),unverified (host blocked),unverified (host blocked),unverified (host blocked),https://adstransparency.google.com/?region=US&domain=mindbodyonline.com,unverified,unverified (host blocked),unverified (host blocked),unverified (host blocked),https://www.linkedin.com/ad-library/search?keyword=Mindbody,unverified (host blocked),unverified (host blocked),0,unverified,unverified,0,"Meta +3, Google +3, LinkedIn +1, CTA +1 pending audit",headcount/funding not verified in results,pending (audit),search-verified (URL-cited)
156,Momence (Clubessential Holdings),momence.com,https://www.facebook.com/ads/library/?active_status=active&ad_type=all&country=US&q=Momence%20%28Clubessential%20Holdings%29&search_type=keyword_unordered&media_type=all,unverified (host blocked),unverified (host blocked),unverified (host blocked),unverified (host blocked),unverified (host blocked),https://adstransparency.google.com/?region=US&domain=momence.com,unverified,unverified (host blocked),unverified (host blocked),unverified (host blocked),https://www.linkedin.com/ad-library/search?keyword=Momence%20%28Clubessential%20Holdings%29,unverified (host blocked),unverified (host blocked),0,unverified,unverified,0,"Meta +3, Google +3, LinkedIn +1, CTA +1 pending audit",headcount/funding not verified in results,pending (audit),search-verified (URL-cited)
156,Momoyoga,momoyoga.com,https://www.facebook.com/ads/library/?active_status=active&ad_type=all&country=US&q=Momoyoga&search_type=keyword_unordered&media_type=all,unverified (host blocked),unverified (host blocked),unverified (host blocked),unverified (host blocked),unverified (host blocked),https://adstransparency.google.com/?region=US&domain=momoyoga.com,unverified,unverified (host blocked),unverified (host blocked),unverified (host blocked),https://www.linkedin.com/ad-library/search?keyword=Momoyoga,unverified (host blocked),unverified (host blocked),0,unverified,unverified,0,"Meta +3, Google +3, LinkedIn +1, CTA +1 pending audit",headcount/funding not verified in results,pending (audit),search-verified (URL-cited)
156,StudioBookings,studiobookings.com,https://www.facebook.com/ads/library/?active_status=active&ad_type=all&country=US&q=StudioBookings&search_type=keyword_unordered&media_type=all,unverified (host blocked),unverified (host blocked),unverified (host blocked),unverified (host blocked),unverified (host blocked),https://adstransparency.google.com/?region=US&domain=studiobookings.com,unverified,unverified (host blocked),unverified (host blocked),unverified (host blocked),https://www.linkedin.com/ad-library/search?keyword=StudioBookings,unverified (host blocked),unverified (host blocked),0,unverified,unverified,0,"Meta +3, Google +3, LinkedIn +1, CTA +1 pending audit",headcount/funding not verified in results,pending (audit),search-verified (URL-cited)
156,Vagaro (yoga),vagaro.com,https://www.facebook.com/ads/library/?active_status=active&ad_type=all&country=US&q=Vagaro%20%28yoga%29&search_type=keyword_unordered&media_type=all,unverified (host blocked),unverified (host blocked),unverified (host blocked),unverified (host blocked),unverified (host blocked),https://adstransparency.google.com/?region=US&domain=vagaro.com,unverified,unverified (host blocked),unverified (host blocked),unverified (host blocked),https://www.linkedin.com/ad-library/search?keyword=Vagaro%20%28yoga%29,unverified (host blocked),unverified (host blocked),0,unverified,unverified,0,"Meta +3, Google +3, LinkedIn +1, CTA +1 pending audit",headcount/funding not verified in results,pending (audit),search-verified (URL-cited)
156,Walla,hellowalla.com,https://www.facebook.com/ads/library/?active_status=active&ad_type=all&country=US&q=Walla&search_type=keyword_unordered&media_type=all,unverified (host blocked),unverified (host blocked),unverified (host blocked),unverified (host blocked),unverified (host blocked),https://adstransparency.google.com/?region=US&domain=hellowalla.com,unverified,unverified (host blocked),unverified (host blocked),unverified (host blocked),https://www.linkedin.com/ad-library/search?keyword=Walla,unverified (host blocked),unverified (host blocked),2,https://www.sdbj.com/technology/software/walla-bolsters-financial-fitness-of-fitness-studios/,unverified,2,"Meta +3, Google +3, LinkedIn +1, CTA +1 pending audit",headcount <50 or bootstrapped per cited result,pending (audit),search-verified (URL-cited)
156,WellnessLiving,wellnessliving.com,https://www.facebook.com/ads/library/?active_status=active&ad_type=all&country=US&q=WellnessLiving&search_type=keyword_unordered&media_type=all,unverified (host blocked),unverified (host blocked),unverified (host blocked),unverified (host blocked),unverified (host blocked),https://adstransparency.google.com/?region=US&domain=wellnessliving.com,unverified,unverified (host blocked),unverified (host blocked),unverified (host blocked),https://www.linkedin.com/ad-library/search?keyword=WellnessLiving,unverified (host blocked),unverified (host blocked),0,unverified,unverified,0,"Meta +3, Google +3, LinkedIn +1, CTA +1 pending audit",headcount/funding not verified in results,pending (audit),search-verified (URL-cited)
156,Zenoti,zenoti.com,https://www.facebook.com/ads/library/?active_status=active&ad_type=all&country=US&q=Zenoti&search_type=keyword_unordered&media_type=all,unverified (host blocked),unverified (host blocked),unverified (host blocked),unverified (host blocked),unverified (host blocked),https://adstransparency.google.com/?region=US&domain=zenoti.com,unverified,unverified (host blocked),unverified (host blocked),unverified (host blocked),https://www.linkedin.com/ad-library/search?keyword=Zenoti,unverified (host blocked),unverified (host blocked),0,unverified,unverified,0,"Meta +3, Google +3, LinkedIn +1, CTA +1 pending audit",headcount/funding not verified in results,pending (audit),search-verified (URL-cited)
157,BarnManager,unverified,https://www.facebook.com/ads/library/?active_status=active&ad_type=all&country=US&q=BarnManager&search_type=keyword_unordered&media_type=all,unverified (host blocked),unverified (host blocked),unverified (host blocked),unverified (host blocked),unverified (host blocked),https://adstransparency.google.com/?region=US&domain=,unverified (host blocked),unverified (host blocked),unverified (host blocked),unverified (host blocked),https://www.linkedin.com/ad-library/search?keyword=BarnManager,unverified (host blocked),unverified (host blocked),0,unverified,unverified (host blocked),0,"Meta +3, Google +3, LinkedIn +1, CTA +1 pending audit",Lookup URLs prebuilt; run scraper/ locally to fill counts.,pending (audit),search-verified (URL-cited)
157,Equine Simplified,equinesimplified.com,https://www.facebook.com/ads/library/?active_status=active&ad_type=all&country=US&q=Equine%20Simplified&search_type=keyword_unordered&media_type=all,unverified (host blocked),unverified (host blocked),unverified (host blocked),unverified (host blocked),unverified (host blocked),https://adstransparency.google.com/?region=US&domain=equinesimplified.com,unverified (host blocked),unverified (host blocked),unverified (host blocked),unverified (host blocked),https://www.linkedin.com/ad-library/search?keyword=Equine%20Simplified,unverified (host blocked),unverified (host blocked),0,unverified,unverified (host blocked),0,"Meta +3, Google +3, LinkedIn +1, CTA +1 pending audit",Lookup URLs prebuilt; run scraper/ locally to fill counts.,pending (audit),search-verified (URL-cited)
157,Paddock Pro,unverified,https://www.facebook.com/ads/library/?active_status=active&ad_type=all&country=US&q=Paddock%20Pro&search_type=keyword_unordered&media_type=all,unverified (host blocked),unverified (host blocked),unverified (host blocked),unverified (host blocked),unverified (host blocked),https://adstransparency.google.com/?region=US&domain=,unverified (host blocked),unverified (host blocked),unverified (host blocked),unverified (host blocked),https://www.linkedin.com/ad-library/search?keyword=Paddock%20Pro,unverified (host blocked),unverified (host blocked),0,unverified,unverified (host blocked),0,"Meta +3, Google +3, LinkedIn +1, CTA +1 pending audit",Lookup URLs prebuilt; run scraper/ locally to fill counts.,pending (audit),search-verified (URL-cited)
157,Stable Secretary,stablesecretary.com,https://www.facebook.com/ads/library/?active_status=active&ad_type=all&country=US&q=Stable%20Secretary&search_type=keyword_unordered&media_type=all,unverified (host blocked),unverified (host blocked),unverified (host blocked),unverified (host blocked),unverified (host blocked),https://adstransparency.google.com/?region=US&domain=stablesecretary.com,unverified (host blocked),unverified (host blocked),unverified (host blocked),unverified (host blocked),https://www.linkedin.com/ad-library/search?keyword=Stable%20Secretary,unverified (host blocked),unverified (host blocked),2,https://www.linkedin.com/company/stable-secretary,unverified (host blocked),2,"Meta +3, Google +3, LinkedIn +1, CTA +1 pending audit",Lookup URLs prebuilt; run scraper/ locally to fill counts.,pending (audit),search-verified (URL-cited)
157,Stablebuzz,stablebuzz.com,https://www.facebook.com/ads/library/?active_status=active&ad_type=all&country=US&q=Stablebuzz&search_type=keyword_unordered&media_type=all,unverified (host blocked),unverified (host blocked),unverified (host blocked),unverified (host blocked),unverified (host blocked),https://adstransparency.google.com/?region=US&domain=stablebuzz.com,unverified (host blocked),unverified (host blocked),unverified (host blocked),unverified (host blocked),https://www.linkedin.com/ad-library/search?keyword=Stablebuzz,unverified (host blocked),unverified (host blocked),0,unverified,unverified (host blocked),0,"Meta +3, Google +3, LinkedIn +1, CTA +1 pending audit",Lookup URLs prebuilt; run scraper/ locally to fill counts.,pending (audit),search-verified (URL-cited)
157,Stables (stables.co),stables.co,https://www.facebook.com/ads/library/?active_status=active&ad_type=all&country=US&q=Stables%20%28stables.co%29&search_type=keyword_unordered&media_type=all,unverified (host blocked),unverified (host blocked),unverified (host blocked),unverified (host blocked),unverified (host blocked),https://adstransparency.google.com/?region=US&domain=stables.co,unverified (host blocked),unverified (host blocked),unverified (host blocked),unverified (host blocked),https://www.linkedin.com/ad-library/search?keyword=Stables%20%28stables.co%29,unverified (host blocked),unverified (host blocked),0,unverified,unverified (host blocked),0,"Meta +3, Google +3, LinkedIn +1, CTA +1 pending audit",Lookup URLs prebuilt; run scraper/ locally to fill counts.,pending (audit),search-verified (URL-cited)
157,Stables Systems,stablessystems.com,https://www.facebook.com/ads/library/?active_status=active&ad_type=all&country=US&q=Stables%20Systems&search_type=keyword_unordered&media_type=all,unverified (host blocked),unverified (host blocked),unverified (host blocked),unverified (host blocked),unverified (host blocked),https://adstransparency.google.com/?region=US&domain=stablessystems.com,unverified (host blocked),unverified (host blocked),unverified (host blocked),unverified (host blocked),https://www.linkedin.com/ad-library/search?keyword=Stables%20Systems,unverified (host blocked),unverified (host blocked),0,unverified,unverified (host blocked),0,"Meta +3, Google +3, LinkedIn +1, CTA +1 pending audit",Lookup URLs prebuilt; run scraper/ locally to fill counts.,pending (audit),search-verified (URL-cited)
157,eSoft Planner,esoftplanner.com,https://www.facebook.com/ads/library/?active_status=active&ad_type=all&country=US&q=eSoft%20Planner&search_type=keyword_unordered&media_type=all,unverified (host blocked),unverified (host blocked),unverified (host blocked),unverified (host blocked),unverified (host blocked),https://adstransparency.google.com/?region=US&domain=esoftplanner.com,unverified (host blocked),unverified (host blocked),unverified (host blocked),unverified (host blocked),https://www.linkedin.com/ad-library/search?keyword=eSoft%20Planner,unverified (host blocked),unverified (host blocked),0,unverified,unverified (host blocked),0,"Meta +3, Google +3, LinkedIn +1, CTA +1 pending audit",Lookup URLs prebuilt; run scraper/ locally to fill counts.,pending (audit),search-verified (URL-cited)
158,Event Temple,eventtemple.com,https://www.facebook.com/ads/library/?active_status=active&ad_type=all&country=US&q=Event%20Temple&search_type=keyword_unordered&media_type=all,unverified (host blocked),unverified (host blocked),unverified (host blocked),unverified (host blocked),unverified (host blocked),https://adstransparency.google.com/?region=US&domain=eventtemple.com,unverified (host blocked),unverified (host blocked),unverified (host blocked),unverified (host blocked),https://www.linkedin.com/ad-library/search?keyword=Event%20Temple,unverified (host blocked),unverified (host blocked),2,https://getlatka.com/companies/eventtemple.com,unverified (host blocked),2,"Meta +3, Google +3, LinkedIn +1, CTA +1 pending audit",Search-verified tool; all platform counts await local scraper run.,pending (audit),search-verified (URL-cited)
158,Perfect Venue,perfectvenue.com,https://www.facebook.com/ads/library/?active_status=active&ad_type=all&country=US&q=Perfect%20Venue&search_type=keyword_unordered&media_type=all,unverified (host blocked),unverified (host blocked),unverified (host blocked),unverified (host blocked),unverified (host blocked),https://adstransparency.google.com/?region=US&domain=perfectvenue.com,unverified (host blocked),unverified (host blocked),unverified (host blocked),unverified (host blocked),https://www.linkedin.com/ad-library/search?keyword=Perfect%20Venue,unverified (host blocked),unverified (host blocked),2,https://tracxn.com/d/companies/perfect-venue/__0LP8K3Bfqje8ZxOzUNqiXSQ0ehcp6EJYZFQPCLKsz3I,unverified (host blocked),2,"Meta +3, Google +3, LinkedIn +1, CTA +1 pending audit",Search-verified tool; all platform counts await local scraper run.,pending (audit),search-verified (URL-cited)
158,Planning Pod,planningpod.com,https://www.facebook.com/ads/library/?active_status=active&ad_type=all&country=US&q=Planning%20Pod&search_type=keyword_unordered&media_type=all,unverified (host blocked),unverified (host blocked),unverified (host blocked),unverified (host blocked),unverified (host blocked),https://adstransparency.google.com/?region=US&domain=planningpod.com,unverified (host blocked),unverified (host blocked),unverified (host blocked),unverified (host blocked),https://www.linkedin.com/ad-library/search?keyword=Planning%20Pod,unverified (host blocked),unverified (host blocked),2,https://tracxn.com/d/companies/planningpod/__GLKXY-IUf9A-flv6xHNNXn5NgMKjA6xbpFUpjLJbq4U,unverified (host blocked),2,"Meta +3, Google +3, LinkedIn +1, CTA +1 pending audit",Search-verified tool; all platform counts await local scraper run.,pending (audit),search-verified (URL-cited)
158,Releventful,releventful.com,https://www.facebook.com/ads/library/?active_status=active&ad_type=all&country=US&q=Releventful&search_type=keyword_unordered&media_type=all,unverified (host blocked),unverified (host blocked),unverified (host blocked),unverified (host blocked),unverified (host blocked),https://adstransparency.google.com/?region=US&domain=releventful.com,unverified (host blocked),unverified (host blocked),unverified (host blocked),unverified (host blocked),https://www.linkedin.com/ad-library/search?keyword=Releventful,unverified (host blocked),unverified (host blocked),0,unverified,unverified (host blocked),0,"Meta +3, Google +3, LinkedIn +1, CTA +1 pending audit",Search-verified tool; no <50-headcount or bootstrapped evidence found in results.,pending (audit),search-verified (URL-cited)
158,Tripleseat,tripleseat.com,https://www.facebook.com/ads/library/?active_status=active&ad_type=all&country=US&q=Tripleseat&search_type=keyword_unordered&media_type=all,unverified (host blocked),unverified (host blocked),unverified (host blocked),unverified (host blocked),unverified (host blocked),https://adstransparency.google.com/?region=US&domain=tripleseat.com,unverified (host blocked),unverified (host blocked),unverified (host blocked),unverified (host blocked),https://www.linkedin.com/ad-library/search?keyword=Tripleseat,unverified (host blocked),unverified (host blocked),0,unverified,unverified (host blocked),0,"Meta +3, Google +3, LinkedIn +1, CTA +1 pending audit",Search-verified tool; no <50-headcount or bootstrapped evidence found in results.,pending (audit),search-verified (URL-cited)
159,BoothBook,boothbook.com,https://www.facebook.com/ads/library/?active_status=active&ad_type=all&country=US&q=BoothBook&search_type=keyword_unordered&media_type=all,unverified (host blocked),unverified (host blocked),unverified (host blocked),unverified (host blocked),unverified (host blocked),https://adstransparency.google.com/?region=US&domain=boothbook.com,unverified (host blocked),unverified (host blocked),unverified (host blocked),unverified (host blocked),https://www.linkedin.com/ad-library/search?keyword=BoothBook,unverified (host blocked),unverified (host blocked),0,,unverified (host blocked),0,"Meta +3, Google +3, LinkedIn +1, CTA +1 pending audit",headcount bonus only; all ad-library hosts blocked in this session; no <50-employee or bootstrapped evidence found,pending (audit),search-verified (URL-cited)
159,Check Cherry,checkcherry.com,https://www.facebook.com/ads/library/?active_status=active&ad_type=all&country=US&q=Check%20Cherry&search_type=keyword_unordered&media_type=all,unverified (host blocked),unverified (host blocked),unverified (host blocked),unverified (host blocked),unverified (host blocked),https://adstransparency.google.com/?region=US&domain=checkcherry.com,unverified (host blocked),unverified (host blocked),unverified (host blocked),unverified (host blocked),https://www.linkedin.com/ad-library/search?keyword=Check%20Cherry,unverified (host blocked),unverified (host blocked),2,https://tracxn.com/d/companies/check-cherry/__ju-1JI5C0CR3Qod9sAKiq-X886_iMB2PrusBZHhifFI,unverified (host blocked),2,"Meta +3, Google +3, LinkedIn +1, CTA +1 pending audit",headcount bonus only; all ad-library hosts blocked in this session,pending (audit),search-verified (URL-cited)
159,Dubsado,unverified,https://www.facebook.com/ads/library/?active_status=active&ad_type=all&country=US&q=Dubsado&search_type=keyword_unordered&media_type=all,unverified (host blocked),unverified (host blocked),unverified (host blocked),unverified (host blocked),unverified (host blocked),https://adstransparency.google.com/?region=US&domain=,unverified (host blocked),unverified (host blocked),unverified (host blocked),unverified (host blocked),https://www.linkedin.com/ad-library/search?keyword=Dubsado,unverified (host blocked),unverified (host blocked),0,,unverified (host blocked),0,"Meta +3, Google +3, LinkedIn +1, CTA +1 pending audit",headcount bonus only; all ad-library hosts blocked in this session; no <50-employee or bootstrapped evidence found,pending (audit),search-verified (URL-cited)
159,HoneyBook,honeybook.com,https://www.facebook.com/ads/library/?active_status=active&ad_type=all&country=US&q=HoneyBook&search_type=keyword_unordered&media_type=all,unverified (host blocked),unverified (host blocked),unverified (host blocked),unverified (host blocked),unverified (host blocked),https://adstransparency.google.com/?region=US&domain=honeybook.com,unverified (host blocked),unverified (host blocked),unverified (host blocked),unverified (host blocked),https://www.linkedin.com/ad-library/search?keyword=HoneyBook,unverified (host blocked),unverified (host blocked),0,,unverified (host blocked),0,"Meta +3, Google +3, LinkedIn +1, CTA +1 pending audit",headcount bonus only; all ad-library hosts blocked in this session; no <50-employee or bootstrapped evidence found,pending (audit),search-verified (URL-cited)
159,Sprout Studio,getsproutstudio.com,https://www.facebook.com/ads/library/?active_status=active&ad_type=all&country=US&q=Sprout%20Studio&search_type=keyword_unordered&media_type=all,unverified (host blocked),unverified (host blocked),unverified (host blocked),unverified (host blocked),unverified (host blocked),https://adstransparency.google.com/?region=US&domain=getsproutstudio.com,unverified (host blocked),unverified (host blocked),unverified (host blocked),unverified (host blocked),https://www.linkedin.com/ad-library/search?keyword=Sprout%20Studio,unverified (host blocked),unverified (host blocked),2,https://www.crunchbase.com/organization/sprout-studio,unverified (host blocked),2,"Meta +3, Google +3, LinkedIn +1, CTA +1 pending audit",headcount bonus only; all ad-library hosts blocked in this session,pending (audit),search-verified (URL-cited)
159,Studio Ninja (Captura / ImageQuix),studioninja.co,https://www.facebook.com/ads/library/?active_status=active&ad_type=all&country=US&q=Studio%20Ninja%20%28Captura%20/%20ImageQuix%29&search_type=keyword_unordered&media_type=all,unverified (host blocked),unverified (host blocked),unverified (host blocked),unverified (host blocked),unverified (host blocked),https://adstransparency.google.com/?region=US&domain=studioninja.co,unverified (host blocked),unverified (host blocked),unverified (host blocked),unverified (host blocked),https://www.linkedin.com/ad-library/search?keyword=Studio%20Ninja%20%28Captura%20/%20ImageQuix%29,unverified (host blocked),unverified (host blocked),0,,unverified (host blocked),0,"Meta +3, Google +3, LinkedIn +1, CTA +1 pending audit",headcount bonus only; all ad-library hosts blocked in this session; no <50-employee or bootstrapped evidence found,pending (audit),search-verified (URL-cited)
159,Tave Studio Manager (now VSCO Workspace),unverified,https://www.facebook.com/ads/library/?active_status=active&ad_type=all&country=US&q=Tave%20Studio%20Manager%20%28now%20VSCO%20Workspace%29&search_type=keyword_unordered&media_type=all,unverified (host blocked),unverified (host blocked),unverified (host blocked),unverified (host blocked),unverified (host blocked),https://adstransparency.google.com/?region=US&domain=,unverified (host blocked),unverified (host blocked),unverified (host blocked),unverified (host blocked),https://www.linkedin.com/ad-library/search?keyword=Tave%20Studio%20Manager%20%28now%20VSCO%20Workspace%29,unverified (host blocked),unverified (host blocked),0,,unverified (host blocked),0,"Meta +3, Google +3, LinkedIn +1, CTA +1 pending audit",headcount bonus only; all ad-library hosts blocked in this session; no <50-employee or bootstrapped evidence found,pending (audit),search-verified (URL-cited)
160,Booqable,booqable.com,https://www.facebook.com/ads/library/?active_status=active&ad_type=all&country=US&q=Booqable&search_type=keyword_unordered&media_type=all,unverified (host blocked),unverified (host blocked),unverified (host blocked),unverified (host blocked),unverified (host blocked),https://adstransparency.google.com/?region=US&domain=booqable.com,unverified (host blocked),unverified (host blocked),unverified (host blocked),unverified (host blocked),https://www.linkedin.com/ad-library/search?keyword=Booqable,unverified (host blocked),unverified (host blocked),0,n/a,unverified (host blocked),0,"Meta +3, Google +3, LinkedIn +1, CTA +1 pending audit",headcount_bonus=2 only where a result showed <50 employees or bootstrapped (URL in evidence column).,pending (audit),search-verified (URL-cited)
160,Easy RFID Pro,easyrfidpro.com,https://www.facebook.com/ads/library/?active_status=active&ad_type=all&country=US&q=Easy%20RFID%20Pro&search_type=keyword_unordered&media_type=all,unverified (host blocked),unverified (host blocked),unverified (host blocked),unverified (host blocked),unverified (host blocked),https://adstransparency.google.com/?region=US&domain=easyrfidpro.com,unverified (host blocked),unverified (host blocked),unverified (host blocked),unverified (host blocked),https://www.linkedin.com/ad-library/search?keyword=Easy%20RFID%20Pro,unverified (host blocked),unverified (host blocked),0,n/a,unverified (host blocked),0,"Meta +3, Google +3, LinkedIn +1, CTA +1 pending audit",headcount_bonus=2 only where a result showed <50 employees or bootstrapped (URL in evidence column).,pending (audit),search-verified (URL-cited)
160,InTempo,intemposoftware.com,https://www.facebook.com/ads/library/?active_status=active&ad_type=all&country=US&q=InTempo&search_type=keyword_unordered&media_type=all,unverified (host blocked),unverified (host blocked),unverified (host blocked),unverified (host blocked),unverified (host blocked),https://adstransparency.google.com/?region=US&domain=intemposoftware.com,unverified (host blocked),unverified (host blocked),unverified (host blocked),unverified (host blocked),https://www.linkedin.com/ad-library/search?keyword=InTempo,unverified (host blocked),unverified (host blocked),0,n/a,unverified (host blocked),0,"Meta +3, Google +3, LinkedIn +1, CTA +1 pending audit",headcount_bonus=2 only where a result showed <50 employees or bootstrapped (URL in evidence column).,pending (audit),search-verified (URL-cited)
160,LinenMaster,linenmaster.com,https://www.facebook.com/ads/library/?active_status=active&ad_type=all&country=US&q=LinenMaster&search_type=keyword_unordered&media_type=all,unverified (host blocked),unverified (host blocked),unverified (host blocked),unverified (host blocked),unverified (host blocked),https://adstransparency.google.com/?region=US&domain=linenmaster.com,unverified (host blocked),unverified (host blocked),unverified (host blocked),unverified (host blocked),https://www.linkedin.com/ad-library/search?keyword=LinenMaster,unverified (host blocked),unverified (host blocked),0,n/a,unverified (host blocked),0,"Meta +3, Google +3, LinkedIn +1, CTA +1 pending audit",headcount_bonus=2 only where a result showed <50 employees or bootstrapped (URL in evidence column).,pending (audit),search-verified (URL-cited)
160,LinenTech,linentech.net,https://www.facebook.com/ads/library/?active_status=active&ad_type=all&country=US&q=LinenTech&search_type=keyword_unordered&media_type=all,unverified (host blocked),unverified (host blocked),unverified (host blocked),unverified (host blocked),unverified (host blocked),https://adstransparency.google.com/?region=US&domain=linentech.net,unverified (host blocked),unverified (host blocked),unverified (host blocked),unverified (host blocked),https://www.linkedin.com/ad-library/search?keyword=LinenTech,unverified (host blocked),unverified (host blocked),2,https://tracxn.com/d/companies/linentech/__YMDBqXWWz6sUBRAX0loR2FHEvvUezjpw98qZSkPvgbM,unverified (host blocked),2,"Meta +3, Google +3, LinkedIn +1, CTA +1 pending audit",headcount_bonus=2 only where a result showed <50 employees or bootstrapped (URL in evidence column).,pending (audit),search-verified (URL-cited)
160,TCS Laundry,unverified,https://www.facebook.com/ads/library/?active_status=active&ad_type=all&country=US&q=TCS%20Laundry&search_type=keyword_unordered&media_type=all,unverified (host blocked),unverified (host blocked),unverified (host blocked),unverified (host blocked),unverified (host blocked),https://adstransparency.google.com/?region=US&domain=,unverified (host blocked),unverified (host blocked),unverified (host blocked),unverified (host blocked),https://www.linkedin.com/ad-library/search?keyword=TCS%20Laundry,unverified (host blocked),unverified (host blocked),0,n/a,unverified (host blocked),0,"Meta +3, Google +3, LinkedIn +1, CTA +1 pending audit",headcount_bonus=2 only where a result showed <50 employees or bootstrapped (URL in evidence column).,pending (audit),search-verified (URL-cited)
160,Textile Technologies (RouteManager),textile-tech.com,https://www.facebook.com/ads/library/?active_status=active&ad_type=all&country=US&q=Textile%20Technologies%20%28RouteManager%29&search_type=keyword_unordered&media_type=all,unverified (host blocked),unverified (host blocked),unverified (host blocked),unverified (host blocked),unverified (host blocked),https://adstransparency.google.com/?region=US&domain=textile-tech.com,unverified (host blocked),unverified (host blocked),unverified (host blocked),unverified (host blocked),https://www.linkedin.com/ad-library/search?keyword=Textile%20Technologies%20%28RouteManager%29,unverified (host blocked),unverified (host blocked),0,n/a,unverified (host blocked),0,"Meta +3, Google +3, LinkedIn +1, CTA +1 pending audit",headcount_bonus=2 only where a result showed <50 employees or bootstrapped (URL in evidence column).,pending (audit),search-verified (URL-cited)
