niche_id,niche,check_signer,public_price_incumbents_count,public_price_urls,gatekeeper_found,gatekeeper_evidence_url,top4_share,concentration_source_url,fragmentation_score,notes
1,Septic system installers,"owner-operator (small pumping/installation firms; vendors price per truck, 1-3 truck starter tiers)",2,"https://www.pumpdocket.com/septic-software ($99/mo); https://septicprotools.com/pricing (pricing page, amount unverified)",not searched (session search budget exhausted),unverified,unverified,unverified,2,"+1 owner-operator, +1 >=1 public price. ServiceCore price ($200/mo per truck) only via third-party listing and demo-gated. Gatekeeper (state onsite-wastewater associations / county permit portals) and concentration not searched. Max attainable here was 3."
2,Water well drilling contractors,owner-operator (family drilling contractors; DrillerDB tiers from $99/mo),2,https://drillerdb.com/pricing ($99-$799/mo); https://www.getjobber.com/industries/well-water-services/ (Jobber $49/mo),not searched (session search budget exhausted),unverified,unverified,unverified,2,"+1 owner-operator, +1 >=1 public price. State well-log e-filing requirements are a de facto compliance gate that DrillerDB and WellMagic both target (https://drillerdb.com/features; https://www.wellmagic.net/about-us) - not a software mandate. NGWA endorsement not searched."
3,Residential roofing contractors,owner-operator / sales manager at $2-6M roofers; per-user pricing means owner signs,3,"https://roofr.com/ (free Starter, from $99/mo); https://roofingsoftwareguide.com/guides/leap-pricing/ (Leap $79/mo); https://roofsnap.com/pricing/ (RoofSnap $52/user/mo annual)","no (independents unconstrained: yes) — Roofing franchisors found do not mandate a CRM/FSM: SlopePro Roofing FDD mandates only QuickBooks; RoofAid USA 2025 FDD names no mandated systems (https://www.francloud.com/franchises/roofaid-usa). Distributors (Beacon PRO+, ABC Connect, SRS Roof Hub) offer ordering platforms and CRM integrations (AccuLynx, Leap) but no software mandate found (https://roofing",https://www.francloud.com/franchises/slopepro-roofing,unverified; statement: IBISWorld: Roofing Contractors has low market share concentration; Roofing & Siding Contractors highly fragmented with no company holding more than 5%. ConsumerAffairs: Tecta America largest at 1.7% s,https://www.ibisworld.com/united-states/industry/roofing-contractors/198/,5,"+1 owner-operator, +1 >=1 public price, +1 >=3 public prices. Roofing is the most software-saturated niche in this batch (AccuLynx/JobNimbus/Roofr/Leap/RoofSnap + ServiceTitan). Manufacturer certification programs (e.g., GAF/Owens Corning contractor tiers) may steer tooling - not searched. IBISWorld counts 108,598 businesses (https://www.ibisworld.com/united-states/number-of-businesses/roofing-contractors/198) but no top-4 share snippet. | 2026-09-17 gatekeeper/concentration pass: 3 searches; score recomputed 3->5"
4,Fence contractors,owner-operator (solo to 15-crew shops per QuoteIQ positioning),2,"https://myquoteiq.com/pricing/ (QuoteIQ $29.99/mo); https://fence.cloud/pricing (FenceCloud, ~$220/mo per roundup)","partial: fence distributor Merchants Metals co-markets FenceCloud as 'CFS e-Pricing' (channel influence, not a mandate)",https://www.merchantsmetals.com/cfs-epricing/,unverified,unverified,2,"+1 owner-operator, +1 >=1 public price. Distributor-linked estimator (FenceCloud/Merchants Metals) is a mild gatekeeper signal so no 'no gatekeeper' point. IBISWorld 315,213 businesses (https://www.ibisworld.com/united-states/number-of-businesses/fence-construction/2022) implies extreme fragmentation but no explicit 'highly fragmented' snippet captured."
5,Garage door installers & repair,owner-operator (dispatch-driven local shops; enterprise tier only for 20+ tech operations),2,https://myquoteiq.com/pricing/ (QuoteIQ $29.99/mo); https://www.getjobber.com/industries/garage-door-software/ (Jobber $49/mo),"franchise-only (independents unconstrained: yes) — Precision Door Service 2026 FDD mandates the PDS System and ProTradeNet; technology package includes ServiceTitan, Qvinci, FranConnect, Neighborly portal, Office 365; software purchasing controlled at corporate level for 147 franchised locations. ProLift Garage Doors FDD also lists ServiceTitan as required (https://www.francloud.com/franchises/pro",https://www.francloud.com/franchises/precision-door-service,"unverified; statement: CONFLICTING: IBISWorld says Garage Door Installation in the US has HIGH market share concentration, largest is Sanwa Holdings (Overhead Door) with Precision Door Service second; CT Acquisitions says m",https://www.ibisworld.com/united-states/industry/garage-door-installation/4855/,4,"+1 owner-operator, +1 >=1 public price. No vertical (garage-door-only) SaaS found; all incumbents are horizontal FSMs with landing pages (ServiceBridge, Workiz, Smart Service, FieldPulse, Jobber, ServiceTitan). IBISWorld's 299-business count and 'high concentration' note conflict with the visible long tail of local repair shops; manufacturer dealer programs (Clopay, Overhead Door) not searched. | 2026-09-17 gatekeeper/concentration pass: 3 searches; score recomputed 2->4"
6,Insulation & spray foam contractors,owner-operator (residential/light-commercial spray foam & batt installers),2,"https://myquoteiq.com/pricing/ (QuoteIQ $29.99/mo); https://fieldcamp.ai/blog/best-insulation-contractor-software/ (FieldCamp $249/mo, self-reported)",not searched (session search budget exhausted),unverified,unverified,unverified,2,"+1 owner-operator, +1 >=1 public price. FieldGroove ($495/user/mo per Capterra) and Allpro Insulator are quote-gated. Spray-foam chemical suppliers / SPFA certification not searched as gatekeepers. NAICS 238310 Census 2020: 19,339 businesses (https://naicslist.com/naics/238310)."
7,Gutter installation & cleaning contractors,owner-operator (per-linear-foot bidders; recurring cleaning routes),2,https://myquoteiq.com/pricing/ (QuoteIQ $29.99/mo); https://roofsnap.com/pricing/ (RoofSnap $52-$105/user/mo; gutter reports $11-$15),not searched (session search budget exhausted),unverified,unverified,unverified,2,"+1 owner-operator, +1 >=1 public price. GutterCalc Pro advertises a flat rate but the amount was not in snippets; ArcSite pricing unverified. Gutter-guard franchisors (LeafFilter dealer model) not searched. IBISWorld 4,929 businesses (https://www.ibisworld.com/industry-statistics/number-of-businesses/gutter-services-united-states/)."
8,Concrete flatwork & driveway contractors,owner-operator (residential flatwork crews under 20 employees),3,"https://myquoteiq.com/pricing/ (QuoteIQ $29.99/mo); https://www.buildvisionai.com/best-concrete-estimating-software (ScopeTakeoff $100/person/mo); https://projul.com/pricing/ (Projul $4,788/yr)",not searched (session search budget exhausted),unverified,unverified,unverified,3,"+1 owner-operator, +1 >=1 public price, +1 >=3 public prices. Jobber also cited at $49/mo for residential flatwork (https://projul.com/blog/best-concrete-contractor-software/) but no dedicated concrete landing URL captured. IBISWorld 93,960 businesses (https://www.ibisworld.com/united-states/number-of-businesses/concrete-contractors/200/)."
9,Residential painting contractors,owner-operator (solo painters to $2-6M operations; founder-built tools like DripJobs),3,https://dripjobs.com/pricing (DripJobs $97/mo); https://myquoteiq.com/pricing/ (QuoteIQ $29.99/mo); https://www.cleansavannah.com/post/best-painting-contractor-software-2026 (PaintScout $79-$99/user/mo),"franchise-only (independents unconstrained: yes) — CertaPro Painters FDD: franchisees must obtain the proprietary CertaOne software from CertaPro ($70/user/mo owners and office, $30/user/mo sales and production), $7,500 technology setup fee, $85/mo technology fee. Binds franchisees only.",https://www.franchisechatter.com/2017/06/07/considering-a-certapro-painters-franchise-dont-overlook-these-17-important-franchise-fees/,"unverified; statement: IBISWorld: Painters in the US has low market share concentration; largest business is FD Thomas Inc.; 267,675 businesses (2024); market size $49.0bn (2026).",https://www.ibisworld.com/industry-statistics/market-size/painters-united-states/,4,"+1 owner-operator, +1 >=1 public price, +1 >=3 public prices. Painting franchisors (CertaPro, Five Star Painting, WOW 1 DAY) commonly mandate a CRM - not searched, so no 'no gatekeeper' point. IBISWorld 219,542 businesses (https://www.ibisworld.com/united-states/number-of-businesses/painters/187/). | 2026-09-17 gatekeeper/concentration pass: 4 searches; score recomputed 3->4"
10,Excavation & grading contractors,owner-operator for residential/site-prep excavators; estimator/PM for heavy-civil (HCSS buyers),2,https://www.itqlick.com/compare/estimating-link/earthworks-excavation-software (EarthWorks $100/mo); https://myquoteiq.com/pricing/ (QuoteIQ $29.99/mo),not searched (session search budget exhausted),unverified,unverified,unverified,2,"+1 owner-operator, +1 >=1 public price. HCSS HeavyBid and AGTEK are quote-gated and aimed at heavy-civil; small residential excavators are under-served. IBISWorld 235,812 businesses (https://www.ibisworld.com/united-states/number-of-businesses/excavation-contractors/206/)."
11,Asphalt paving & sealcoating contractors,owner-operator (small paving/sealcoating shops; SaaSphalt/Bitumio sell per-user month-to-month),5,"https://bitumio.com/pricing/ ; https://www.saasphalt.com/pricing.htm ; https://myquoteiq.com/top-10-best-job-management-software-for-hardscaping-contractors-in-2026/ (QuoteIQ $29.99) ; https://projul.com/industries/deck-builders/ (Projul $4,788/yr) ; PavementSoft $59.99 via review sites (contact-sales)",unverified (search budget exhausted before this check),unverified,<5% for any single company ('highly fragmented'),https://www.ibisworld.com/united-states/industry/paving-contractors/2020/,4,"Score: +1 owner-operator, +1 public price, +1 >=3 public prices, +1 fragmented; gatekeeper point withheld because franchise/association check was not run."
12,Fire sprinkler contractors,owner-operator / operations manager (IBISWorld: 90% of Uptick reviewers small companies); larger sprinkler firms buy via ops leadership,0,"none self-serve: Uptick pricing page hides amounts (https://www.uptickhq.com/pricing); ServiceTrade $99-149/user via third parties, custom pricing (https://new.servicetrade.com/pricing/)","no (independents unconstrained: yes) — No fire sprinkler franchise FDD surfaced. AFSA's eight endorsed Business Solutions are 401(k), background screening, drug testing, freight, health insurance, office supplies, travel and insurance (Blue River) - no software. NFSA affinity benefits are shipping and training discounts (https://nfsa.org/affinity/). Software market is open (Inspect Point, ServiceT",https://www.sprinklerage.com/membership-benefits-business-solutions/,unverified; statement: IBISWorld: Fire Protection and Security System Installation Contractors industry is highly fragmented with no companies holding a market share greater than 5%; $22.1bn (2025). CT Acquisitions: no comp,https://www.ibisworld.com/united-states/industry/fire-protection-and-security-system-installation-contractors/6486/,3,"Score: +1 owner-operator, +1 fragmented. NFPA 25 compliance forms are the compliance anchor; incumbents are VC/PE-backed (Inspect Point/Mainsail, Uptick/PSG). | 2026-09-17 gatekeeper/concentration pass: 3 searches; score recomputed 2->3"
13,"Low-voltage, alarm & security camera installers",owner-operator (alarm dealers); RMR billing and central-station integrations drive choice,1,https://www.securitytrax.com/pricing ($250/month minimum),unverified (search budget exhausted before this check),unverified,low concentration; largest is ADT (share not given),https://www.ibisworld.com/united-states/industry/security-system-services/1491/,3,"Score: +1 owner-operator, +1 public price (SecurityTrax), +1 low concentration. Possible gatekeeper: Alarm.com owns SecurityTrax and dealer programs (ADT/Alarm.com) may steer software - not verified."
14,Pool builders,owner-operator (pool builders),1,"https://myquoteiq.com/top-10-best-job-management-software-for-hardscaping-contractors-in-2026/ (QuoteIQ $29.99, horizontal)",unverified (search budget exhausted before this check),unverified,unverified,unverified,2,"Score: +1 owner-operator, +1 public price (horizontal QuoteIQ only; Poologics/ProDBX pricing not found). Franchise check (e.g. pool-builder franchisors) not run."
15,Foundation repair & basement waterproofing contractors,owner-operator (foundation repair / waterproofing contractors),1,https://myquoteiq.com/industries/foundation-repair-software/ + $29.99 at https://myquoteiq.com/top-10-best-job-management-software-for-hardscaping-contractors-in-2026/,unverified (independents unconstrained: yes) — No franchisor software mandate located in results. Basement Repair Specialists franchise has proprietary estimating software coupled with a CRM (https://www.franchisegator.com/franchises/basement-repair-specialists/) but mandate status unverified. Supportworks dealer network offers SolutionView sales-presentation software to dealers (https://go.suppor,unverified,unverified; statement: IBISWorld: Waterproofing Contractors industry is highly fragmented with no companies holding a market share greater than 5%; $5.0bn (2024). Foundation repair services market described as highly fragme,https://www.ibisworld.com/united-states/industry/waterproofing-contractors/6069/,3,"Score: +1 owner-operator, +1 public price. Dealer networks (e.g. manufacturer-affiliated dealer programs) may dictate software - not checked. Only 3 tools found. | 2026-09-17 gatekeeper/concentration pass: 4 searches; score recomputed 2->3"
16,Flooring & tile contractors,owner-operator (flooring contractors/installers; retailers for some tools),2,"https://projul.com/industries/deck-builders/ (Projul $4,788/yr) ; https://myquoteiq.com/top-10-best-scheduling-software-for-flooring-contractors-in-2026/ (QuoteIQ $29.99)",unverified (search budget exhausted before this check),unverified,unverified,unverified,2,"Score: +1 owner-operator, +1 public price. Vertical incumbents (Measure Square, Floorzap, FloorSoft, ProjectsForce, RFMS/QFloors) pricing not retrieved."
17,Glass & glazing contractors,owner-operator (glass shops); auto-glass side has insurer/network billing gatekeepers (not verified),0,none found,unverified (independents unconstrained: yes) — Glass Doctor (Neighborly) marketing cites state-of-the-art software and tech tools but no result named a mandated CRM/FSM or technology fee in the Glass Doctor FDD (https://franchise.neighborly.com/glass-doctor/the-investment); sibling Neighborly brands mandate ServiceTitan but that was not confirmed for Glass Doctor. No distributor or association man,unverified,"unverified; statement: IBISWorld: Glass & Glazing Contractors industry has a low level of market share concentration; top four companies are Apogee Enterprises, Enclos, Walters & Wolf and W&W Glass; 28,387 businesses; $25.2",https://www.ibisworld.com/united-states/industry/glass-glazing-contractors/205/,1,"Score: +1 owner-operator. Glass vertical incumbents (GTS/GlasPacLX, GlassManager, Smart Glazier) pricing not retrieved. | 2026-09-17 gatekeeper/concentration pass: 4 searches; score recomputed 1->1"
18,Deck & patio builders,owner-operator (deck builders),2,"https://projul.com/industries/deck-builders/ ($4,788/yr) ; https://myquoteiq.com/industries/deck-building-software/ + $29.99 at https://myquoteiq.com/top-10-best-job-management-software-for-hardscaping-contractors-in-2026/","franchise-only (independents unconstrained: yes) — Archadeck Outdoor Living FDD requires franchisees to purchase SoftPlan design software ($2,000, non-refundable); no CRM/FSM mandate named. Binds franchisees only. NADRA lists no endorsed software partner in results (https://www.nadra.org/membership).",https://www.franchisechatter.com/2022/02/04/archadeck-outdoor-livings-initial-franchise-fee-royalty-fee-24-other-fees/,"unverified; statement: IBISWorld: Deck & Patio Construction industry is highly fragmented with no companies holding a market share greater than 5%; 6,746 businesses; $1.3bn (2024).",https://www.ibisworld.com/united-states/market-research-reports/deck-patio-construction-industry/,4,"Score: +1 owner-operator, +1 public price. No deck-only vertical SaaS surfaced; all tools are horizontals with deck landing pages. Franchisor check (e.g. deck-building franchises) not run. | 2026-09-17 gatekeeper/concentration pass: 3 searches; score recomputed 2->4"
19,Hardscape & retaining wall contractors,owner-operator (hardscape/landscape contractors),2,"https://projul.com/industries/hardscaper-business/ + $4,788/yr at https://projul.com/industries/deck-builders/ ; https://myquoteiq.com/top-10-best-job-management-software-for-hardscaping-contractors-in-2026/ ($29.99)",unverified (search budget exhausted before this check),unverified,unverified,unverified,2,"Score: +1 owner-operator, +1 public price. Eano pricing not found; ScapeCubed sells spreadsheets."
20,Window treatment (blinds & shades) installers,owner-operator (window covering dealers/installers); franchise systems likely relevant (not verified),0,none found,unverified (search budget exhausted before this check),unverified,unverified,unverified,1,Score: +1 owner-operator. Franchisor-dictated software (window-covering franchises) is a plausible gatekeeper but unchecked.
21,Irrigation & lawn sprinkler contractors,"owner-operator (tools pitch 'solo installers'; IBISWorld counts 2,425 firms)",5,https://www.irrigationbosspro.com/ ; https://laycor.com/solutions/irrigation-software ; https://myquoteiq.com/pricing/ ; https://contractorplus.app/pricing ; https://www.hindsitesoftware.com/industries/irrigation-business-software,franchise-only (independents unconstrained: yes) — Conserva Irrigation features a proprietary CRM platform and field devices franchisees are expected to use; FDD-level mandate wording not found in results. Binds Conserva franchisees only; no distributor or association mandate found.,https://www.sidekickseethrough.com/brands/conserva-irrigation,"unverified; statement: IBISWorld: Lawn Sprinkler Installation Contractors industry is highly fragmented with no companies holding a market share greater than 5%; 2,425 businesses (2024).",https://www.ibisworld.com/united-states/industry/lawn-sprinkler-installation-contractors/6488/,5,"+1 owner-operator, +1 public price, +1 >=3 public prices. Gatekeeper and top-4 share unverified so no points. Owner-operator evidence: https://myquoteiq.com/top-10-best-scheduling-software-for-irrigation-businesses-in-2026/ ('scales from solo installers'). | 2026-09-17 gatekeeper/concentration pass: 3 searches; score recomputed 3->5"
22,Small residential electrical contractors,owner-operator ('vast majority of operators generating under $2 million in annual revenue'),5,"https://www.capterra.com/p/246280/Sera/ ($399/mo) ; https://www.trustradius.com/products/business-genie-app/pricing ; https://buildops.com/resources/flat-rate-pricing-software-for-electricians/ (TurboBid $99/mo, Housecall Pro Price Book $149/mo) ; https://www.capterra.com/p/250719/The-New-Flat-Rate/ ($88/user/mo)","franchise-only (independents unconstrained: yes) — Mr. Electric (Neighborly) FDD mandates ServiceTitan, FranConnect, ProTradeNet and proprietary Mr. Electric software; binds franchisees only. NECA lists BuildOps/Siteline/Bluebeam as sponsorship partners, not mandates (https://www.necanet.org/about-neca/partnerships/industry-alliance-network).",https://www.francloud.com/franchises/mr-electric,3.1%,https://recession.com/wp-content/uploads/2020/03/23821-Electricians-in-the-US-Industry-Report.pdf,5,"+1 owner-operator (https://northeasternadvisors.com/2026-u-s-electrical-contracting-industry-report/), +1 public price, +1 >=3 public prices, +1 'highly fragmented' (same northeasternadvisors URL; IBISWorld 'low concentration'). Gatekeeper found (franchise only, not industry-wide) so no point. Mister Sparky also on ServiceTitan via Authority Brands: https://1851franchise.com/mister-sparky-electric/authority-brands-servicetitan-integration-2731975 | 2026-09-17 gatekeeper/concentration pass: 3 searches; score recomputed 4->5"
23,HVAC contractors,owner-operator ('about 70% of the firms are independents with fewer than 10 employees'),4,https://serviceagent.ai/blogs/best-hvac-software-for-small-business/ (Housecall Pro $49/mo; Service Fusion $149/mo; Jobber $69/mo) ; https://www.repair-crm.com/2026/08/30/hvac-software-for-small-business-2026-guide-comparison/ ($19/mo) ; https://autohvac.ai/blog/manual-j-software-pricing-guide (Cool Calc $39-$99/mo),unverified (franchise search not run — budget exhausted),unverified,"largest single player under 2% share (IBISWorld 2026 via withorbital); IBISWorld: low concentration, largest = Emcor Group",https://www.withorbital.com/data/hvac-industry-statistics/ ; https://www.ibisworld.com/united-states/number-of-businesses/heating-air-conditioning-contractors/1945/,4,"+1 owner-operator (withorbital URL), +1 public price, +1 >=3 public prices, +1 'highly fragmented'/largest <2%. Gatekeeper unverified. PE roll-up activity noted: https://dealseam.com/hvac-pe-rollup-tracker-2026"
24,Plumbing contractors,"owner-operator (derived: siccode 1,028,117 employees / 88,738 NAICS 238220 companies ≈ 11.6 per firm — derived ratio, not reported)",5,https://myquoteiq.com/crm-for-plumbing-business/ ($29.99/mo) ; https://softwareconnect.com/roundups/best-plumbing-software/ (Service Fusion ~$195/mo; Jobber $169/mo) ; https://www.trustradius.com/products/business-genie-app/pricing ; https://buildops.com/resources/flat-rate-pricing-software-for-electricians/ (TurboBid $99/mo),"franchise-only (independents unconstrained: yes) — Mr. Rooter (Neighborly) 2026 FDD mandates ServiceTitan (dispatch/CRM), QuickBooks Online, Qvinci and ProTradeNet; $65/mo software fee. Binds franchisees only. PHCC lists ServiceTitan as a partner offering to members, not a mandate (https://marketplace.servicetitan.com/partner/phcc).",https://www.francloud.com/franchises/mr-rooter,"unverified; statement: IBISWorld: Plumbers in the US has low market share concentration, largest is Comfort Systems USA; no single company holds more than 5%; three national plumbing brands together under 5% of the market; ",https://www.simprogroup.com/blog/plumbing-industry-statistics-2026,5,"+1 owner-operator (derived, weak), +1 public price, +1 >=3 public prices. Concentration and gatekeeper unverified. | 2026-09-17 gatekeeper/concentration pass: 3 searches; score recomputed 3->5"
25,Handyman services,"owner-operator (528,883 businesses; derived avg ≈ $691K revenue each from IBISWorld market size)",0,unverified,unverified (not searched),unverified,unverified,unverified,1,+1 owner-operator only (https://www.ibisworld.com/united-states/number-of-businesses/handyman-services/4069/). No niche-specific tool with public price found before budget exhaustion. Franchise presence noted (Kaminskiy Care & Repair: https://franchise.careandrepair.com/home-improvement-franchise-growth-trends/) but software mandate not researched.
26,Cabinet & countertop fabricators/installers,unverified,0,unverified,unverified (not searched),unverified,unverified,unverified,0,No tool or concentration research completed (budget exhausted).
27,Epoxy & garage floor coating contractors,owner-operator (one- to few-crew coating contractors; vendors price $30-$150/mo with no per-user fees),3,https://myquoteiq.com/epoxy-garage-floor-coating-companies-crm/ ($29.99/mo); https://dripjobs.com/pricing ($97/mo); https://www.builderprime.com/pricing ($79/mo),no (franchisors only: GarageExperts requires ServiceMinder; Garage Force uses proprietary CRM; franchises are a minority of installers),https://www.prnewswire.com/news-releases/garageexperts-unveils-4-new-technology-platforms-to-elevate-franchisee-success-and-customer-experience-302436048.html,"no company >5% (IBISWorld Flooring Installation Services, proxy); installer level 'fragmented' (Ken Research US concrete floor coatings)",https://www.ibisworld.com/united-states/industry/flooring-installation-services/196/,5,"+1 owner-operator, +1 public price, +1 >=3 public prices, +1 no gatekeeper for independents, +1 fragmented. Concentration evidence is a proxy (all flooring installers; https://www.kenresearch.com/industry-reports/us-concrete-floor-coatings-market says 'fragmented at the installer level'). Franchise gatekeeping is real but limited to franchisees."
28,Artificial turf & sports court installers,owner-operator (turf installation contractor),3,https://myquoteiq.com/pricing/ ; https://www.arcsite.com/pricing ; https://measuresquare.com/pricing/,no (STC CSTI certification is voluntary; SYNLawn dealer program covers only its dealers; no software mandate found),https://www.syntheticturfcouncil.org/mpage/CSTI ; https://www.synlawn.com/installation/,unverified (no US top-4 figure; 'no company >5%' in AU and in US sports-field construction),https://www.ibisworld.com/australia/industry/artificial-grass-turf-installation/5561/ ; https://www.sec.gov/Archives/edgar/data/0001539551/000121390016016481/fs12016_sportsfieldhold.htm,5,"Score: owner-op +1, public price +1, >=3 public prices +1, no gatekeeper +1, fragmented statement +1. Concentration evidence is non-US (AU) and sports-field-specific (2016 S-1); US landscape-turf concentration unverified."
29,Home inspectors,owner-operator ('vast majority operating as solo or two-inspector firms'),0,unverified,unverified (not searched; note state licensing + associations like InterNACHI/ASHI not researched),unverified,unverified,unverified,1,+1 owner-operator (https://rapideyeinspections.com/research/home-inspection-industry-statistics/). Franchise example exists (WIN: https://wini.com/franchise/future-of-home-inspection-industry/). Tools not researched (budget).
30,Elevator inspection & maintenance contractors,unverified,0,unverified,unverified (not searched),unverified,unverified,unverified,0,"32,787 businesses per IBISWorld but buyer type, tools, and concentration unresearched (budget)."
31,Tree service & arborists,owner-operator (small tree companies; founders of ArboStar/Treezi/QuoteIQ are ex-contractors),4,https://arboristdesk.com/pricing/; https://treeziapp.com/; https://www.capterra.com/p/12741/Arborgold/pricing/; https://myquoteiq.com/pricing/,unverified (gatekeeper searches not run; session WebSearch budget exhausted),unverified,low concentration (share unverified),https://www.ibisworld.com/united-states/industry/tree-trimming-services/6064/,4,"Score: +1 owner buyer, +1 public price, +1 >=3 public prices, +0 gatekeeper unverified, +1 IBISWorld 'low market share concentration; Asplundh largest'. PE roll-ups active (CT Acquisitions tracks 24 platforms) but those buy tree companies, not software gatekeeping."
32,Lawn care & landscape maintenance,owner-operator (typical firm 2-3 employees per Lawnstarter),4,https://www.capterra.com/p/122075/Service-Autopilot/pricing/; https://golmn.com/pricing/; https://www.capterra.com/p/207272/Yardbook/; https://www.fieldcentral.com/pricing,"franchise-only (independents unconstrained: yes) — Lawn Doctor FDD: franchisees must license the Lawn Care Management Software Suite (Service Assistant, Routing Assistant, Customer Assistant Website, Mobile Live) and use QuickBooks Online. Weed Man: proprietary computer system developed exclusively for Weed Man (https://weedmanfranchise.com/About/Our-System); a specific FDD software fee was not fo",https://franchiseoverview.com/company/lawn-doctor,unverified; statement: IBISWorld: Landscaping Services in the US has low market share concentration; BrightView Holdings is the largest company; share percentage not stated in results.,https://www.ibisworld.com/united-states/industry/landscaping-services/1497/,4,"Score: +1 owner, +1 public price, +1 >=3, +0 gatekeeper unverified, +1 'highly fragmented, >650,000 businesses, no firm >5%' (Lawnstarter blog citing IBISWorld/NALP; primary IBISWorld snippet not captured, so flag as secondary). | 2026-09-17 gatekeeper/concentration pass: 4 searches; score recomputed 4->4"
33,Lawn fertilization & weed control route businesses,owner-operator (solo applicators to small route companies),3,https://www.capterra.com/p/122075/Service-Autopilot/pricing/; https://www.fieldcentral.com/pricing; https://myquoteiq.com/pricing/,unverified (gatekeeper searches not run; session WebSearch budget exhausted),unverified,no single firm >5% (secondary source; TruGreen dominance not quantified in results),https://www.lawnstarter.com/blog/statistics/lawn-care-landscaping-statistics-2026/,4,"Score: +1 owner, +1 public price, +1 >=3, +0 gatekeeper unverified, +1 fragmentation (same secondary source as niche 32). Caveat: TruGreen is a large national fert operator; its share was not surfaced. State pesticide-applicator licensing is a compliance layer but not a software gatekeeper."
34,Snow removal contractors,owner-operator (landscapers running winter divisions; commercial contracts),3,https://yetisoftware.com/pricing/; https://golmn.com/pricing/; https://myquoteiq.com/pricing/,unverified (gatekeeper searches not run; session WebSearch budget exhausted),unverified,described as highly fragmented (share unverified),https://www.ibisworld.com/united-states/number-of-businesses/snowplowing-services/5400/,4,"Score: +1 owner, +1 public price, +1 >=3, +0 gatekeeper unverified, +1 IBISWorld snippet 'highly fragmented, local operators'. Commercial property managers may dictate proof-of-service reporting (Yeti's wedge) but no software mandate found."
35,Pressure washing & exterior cleaning,owner-operator (solo operators and small crews),4,https://myquoteiq.com/pricing/; https://powerwash.software/; https://makewash.com/blog/best-pressure-washing-software-2026; https://www.selecthub.com/p/pricing-software/responsibid/,"franchise-only (independents unconstrained: yes) — Window Genie (Neighborly) uses a corporate-mandated tech stack: Jobber at franchisee level, ServiceTitan at larger locations, QuickBooks Online; FDD discloses $340-$580/mo software spend. Binds franchisees only. PWNA vendor directory lists business software vendors but PWNA does not certify or endorse a software partner (https://www.pwna.org/vendo",https://pulserevops.com/tech-stacks/tk0323,"unverified; statement: IBISWorld: Pressure Washing Services industry is highly fragmented with no companies holding a market share greater than 5%; 34,186 enterprises (2025).",https://www.ibisworld.com/united-states/industry/pressure-washing-services/6538/,5,"Score: +1 owner, +1 public price, +1 >=3, +0 gatekeeper unverified, +0 concentration unverified (IBISWorld pressure washing page surfaced counts only). Very low entry barriers; 34,186 firms growing ~6%/yr. | 2026-09-17 gatekeeper/concentration pass: 4 searches; score recomputed 3->5"
36,Window cleaning,owner-operator (solo glass cleaners to small crews),3,https://www.selecthub.com/p/pricing-software/responsibid/; https://squeeg.ee/pricing; https://myquoteiq.com/pricing/,unverified (gatekeeper searches not run; session WebSearch budget exhausted),unverified,no company >5% share,https://www.ibisworld.com/united-states/industry/window-washing/6458/,4,"Score: +1 owner, +1 public price, +1 >=3, +0 gatekeeper unverified, +1 IBISWorld 'highly fragmented with no companies holding >5%'. Note IBISWorld business count declining (-4.9% CAGR 2019-2024)."
37,Pool service & maintenance routes,owner-operator (route owners; franchises like Poolwerx/Pool Scouts exist),3,https://www.getskimmer.com/pricing; https://www.capterra.com/p/194225/Pool-Brain/; https://myquoteiq.com/pricing/,franchisors present (Poolwerx backed by Norwest; Pool Scouts) but software mandate unverified,https://poolwerxfranchising.com/poolwerx-and-norwest-join-forces-to-dominate-the-pool-maintenance-industry/,unverified,unverified,3,"Score: +1 owner, +1 public price, +1 >=3, +0 gatekeeper (franchisors exist; whether they dictate software unverified), +0 concentration unverified. Skimmer ($84M VC) is the dominant vertical incumbent and just doubled per-pool price."
38,Christmas & holiday light installers,owner-operator (seasonal add-on for landscapers/pressure washers),2,https://www.grantsoutdoor.com/christmas-light-society/2026/1/30/top-5-christmas-light-software-tools-installers-actually-use; https://myquoteiq.com/pricing/,"association present (CLIPA, 8,000+ members) - endorsed software unverified",https://homeservicebase.com/christmas-light-business,unverified,unverified,2,"Score: +1 owner, +1 public price (Strandr $197/yr; QuoteIQ), +0 (<3 public prices verified; JingleCRM/Tinsel pricing not surfaced), +0 gatekeeper unverified, +0 concentration unverified. Installers reportedly run a small stack (CRM + design mockup tool) rather than one platform."
39,Stump grinding & land clearing,owner-operator (single-machine stump grinders; small excavation crews),4,https://myquoteiq.com/pricing/; https://www.capterra.com/p/12741/Arborgold/pricing/; https://arboristdesk.com/pricing/; https://treeziapp.com/,unverified (gatekeeper searches not run; session WebSearch budget exhausted),unverified,low concentration (tree trimming parent industry; share unverified),https://www.ibisworld.com/united-states/industry/tree-trimming-services/6064/,4,"Score: +1 owner, +1 public price, +1 >=3 (tree-service tools reused), +0 gatekeeper unverified, +1 IBISWorld low-concentration statement for parent Tree Trimming Services industry. No stump-only vertical tool with public pricing surfaced; land clearing (NAICS 238910) tools not surfaced at all."
40,Chimney sweeps & chimney repair,owner-operator (small sweep companies; CSIA-certified techs),1,https://myquoteiq.com/pricing/,CSIA certification/inspection levels referenced; software mandate unverified,https://www.cleansavannah.com/post/best-chimney-sweep-software-2026,unverified,unverified,2,"Score: +1 owner, +1 public price (QuoteIQ only), +0 (<3), +0 gatekeeper unverified, +0 concentration unverified. No chimney-specific vertical SaaS surfaced; horizontal FSMs (ServiceTitan, Housecall Pro, Jobber) plus QuoteIQ SEO pages dominate results."
41,Residential cleaning & maid services,"owner-operator (small maid-service owners; ZenMaid markets to '3,000+ maid service owners')",1,https://myquoteiq.com/top-8-softwares-for-maid-services-in-2026/,unverified,unverified,unverified,unverified,2,"+1 owner-operator, +1 one incumbent (QuoteIQ $29.99/mo) with a public price via its own listicle. Gatekeeper and concentration searches not run (budget exhausted). Franchisors (Molly Maid, Merry Maids, The Cleaning Authority) may dictate software: unverified."
42,Commercial janitorial companies,owner-operator for small contractors; facilities/procurement for large accounts (WinTeam/Aspire target $5M+ / 100+ employee firms),2,https://myquoteiq.com/top-8-softwares-for-janitorial-businesses-in-2026/; https://sweepops.app/resources/best/best-janitorial-bidding-software/,unverified,unverified,unverified,unverified,2,"+1 owner-operator, +1 public price (QuoteIQ $29.99/mo, SweepOps $20-$99/mo, both self-published). Swept 'from $30/mo' mentioned in a result summary but page unattributed. ISSA is the trade association (referenced via SweepOps 'ISSA-standard bidding'); endorsed-software search not run. Franchisors (Jan-Pro, Coverall, Vanguard) possible gatekeepers: unverified."
43,Carpet & upholstery cleaning,owner-operator (solo/small truck-mount operators),0,unverified,franchise-only (independents unconstrained: yes) — Chem-Dry FDD: franchisees are required to use Chem-Dry's web-based Customer Management System (CRM fee $100-$450/mo plus up to $500 data import) and OnTrack scheduling/billing suite. Stanley Steemer locations use Powermagic proprietary software (https://franzy.com/franchises/stanley-steemer). Binds franchisees only.,https://www.franchisechatter.com/2018/02/27/considering-a-chem-dry-franchise-dont-overlook-these-25-important-franchise-fees/,"unverified; statement: IBISWorld: Carpet Cleaning in the US has low market share concentration, largest is Stanley Steemer International; concentration is low because services are provided by many small companies and buyers",https://www.ibisworld.com/united-states/industry/carpet-cleaning/1498/,2,"+1 owner-operator only. Jobber/Housecall Pro/GorillaDesk have carpet landing pages but their prices did not appear in results. Franchisors (Chem-Dry, Stanley Steemer) possible gatekeepers: unverified. IICRC certification body: not searched. | 2026-09-17 gatekeeper/concentration pass: 3 searches; score recomputed 1->2"
44,Pest control operators,owner-operator (majority of ~33k firms); corporate procurement at Rollins/Rentokil/Anticimex consolidators,0,unverified,unverified,unverified,"top 5 ~30% of revenues; top 100 ~50% (pest control, dated FY2007 SEC filing)",https://www.sec.gov/Archives/edgar/data/0000095366/000095014408000224/g11232ke10vk.htm,2,"+1 owner-operator, +1 'highly fragmented' with URL (Sunair Services 10-K, FY2007: ~20,000 firms, top five ~30% of revenues). No incumbent public price surfaced. NPMA association / franchisors: not searched."
45,Wildlife removal & nuisance animal control,owner-operator (NWCO owner),4,https://www.g2.com/products/nwcopro-wildlife-control-software/pricing; https://tooleduppro.com/guides/gorilladesk-pricing/; https://myquoteiq.com/top-10-wildlife-removal-field-service-software-in-2026/; https://www.deelo.ai/blog/field-service-software-cost-2026,no (NWCOA is a trade association; no software mandate seen),https://www.nwcoa.com/,"unverified (pest control 'highly fragmented, thousands of local operators')",https://www.briostack.com/blog/pest-control-industry-statistics,5,"Concentration statement is for pest control (NAICS 561710) as a whole, not wildlife-only; state licensing of NWCOs exists (e.g. WDFW) but does not dictate software. 1+1+1+1+1."
46,Mosquito & bird control services,owner-operator (1-2 location mosquito/wildlife firms; vendors price per route/van),4,https://intercom.help/gorilladesk/en/articles/431660-plans-pricing ($49/mo per route); https://pocomos.com/blog/how-much-does-pest-control-software-cost/ (from $59/mo); https://myquoteiq.com/best-software-for-pest-control-businesses/ ($29.99/mo); https://wildpipe.com/index.php/wildpipe-plans (5% of revenue),no (franchise slice only),https://www.franchising.com/news/20121231_mosquito_joe_chooses_franconnect_as_official_franc.html,low concentration; largest Rentokil (no top-4 figure),https://www.ibisworld.com/united-states/industry/pest-control/1495/,5,"+1 owner-operator, +1 >=1 public price, +1 >=3 public prices, +1 no gatekeeper (Mosquito Joe/Mosquito Squad franchisees use franchisor systems but franchises are a minority of 18k+ firms), +1 IBISWorld 'low market share concentration' and Briostack 'highly fragmented, most firms 1-2 locations' (https://www.briostack.com/blog/pest-control-industry-statistics). Establishment count is whole pest-control NAICS."
47,Junk removal,"owner-operator (two-truck haulers); franchise units (1-800-GOT-JUNK, College Hunks) likely franchisor-dictated",0,unverified,possible (franchise),https://en.wikipedia.org/wiki/1-800-GOT-JUNK%3F,unverified,unverified,1,"+1 owner-operator. 1-800-GOT-JUNK and College Hunks Hauling Junk surfaced as franchise systems (Wikipedia) - gatekeeper for franchisees, not independents. No public price surfaced."
48,Roll-off dumpster rental,owner-operator (independent haulers) with municipal/contractor procurement for large accounts; Bin There Dump That franchise,0,unverified,possible (franchise),https://bintheredumpthatfranchise.com/blog/dumpster-rental-industry-is-right-for-you/,unverified,unverified,1,+1 owner-operator. IBISWorld counts only 351 businesses in its narrow definition (WM/Republic dominate hauling but roll-off rental is served by many small independents - unverified). No public price surfaced.
49,Portable toilet rental,"owner-operator (3,489 businesses; construction/event customers)",0,unverified,unverified,unverified,unverified,unverified,1,+1 owner-operator. PSAI (Portable Sanitation Association International) is the trade association - not searched. No public price surfaced.
50,Septic pumping & grease trap services,owner-operator (pumper-truck operators),0,unverified,unverified,unverified,unverified,unverified,1,+1 owner-operator. NAWT/NOWRA associations not searched. No public price surfaced.
51,"Mold, asbestos & lead abatement contractors",owner-operator (inferred from vendor copy 'built by contractors for contractors' at https://fieldflo.com/; not independently verified),1,https://mikevidan.com/4-best-mold-remediation-software-2026/ (QuoteIQ $29.99/mo),unverified (not searched),unverified,unverified,unverified,1,"Score counts only +1 for one incumbent with a public price. Owner-operator, gatekeeper, and concentration criteria could not be searched (budget exhausted); treat score as a floor."
52,Water & fire damage restoration contractors,unverified (not searched),0,unverified,partial: Xactimate (Verisk) is described as the industry-standard estimating tool for insurance claims (https://gitnux.org/best/mold-remediation-software/); carrier/TPA program requirements not searched,https://gitnux.org/best/mold-remediation-software/,unverified,unverified,0,"IBISWorld counts 60,020 businesses (https://www.ibisworld.com/united-states/number-of-businesses/damage-restoration-services/6278/) which suggests fragmentation but no top-4 share was retrieved, so no point awarded. Insurance-carrier estimating standards (Xactimate) act as a de facto gatekeeper."
53,"Crime scene, biohazard & hoarding cleanup",unverified (not searched),0,unverified,unverified (not searched),unverified,unverified,unverified,0,unverified (not searched: session WebSearch budget exhausted after 7 calls)
54,Radon mitigation contractors,unverified (not searched),0,unverified,unverified (not searched),unverified,unverified,unverified,0,unverified (not searched: session WebSearch budget exhausted after 7 calls)
55,Commercial kitchen exhaust hood cleaning,"owner-operator (small hood-cleaning firms, often 1-3 crews; vendors price flat per company with unlimited users)",3,https://www.smartservice.com/pricing ($49.99/mo); https://myquoteiq.com/crm-for-hood-vent-cleaning/ ($29.99/mo); https://www.capterra.com/p/231421/Service-Genius/ ($39/mo third-party),none found,https://www.franchisedirect.com/businessservicesfranchise/hoodz-franchise-08257/ufoc/,unverified,unverified,4,"+1 owner-operator, +1 public price, +1 three public prices, +1 no gatekeeper (HOODZ franchise ~135 units and IKECA certification do not dictate software; 'not regulated in most states' https://gaolijierobot.com/blogs/news/how-to-start-kitchen-exhaust-cleaning-business-guide-2026). No concentration statement found for hood cleaning specifically (IBISWorld has no dedicated report in results), so 0 there."
56,Air duct & dryer vent cleaning,owner-operator (single-truck to multi-truck duct cleaners; franchisees of Dryer Vent Wizard/DUCTZ are a minority),4,https://www.workiz.com/pricing-plans/ | https://myquoteiq.com/pricing/ | https://www.servicefusion.com/pricing | https://www.selecthub.com/p/field-service-software/managemart/,no,https://nadca.com/resources,unverified,https://www.datainsightsmarket.com/reports/dryer-vent-cleaning-services-1415095,5,"NADCA sets standards/certification but no software mandate surfaced; franchisors (Neighborly's Dryer Vent Wizard, DUCTZ) exist but the market report calls the landscape fragmented with numerous small local businesses. Concentration +1 rests on a market-report phrase, not a top-4 number."
57,Backflow prevention testing companies,owner-operator / small plumbing or fire-protection contractor,3,https://myquoteiq.com/crm-for-backflow-testing-companies/ ; https://www.bsionlinetracking.com/default/terms-conditions ; https://dallascityhall.com/departments/waterutilities/Pages/Backflow-Test-Reports.aspx,"yes: water utilities mandate submission through contracted portals (BSI Online, SwiftComply, Tokay) with per-test filing fees; Dallas enrollment mandatory",https://dallascityhall.com/departments/waterutilities/Pages/Backflow-Test-Reports.aspx,unverified,unverified,3,"+1 owner-operator, +1 public price (QuoteIQ), +1 three public prices (two are utility filing fees, not tester SaaS), 0 gatekeeper (utility portals), 0 no concentration statement found. Portal directory: https://backflowpath.com/backflow-reporting-portals"
58,Fire extinguisher & fire alarm inspection companies,owner of small fire protection contractor,3,https://www.komplyos.com/pricing ; https://fireinspectapp.com/fire-alarm-inspection-software ; https://buildops.com/resources/fire-alarm-inspection-report-software (ServiceTrade $180/user),none found in searches (AHJ third-party reporting portals exist in some jurisdictions but did not surface),unverified,no company >5% share,https://www.ibisworld.com/united-states/industry/fire-protection-and-security-system-installation-contractors/6486/,5,"+1 owner buyer, +1 public price, +1 three public prices, +1 no gatekeeper surfaced, +1 IBISWorld 'highly fragmented'"
59,"Environmental testing labs (asbestos, lead, water)",lab owner / lab director (small independent labs; BlazeLIMS markets 'LIMS for small labs'),3,https://cloudlims.com/lims-software-pricing/ (CloudLIMS $75-245/mo); https://qbench.com/pricing (QBench $249/user/mo); https://www.blazesystems.com/blazelims-prices/ (BlazeLIMS $350/mo 1 user),"none found (NVLAP/NELAP accreditation governs methods and reports, no software vendor mandated)",https://www.confience.io/industries/industrial-hygiene-lims,low concentration (largest Intertek; consolidation rising),https://www.ibisworld.com/united-states/number-of-businesses/laboratory-testing-services/1408/,5,"+1 owner-operator, +1 public price, +1 three public prices, +1 no gatekeeper, +1 low concentration. Price amounts come from third-party pricing guides that cite the vendor pages listed. Concentration statement is for all testing labs, not the asbestos/lead/water subset."
60,Document shredding services,owner/operations manager of independent shredding operators (single truck to small fleets; EZshred markets 'single truck or large fleet'),0,unverified,"no software gatekeeper found (i-SIGMA/NAID AAA is a process certification; national players Shred-it, Iron Mountain, Cintas run their own systems)",https://isigmaonline.org/certifications/naid-aaa-certification/,unverified,unverified,2,"+1 owner-operator, +1 no gatekeeper. Zero incumbents publish a self-serve price (EZshred, Q-Shred, Octopus SaaS, Total Recall all quote; Smart Service 'from $250/mo' is a third-party figure for a custom-priced horizontal). No concentration statement found; https://bizbite.io/businesses/document-shredding says national players 'dominate large enterprise accounts' with ~$3.6B market (IBISWorld 2025)."
61,Security guard companies,owner-operator (small guard company owner / operations manager),4,https://www.guardspro.com/pricing ; https://novagems.com/ ; https://safetrac.io/best-security-guard-management-software/ ; https://www.therms.io/best-security-guard-reporting-software/ (Silvertrac $249),"no (state licensing regulates guards, not software; no association/franchisor software mandate found)",unverified,unverified (largest firm Allied Universal 26.1%; top-4 not stated),https://www.buildingsecurity.com/statistics/security-guard-industry/ ; https://www.fortunebusinessinsights.com/private-security-market-108283,4,"Score: owner-op +1, public price +1, >=3 public prices +1, no gatekeeper +1, concentration 0. 'Fragmented' statement exists but Allied Universal alone holds 26.1%, so top-4 <40% is unlikely; point withheld. Gatekeeper conclusion is from absence in results, not a dedicated search."
62,Locksmiths,owner-operator (median shop 1-3 employees),2,https://www.workiz.com/pricing-plans/; https://myquoteiq.com/top-10-locksmith-field-service-software-in-2026/,no (ALOA is a trade association; no software mandate seen),https://www.ibisworld.com/united-states/industry/locksmiths/4833/,no company >5%; ten largest chains <8% of revenue,https://www.ibisworld.com/united-states/industry/locksmiths/4833/,4,"FieldPulse and TEN4 prices not public (custom quote / not in snippet), so only 2 public-price incumbents. IBISWorld figures surfaced via https://www.thekeybot.com/research/state-of-locksmith-industry-2026 in the same result set. 1+1+0+1+1."
63,Private investigators,owner-operator (solo PIs and 3-15 investigator agencies; CROSStrax Entry tier = 1 admin + 2 investigators),3,https://www.crosstrax.co/pricing/ ($35/mo); https://www.therms.io/pricing/ ($45/mo); https://casejacket.com/ (free plan per https://www.guideflow.com/blog/private-investigator-software),no,https://www.nciss.org/membership-and-benefits,"top 4 <15% (2023, via zipdo); 85% of agencies <10 employees (IBISWorld 2022 via gitnux)",https://zipdo.co/private-investigation-industry-statistics/,5,"+1 owner-operator, +1 >=1 public price, +1 >=3 public prices (Case Jacket free plan counted; Trackops has a pricing page but no amount in results), +1 no gatekeeper (NCISS/NALI list no endorsed software; state licensing boards do not dictate software), +1 concentration: 'highly fragmented', top-4 <15% (third-party statistic pages citing IBISWorld; IBISWorld page https://www.ibisworld.com/united-states/industry/investigation-services/6484/)."
64,Court reporting agencies,owner-operator (agency owner/office manager; RB9 sold month-to-month from $250/mo),1,https://www.omti.com/rb/products/pricing-guide.html ($250/mo); https://devel.repagencyworks.com/pricing.html (add-on prices only),none found,https://www.ibisworld.com/united-states/industry/court-reporting-services/6271/,no company >5% (IBISWorld),https://www.ibisworld.com/united-states/industry/court-reporting-services/6271/,4,"+1 owner-operator, +1 one public price (RB9), 0 for three (Acclaim custom quote; RepAgencyWorks base tier not captured), +1 no gatekeeper (no association/franchisor mandate; consolidators Veritext/Esquire/US Legal run own systems), +1 IBISWorld 'highly fragmented, no company >5%'. Third-party reports claim Veritext 14% / Esquire 11% globally (https://www.psmarketresearch.com/market-analysis/us-court-reporting-services-market)."
65,Process servers,owner-operator process serving agency (clients are law firms; NAPPS is a voluntary association),2,https://www.servemanager.com/pricing | https://sourceforge.net/software/product/Process-Servers-Toolbox/,no,https://napps.org/Vendors.aspx,unverified,https://medium.com/@jeffkarotkin/predictions-for-the-process-serving-industry-in-the-united-states-2024-2029-40db577fedc0,4,"Only one vendor-published price (ServeManager); PST price is a third-party listing so the >=3 public prices point is not awarded. Fragmentation statement comes from an industry blog (small private firms, consolidation pressure), not IBISWorld; treat as weak. Court e-filing rules vary by state but do not dictate vendor."
66,Notaries & loan signing agents,solo notary / signing agent (1099),3,https://www.closewise.com/pricing/ ; https://www.closewise.com/notarygadget-vs-notaryassist-vs-closewise-a-fair-notary-software-comparison/ (NotaryGadget) ; https://frontdeskreview.com/best/notary-software/ (NotaryAssist),"yes: signing-order platforms (Snapdocs, SigningOrder) control order flow and ranking; title/escrow assign via ranked lists",https://support.snapdocs.com/how-to-get-started,unverified,unverified,3,"+1 owner buyer, +1 public price, +1 three public prices, 0 gatekeeper (Snapdocs 140k notaries, $267M raised), 0 no concentration statement"
67,Bail bond agencies,owner-operator bail agent / small agency owner (vendors price flat $55-99/mo with unlimited agents),4,https://www.captira.com/pages/pricing-bail-management ($99/mo); https://www.bailbooks.com/pricing.aspx ($55/mo); https://ebail.app/pricing/ ($99/mo); https://sourceforge.net/software/product/Simply-Bail/ ($99/mo),none found; surety carriers issue powers and require reports but no result shows a carrier mandating agency software (iGUARANTEE is carrier-side e-powers),https://www.insurancejournal.com/services/newswire/2020/07/15/575038.htm,highly fragmented; no company >5% share,https://www.ibisworld.com/industry-trends/specialized-market-research-reports/consumer-goods-services/personal/bail-bond-services.html,5,"+1 owner-operator, +1 public price, +1 >=3 public prices, +1 no gatekeeper, +1 fragmented. Regulatory risk: bail reform is shrinking the niche in some states (Columbia Law Review result)."
68,Translation & interpreting agencies,agency owner / operations manager of small LSPs (Protemos targets freelancers and small companies),2,"https://www.capterra.com/p/172883/Protemos/ (EUR 68/user/mo, third-party); https://www.capterra.com/p/10031414/anolla/ (EUR 11.99/user/mo, third-party)",no (ATA is a professional association; no software mandate found; clients may require specific TMS connectors but no evidence),unverified,low market share concentration; largest is Teleperformance (IBISWorld); top 5 LSPs ~12-18% of global revenue (Mordor),https://www.ibisworld.com/united-states/industry/translation-services/1446/,4,"+1 owner-operator, +1 public price, +1 no gatekeeper, +1 low concentration. Not +1 for >=3 public prices: Plunet/XTRF/Interpreter Intelligence/Boostlingo are all quote-based; BeLazy pricing page exists but amounts not shown."
69,Light-industrial staffing agencies,owner-operator (agency owner / branch manager),3,"https://firsthr.app/compare/hiring/staffing-agency-software (TempWorks $49/user) ; https://www.noon.ai/blog/articles/247-recruiting-agency-software (Ceipal $24, Crelate $85)",no (ASA is a trade association; no software mandate found; franchised staffing brands exist but share not found),unverified,"unverified (national tier 'concentrated', mid-tier 'fragmented')",https://vantainsights.com/insights/staffing-industry-trends ; https://www.ibisworld.com/united-states/industry/office-staffing-temp-agencies/1464/,4,"Score: owner-op +1, public price +1, >=3 public prices +1 (all third-party cited), no gatekeeper +1, concentration 0 (mixed statement). Public prices for the two light-industrial defaults (Avionte, Bullhorn) are not vendor-published."
70,DOT / trucking compliance consultants,solo or small consultancy owner (often ex-safety director),2,https://www.g2.com/products/fileflo/pricing ; https://dotdriverfiles.com/pricing/,"none: FMCSA sets rules (DQF, Clearinghouse, drug consortium) but mandates no software vendor",unverified,unverified,unverified,3,"+1 owner buyer, +1 public price, 0 (<3 verified public prices; FleetDrive360/DriverFileHub pages exist but numbers unverified), +1 no gatekeeper, 0 no concentration statement"
71,Bookkeeping practices,owner-operator (firm owner; 2-30 staff typical),6,https://financial-cents.com/pricing/; https://curatesuite.com/accounting/tools/keeper; https://financial-cents.com/financial-cents-vs-karbon/; https://financial-cents.com/financial-cents-vs-canopy/; https://jetpackworkflow.com/pricing/; https://getuku.com/pricing/,no (QuickBooks/Xero ecosystems but no body dictating practice-management software),unverified,"unverified (IBISWorld: 'moderate market share concentration', Intuit largest)",https://www.ibisworld.com/united-states/industry/payroll-bookkeeping-services/1397/,4,"Concentration point withheld: current IBISWorld statement is 'moderate', though a 2016 excerpt says low concentration with ~85% sole proprietors/partnerships (https://pdfcoffee.com/payroll-amp-bookkeeping-services-in-the-us-industry-report-from-ibis-world-pdf-free.html). 1+1+1+1+0."
72,Tax preparation offices,owner-operator (independent EAs/preparers; solo and 2-user plans),3,https://taxdome.com/blog/best-tax-practice-management-software (from $58/mo); https://www.getcanopy.com/blog/canopy-vs-taxdome/ ($74/user/mo); https://taxaroo.com/pricing/ ($79/mo),no (franchise slice only),https://www.franchisegator.com/franchises/jackson-hewitt-tax-service/,moderate concentration; H&R Block 24.6% of industry revenue; largest Intuit,https://www.ibisworld.com/united-states/industry/tax-preparation-services/1399/,4,"+1 owner-operator, +1 >=1 public price, +1 >=3 public prices, +1 no gatekeeper for independents (Jackson Hewitt ProFiler and Liberty Tax proprietary software bind franchisees only; IRS EFIN is a license not a software mandate), +0 concentration: IBISWorld says 'moderate market share concentration' and H&R Block alone holds 24.6%; top-4 <40% could not be shown. Note IBISWorld industry includes DIY software (Intuit)."
73,Medical billing companies,"owner-operator (billing company owner; per-provider or per-claim pricing, $235/mo minimums)",4,"https://www.collaboratemd.com/pricing/medical-billing-and-labs/ ($235/mo min); https://ezclaim.com/features-pricing/ ($149/mo third-party); https://www.advancedmd.com/software-pricing/ ($229-$1,070/mo tiers, partly third-party); https://www.tebra.com/pricing ($99/provider/mo Billing Starter via third-party)",none found (no payer/clearinghouse/association software mandate; client practices' EHR choice can constrain billers - unverified),https://practicesuite.com/medical-billing-company/,low market share concentration (IBISWorld Medical Claims Processing Services),https://www.ibisworld.com/united-states/industry/medical-claims-processing-services/4792/,5,"+1 owner-operator, +1 public price, +1 three public prices, +1 no gatekeeper, +1 IBISWorld low concentration (adjacent industry definition; Medical Billing Services report itself https://www.ibisworld.com/united-states/industry/medical-billing-services/6341/ shows $4.3bn, declining). Caveat: several prices are third-party summaries of vendor pages."
74,Land surveyors,owner-operator licensed surveyor (over 70% of firms under $1M revenue),3,https://getjobbook.com/pricing | https://kudurrustone.com/pricing | https://myquoteiq.com/pricing/,no,https://www.ibisworld.com/united-states/industry/surveying-mapping-services/1407/,no company >5%; top 50 about 33% of revenue,https://www.ibisworld.com/united-states/industry/surveying-mapping-services/1407/,5,"IBISWorld: highly fragmented, no company above 5% share. NSPS/state boards license surveyors but no software mandate surfaced (not searched specifically). Third public price is QuoteIQ (horizontal)."
75,Real estate appraisers,"owner-operator appraiser (solo/small firm; Anow from $49/mo, Flight... n/a)",2,"https://anow.com/pricing/ ($49/mo); https://www.alamode.com/store (TOTAL Elite $1,599 per 2022 forum post)",found: lenders/AMCs (349 licensed AMCs) assign orders and dictate delivery platforms; GSE UAD 3.6 mandates constrain forms software,https://mtgefi.com/top-appraisal-management-companies-amcs-in-the-us/,low concentration (largest CBRE),https://www.ibisworld.com/united-states/number-of-businesses/real-estate-appraisal/1359/,3,"+1 owner-operator, +1 public price, 0 (<3 public prices; Appraisal Inbox pricing page exists but amounts not in snippet), 0 gatekeeper (AMC/GSE), +1 low concentration. Industry shrinking (-4.6% CAGR)."
76,Small residential property managers,owner of a small property-management firm or self-managing landlord (flat per-account or per-unit pricing from free to $69/mo),7,https://www.turbotenant.com/property-management-software/best-property-management-software-for-small-landlords/ (free/$12/$28); https://renpro.com/property-management-software-pricing-comparison/ (Buildium $62); https://www.doorloop.com/blog/appfolio-vs-buildium (DoorLoop $69 promo); https://www.rentecdirect.com/pricing ($25); https://www.tenantcloud.com/review/appfolio-vs-buildium ($15); https://innago.com/pricing/ (free); https://www.yardibreeze.com/blog/2026/03/best-property-management-software-50-units/ ($1/unit),no for independents (Real Property Management franchisees must use AppFolio + LeadSimple; franchise is a small share of 340k businesses),https://fddexchange.com/fdd/real-property-management-2025/,"no company >5% (IBISWorld Residential Property Managers); low concentration, largest Prologis (Property Management)",https://www.ibisworld.com/united-states/industry/residential-property-managers/6136/,5,"+1 owner-operator, +1 public price, +1 >=3 public prices, +1 no gatekeeper, +1 fragmented. Crowded and well-funded (DoorLoop $130M; TurboTenant+TenantCloud merger 2026-08-18), so ad budgets are likely high; audit will tell."
77,Independent insurance agencies,owner-operator (agency principal),4,"https://www.sonant.ai/blog/agencyzoom-alternative-review (AgencyZoom $149) ; https://www.selecthub.com/insurance-agency-management-systems/hawksoft-vs-nowcerts/ (HawkSoft $250, NowCerts $99) ; https://www.quotesweep.com/blog/ams-comparison-2026 (EZLynx $350)","unverified (carrier/aggregator/cluster requirements not searched; Applied and Vertafore dominate AMS but are vendors, not gatekeepers)",unverified,"unverified (39,000 independent agencies, ~30,000 under $1.25M revenue; no top-4 share)",https://www.iamagazine.com/news/7-findings-from-the-2024-agency-universe-study/,3,"Score: owner-op +1, public price +1, >=3 public prices +1 (mostly third-party cited), gatekeeper 0 (not searched), concentration 0 (no explicit statement). Consolidation via M&A noted by Big I."
78,Mortgage brokers,owner-operator (broker-owner / branch manager),5,https://bntouch.com/team-mortgage-crm/; https://setshape.com/blog/best-mortgage-crm-for-loan-officers; https://bntouch.com/mortgage-blog/mortgage-crm-pricing-comparison-2026/; https://www.saasworthy.com/product/lendingpad/pricing; https://setshape.com/blog/top-loan-origination-systems,no (AIME partners with ARIVE/Lender Price as member benefits; wholesale lenders run their own portals but do not dictate the broker's LOS/CRM),https://www.arive.com/arive-faq,no company >5% (IBISWorld Online Mortgage Brokers segment),https://www.ibisworld.com/united-states/market-research-reports/online-mortgage-brokers-industry/,5,Concentration evidence is for the online-broker segment only; brick-and-mortar broker concentration not found. ARIVE was AIME-members-only at launch (partial channel influence). 1+1+1+1+1.
79,Title & escrow agencies,"owner/manager of independent title agency (8,286 firms; per-user SaaS)",1,"https://www.goodfirms.co/software/titletap ($249/mo, third-party); https://www.certifid.com/article/title-production-software (SoftPro add-on minimums $75-$400/mo)",no (underwriter mandate not found),https://agency.firstam.com/resources/what-is-a-title-underwriter?hs_amp=true,highly fragmented; no company >5% share (IBISWorld Title Insurance),https://www.ibisworld.com/united-states/industry/title-insurance/4784/,4,"+1 owner-operator, +1 >=1 public price (TitleTap $249 via GoodFirms; SoftPro module minimums; core production systems Qualia/SoftPro/Settlor/AccuTitle are contact-sales), +0 <3 public prices, +1 no gatekeeper found (underwriters require integration, no result showed a production-software mandate), +1 IBISWorld 'highly fragmented, no company >5%'. Caveat: production-software market itself is consolidating under Qualia (ResWare, RamQuest, E-Closing acquired)."
80,Home energy auditors / HERS raters,owner-operator (rating company owner; but software is chosen from a RESNET-accredited list),2,"https://snuggpro.com/pricing (tiers $200-$1,000/mo, attribution uncertain); https://myquoteiq.com/industries/home-energy-audit-software/ ($29.99/mo via QuoteIQ pricing)","found: RESNET accreditation restricts rating software to APEX, Ekotrope, EnergyGauge; Ekotrope runs ~80% of ratings",http://www.resnet.us/professional/programs/energy_rating_software,unverified,unverified,2,"+1 owner-operator, +1 at least one public price, 0 for three (Ekotrope contact-sales; HouseRater contact-sales; EnergyGauge in licensing transition), 0 gatekeeper (RESNET-accredited software list + Ekotrope ~80% share https://www.ekotrope.com/hers-ratings), 0 concentration (no statement about rating companies; 6,600 certified raters https://www.gba.org/resources/professional-accreditation/certified-hers-rater/)."
81,Towing companies,"owner-operator tow company, but motor clubs (AAA, Agero) and insurers set contracted rates and digital-integration requirements",1,https://www.towmarx.com/the-dispatch/towbook-vs-towmarx,yes,https://www.agero.com/service-providers,no company >5%,https://www.ibisworld.com/united-states/industry/automobile-towing/1206/,3,"Gatekeeper found: motor club/insurance digital-integration requirements mandate software adoption and Agero gives its Swoop app free to network providers (cleansavannah/agero results). Towbook's price lists are third-party and conflicting; vendor does not publish a full list, so only TowMarX counts as vendor-public."
82,Independent auto repair shops,owner-operator shop owner (single-location independents; vendors price per shop $179-279/mo),4,https://www.tekmetric.com/pricing ($199/mo); https://www.shopmonkey.io/pricing ($215/mo annual); https://www.g2.com/products/autoleap/pricing ($179/mo); https://shop-ware.com/packages/ ($279/mo),"partial only: NAPA AutoCare perks tied to NAPA TRACS and Bosch Auto Service franchise-supplied software, but neither covers most independents",https://napatracs.com/,low concentration (largest TravelCenters of America),https://www.ibisworld.com/united-states/number-of-businesses/auto-mechanics/1689,5,"+1 owner-operator, +1 public price, +1 >=3 public prices, +1 no majority gatekeeper, +1 low concentration. Crowded, well-funded incumbents (Shopmonkey $110M, AutoLeap $54M)."
83,Auto body & collision repair shops,shop owner / GM of independent collision shop (but insurer DRP terms shape workflow),2,"https://www.web-est.com/pricing.html ($119/mo); https://www.shopmonkey.io/pricing ($199/mo, general auto repair); CCC ONE $399/mo only via third-party https://www.capterra.com/p/83656/CCC-ONE-Total-Repair-Platform/","YES: insurers' direct repair programs mandate CCC (State Farm required all Select Service shops to use CCC by 2021-04-01); CCC ONE has >80% share and 30,500+ shops",https://www.repairerdrivennews.com/2020/12/30/state-farm-to-require-drp-shops-to-use-ccc-by-april-1-2021/,"Big 5 consolidators ~30% of revenue (2024), 31.7% mid-2025, 13.3% of shops; Caliber 1,800+ shops",https://focusadvisors.com/2025/09/the-first-half-of-2025-year-in-review-consolidation-continues-despite-headwinds/,3,"+1 owner-operator, +1 public price (Web-Est), +1 top-4 <40% revenue. No +1 for >=3 vendor-published prices (only 2 vendor pages; CCC figure is third-party). No +1 gatekeeper: insurer DRPs + CCC dominance dictate the estimating/claims rail. Also ~800 independent-shop closures in 2024 and rapid PE roll-ups (https://www.collisionrepairmag.com/business/article/15738732/rewards-of-scale-and-collision-industry-market-dynamics)."
84,Mobile auto detailing,owner-operator (detailer / mobile operator),5,"https://www.rebiza.com/resources/compare/urable-vs-orbisx (Urable $45, OrbisX ~$100) ; https://roxohub.com/blog/best-software-mobile-auto-detailers-2026/ (ROXO $39.99) ; https://www.capterra.com/p/10031414/anolla/ ; https://myquoteiq.com/pricing/",no (no franchisor or supplier software mandate found; 'no company >5%'),https://mkm360autoworks.com/auto-detailing-industry-statistics,no single company >5%; largest 50 combined <20%,https://mkm360autoworks.com/auto-detailing-industry-statistics,5,"Score: owner-op +1, public price +1, >=3 public prices +1, no gatekeeper +1, fragmented +1. Concentration figures are for car wash & detailing combined (third-party citing IBISWorld); franchise check not run separately."
85,Auto glass & windshield replacement,owner-operator (shop owner; 1-10 employees typical),2,https://glassbiller.com/pricing/; https://myquoteiq.com/top-8-softwares-for-auto-glass-repair-businesses-in-2026/,"yes (Safelite Solutions TPA administers glass claims for 180+ insurers incl. 19 of top 30 P&C, ~9,000 network shops; EDI billing to TPAs runs through vendor software)",https://www.safelite.com/about-safelite/safelite-autoglass-companies,"Safelite ~1/3 of US market (KMR est.); industry 'highly fragmented, ~20,000 competitors'",https://glassbytes.com/2019/08/analysis-sizing-up-a-shifting-market-with-safelites-latest-acquisition/,3,"Gatekeeper point withheld: insurer TPAs (Safelite Solutions, Lynx, Harmon, Gerber) set billing rails (https://www.deltakits.com/wise-crack/173-insurance-billing-101-getting-set-up-to-bill-insurance-companies-for-windshield-repair/); IGA antitrust complaint (https://www.autobodynews.com/industry-press-releases/independent-auto-glass-shops-concerned-about-safelite-s-growing-influence). Fragmented statement from https://www.researchandmarkets.com/report/automotive-glass-replacement. 1+1+0+0+1."
86,Independent tire shops,owner-operator (independent tire dealers = two-thirds of revenue; many <5 employees),3,"https://www.torque360.co/pricing/ ($99.99/mo); https://www.softwareadvice.com/auto-repair/tireshop-profile/ ($135/mo, third-party); https://anolla.com/en/tire-shop-software (free plan)","no (manufacturer programs offer, do not mandate)",https://www.asaauto.com/products/cornerstone,low concentration; high fragmentation; ATD <10%; independents two-thirds of revenue,https://www.ibisworld.com/united-states/industry/tire-dealers/1013/,5,"+1 owner-operator, +1 >=1 public price, +1 >=3 public prices (Torque360 vendor page; TireShop via Software Advice; Anolla free tier; Tire Guru has a pricing page but no amount surfaced), +1 no gatekeeper (Bridgestone dealers get Cornerstone/ASA as a partner tool; TireHub portal integrates with dealer POS; no mandate found), +1 IBISWorld 'low concentration, high level of fragmentation, low barriers to entry'."
87,Independent used car dealers,owner-operator (independent lot owner; DMS $60-$199/mo month-to-month),4,https://www.frazer.com/frazer-pricing ($129/mo); https://www.dealercenter.com/pricing/ ($79/mo DMS); https://www.automanager.com/pricing/ ($88/mo DMS); https://www.softwaresuggest.com/wayne-reaves-sw ($79/mo third-party),none found (NIADA has no software mandate; Westlake/DealerCenter lender tie is optional),https://www.marubeni.com/en/brand_media/scope/westlake/,CarMax 15.4% of industry revenue (IBISWorld); market 'highly fragmented' (CarMax 10-K),https://www.sec.gov/Archives/edgar/data/1170010/000117001024000034/kmx-20240229.htm,5,"+1 owner-operator, +1 public price, +1 three public prices, +1 no gatekeeper, +1 fragmentation statement (IBISWorld CarMax 15.4% https://www.ibisworld.com/united-states/industry/used-car-dealers/1004/; 10-K 'highly fragmented', CarMax ~3.7% of 0-10-yr-old vehicle sales)."
88,Car washes,"owner-operator for independents (largest operator under 1% of sites; Mister Car Wash 3-4% share), though PE-backed express chains are consolidating",1,https://www.rinsed.com/pricing,no,https://www.hanafloristpos.com/blog/what-are-floral-wire-service/,top 50 companies about 20% of revenue; largest operator <1% of sites,https://verticaliq.com/product/car-washes/,4,"Gatekeeper evidence URL is a placeholder: no franchisor/association software mandate surfaced for car washes; tunnel-equipment makers (DRB, Sonny's) bundle POS but no result says they dictate it, so the no-gatekeeper point is awarded with caution. Washify's price is third-party, so only Rinsed counts as vendor-public. Concentration URL also https://www.mmcginvest.com/post/the-us-car-wash-industry-in-2026-the-gold-rush-meets-its-ceiling."
89,Small engine & outdoor power equipment repair,owner-operator repair shop / servicing dealer principal,2,https://www.repairdesk.co/pricing/ ($99/mo); https://orderry.com/pricing/ ($39/mo),"partial: OEM warranty/parts portals (Stihl PSP, Toro EZ-Link) drive DMS integrations, but no OEM mandates a vendor in results",https://www.flyntlok.com/features/equipment-dealer-service-management,unverified,unverified,3,"+1 owner-operator, +1 public price, 0 (<3 public prices; Constellation DMS trio and Flyntlok are quote-only), +1 no gatekeeper, 0 concentration (not stated for repair segment). Constellation owns three of the incumbent DMSs (Ideal, c-Systems, Charter)."
90,Appliance repair,owner-operator (IBISWorld: 'overwhelming majority owner-operated with one or two trucks'),4,"https://rossware.net/PriceList.htm ($6,000 or $325/mo); https://www.repair-crm.com/2026/09/02/appliance-repair-software-the-2026-guide-for-small-shops/ ($19/mo); https://www.housecallpro.com/pricing/ ($59/mo); https://myquoteiq.com/top-10-best-scheduling-software-for-appliance-repair-businesses-in-2026/ ($29.99/mo)","no for retail/COD work; partial for warranty work (ServiceBench and ServicePower dispatch networks route manufacturer/home-warranty jobs, but do not mandate the shop's own software)",https://www.servicepower.com/blog/appliance-repair-scheduling-software,"highly fragmented, no company >5%; top four <40% of revenue (IBISWorld Appliance Repair in the US)",https://www.ibisworld.com/united-states/industry/appliance-repair/1710/,5,"+1 owner-operator, +1 public price, +1 >=3 public prices, +1 no gatekeeper (dispatch networks are a channel, not a software mandate), +1 fragmented. Industry counts conflict widely (5,380 to 37,769); owner-operated statement via https://bozmanfix.com/appliance-repair-statistics/."
91,Small fleet trucking companies (1-20 trucks),owner-operator / small carrier owner,4,"https://hawklanetech.com/fleet-tms-software.html ; https://www.torotms.com/blog/best-tms-software-for-trucking-company (TruckingOffice, Truckbase, TruckLogics) ; https://truckpedia.io/resources/best-trucking-software-small-fleets",regulator gatekeeper: FMCSA ELD mandate forces a certified ELD subscription (Motive/Samsara $20-45/truck/mo) that bundles IFTA/compliance,https://www.getfileflo.com/blog/best-eld-paired-compliance-software-2026,97% of carriers operate fewer than 20 trucks,https://www.overdriveonline.com/smallest-carriers-dot-audits-increased-offsite-scrutiny/,4,"+1 owner buyer, +1 public price, +1 three-plus public prices, 0 gatekeeper (ELD mandate anchors incumbents), +1 fragmentation statement"
92,Freight brokers,owner-operator (brokerage owner / ops manager),4,https://tai-software.com/pricing/ ; https://www.thefreetms.com/pricing ; https://arktms.com/freight-broker-software ; https://www.brokerpro.com/pricing/,unverified (load boards DAT/Truckstop and factoring firms not assessed; no software mandate found),unverified,top-5 ~30% of market; 'moderately fragmented',https://www.mordorintelligence.com/industry-reports/united-states-freight-brokerage-market ; https://www.researchandmarkets.com/report/united-states-freight-brokerage-market,4,"Score: owner-op +1, public price +1, >=3 public prices +1, gatekeeper 0 (not searched), concentration +1 (top-5 ~30% implies top-4 <40%). Top-heavy: C.H. Robinson $11.56B 2025 brokerage revenue https://www.ttnews.com/logistics/freightbrokerage/2026"
93,Moving companies,owner-operator (avg 6.2 employees per business),6,https://www.capterra.com/p/154185/MoveitPro/; https://movegistics.com/pricing/; https://www.chariotmove.com/pricing; https://moverstech.com/plans/; https://www.moverbase.com/pricing/; https://movegistics.com/top-5-moving-company-software-compared-2026/,"no (van lines constrain their agents' tariff/BOL tooling, but most movers are independent; no mandate seen)",https://servicebusinessacademy.org/what-software-do-most-moving-companies-use/,top 50 companies ~40% (First Research) / <30% (other source),https://firstresearch.com/industry-research/Moving-Services.html,5,Second concentration source: https://servicebusinessacademy.org/what-software-do-most-moving-companies-use/. Supermove has no public price. 1+1+1+1+1.
94,Courier & last-mile delivery companies,owner-operator (local courier firms of 1-50 drivers; per-driver/per-order pricing),5,https://www.ontime360.com/courier-software-cost ($99/mo); https://www.shipday.com/pricing ($0/$39/mo); https://www.track-pod.com/pricing-delivery-app/ ($59/driver/mo); https://www.wodely.com/top-10-courier-management-software-in-2026-best-tools-for-efficient-last-mile-delivery/ ($49/mo); https://www.routific.com/blog/best-courier-software (Onfleet $619/mo),no,https://clda.org/,moderate concentration; largest FedEx (US); global low concentration,https://www.ibisworld.com/united-states/industry/couriers-local-delivery-services/1950/,4,"+1 owner-operator, +1 >=1 public price, +1 >=3 public prices, +1 no gatekeeper (CLDA lists no endorsed software; Courierboard is an affiliate network), +0 concentration: IBISWorld US industry (which includes FedEx/UPS local delivery) is 'moderate'; the independent local-courier subsegment is not separately scored. Establishment count is 2020 Census (5,362) and conflicts with siccode partial count."
95,School bus contractors,"mixed: small family contractors sign, but school districts often own the routing system and dictate data formats",1,https://www.schoolbusmanager.com/pricing ($99/mo Lite),partial: school districts (the contractors' customers) control routing/data platforms (Transfinder/Edulog/Tyler); no vendor mandate found,https://civiciq.com/blog/school-transportation-software-2026-pricing-vendors-k-12-contract-analysis,20 largest firms ~51% of revenue (Vertical IQ); 'fragmented industry' (STI F-10),https://verticaliq.com/product/school-employee-bus-transportation/,3,"+1 owner-operator (family contractors), +1 one public price (School Bus Manager), 0 three prices (BusBoss quote-only, Bytecurve/Lynx/Edulog/Transfinder quote), 0 gatekeeper (district-controlled systems), +1 concentration ('fragmented industry' https://www.sec.gov/Archives/edgar/data/0001419465/000119312515054206/d875133df10.htm; 20 largest ~51%). Private contractors handle only 38% of student transport (https://www.schoolbusfleet.com/articles/the-state-of-school-bus-contracting-2025-survey-results)."
96,Limo & black car operators,owner-operator chauffeur/limo company (many 1-2 vehicle operators),1,https://www.limoanywhere.com/pricing/,no,https://www.limoanywhere.com/about-us/,no company >5% (Taxi & Limousine Services),https://www.ibisworld.com/united-states/industry/taxi-limousine-services/1951/,4,"Affiliate networks (GroundLink, Dav El under Marcou, which previously owned Limo Anywhere) route work but no mandate surfaced; NLA not found in results. Moovs price is third-party, so only Limo Anywhere counts as vendor-public."
97,Non-emergency medical transportation providers,owner of small van fleet (often 1-10 vehicles),4,"https://nextbillion.ai/feeds/blog/nemt-scheduling-software-transparent-pricing (Bambi $69, RouteGenie $50) ; https://nemtclouddispatch.com/ ($49.99) ; https://zeitride.com/blog/best-nemt-routing-software-2026 ($49/vehicle)","yes: Medicaid brokers (ModivCare WellRyde portal, MTM) assign trips and require credentialing; ModivCare offers WellRyde at little/no cost",https://www.hibambi.com/blog/what-to-know-about-modivcare-nemt-broker,"highly fragmented, no company >5%",https://elitemedfinancials.com/nemt-industry-statistics/,4,"+1 owner buyer, +1 public price, +1 three-plus public prices, 0 broker gatekeeper, +1 fragmentation statement"
98,Charter bus operators,owner-operator charter company (small companies hold >75% of market share),1,https://www.distinctive-systems.com/us/products/coach-manager/pricing/ (hosting $27.50/mo + $375 setup; core license price not shown),none found (brokers intermediate demand; no association/franchise mandates software),https://www.linkedin.com/company/thebusnetwork,low concentration (largest Coach USA; small companies >75% share),https://www.ibisworld.com/united-states/industry/scheduled-charter-bus-services/1163/,4,"+1 owner-operator, +1 public price (Distinctive hosting fee only), 0 (<3 public prices; Busify/Busie/busHive/TBN are quote-only), +1 no gatekeeper, +1 low concentration."
99,Customs brokers,"licensed broker who owns a small brokerage (many are 1-10 person firms; ~11,000 active licenses)",1,https://strixsmart.com/pricing ($30/entry self-filing; $100-$250/entry full service),"YES (regulatory): only CBP-certified ABI vendors may transmit entries, and CBP publishes the vendor list; NCBFAA members handle >97% of entries but the association does not mandate software",https://www.cbp.gov/document/guidance/abi-software-vendors-list,"low market share concentration (IBISWorld Freight Forwarding & Customs Brokers in the US; biggest are Deutsche Post, UPS, C.H. Robinson)",https://www.ibisworld.com/united-states/industry/freight-forwarding-customs-brokers/1209/,3,"+1 owner-operator, +1 public price (Strix per-entry), +1 low concentration. No +1 for >=3 public prices (NetCHB, CustomsNow, CustomsCity, Magaya, CargoWise all quote/per-transaction unpublished). No +1 gatekeeper: ABI certification gates which software can file, so an agent must ride on a certified filer. Cervo AI's $100M+ acquisition by Altana (July 2026) shows the agentic wedge is live (https://www.crunchbase.com/organization/cervo-ai)."
100,Small 3PL warehouses,owner-operator (3PL owner / warehouse GM),3,"https://softwareconnect.com/reviews/extensiv-3pl-warehouse-manager/ ($599) ; https://softwareconnect.com/roundups/best-3pl-third-party-logistics-software/ (ShipHero $1,995) ; https://www.fulfill.com/best-wms-for-3pls (Packiyo $699)",unverified (marketplace/carrier integration requirements not searched),unverified,unverified for US; Canada general warehousing 'no company >5%'; global top-5 12-15%,https://www.ibisworld.com/canada/industry/general-warehousing-storage/1224/ ; https://www.imarcgroup.com/warehousing-and-storage-market,4,"Score: owner-op +1, public price +1, >=3 public prices +1 (all third-party cited), gatekeeper 0 (not searched), concentration +1 (non-US statement; weak). 3,000-3,500 US 3PL warehousing providers per https://redstagfulfillment.com/how-many-3pls-are-there/"
101,Motorcycle & powersports dealers,dealer principal (franchised dealership owner),3,https://everlogic.com/price/; https://www.capterra.com/p/153782/Blackpurl/; https://www.softwaresuggest.com/dx1,"partial (OEMs certify DMS/website providers, e.g. 'H-D Certified Provider'; dealer standards cover facilities/techs/parts; no single mandated DMS found)",https://www.dx1app.com/Website/H-D-Certified-Provider,no company >5% (IBISWorld Motorcycle Sales & Repair),https://www.ibisworld.com/united-states/industry/motorcycle-sales-repair/1008/,4,Gatekeeper point withheld conservatively: franchised dealers operate under OEM agreements and OEM-certified integrations (Blackpurl H-D page https://blackpurl.com/dms-for-harley-davidson-dealerships/). Blackpurl/DX1 prices are third-party. 1+1+1+0+1.
102,Boat dealers & marinas,owner-operator (family-run marinas and single-location boat dealers; per-slip/per-location pricing),3,https://www.softwareadvice.com/product/536921-SlipBoss/ (free/$100/$250 per mo); https://www.dealerrock.com/pricing/ ($390/mo); https://www.guideflow.com/blog/boat-dealer-software (BiT DMS $238/mo),no,https://tradeonlytoday.com/post-type-feature/get-with-the-program/,"Boat Sales & Repair: low concentration (largest MarineMax); Marinas: highly fragmented, top 3 <5% of revenue",https://www.ibisworld.com/united-states/industry/marinas/1654/,5,"+1 owner-operator, +1 >=1 public price, +1 >=3 public prices, +1 no gatekeeper (no result showed Brunswick/Yamaha dealer agreements mandating a DMS), +1 IBISWorld marinas 'highly fragmented, no company >5%' and boat dealers 'low market share concentration' (https://www.ibisworld.com/united-states/number-of-businesses/boat-dealership-repair/1010/). Note DockMaster (largest marina vertical) is a Valsoft->Aspire rollup asset."
103,Trailer dealers,owner-operator (trailer dealership owner; flat monthly DMS $387-$500),4,"https://www.trailerops.com/pricing ($500/mo); https://everlogic.com/price/ ($129/license/mo, 3 min); https://www.natda.org/news/why-every-trailer-dealer-needs-a-software-solution (Blackpurl $99/mo NATDA, $408/mo list); https://www.lightspeeddms.com/solutions/pricing/ ($450-$3,000+/mo)","none found (NATDA offers affinity pricing, not a mandate; OEMs not shown to dictate DMS)",https://www.natda.org/news/why-every-trailer-dealer-needs-a-software-solution,no company >5% (IBISWorld Truck Trailer Dealers),https://www.ibisworld.com/united-states/industry/truck-trailer-dealers/5419/,5,"+1 owner-operator, +1 public price, +1 three public prices, +1 no gatekeeper, +1 IBISWorld 'highly fragmented, no company >5%'. Caveat: IBISWorld report covers truck trailer dealers; light utility/cargo trailer dealers not separately measured."
104,Construction equipment rental yards,owner-operator independent rental yard (about 45% of market value held by local/independent companies),1,https://ezo.io/ezrentout/pricing/,no,https://news.ararental.org/,"top 5 = 22.2% (United Rentals 10.1%, Sunbelt 6.8%, Herc 2.6%, Loxam 1.8%, H&E 0.9%)",https://www.gminsights.com/industry-analysis/construction-equipment-rental-market,4,"ARA is a trade association with no software mandate seen. Quipli's flat fee ($6,000/location/yr) is a third-party figure and Point of Rental is contact-sales, so only EZRentOut counts as vendor-public."
105,"Party & event rental companies (tents, bounce houses)",owner-operator ('mom-and-pop' per IBISWorld; InflatableOffice free tier under 10 items),4,https://pro.goodshuffle.com/pricing ($39/user/mo or $139/mo); https://inflatableoffice.com/pricing/ ($75-215/mo); https://www.softwareadvice.com/event-rental/ (ERS $79.95/mo); https://www.softwareadvice.com/rental/rentopian-profile/ (Rentopian $59/mo),none found,https://www.ibisworld.com/united-states/number-of-businesses/party-supply-rental/4389/,9.0% (top four operators); low concentration; largest Party Rental Ltd,https://www.ibisworld.com/united-states/number-of-businesses/party-supply-rental/4389/,5,"+1 owner-operator, +1 public price, +1 >=3 public prices, +1 no gatekeeper, +1 top-4 <40%. Strongest fragmentation evidence in this slice (explicit top-4 share)."
106,Self-storage facilities,owner of a single or few-facility independent operator (~65% of US facilities are owned by operators outside the top 100),5,"https://stora.co/pricing ($83/mo); https://storeganise.com/pricing ($90/mo); https://us.6storage.com/self-storage-software/pricing/ ($75/mo); https://www.capterra.com/p/112769/Self-Storage-Software/pricing/ (Storable Easy $90/mo); https://softwareconnect.com/roundups/best-self-storage-software/ (storEDGE $129, SiteLink ~$150, third-party)",no (Self Storage Association is a trade body; REITs run in-house systems; no franchise/association software mandate found),unverified,"public companies/REITs own 23% of facilities, next top-100 own 13%, small operators ~65%; by square footage small operators 40%, REITs/public 38%",https://www.neighbor.com/storage-blog/self-storage-industry-statistics/,5,"+1 owner-operator, +1 public price, +1 >=3 public prices, +1 no gatekeeper, +1 top-4 <40% by facility count (SmartStop S-11: top 100 operators = 35% of properties, https://www.sec.gov/Archives/edgar/data/1585389/000119312525060868/d860878ds11a.htm). Caveat: Storable (SiteLink+storEDGE+Easy) is a dominant vendor even though the operator base is fragmented; no vendor share % found."
107,Laundromats,owner-operator (laundromat owner),3,"https://www.washdryfoldpos.com/best-laundromat-pos-systems-in-2026-compared/ (Cents $89, CleanCloud $99) ; https://www.guideflow.com/blog/laundromat-software (Wash-Dry-Fold ~$85)",no (67% of locations independent; ~80% single-location; no franchisor software mandate found),https://vantainsights.com/insights/laundromat-industry-trends ; https://commercialobserver.com/2026/05/big-shift-in-retail-space-as-institutional-capital-moves-into-laundromats/,top-5 = 32% of revenue (IBISWorld via VantaInsights),https://vantainsights.com/insights/laundromat-industry-trends,5,"Score: owner-op +1, public price +1, >=3 public prices +1, no gatekeeper +1, concentration +1 (top-5 32% => top-4 <40%). Consolidation rising: national chains acquiring regional operators at 4.2%/yr."
108,Dry cleaners,owner-operator (plant/store owner),4,https://www.capterra.com/p/133390/CleanCloud/; https://www.softwareadvice.com/dry-cleaning/smrt-systems-profile/; https://darkpos.com/pricing; https://geelus.com/low-cost-pos-for-dry-cleaning-the-most-affordable-solution-in-the-usa/,no (no franchisor/association software mandate seen),unverified,unverified (US statement not in snippet; UK report 'low market share concentration'),https://www.ibisworld.com/united-states/industry/dry-cleaners/1730/,4,"27,649 businesses on $9.6bn implies fragmentation but no explicit US concentration statement surfaced; point withheld. 1+1+1+1+0."
109,Independent hardware stores,owner-operator (independent hardware store owners; but most are co-op members),2,https://koronapos.com/pricing/ ($59/terminal/mo); https://www.thegeneralstore.com/pricing/ ($49/mo),yes (co-op endorsement),https://hbsdealer.com/news/ace-doubles-down-on-pos-partnership,highly fragmented; no company >5% (IBISWorld Hardware Stores),https://www.ibisworld.com/united-states/industry/hardware-stores/1033/,3,"+1 owner-operator, +1 >=1 public price, +0 <3 public prices (KORONA, The General Store; Rundoo/RockSolid/Paladin/Epicor are quote-based), +0 gatekeeper found: Ace Hardware exclusively recommends Epicor Eagle to its 5,300+ member stores (3,400+ already on it) and Do it Best named Epicor its exclusively endorsed POS vendor (https://www.epicor.com/en-us/newsroom/news-releases/ace-strategic-partnership/); True Value supports other POS. Co-ops cover most independents, so treated as gatekeeper. +1 IBISWorld 'highly fragmented'."
110,Garden centers & nurseries,owner-operator (independent garden center owner; POS $49-$90/mo),4,https://microbiz.com/microbiz-cloud-pos-pricing/ ($60/mo); https://www.comcash.com/blog/garden-center-pos-systems (Sunfire $49/mo third-party); https://www.lightspeedhq.com/pos/retail/garden-center-pos/ ($89/mo); https://plantingnursery.com/pricing ($30/mo third-party),none found,https://rundoo.ai/industries/lawn-garden/,"top four 60.4% of revenue / 'moderate concentration', largest Tractor Supply (IBISWorld)",https://www.ibisworld.com/united-states/industry/nursery-garden-stores/1037/,4,"+1 owner-operator, +1 public price, +1 three public prices, +1 no gatekeeper, 0 concentration (IBISWorld reports top-4 60.4% and 'moderate' concentration for Nursery & Garden Stores because big-box/Tractor Supply are in the industry definition; the 8,973 independents are still the buyer)."
111,Florists,"owner-operator florist (standalone shops about 14,000)",3,https://floranext.com/pricing/ | https://www.hanafloristpos.com/pricing/ | https://theretailexec.com/tools/best-florist-pos-systems/,yes (partial),https://www.hanafloristpos.com/blog/what-are-floral-wire-service/,wire-service market concentrated in FTD and Teleflora; retail florists 'extremely fragmented',https://www.sec.gov/Archives/edgar/data/0001283157/000095013707013779/c18314e10vk.htm,4,"Gatekeeper: FTD/Teleflora wire services bundle POS (Mercury, Dove) and some florists join primarily for the POS/website/processing, so the no-gatekeeper point is withheld. FloristWare and QuickFlora prices are third-party; Floranext and Hana are vendor pages (third counted with third-party caveat)."
112,Independent jewelry stores,owner-operator independent jeweler (independents >70% of specialty market),3,"https://jewel360.com/pricing ($199/mo); https://www.wjewel.com/pos-pricing.php ($99/mo); https://www.theedgeforjewelers.com/pricing (one-time ~$4,600; cloud ~$500/mo)",none found: buying groups IJO (850+ members) and RJO offer vendor programs but no software mandate in results,https://www.ijo.com/why-ijo,"five largest specialty retailers 22.5% of specialty sales; 'highly fragmented' (Signet 20-F, 2007 data)",https://www.sec.gov/Archives/edgar/data/0000832988/000115697308000528/u55510ex15-3.htm,5,"+1 owner-operator, +1 public price, +1 >=3 public prices, +1 no gatekeeper, +1 fragmented. Concentration evidence is old (FY2008 filing); store count declining -3.5%/yr."
113,Pawn shops,"owner-operator of an independent pawn shop (majority of >12,000 locations privately held; regulatory police-reporting duties fall on the owner)",1,https://pawn-software.com/pawn-shop-pos.htm (PawnSmarts $89/mo); Bravo $79-$99/mo and PawnMaster $99/mo only via third-party https://www.itqlick.com/compare/bravo-pos-software/pawnmaster ; Pawnit <$60/mo via https://www.guideflow.com/blog/pawn-shop-software,"partial: LeadsOnline daily electronic reporting is mandated by ordinance in cities such as Chicago and New York (a reporting destination, not a POS mandate); NPA opposes; FirstCash/EZCorp chains use in-house systems",https://www.police1.com/police-products/software/data-information-sharing-software/articles/police-departments-across-the-country-are-using-a-national-system-to-solve-more-crimes-ivcpsvkoUeKyCGns/,FirstCash holds the most share (IBISWorld); FirstCash + EZCorp collectively >30% (top-4 share not stated); 'thousands of independent operators',https://www.halfinterestpawn.com/blog/pawn-shop-statistics-2026,3,"+1 owner-operator, +1 public price (PawnSmarts vendor page), +1 no software gatekeeper (LeadsOnline is a mandated data feed every pawn POS integrates with, not a dictated system). No +1 for >=3 vendor-published prices (Bravo/PawnMaster/Pawnit figures are third-party). No +1 concentration: top-2 >30% with no 'fragmented' statement from IBISWorld in results (https://www.ibisworld.com/united-states/industry/pawn-shops/4741/)."
114,Gun shops / FFL dealers (compliance & bound book),owner-operator (FFL dealer / store owner),3,https://www.coriolisagency.com/fastbound-vs-orchid-ebound-a-comprehensive-comparison-of-ffl-software-solutions/ (FastBound $9) ; https://orchidadvisors.com/ffl-bound-book-and-4473-software-pricing/ ; https://www.bravostoresystems.com/point-of-sale-for-gun-stores,unverified (ATF Ruling 2016-1 dictates e-bound-book requirements but not vendor; distributor/NSSF requirements not searched),unverified,highly fragmented; no company >5%,https://www.ibisworld.com/united-states/industry/gun-ammunition-stores/4379/,4,"Score: owner-op +1, public price +1, >=3 public prices +1, gatekeeper 0 (not searched; regulator is ATF), fragmented +1. Type 01 FFL count declining (46,072 in 2025)."
115,Liquor stores,owner-operator (independent package store owner),4,https://bottlepos.com/; https://koronapos.com/blog/best-pos-liquor-store/; https://nrsplus.com/small-business/pos-system-for-liquor-stores/; https://mpowerbeverage.com/pricing/,"no software gatekeeper (17 control states regulate distribution; 7 states have no private liquor stores at all, shrinking the addressable niche)",https://koronapos.com/blog/what-are-alcohol-control-states/,"unverified (only online segment: 'low market share concentration', Total Wine largest)",https://www.ibisworld.com/united-states/number-of-businesses/online-beer-wine-liquor-sales/5087/,4,Brick-and-mortar concentration statement not found; point withheld. mPower price includes upfront hardware/license. 1+1+1+1+0.
116,Independent pharmacies,owner-pharmacist (independent community pharmacies; single-store pricing),2,"https://refillassistant.com/pricing/ ($129/mo); https://www.capterra.com/p/120411/Datascan-Pharmacy-Software/pricing/ ($2,500/mo, third-party)",no software mandate found (payer/PSAO structure present),https://www.drugchannels.net/2025/09/inside-2025-psao-market-how-wholesalers.html,"US Pharmacies & Drug Stores: CVS 16%, Walgreens 14%, Rite Aid 7%, other 63% (IBISWorld via scrapehero); largest CVS",https://www.ibisworld.com/united-states/industry/pharmacies-drug-stores/1054/,3,"+1 owner-operator, +1 >=1 public price, +0 <3 public prices (PioneerRx/Liberty prices are third-party estimates; BestRx/Datascan quote-based), +1 no gatekeeper dictating software (Health Mart/McKesson franchise 5,000+ stores and PSAOs shape contracts but no PMS mandate appeared; PBM claim switches are a data gate, not a vendor mandate), +0 concentration: industry-level top-3 already 37% and CVS is largest; independents are ~1/3 of stores (https://www.commonwealthfund.org/publications/issue-briefs/2021/aug/competition-consolidation-evolution-pharmacy-market)."
117,Food trucks,owner-operator (truck owner; $25-$99/mo flat tools),4,https://foodtruckone.com/ ($29/mo); https://www.hubplate.app/blog/best-pos-system-for-food-trucks-in-2026 ($99/mo); https://catermonkey.com/en/prices/ ($63-$247/mo third-party); https://medium.com/@bigfatwriter/7-cool-food-truck-friendly-tools-c42b381cb1e1 (Truckster $25/mo third-party),"none found (commissaries/city permits are compliance gates, not software mandates; Square is default but optional)",https://squareup.com/us/en/restaurants/food-truck,no company >5%; top 50 ~20% of revenue; 91% independently owned,https://www.prweb.com/releases/food_trucks_in_the_us_industry_market_research_report_now_available_from_ibisworld/prweb11580691.htm,5,"+1 owner-operator, +1 public price, +1 three public prices, +1 no gatekeeper, +1 IBISWorld 'no company >5%' / 91% independent (https://www.b2breviews.com/food-truck-statistics/). Caveat: buyer is very small and churn-prone; POS is dominated by Square/Toast/Clover."
118,Caterers,owner-operator caterer (no company >5%; top 50 <15% of revenue),3,https://www.caterzen.com/pricing | https://totalpartyplanner.com/catering-software-pricing/ | https://www.perfectvenue.com/post/total-party-planner-vs-caterease,no,https://www.ibisworld.com/united-states/industry/catering-services/1682/,no company >5%; top 50 <15%,https://www.ibisworld.com/united-states/industry/catering-services/1682/,5,IBISWorld: highly fragmented. Health-department permits apply but no software mandate. Caterease and Better Cater prices are third-party; CaterZen and TPP have vendor pricing pages.
119,Retail bakeries,owner-operator bakery owner / home baker,4,https://wholesalehandler.com/articles/bakesmart-pricing (BakeSmart $99/mo); https://www.bakesy.app/pricing ($9.99/mo); https://www.joinhomebase.com/blog/bakery-management-software (CakeBoss $149 yr1); https://theretailexec.com/tools/best-bakery-software/ (FlexiBake $125/mo),none found,https://www.ibisworld.com/united-states/number-of-businesses/bakery-cafes/4319/,low concentration (Bakery Cafes; largest Panera),https://www.ibisworld.com/united-states/number-of-businesses/bakery-cafes/4319/,5,"+1 owner-operator, +1 public price, +1 >=3 public prices, +1 no gatekeeper, +1 low concentration. Vertical incumbents are tiny (BakeSmart 3 employees); Square is the real horizontal incumbent."
120,Vending machine operators,owner-operator (VendSoft targets 'small vending machine operators'; VendSys serves 5 points of sale up),1,"https://www.vendsoft.com/pricing/ ($1/machine/mo, min $19); Parlevel ~$15/machine and Cantaloupe $8-$12/machine only via third-party (https://gitnux.org/best/vending-management-software/, https://vendbuddy.io/blog/best-vending-machine-card-readers-2026)","no formal gatekeeper; cashless-reader vendors (Cantaloupe, Nayax) bundle telemetry that steers VMS choice but do not mandate it",https://www.cantaloupe.com/products/telemetry/,"medium concentration: top four operators ~47.1% of revenue (IBISWorld, 2016 data); Compass Group (Canteen) largest; 14,801 businesses 2026",https://evending.com/blogs/news/state-vending-machine-operator-industry-u-s,3,"+1 owner-operator, +1 public price (VendSoft), +1 no gatekeeper. No +1 >=3 public prices (Parlevel, Cantaloupe, VendSys, Gimme, VendMAX not self-serve). No +1 concentration: top-4 47.1% >= 40% (dated 2016 figure; current IBISWorld page https://www.ibisworld.com/united-states/industry/vending-machine-operators/1113/ names Compass as leader but share not shown)."
121,Funeral homes,owner-operator (funeral director / owner),3,https://osirissoftware.com/faq-items/how-much-does-osiris-cost/ ($79) ; https://www.softwaresuggest.com/crakn ($165/user) ; https://softwarefinder.com/legal/halcyon-death-care-management-solutions ($295),unverified (NFDA/state boards not searched; consolidators SCI and PE platforms own a minority of homes),unverified,"SCI ~16% North America share (2013 10-K); independents 48.6% (2025); 'mature, fragmented, mostly independent'",https://www.sec.gov/Archives/edgar/data/0000089089/000008908914000002/sci-12312013x10k.htm ; https://www.researchandmarkets.com/reports/5638885/the-u-s-funeral-homes-cemeteries-and-crematories ; https://market.us/report/death-care-services-market/,4,"Score: owner-op +1, public price +1, >=3 public prices +1 (two third-party cited), gatekeeper 0 (not searched), fragmented +1. PE-owned Tribute Technology bundles CRaKN and Parting Pro with websites, a soft distribution moat."
122,Cemeteries & crematories,"mixed (family owner, municipal/parish board, or SCI corporate); not reliably owner-operator",2,https://www.cemify.com/learn/pricing; https://cemeterybase.com/blog/best-cemetery-software-compared-2026,no (no association/franchisor mandate seen),unverified,SCI ~28.8% of cemetery services revenue; another source: top five ~18-22%,https://www.ibisworld.com/us/company/service-corporation-international/9111/,3,Owner-operator point withheld (many buyers are municipal/religious boards with procurement). Sources conflict on top-5 share (https://dataintelo.com/report/cemetery-service-market) but both describe a fragmented industry. 0+1+0+1+1.
123,Pet grooming salons & mobile groomers,owner-operator (solo salons and single-van mobile groomers; per-van pricing),5,https://www.moego.pet/pricing ($49/mo per van); https://get.groomer.io/pricing ($99/mo); https://www.groomsoft.com/pricing/ ($29.95/mo); https://www.animalo.com/blog/pet-grooming-software-ultimate-2026-guide-for-salons ($50/mo); https://tryteddy.com/blog/best-mobile-pet-grooming-software-kg76y (GrooMore $39/mo),no (franchise slice only),https://aussiepetmobilefranchising.com/pet-franchise-blog/pet-grooming-technology/,highly fragmented; no company >5% (IBISWorld Pet Grooming & Boarding),https://www.ibisworld.com/united-states/industry/pet-grooming-boarding/1735/,5,"+1 owner-operator, +1 >=1 public price, +1 >=3 public prices, +1 no gatekeeper (Aussie Pet Mobile / Splash and Dash supply franchisee software; franchises are a small share of 32,943 pet-care firms), +1 IBISWorld 'highly fragmented, no company >5%'. Strongest public-price coverage in this slice."
124,Pet boarding & daycare,owner-operator (facility owner; $40-$209/mo per location),4,"https://pawpartner.com/pricing ($44.99-$99.99/mo); https://doggiedashboard.com/ (free / $40/mo); https://www.gingrapp.com/pricing (~$109-$209/mo per location, amounts third-party); https://www.capterra.com/p/92864/PetExec/ ($105/mo third-party)","none for most of the niche (franchisors Dogtopia 200+ and Camp Bow Wow 170+ locations dictate to franchisees only, vs 169k-193k businesses)",https://1851franchise.com/top-pet-boarding-daycare-franchises-2730430,no company >5% (IBISWorld Pet Grooming & Boarding),https://www.ibisworld.com/united-states/industry/pet-grooming-boarding/1735/,5,"+1 owner-operator, +1 public price, +1 three public prices, +1 no gatekeeper, +1 IBISWorld 'highly fragmented, no company >5%'. Vendor side is consolidating under PE (Togetherwork owns Gingr, PetExec, Revelation Pets)."
125,Dog training businesses,owner-operator dog trainer (independents dominate local markets); franchisees pay $100-$500/mo for proprietary systems,4,https://pupmanager.com/compare/busypaws | https://heeldash.com/blog/best-dog-trainer-software/ | https://sourceforge.net/software/product/Digiwoof-Clicks/ | https://www.softwareadvice.com/kennel/busypaws-profile/,no (franchisors only for their franchisees),https://www.wagbar.com/dog-training-business-software-complete-guide-to-managing-your-franchise,no provider >8-10% share; Bark Busters about 7-8%,https://www.marketreportsworld.com/market-reports/dog-training-services-market-14722070,5,"Franchisors (Sit Means Sit, Dog Training Elite, Bark Busters) dictate software to franchisees, but results say independents dominate, so the point is awarded. Concentration figures are from market-report sites (attribution within result set uncertain). Only PupManager's price is on a vendor page; the others are third-party."
126,Barber shops,owner-operator shop owner or booth-renting barber ($25-30/mo solo plans),4,https://getsquire.com/pricing ($30/mo); https://biz.booksy.com/pricing ($29.99/mo); https://thecut.co/pricing (free/$25); https://glossgenius.com/customers/barber-software ($28/mo),"none for independents; franchisors (Great Clips 4,530+ units; Sport Clips) control software only for their own units",https://www.entrepreneur.com/franchises/this-salon-franchise-has-50-market-share-of-all-franchised/477704,highly fragmented; no company >5% (Hair Salons report),https://www.ibisworld.com/united-states/industry/hair-salons/4410/,5,"+1 owner-operator, +1 public price, +1 >=3 public prices, +1 no gatekeeper, +1 fragmented. Very crowded, VC-funded incumbents (Squire $108M); marketplace apps compete on discovery."
127,Hair salons,salon owner or booth-renting stylist (per-calendar pricing from $19.95-$30/mo),5,"https://www.glossystack.com/pricing (GlossGenius $24, third-party); https://www.vagaro.com/learn/best-salon-software ($30); https://www.mangomint.com/pricing/ ($120); https://www.guideflow.com/blog/salon-software (Boulevard $176, Fresha $19.95, third-party)",no for independents (Great Clips supplies proprietary POS/software to franchisees; Regis is 3.9% of revenue),https://franchise.greatclips.com/the-great-clips-advantage/great-technology,"highly fragmented, no company >5%; Regis 3.9% of revenue (IBISWorld Hair Salons in the US)",https://www.ibisworld.com/united-states/industry/hair-salons/4410/,5,"+1 owner-operator, +1 public price, +1 >=3 public prices, +1 no gatekeeper, +1 fragmented. Very crowded, VC-heavy vendor set (GlossGenius $72M, Mangomint $48M, plus Square/Booksy/Fresha marketplaces)."
128,Nail salons,owner-operator (salon owner / independent nail tech),4,https://www.glossystack.com/software/glossgenius ($24) ; https://pabau.com/blog/mangomint-pricing/ ($165) ; https://www.vagaro.com/learn/vagaro-vs-glossgenius-pricing-features-comparison ($23.99) ; https://www.guideflow.com/blog/nail-salon-software (Fresha free),"no (franchises exist: Frenchies, MiniLuxe, Regal Nails, PROSE, Bellacures, but no company >5%; no software mandate found)",https://www.franchisedirect.com/healthbeautyfranchises/nail-salon-franchises-0910/,no company >5% (IBISWorld personal waxing & nail salons),https://www.ibisworld.com/united-states/industry/hair-nail-skin-care-services/1718/,5,"Score: owner-op +1, public price +1, >=3 public prices +1, no gatekeeper +1, fragmented +1. Concentration statement attributed to IBISWorld via search summary; exact page not read (host blocked)."
129,Tattoo studios,owner-operator (owner tattoos; avg 1.8 employees),3,https://www.guideflow.com/blog/tattoo-shop-software; https://tattoopro.io/pricing; https://twizzlo.com/articles/tattoo-shop-management-software/,no,unverified,no company >5% (IBISWorld Tattoo Artists),https://www.ibisworld.com/united-states/industry/tattoo-artists/4404/,5,Porter has plans but no public figure in results. 1+1+1+1+1.
130,Massage therapy practices,owner-operator (solo LMTs and small clinics; per-practitioner pricing),5,https://www.sprypt.com/blog/best-booking-apps-for-massage-therapists (MassageBook $15/mo); https://clinicsense.com/blog/the-best-massage-therapy-software-for-your-practice-in-2026 ($39/mo); https://getruana.com/massage-therapy-pricing-and-features/ ($45.99/mo); https://www.noterro.com/pricing ($33/mo),no (franchise slice only),https://www.franchisegator.com/franchises/massage-envy/,"low concentration; top 4 (Massage Envy, Elements, Massage Heights, Zen) <13.4% of revenue",https://insurancenewsnet.com/oarticle/Massage-Services-in-the-US-Industry-Market-Research-Report-Now-Available-from-IB-a-444701,5,"+1 owner-operator, +1 >=1 public price, +1 >=3 public prices, +1 no gatekeeper (Massage Envy franchisees use proprietary software; AMTA/ABMP offer vendor discounts, not mandates), +1 top-4 <13.4% (IBISWorld via InsuranceNewsNet; IBISWorld page https://www.ibisworld.com/united-states/industry/massage-services/6028/)."
131,Veterinary clinics (independent),owner-operator for independents (~70% of practices); corporate groups buy centrally for ~30%,5,https://costbench.com/software/veterinary-software/shepherd/ ($299/mo); https://www.ezyvet.com/pricing/us ($260.50/user/mo); https://www.provet.com/pricing ($99/mo); https://www.daysmart.com/vet/pricing/ ($116/mo); https://www.capterra.com/p/134667/Hippo-Manager/ ($119/vet/mo),"partial: distributor/diagnostics-tied PIMS (Covetrus AVImark/Impromed, IDEXX Cornerstone) held 86% of server-based installs in a 2022 Canadian survey; corporate groups (~30% of practices) mandate PIMS",https://pmc.ncbi.nlm.nih.gov/articles/PMC10727148/,unverified,unverified,3,"+1 owner-operator (AVMA 2025: 93.9% of surveyed owners independent https://www.dvm360.com/view/2025-economic-state-of-the-veterinary-profession-trends-and-opportunities-for-your-practice), +1 public price, +1 three public prices, 0 gatekeeper (IDEXX/Covetrus bundling; corporate ~30% https://privateequityvet.org/vet-list/), 0 concentration (no 'fragmented'/top-4 statement captured for the practice industry)."
132,Dental practices (independent),dentist-owner (solo about 50% of dentists; DSO-affiliated 16.1%),3,https://www.opendental.com/site/fees.html | http://www.oryxdental.com/pricing/ | https://www.saasworthy.com/product/dentrix-ascend/pricing,"no mandate; distributors (Henry Schein/Dentrix, Patterson/Eaglesoft) and DSOs shape choice",https://siotek.net/resources/dental-practice-management-software-comparison,"PMS share claims (Dentrix 18-22%, Eaglesoft 15-20%, Open Dental 14-18%) are unsourced",https://medixdental.com/dental-pms-market-data/,4,"No practice-market concentration statement with a URL (ADA data: 135,665 establishments, DSO 16.1%), so the concentration point is not awarded. Gatekeeper point awarded cautiously: dental distributors sell PMS but no result says they dictate it; payers dictate claims formats, not vendors. Dentrix Ascend price is third-party."
133,Chiropractic offices,owner-operator chiropractor (single-location independents dominate),4,https://www.chirotouch.com/pricing ($159/provider/mo); https://www.chirofusionsoftware.com/pricing/ ($149/mo); https://www.zhealthehr.com/pricing-policy ($119/provider/mo); https://jane.app/pricing (CA$54/mo),"none found (The Joint franchise ~950 of ~74k offices; payers require claims, not software)",https://www.withorbital.com/data/how-many-chiropractors-in-the-us/,highly fragmented; no company >5%; top-10 franchises/groups ~4% of visits,https://www.ibisworld.com/united-states/industry/chiropractors/1559/,5,"+1 owner-operator, +1 public price, +1 >=3 public prices, +1 no gatekeeper, +1 fragmented. Mature EHR category; wedge must be billing/claims follow-up rather than notes."
134,Physical therapy clinics (independent),clinic-owner physical therapist (1-5 provider practices; per-provider pricing $39-$399),2,"https://www.sprypt.com/blog/spry-pricing-physical-therapy-emr-cost ($79/provider); https://www.theraplatform.com/resources/281/physical-therapy-software ($39/mo); WebPT $99 and AdvancedMD $399 only via third-party (https://softwarefinder.com/emr-software/webpt, https://www.sprypt.com/blog/healthcare-pms-pricing)","no software mandate (Medicare/commercial payers require compliant claims via clearinghouses, and hospital systems/chains use Epic etc., but independents choose their EMR)",unverified,"no operator >10%; top five ~20% of the market; public players (Select Medical, ATI, USPH) ~10%; five chains = 9.7% of clinics",https://www.stifel.com/Newsletters/InvestmentBanking/BAL/Marketing/Healthcare/PhysicalTherapy/2025/PT_MarketOverview072025.pdf,4,"+1 owner-operator, +1 public price, +1 no gatekeeper, +1 fragmented (also https://medium.com/@joshzenilman/physical-therapy-an-industry-ripe-for-disruption-ec935db832fa). No +1 for >=3 vendor-published prices (only SPRY and TheraPlatform; WebPT/Prompt/TurboPT/Net Health quote). Heavy VC in incumbents (Prompt $213M, SPRY $25M)."
135,Optometry practices,owner-operator (optometrist practice owner),2,https://softwarefinder.com/emr-software/revolutionehr ($319) ; https://www.itqlick.com/compare/crystal-practice-management/revolutionehr (Crystal PM $79/user),"no explicit mandate found (VSP-affiliated Eyefinity is a channel, not a requirement; Vision Source requirement not found in results)",https://us.fitgap.com/products/023462/eyefinity-officemate,unverified ('many markets remain fragmented'; 22 active PE roll-ups),https://www.rightfitcapital.com/post/private-equity-optometry-practice-buyers-2026 ; https://ctacquisitions.com/guides/ophthalmology-pe-rollup-tracker-2026/,4,"Score: owner-op +1, public price +1, >=3 public prices 0 (only two), no gatekeeper +1, fragmented +1 (weak statement). Vision plans (VSP/EyeMed) shape workflows heavily even without dictating software."
136,Mental health private practices,owner-operator (solo clinician / group owner),5,https://www.mentalyc.com/blog/simplepractice-vs-therapynotes; https://www.coralehr.com/blog/ehr-cost-comparison-therapists-2026/; https://www.sessionshealth.com/pricing/; https://www.mentalyc.com/blog/best-ehr-for-private-practice,partial (Headway/Alma hold the panel contract and bundle their own EHR/billing for insurance-based clinicians; payers do not dictate EHR for private-pay practices),https://helloalma.com/for-providers/resources/alma-vs-headway/,no company >5% (IBISWorld MH & SA Clinics); Magellan 2.4% largest in Psychologists/SW/MC,https://www.ibisworld.com/united-states/industry/mental-health-substance-abuse-clinics/1568/,5,Gatekeeper point given because private-pay solos choose freely; note the Headway/Alma channel captures insurance-panel clinicians (https://practiceharbor.com/blog/headway-vs-private-practice). 1+1+1+1+1.
137,Home health & non-medical home care agencies,agency owner (often franchisee or solo founder),3,"https://shiftcare.com/pricing ; https://bridgecareos.com/pricing/ ; https://www.itqlick.com/compare/axiscare-software/caretime (AxisCare, CareTime)",yes: state Medicaid EVV mandates; closed-model states require the state vendor (Sandata ~25 states; HHAeXchange ~10); franchisors (Home Instead) supply Honor Care Platform,https://www.aveecare.com/resources/evv-vendors-by-state,no company >5% share,https://www.ibisworld.com/united-states/industry/home-care-providers/1579/,4,"+1 owner buyer, +1 public price, +1 three-plus public prices, 0 gatekeeper (EVV aggregators + franchisor platforms), +1 IBISWorld fragmented. Home Instead/Honor: https://1851franchise.com/franchise-deep-dive-home-instead-franchise-costs-fees-profit-and-data-2721460"
138,Adult day care centers,center owner/administrator (small for-profit and nonprofit centers; flat monthly or per-participant pricing),3,"https://www.eldersuite.com/what-is-the-price-for-eldersuite-adult-day-care-software ($299/mo); https://onecareportal.com/pricing (from $149/mo); https://www.g2.com/products/storiicare/pricing ($650, third-party)",partial (state Medicaid payer rules; EVV aggregators in some states),https://www.ankota.com/blog/evv-software/evv-aggregators-explained,highly fragmented; no company >5% (IBISWorld Adult Day Care),https://www.ibisworld.com/united-states/industry/adult-day-care/5942/,4,"+1 owner-operator, +1 >=1 public price, +1 >=3 public prices (StoriiCare via G2), +0 gatekeeper: state Medicaid programs dictate billing formats and, in MD/NM/SC, a single EVV system (https://www.aveecare.com/resources/evv-vendors-by-state); no result showed a mandate specific to adult day centers, so scored conservatively as partial, +1 IBISWorld 'highly fragmented'. Establishment count small (3,100 CDC 2022)."
139,Small assisted living & group homes,owner-operator (adult family home / small AL operator; $3.99/bed or $49/mo tools),4,"https://al-cloudcare.com/SushooACCPricing.html ($3.99/bed/mo, $50/EIN min); https://afhapp.com/ ($49/mo); https://softwarefinder.com/emr-software/eresidentcare ($99/mo third-party); https://softwarefinder.com/emr-software/alis ($8-$15/resident/mo third-party)",none found (state licensing e.g. WA DSHS sets records rules but no vendor mandate),https://www.dshs.wa.gov/altsa/residential-care-services/information-adult-family-home-providers,fragmented; top 5 ~32% of market,https://www.fortunebusinessinsights.com/assisted-living-market-111474,5,"+1 owner-operator, +1 public price, +1 three public prices, +1 no gatekeeper, +1 'fragmented, top 5 ~32%' (third-party market report; IBISWorld names Brookdale largest in Retirement Communities https://www.ibisworld.com/united-states/industry/retirement-communities/1599/ without a share figure in results)."
140,Durable medical equipment suppliers,"owner-operator for independents, but Medicare/CMS accreditation, competitive bidding and payer rules dominate",0,unverified,yes,https://www.cms.gov/medicare/enrollment-renewal/providers-suppliers/durable-medical-equipment-prosthetics-orthotics-supplies-dmepos,"highly fragmented, more than 6,000 unique suppliers; national players AdaptHealth, Lincare, Rotech, Quipt consolidating",https://www.sec.gov/Archives/edgar/data/1725255/000162828026011213/ahco-20251231.htm,2,"No vendor publishes a self-serve price (Brightree, NikoHealth, Bonafide, TIMS all contact-sales; third-party figures only). Payer/CMS gatekeeping and manufacturer integration (ResMed owns Brightree) make this a compliance-heavy niche; consolidation trend noted in the 10-K."
141,Child care centers & in-home daycares,owner-operator (in-home providers and single-site center directors),2,https://www.procaresoftware.com/blog/how-much-does-procare-cost/ (from ~$25/mo); https://mykidreports.com/blog/best-childcare-software-for-preschool-childcare-compared (MyKidReports ~$20-30/mo),partial found: states mandate electronic attendance systems for subsidized providers (WA DCYF approved list; VA Child Care PASS by KinderSystems; MN rollout),https://dcyf.wa.gov/services/early-learning-providers/electronic-attendance-system/approved-systems,low concentration; KinderCare + four other leaders = 6% of licensed center capacity,https://askwonder.com/research/early-childhood-education-market-5j8l8ed71,3,"+1 owner-operator, +1 public price, 0 (<3 vendor-published prices; Brightwheel/Playground/Lillio/Kangarootime quote-only), 0 gatekeeper (state attendance mandates), +1 low concentration."
142,Dance studios,studio owner (often a teacher-owner; flat plans $30-$150/mo with unlimited students),5,"https://info.dancestudio-pro.com/pricing ($30/mo); https://www.thestudiodirector.com/pricing/ ($39/mo); https://akadasoftware.com/pricing/ (free to $45/mo); https://www.iclasspro.com/iclasspro-pricing ($129/mo); https://www.classcardapp.com/blog/best-dance-studio-software-7-tools-compared-for-2026 (Jackrabbit $49, third-party)",no (no franchisor or association software requirement found; a 2026 'franchise wave' article exists but franchises remain a small share),https://dancestudiojournal.com/studio-consolidation-the-franchise-wave-reshape-dance-in-2026/,"highly fragmented, no company >5% (IBISWorld Dance Studios in the US); 14,622 businesses 2025",https://www.ibisworld.com/united-states/industry/dance-studios/5350/,5,"+1 owner-operator, +1 public price, +1 >=3 public prices, +1 no gatekeeper, +1 fragmented. Incumbents are mostly small and old (Akada 7 staff since 1994; DanceStudio-Pro 2006; Jackrabbit 128 staff, only $350K raised)."
143,Martial arts schools,owner-operator (school owner / head instructor),4,"https://www.wodify.com/blog/pricing-guide-martial-arts-software (Kicksite $49, Gymdesk $75) ; https://www.dojostack.io/vs/spark-membership-vs-zen-planner (Spark $249) ; https://zenplanner.com/pricing/ ($99)",no (largest franchise network ~1.8% share; Premier Martial Arts / Tiger-Rock franchises are small minorities; no software mandate found),https://gymdesk.com/blog/martial-arts-industry-statistics ; https://www.premiermartialartsfranchise.com/,highly fragmented; no company >5%,https://www.ibisworld.com/united-states/industry/martial-arts-studios/4187/,5,"Score: owner-op +1, public price +1, >=3 public prices +1, no gatekeeper +1, fragmented +1. ATA-affiliated schools may face association tooling; not verified."
144,Swim schools,owner-operator for independents; franchisee under franchisor rules for Goldfish/Aqua-Tots/Big Blue,3,https://www.iclasspro.com/iclasspro-pricing; https://www.getapp.com/recreation-wellness-software/a/jackrabbit-swim/compare/iclasspro/; https://www.sportimea.com/pricing,yes for the franchise segment (Big Blue mandates proprietary Lesson Buddy; franchisors give system-wide data access),https://www.franchise.com/franchise/big-blue-swim-school,unverified ('fragmented industry' per Franchise Times; no top-4 figure),https://www.franchisetimes.com/article_archive/take-a-dip-into-four-swim-school-concepts/article_2284eef3-09d5-5538-ab44-3f171904439c.html,4,"Gatekeeper point withheld: franchise share of the niche is unknown (Goldfish 86, Aqua-Tots 175+, vs. USSSA 400+ member schools). 1+1+1+0+1."
145,Music schools & private music teachers,owner-operator (solo teachers and 1-10 teacher studios; sub-$20/mo plans),5,https://www.musicaltrio.com/compare/best-software-solo-music-teachers (My Music Staff $16.95/mo); https://opus1.io/pricing/ ($98/mo); https://www.capterra.com/p/171305/Fons/ ($19.95/mo); https://www.teachworks.com/pricing ($16.49/mo); https://www.duetpartner.com/pricing ($9/mo),no (franchise slice only),https://www.bachtorock.com/franchise-news/bach-to-rock-vs-school-of-rock/,highly fragmented; no company >5% (IBISWorld Private Music Classes),https://www.ibisworld.com/united-states/industry/private-music-classes/6539/,5,"+1 owner-operator, +1 >=1 public price, +1 >=3 public prices, +1 no gatekeeper (School of Rock / Bach to Rock proprietary tech binds franchisees only), +1 IBISWorld 'highly fragmented'. Very low price ceiling ($9-$20/mo for solo teachers)."
146,Driving schools,owner-operator (driving school owner; $16-$250/mo),4,https://drivescout.com/pricing/ ($250/mo min); https://www.teachworks.com/pricing ($16.49/mo + per lesson); https://www.driversedsolutions.com/pricing.phtml ($6.25/student); https://www.softwaresuggest.com/bookingtimes ($61/mo third-party),none found (state DMV portals such as MA ATLAS and CA TVCC require electronic records/reporting but do not name a vendor),https://www.mass.gov/info-details/professional-driving-schools,no company >5% (IBISWorld Driving Schools),https://www.ibisworld.com/united-states/industry/driving-schools/4995/,5,"+1 owner-operator, +1 public price, +1 three public prices, +1 no gatekeeper, +1 IBISWorld 'highly fragmented, no company >5%'. State reporting portals are a compliance workflow an agent could own."
147,CDL truck driving schools,school owner/director (many <10 employees),3,https://www.cdlpowersuite.com/pricing ; https://www.capterra.com/p/255250/BOLT/pricing/ ; https://www.capterra.com/p/237587/Truck-School/,regulator only: FMCSA Training Provider Registry (free registry; schools must upload ELDT completions) - no vendor mandate found,https://tpr.fmcsa.dot.gov/provider,no company >5% share,https://www.ibisworld.com/united-states/industry/truck-driving-schools/5118/,5,"+1 owner buyer, +1 public price, +1 three public prices, +1 no vendor gatekeeper (TPR is a free government registry), +1 IBISWorld fragmented"
148,Cosmetology & barber schools,"school owner (independent schools) though chains (Paul Mitchell 90+, Empire, Aveda) hold an unquantified share; NACCAS/Title IV compliance shapes requirements",4,https://www.prestigesis.com/pricing.html | https://guestvision.net/cosmetology-school-software/ | https://envisionnow.com/pricing/ | https://www.meevo.com/pricing,no vendor mandate (accreditor/Dept of Ed reporting only),https://en.wikipedia.org/wiki/National_Accrediting_Commission_of_Cosmetology_Arts_and_Sciences,unverified,https://www.salonexam.com/schools/paul-mitchell-schools,4,"No concentration statement or share figure surfaced (chain vs independent share unquantified), so that point is withheld. Four vendors publish prices (Prestige minimum contract, GuestVision starting price, EnvisionNow and Meevo salon tiers)."
149,Flight schools,owner-operator flight school owner / chief instructor; flying-club officers,3,https://www.flightschedulepro.com/plans-and-pricing ($60/mo); https://www.flightcircle.com/blog/docs/about-flight-circle/pricing/ ($10/aircraft/mo); https://www.aviatize.com/pricing ($29/aircraft/mo),no vendor mandate; FAA Part 141 record rules and FSDO acceptance shape records software (Flight Schedule Pro 'recognized and approved' by many FSDOs),https://www.flightschedulepro.com/faa-part-141-compliance-software,"moderate concentration (CAE, ATP Flight School, FlightSafety largest)",https://www.ibisworld.com/united-states/industry/flight-schools/4996/,4,"+1 owner-operator, +1 public price, +1 >=3 public prices, +1 no gatekeeper (regulator, not vendor gate), 0 concentration (IBISWorld says moderate). Small niche (~1,100 businesses)."
150,Tutoring centers,owner of an independent tutoring center or small agency (per-tutor pricing from $16.95/mo),4,"https://www.capterra.com/p/181623/TutorBird/ ($16.95/mo); https://www.capterra.com/p/145838/TutorCruncher/ ($30/mo); https://tutorbase.com/blog/how-much-does-tutoring-software-cost (free + 1%); https://www.teachngo.com/blog/best-tutoring-business-software-us (Teachworks $16/mo, Oases $99/mo, third-party)",no for independents (Kumon supplies its own operational software and Salesforce CRM to franchisees; Kumon 8.9% + Sylvan 4.5% share; 57% of centers are single-location or small chains),https://1851franchise.com/kumon-franchise-costs-fees-profit-and-data-for-2025-2729462,"top 10 players ~5% of revenue (2024); IBISWorld: Kumon 8.9%, Sylvan 4.5%",https://gitnux.org/us-tutoring-industry-statistics/,5,"+1 owner-operator, +1 public price, +1 >=3 public prices, +1 no gatekeeper (franchise software applies only to franchisees), +1 fragmented. Concentration figures conflict across sources (Kumon 8.9% vs 15%; https://www.franchisechatter.com/2014/04/15/franchise-chatter-guide-how-old-school-tutoring-franchises-are-facing-competition-from-a-new-class-of-online-only-programs/)."
151,Golf courses (independent / municipal),owner/GM (independent course) or municipal parks department (public procurement),3,https://www.lightspeedhq.com/golf/pricing/ ($325) ; https://softwarefinder.com/retail/club-caddie ($249) ; https://www.capterra.com/p/151993/Teesnap/ ($60/user),"yes (GolfNow/EZLinks, NBC Sports: 90%+ of third-party tee-time market and majority of public-course POS via tee-time barter)",https://www.golfcoursetechnologyreviews.org/blog/trading-tee-times-for-tech-a-deep-dive-into-golfnows-barter-model-with-paul-sampliner ; https://www.ngcoa.org/golf-business-weekly/2020/may/week-2/todays-marketplace,"20 largest owners <10% of ~17,100 courses (1998 filing); top-15 management firms = half of facilities under management",https://www.sec.gov/Archives/edgar/data/0001060229/000095012498002905/0000950124-98-002905.txt ; https://www.ngf.org/short-game/an-update-on-the-golf-management-space/,4,"Score: owner-op +1 (municipal buyers are procurement-driven; partial), public price +1, >=3 public prices +1 (two third-party cited), gatekeeper found 0, fragmented +1 (ownership statement dated 1998). Barter channel makes cash SaaS pricing less relevant for public courses."
152,Bowling centers,owner-operator (independent center owner); Bowlero corporate for chain,1,https://clubspeed.com/pricing/,yes (scoring/pinsetter vendors Brunswick and QubicaAMF sell management software as an integrated certified package with lane hardware),https://www.benroberts.ai/directory/bowling-center-management/,top 50 companies ~34% of revenue; Bowlero ~6x next operator,https://www.ibisworld.com/united-states/industry/bowling-centers/1656/,3,"Only Clubspeed shows a figure ($399, period unclear); Steltronic/Rex/Bowl O'Clock have subscription models without public numbers. Top-50 figure attribution among ibisworld/verticaliq (https://verticaliq.com/product/bowling-centers/). 1+1+0+0+1."
153,Campgrounds & RV parks,owner-operator (88% of RV parks independently owned; per-reservation pricing),4,https://keeprstay.com/compare/pricing (Campspot $2/booking); https://software.camplife.com/pricing ($3/reservation); https://fireflyreservations.com/blog/campground-software-comparison (Firefly $3.50/unit); https://software.roverpass.com/ ($99/mo + $1.50/res),no (franchise slice only: KOA),https://www.koapressroom.com/press/koa-announces-all-locations-now-on-k2-reservation-system/,low concentration; largest Equity Lifestyle Properties (IBISWorld Campgrounds & RV Parks),https://www.ibisworld.com/united-states/market-size/campgrounds-rv-parks/1667/,5,"+1 owner-operator, +1 >=1 public price, +1 >=3 public prices, +1 no gatekeeper for independents (KOA's K2 is mandatory but covers 520 of >16,200 private parks), +1 IBISWorld 'low market share concentration'; 88% independently owned (https://rvparkiq.com/industry-insights/the-market-size-of-the-u-s-rv-park-campground-industry/)."
154,Bed & breakfasts and small inns,owner-operator (innkeeper; $29-$125/mo),5,https://www.reservationkey.com/pricing ($37/mo); https://eviivo.com/pricing/ ($50/mo); https://www.littlehotelier.com/pricing/ ($29/mo + 1%); https://www.gracesoft.com/pricing ($69/mo); https://www.resnexus.com/Pricing.html ($30/mo third-party),"none found (OTAs are channels, not software mandates; consortia/soft brands are light-touch)",https://www.ibisworld.com/united-states/industry/bed-breakfast-hostel-accommodations/1663/,no company >5%; 50 largest ~15% of revenue,https://www.ibisworld.com/united-states/industry/bed-breakfast-hostel-accommodations/1663/,5,"+1 owner-operator, +1 public price, +1 three public prices, +1 no gatekeeper, +1 IBISWorld 'highly fragmented, no company >5%' (50 largest ~15% https://www.sbdcnet.org/small-business-research-reports/bed-and-breakfast-business/). Caveat: only 4,383 businesses and shrinking pool of independents."
155,Hunting & fishing outfitters and guides,"owner-operator licensed guide/outfitter (state licensing, federal permits)",3,https://www.lodgerunner.com/pricing.aspx | https://www.huntoutfitter.app/blog/best-hunting-outfitter-software | https://www.pineandmarsh.com/post/booking-software-compared-for-outfitters-in-2026-fareharbor-vs-xola-vs-peek-vs-rezdy,"no (licensing boards, not software)",https://www.congress.gov/crs-product/R46380,"highly fragmented, many small independents (blog statement)",https://www.gohunt.com/browse/journal/the-life/how-are-hunting-guides-and-outfitters-governed,5,"Concentration point rests on a hunting-journal statement, not an IBISWorld share figure; treat as weak. HuntDocs and Xola/FareHarbor prices are third-party; LodgeRunner is the only vendor-published price page seen."
156,Boutique fitness & yoga studios,owner-operator studio owner (Arketa $49/mo individual tier; WellnessLiving $69/mo),4,https://www.arketa.com/pricing ($49/mo); https://www.hellowalla.com/us/pricing ($320/mo); https://www.wellnessliving.com/pricing/ ($69/mo); https://www.mindbodyonline.com/business/education/blog/new-mindbody-pricing-united-states (from $99/mo advertised),"none for independents; franchisors (Xponential 2,700+ NA studios, Orangetheory 1,500+, F45 3,300 global) dictate software only inside their systems",https://www.businesswire.com/news/home/20250107098298/en/,highly fragmented; no company >5% (Pilates & Yoga Studios),https://www.ibisworld.com/united-states/industry/pilates-yoga-studios/4185/,5,"+1 owner-operator, +1 public price, +1 >=3 public prices, +1 no gatekeeper, +1 fragmented. Heavily contested (Mindbody, Momence/Clubessential, Arketa $22.6M, Walla $18M)."
157,Horse boarding & riding stables,barn owner / trainer (96.12% of boarding stables are single-owner operations),5,"https://stablesecretary.com/pricing/ ($49/mo per Guideflow); https://stablessystems.com/ ($75/mo); https://www.capterra.ca/software/188502/stablebuzz ($19.98/mo, third-party); https://apps.apple.com/us/app/equine-simplified/id1617988083 ($6.95/mo); https://www.getapp.com/industries-software/a/barnmanager/ ($10/user, third-party); https://stables.co/ (free + fee)","no (no franchisor, breed registry or association software mandate found)",unverified,"highly fragmented, no company >5% (IBISWorld Livestock Production Support Services, which includes equine boarding); 96.12% single-owner stables",https://www.ibisworld.com/united-states/industry/livestock-production-support-services/97/,5,"+1 owner-operator, +1 public price, +1 >=3 public prices, +1 no gatekeeper, +1 fragmented (proxy IBISWorld code; single-owner stat from https://rentechdigital.com/smartscraper/business-report-details/list-of-horse-boarding-stables-in-united-states). Vendors are tiny (Stable Secretary 2-10 staff) and a new free entrant (Stables.co, June 2026) suggests low willingness to pay."
158,Wedding & event venues,owner-operator (venue owner / event sales manager),3,https://www.perfectvenue.com/pricing ($99) ; https://www.eventtemple.com/pricing ($99) ; https://www.guideflow.com/blog/venue-management-software-tools (Planning Pod $199),unverified (marketplace dependence on The Knot/WeddingWire for leads not assessed as software gatekeeper; not searched),unverified,top-4 <10% of wedding services revenue (IBISWorld); local independents ~55% of venue market,https://www.prweb.com/releases/wedding_services_in_the_us_industry_market_research_report_from_ibisworld_has_been_updated/prweb11410754.htm ; https://www.businessresearchinsights.com/market-reports/wedding-venue-service-market-120353,4,"Score: owner-op +1, public price +1, >=3 public prices +1, gatekeeper 0 (not searched), fragmented +1. 71.8% of venues single-owner per SmartScrapers data."
159,Photographers & photo booth operators,owner-operator (solo photographer / booth operator),6,https://blog.bloom.io/best-crm-photographers/; https://getsproutstudio.com/sprout-studioninja/; https://www.capterra.com/p/143855/Studio-Ninja; https://www.capterra.com/p/92909/Tave-Studio-Manager/pricing/; https://www.checkcherry.com/photo-booth-crm; https://boothbook.com/pricing,no,unverified,low market share concentration; largest is Shutterfly (IBISWorld Photography),https://www.ibisworld.com/united-states/industry/photography/1443/,5,1+1+1+1+1.
160,Uniform & linen rental services,owner/GM of independent laundry (route-based; ~940 firms; quote-based vendors),0,none verified (TCS Laundry $250/mo appears only in AI-style roundups https://gitnux.org/best/commercial-laundry-software/),no,https://www.trsa.org/resources/business-partners/,moderate concentration; Cintas 44.3% of revenue; Cintas acquiring UniFirst ($5.5B),https://www.ibisworld.com/united-states/industry/industrial-laundry-linen-supply/1731/,2,"+1 owner-operator (independents exist but are a shrinking minority), +0 no vendor-published price (LinenTech and Textile Technologies quote-only), +0 <3, +1 no gatekeeper (TRSA lists no endorsed software), +0 concentration: IBISWorld 'moderate', Cintas alone 44.3%. Smallest and most concentrated niche in the slice."
