niche_id,niche,tool,domain,niche_landing_url,facebook_page,linkedin_url,pricing_url,starting_price,pricing_model,founded,headcount,headcount_source_url,funding_status,funding_source_url,review_count,review_source_url,trustmrr_url,notes,verification_status
1,Septic system installers,Bella FSM,bellafsm.com,https://www.bellafsm.com/industries/septic-software/scheduling/,unverified,unverified,unverified,unverified,unverified,unverified,unverified,unverified,unverified,unverified,unverified,unverified,not searched (session search budget exhausted),"Horizontal FSM with septic scheduling landing (pumping routes, service intervals).",search-verified (URL-cited)
1,Septic system installers,PumpDocket,pumpdocket.com,https://www.pumpdocket.com/septic-software,unverified,unverified,https://www.pumpdocket.com/septic-software,$99/mo (1-3 trucks Starter); $230/mo 4-10 trucks; $454/mo 11+ trucks,"self-serve public price, per-truck, unlimited users",unverified,unverified,unverified,unverified,unverified,unverified,https://www.softwareadvice.com/product/538880-PumpDocket/,not searched (session search budget exhausted),"Price figures appeared in search summary for query 'PumpDocket septic software pricing founded'; attribution among result set (softwareadvice product page / https://www.cleansavannah.com/post/best-septic-service-software-2026) uncertain. Dispatch + compliance (trip tickets citing jurisdiction profiles, manifests).",search-verified (URL-cited)
1,Septic system installers,PumperPro,pumperpro.app,https://pumperpro.app/,unverified,unverified,unverified,unverified,unverified,unverified,unverified,unverified,unverified,unverified,unverified,unverified,not searched (session search budget exhausted),"'Voice-powered job management for pumping pros'; septic pumping + portable sanitation; GPS, routing, tank maintenance records, DOT manifests (per https://zipdo.co/best/septic-business-software/). Pricing not in results.",search-verified (URL-cited)
1,Septic system installers,SepticPro,septicprotools.com,https://septicprotools.com/pricing,unverified,unverified,https://septicprotools.com/pricing,unverified,public pricing page exists (price not in snippet),unverified,unverified,unverified,unverified,unverified,unverified,unverified,not searched (session search budget exhausted),"Positions as pricing/estimating software for septic contractors: site plans, county permit data, field workflows, CRM, estimates, invoices, pumping tools.",search-verified (URL-cited)
1,Septic system installers,ServiceCore,servicecore.com,https://servicecore.com/septic-business-software/,unverified,https://www.linkedin.com/company/servicecore,https://servicecore.com/pricing/,$200/mo per truck (third-party listing; vendor requires demo),"contact-sales (demo; annual contract, per-truck pricing)",2015,163,https://www.cbinsights.com/company/servicecore,"VC (Mainsail Partners, Full In Partners); raised $8.68M-$62.4M per conflicting sources",https://www.crunchbase.com/organization/servicecore,unverified,https://www.capterra.com/p/158918/ServiceCore/,not searched (session search budget exhausted),"Price from https://www.itqlick.com/servicecore/pricing. Built for septic, portable sanitation, dumpster haulers; QuickBooks Online/Desktop integration. Founded-year sources conflict (2015 Denver vs 2017 Lakewood).",search-verified (URL-cited)
1,Septic system installers,ServiceTitan,servicetitan.com,https://www.servicetitan.com/industries/septic-business-software,unverified,unverified,unverified,unverified,contact-sales,unverified,unverified,unverified,public (NASDAQ: TTAN) - not verified in this session's results,unverified,unverified,unverified,not searched (session search budget exhausted),Enterprise incumbent; roundups cite $245-$398 per technician per month for ServiceTitan (seen in summary of gutter software search; attribution uncertain) - recorded here as unverified.,search-verified (URL-cited)
1,Septic system installers,Smart Service,smartservice.com,https://www.smartservice.com/industry/septic-tank-service-software,unverified,unverified,unverified,unverified,unverified,unverified,unverified,unverified,unverified,unverified,unverified,unverified,not searched (session search budget exhausted),Horizontal FSM with dedicated septic landing; QuickBooks add-on; dynamic route optimization by neighborhood/service interval; also has garage-door landing.,search-verified (URL-cited)
2,Water well drilling contractors,DrillerDB,drillerdb.com,https://drillerdb.com/,unverified,unverified,https://drillerdb.com/pricing,$99/mo (range $99-$799/mo),self-serve public price; 14-day trial (BoreCast Founding Pro $199/mo),2024,0 (Growjo estimate; employee count grew 200% last year),https://growjo.com/company/DrillerDB,unverified (Crunchbase profile exists),https://www.crunchbase.com/organization/drillerdb,unverified,https://g2.com/sellers/drillerdb,not searched (session search budget exhausted),"Price range from https://mikevidan.com/top-5-softwares-for-well-drilling-businesses-in-2026/; founded year from https://getlatka.com/companies/drillerdb. Chicago IL (https://www.zoominfo.com/c/drillerdb-llc/5000053046). Features: quotes, scheduling, offline field logs, state e-filing of well records, well map, invoicing. Runs the 12,000+ contractor directory.",search-verified (URL-cited)
2,Water well drilling contractors,IKOL,ikol.com,https://ikol.com/industry-well-drilling,unverified,unverified,unverified,unverified,unverified,unverified,unverified,unverified,unverified,unverified,unverified,unverified,not searched (session search budget exhausted),Has a well-drilling industry page; no other details surfaced.,search-verified (URL-cited)
2,Water well drilling contractors,Jobber,getjobber.com,https://www.getjobber.com/industries/well-water-services/,unverified,unverified,unverified,$49/mo (1 user); Connect plan $149/mo up to 5 users,self-serve public price; free trial,unverified,unverified,unverified,unverified,unverified,unverified,unverified,not searched (session search budget exhausted),Horizontal FSM with dedicated well-water-services landing. Price from https://projul.com/blog/best-concrete-contractor-software/ (another roundup cites Connect at $119/mo: https://toricentlabs.com/blog/best-painting-contractor-software-2026.html).,search-verified (URL-cited)
2,Water well drilling contractors,WellMagic,wellmagic.net,https://www.wellmagic.net/about-us,unverified,unverified,unverified,unverified,contact-sales (no public price found),unverified,unverified,unverified,unverified,unverified,unverified,unverified,not searched (session search budget exhausted),"Legacy vertical: estimating, well/pump service tracking, state/province required forms, inventory, equipment costs, billing/AR; ServiceM8 integration ('ServiceMagic'). Also referenced via geoinsights.biz and http://jpandersonwell.com/well-magic.php.",search-verified (URL-cited)
3,Residential roofing contractors,AccuLynx,acculynx.com,https://www.acculynx.com/,unverified,unverified,unverified,$250/mo Essential plan (per-user $165-$300/mo),contact-sales (per-user quotes),2008,175,https://getlatka.com/companies/acculynx,bootstrapped historically; acquired by Verisk 2025-07-30,https://tracxn.com/d/companies/acculynx/__dw-n_nrH7OC3tTheUj6GIyajCyR-y3pwFKgSSubxNFM,"729 (Capterra, 4.5/5)",https://www.capterra.com/p/116187/Acculynx/,not searched (session search budget exhausted),Price from https://roofingsoftwareguide.com/guides/acculynx-pricing/ and https://builderlync.com/blog/acculynx-review-pricing-features-2026. Est. $14.4M ARR 2024 (getlatka). Deepest production-side roofing workflows.,search-verified (URL-cited)
3,Residential roofing contractors,JobNimbus,jobnimbus.com,https://www.jobnimbus.com/,unverified,unverified,unverified,$225/mo base (roundups also cite ~$350/mo; Established $550/mo),contact-sales (base fee + per-user + add-ons),unverified,unverified,unverified,VC/PE: raised $383M; acquired SumoQuote 2023,https://www.crunchbase.com/organization/jobnimbus,480+ (Capterra 4.6); G2 4.7,https://contractortoolstack.com/software/jobnimbus/,not searched (session search budget exhausted),"Price from https://projul.com/blog/jobnimbus-pricing-analysis-2026/ ($225) and https://roofingsoftwareguide.com/roundups/roofing-software-pricing-comparison/ ($350/$550). Lehi UT; 6,000+ contractors.",search-verified (URL-cited)
3,Residential roofing contractors,Leap,leaptodigital.com,https://leaptodigital.com/,unverified,unverified,unverified,$79/mo (1-yr contract; additional users $99/user/mo),public price with annual contract,2016,unverified,unverified,unverified,https://www.crunchbase.com/organization/leap-bc9f,unverified,unverified,not searched (session search budget exhausted),Price from https://roofingsoftwareguide.com/guides/leap-pricing/. Founders Patrick Fingles & Steven Stencil (https://leaptodigital.com/about-us/). Roofing + remodeling digital contracting/estimating.,search-verified (URL-cited)
3,Residential roofing contractors,RoofSnap,roofsnap.com,https://roofsnap.com/,unverified,unverified,https://roofsnap.com/pricing/,"$52/user/mo annual (Enterprise, 10-user min); $105/user/mo monthly; $13 per measurement pay-as-you-go",self-serve public price,2010,1-10,https://softwareconnect.com/reviews/roofsnap/,PE-acquired: EverCommerce (NASDAQ: EVCM) 2020-07-01,https://softwareconnect.com/reviews/roofsnap/,unverified,https://www.capterra.com/p/174071/RoofSnap/pricing/,not searched (session search budget exhausted),Price tiers from https://roofingsoftwareguide.com/reviews/roofsnap-pricing/. Denver CO. Aerial measurement + estimating; also sells gutter reports ($11-$15 each per https://www.cleansavannah.com/post/best-gutter-company-software-2026).,search-verified (URL-cited)
3,Residential roofing contractors,Roofr,roofr.com,https://roofr.com/,unverified,unverified,unverified,Free Starter; paid from $99/mo (another roundup: Essentials ~$209/mo),self-serve public price; free tier,2015 (one source says 2017),193 (Tracxn) / ~135 (GetLatka 2026),https://tracxn.com/d/companies/roofr/__6mi_m9GfIUPXCI-ZdXnRXBKO7UO2jT1N6_nNfFyFWhY,VC: $12M Series A Sept 2022; $23.5M Series B-stage Oct 2023; $65.4M total,https://www.crunchbase.com/organization/roofr,unverified,unverified,not searched (session search budget exhausted),Price from https://roofingsoftwareguide.com/roundups/best-roofing-crm-software/. Funding: https://roofr.com/blog/roofr-raises-23-5m-in-funding-to-build-out-the-end-to-end-roofing-software. Measurement-first (satellite roof measurement to signed proposal).,search-verified (URL-cited)
3,Residential roofing contractors,ServiceTitan,servicetitan.com,https://www.servicetitan.com/industries/roofing-software,unverified,unverified,unverified,unverified,contact-sales,unverified,unverified,unverified,unverified,unverified,unverified,unverified,not searched (session search budget exhausted),Horizontal enterprise FSM with dedicated roofing landing and its own roofing-CRM roundup (https://www.servicetitan.com/blog/roofing-crm).,search-verified (URL-cited)
4,Fence contractors,FenceCloud,fence.cloud,https://fence.cloud/,unverified,unverified,https://fence.cloud/pricing,$220+/mo (one roundup says from ~$99/mo),self-serve public pricing page,roots early 1980s (CFS / Software Design Associates); founders John O'Brien & Ray Pearson,unverified,unverified,unverified,unverified,unverified,unverified,not searched (session search budget exhausted),Price from https://myquoteiq.com/best-estimating-software-fencing-2026/. History: https://fence.cloud/about. Co-marketed by fence distributor Merchants Metals as 'CFS e-Pricing' (https://www.merchantsmetals.com/cfs-epricing/) - distributor channel tie. Also at fencesoftware.com. Fence-specific material-kit estimator.,search-verified (URL-cited)
4,Fence contractors,ProDBX,prodbx.com,unverified,unverified,unverified,unverified,unverified,unverified,unverified,unverified,unverified,unverified,unverified,unverified,unverified,not searched (session search budget exhausted),Named in https://myquoteiq.com/top-10-fencing-estimating-software-in-2026/ as estimating+CRM+PM+accounting suite for fence companies; no first-party details surfaced. Domain assumed from product name - verify.,candidate (prior knowledge; not search-verified)
4,Fence contractors,QuoteIQ,myquoteiq.com,https://myquoteiq.com/crm-for-fence-contractors/,unverified,unverified,https://myquoteiq.com/pricing/,$29.99/mo (5 tiers to $399.99/mo per Feb-2026 update; older pages cite Max tier $699/mo),self-serve public price; 14-day free trial; no per-user fees,2022 (dev start); launched Oct 2023,11-50,https://tracxn.com/d/companies/quoteiq/__baJVvCxQIOKFcjFDrIKoaTAs0SGEG9HCkMNvWwcyViU,bootstrapped / 100% self-funded,https://bootstrappers.com/mike-vida-quoteiq/,"4,100+ reviews (4.7 stars, aggregate)",https://contractortoolstack.com/software/quoteiq/,not searched (session search budget exhausted),"Pricing update: https://myquoteiq.com/quoteiq-pricing-february-2026-update/. Founders Mike Vidan (580k YouTube subs) & Justin Rogers (700k); Savannah GA; 40,000+ users (https://myquoteiq.com/about-us/). Crunchbase: https://www.crunchbase.com/organization/quoteiq. G2 pricing page: https://www.g2.com/products/quoteiq/pricing. Per-linear-foot AI estimating + MapMeasure Pro satellite measurement. Publishes SEO roundups for 100+ trades, so it appears in nearly every niche here.",search-verified (URL-cited)
4,Fence contractors,Visual Fence Pro,visualfencepro.com,https://visualfencepro.com/resources/fence-contractor-crm.html,unverified,unverified,unverified,unverified,unverified,unverified,unverified,unverified,unverified,unverified,unverified,https://www.capterra.com/p/10038635/Visual-Fence-Pro/,not searched (session search budget exhausted),"Satellite-based estimating, auto material takeoffs, customer quote portal, e-signature, payments.",search-verified (URL-cited)
5,Garage door installers & repair,Contractor+,contractorplus.app,https://contractorplus.app/industries/garage-door-software,,,unverified,unverified,Free estimates/invoices tier (per carpet-cleaning page result); paid plans unverified,unverified,unverified,unverified,unverified,,,,,vertical follow-up 2026-09-17: Horizontal contractor app; garage-door page mentions 'Estimatic AI' with garage-door-specific assemblies (springs/tracks/openers). Low verticality.,search-verified (URL-cited)
5,Garage door installers & repair,FieldPulse,fieldpulse.com,https://www.fieldpulse.com/solutions/garage-door,unverified,unverified,unverified,unverified,unverified,unverified,unverified,unverified,unverified,unverified,unverified,unverified,not searched (session search budget exhausted),"Dedicated garage-door landing (CRM, job histories, scheduling, estimates/invoices, inventory, customer portal). Also publishes garage-door software guide.",search-verified (URL-cited)
5,Garage door installers & repair,Garage Door OS,garagedooros.com,https://garagedooros.com/,,,unverified,unverified,"Free trial, no credit card (per result); plan prices not shown",unverified,unverified,unverified,unverified,,,,,"vertical follow-up 2026-09-17: 'Garage Door Business Management Software | Quote Builder & Scheduling' - visual quote builder, scheduling, installation mgmt, mobile app. Strongest garage-door vertical found.",search-verified (URL-cited)
5,Garage door installers & repair,Insite4Doors,insite4doors.com,https://insite4doors.com/garage-door-business-software/,,,unverified,unverified,unverified,unverified,unverified,unverified,unverified,,,,,"vertical follow-up 2026-09-17: 'Software for The Garage Door Industry' - scheduling, inventory, tech mobile access. Strong vertical by name; likely older/legacy dealer software.",search-verified (URL-cited)
5,Garage door installers & repair,Jobber,getjobber.com,https://www.getjobber.com/industries/garage-door-software/,unverified,unverified,unverified,$49/mo (1 user),self-serve public price; free trial,unverified,unverified,unverified,unverified,unverified,unverified,unverified,not searched (session search budget exhausted),Price from https://projul.com/blog/best-concrete-contractor-software/. Roundup notes no garage-door-specific quoting format.,search-verified (URL-cited)
5,Garage door installers & repair,QuoteIQ,myquoteiq.com,https://myquoteiq.com/top-10-crms-for-garage-door-businesses-in-2026/,unverified,unverified,https://myquoteiq.com/pricing/,$29.99/mo,self-serve public price; 14-day trial,2022 (dev start); launched Oct 2023,11-50,https://tracxn.com/d/companies/quoteiq/__baJVvCxQIOKFcjFDrIKoaTAs0SGEG9HCkMNvWwcyViU,bootstrapped,https://bootstrappers.com/mike-vida-quoteiq/,"4,100+",https://contractortoolstack.com/software/quoteiq/,not searched (session search budget exhausted),"See fence row for full company detail. Garage-door pages are SEO roundups, not a product-industry page.",search-verified (URL-cited)
5,Garage door installers & repair,Service Pro (MSI Data) - garage door,msidata.com,https://www.msidata.com/industries/garage-door/,,,unverified,unverified,unverified,unverified,unverified,unverified,unverified,,,,,"vertical follow-up 2026-09-17: Enterprise FSM with garage-door industry page (stores door type/opener/spring specs). Horizontal vendor, vertical page; low fit for small shops.",search-verified (URL-cited)
5,Garage door installers & repair,ServiceBridge,servicebridge.com,https://servicebridge.com/garage-door-dispatch-software/,unverified,unverified,unverified,unverified,unverified,unverified,unverified,unverified,unverified,unverified,unverified,unverified,not searched (session search budget exhausted),"Dedicated garage-door dispatch landing: real-time tech assignment, GPS, work orders, on-site payment.",search-verified (URL-cited)
5,Garage door installers & repair,ServiceTitan,servicetitan.com,https://www.servicetitan.com/industries/garage-door-software,unverified,unverified,unverified,unverified,contact-sales,unverified,unverified,unverified,unverified,unverified,unverified,unverified,not searched (session search budget exhausted),Roundup positions it for 20+ technician shops with $30K+/yr budgets (https://www.cleansavannah.com/post/best-garage-door-company-software-2026).,search-verified (URL-cited)
5,Garage door installers & repair,Smart Service,smartservice.com,https://www.smartservice.com/industry/garage-door-software,unverified,unverified,unverified,unverified,unverified,unverified,unverified,unverified,unverified,unverified,unverified,unverified,not searched (session search budget exhausted),Dedicated garage-door landing: same-day spring emergencies slotted into routes; door history/opener serials on mobile work orders; QuickBooks.,search-verified (URL-cited)
5,Garage door installers & repair,Workiz,workiz.com,https://www.workiz.com/industries/garage-door/,unverified,unverified,unverified,unverified,unverified,unverified,unverified,unverified,unverified,unverified,unverified,unverified,not searched (session search budget exhausted),Horizontal home-service FSM with dedicated garage-door landing.,search-verified (URL-cited)
6,Insulation & spray foam contractors,Allpro Insulator,allprotechnology.com,https://www.allprotechnology.com/software/,unverified,https://www.linkedin.com/company/allpro-technology,unverified,unverified,contact-sales (quote only),2005 (serving insulation contractors since),unverified,https://www.zoominfo.com/c/allpro-insulation-software/537057220,unverified,unverified,unverified,unverified,not searched (session search budget exhausted),"Founded-year per https://sprayfoaminsider.com/Introducing-Allpro-Insulator-Custom-Software-Designed-Specifically-for-Insulation-Contractors.php. Foam/cellulose/fiberglass estimating by sq/linear ft, QuickBooks Desktop/Online, 300+ reports. Also at allproinsulationsoftware.com. YouTube: @AllproInsulatorSoft.",search-verified (URL-cited)
6,Insulation & spray foam contractors,FieldCamp,fieldcamp.ai,https://fieldcamp.ai/blog/best-insulation-contractor-software/,unverified,unverified,unverified,$249/mo (up to 3 users),public price (self-reported in own blog),unverified,unverified,unverified,unverified,unverified,unverified,unverified,not searched (session search budget exhausted),AI dispatching that auto-assigns spray-foam-certified crews; price from https://fieldcamp.ai/blog/best-insulation-contractor-software/ (vendor's own roundup).,search-verified (URL-cited)
6,Insulation & spray foam contractors,FieldGroove,fieldgroove.com,https://www.fieldgroove.com/insulation-software,unverified,https://www.linkedin.com/company/fieldgroove,unverified,$495/user/mo (Capterra listing; vendor does not publish),contact-sales; 30-day free trial,2016,11-50,https://www.linkedin.com/company/fieldgroove,unverified,unverified,unverified,https://www.softwareadvice.com/construction/fieldgroove-profile/,not searched (session search budget exhausted),"Price cited via https://fieldcamp.ai/blog/best-insulation-contractor-software/ (competitor blog quoting Capterra). Lincroft NJ. Spray-foam estimating: auto board-feet, coverage, material cost; on-site quoting; asset tracking; e-sign.",search-verified (URL-cited)
6,Insulation & spray foam contractors,QuoteIQ,myquoteiq.com,https://myquoteiq.com/top-8-softwares-for-spray-foam-insulation-businesses-in-2026/,unverified,unverified,https://myquoteiq.com/pricing/,$29.99/mo,self-serve public price; 14-day trial,2022 (dev start); launched Oct 2023,11-50,https://tracxn.com/d/companies/quoteiq/__baJVvCxQIOKFcjFDrIKoaTAs0SGEG9HCkMNvWwcyViU,bootstrapped,https://bootstrappers.com/mike-vida-quoteiq/,"4,100+",https://contractortoolstack.com/software/quoteiq/,not searched (session search budget exhausted),Satellite attic measurement + Good/Better/Best R-value tiered estimating (https://myquoteiq.com/top-10-insulation-estimating-software-in-2026/).,search-verified (URL-cited)
7,Gutter installation & cleaning contractors,ArcSite,arcsite.com,https://www.arcsite.com/industries/gutters,unverified,unverified,unverified,unverified,unverified,unverified,unverified,unverified,unverified,unverified,unverified,unverified,not searched (session search budget exhausted),"Drawing/estimating app with gutters industry page: trace rooflines on satellite view, quote tree proximity/roof complexity in same drawing.",search-verified (URL-cited)
7,Gutter installation & cleaning contractors,GutterCalc Pro,guttercalc.net,https://guttercalc.net/,unverified,unverified,unverified,unverified,flat rate regardless of job volume (amount not in snippet),unverified,unverified,unverified,unverified,unverified,unverified,unverified,not searched (session search budget exhausted),"Satellite roofline auto-measure (OpenStreetMap footprints), bids in under a minute, accuracy 1-3 ft (https://www.cleansavannah.com/post/best-gutter-company-software-2026).",search-verified (URL-cited)
7,Gutter installation & cleaning contractors,QuoteIQ,myquoteiq.com,https://myquoteiq.com/industries/industries-gutter-installation-software/,unverified,unverified,https://myquoteiq.com/pricing/,$29.99/mo,self-serve public price; 14-day trial,2022 (dev start); launched Oct 2023,11-50,https://tracxn.com/d/companies/quoteiq/__baJVvCxQIOKFcjFDrIKoaTAs0SGEG9HCkMNvWwcyViU,bootstrapped,https://bootstrappers.com/mike-vida-quoteiq/,"4,100+",https://contractortoolstack.com/software/quoteiq/,not searched (session search budget exhausted),"Has a true industry landing page for gutter installation (not just a blog roundup). Per-linear-foot workflows, recurring cleaning billing, route optimization.",search-verified (URL-cited)
7,Gutter installation & cleaning contractors,RoofSnap,roofsnap.com,https://roofsnap.com/pricing/,unverified,unverified,https://roofsnap.com/pricing/,$52-$78/user/mo annual; $105/user/mo monthly; gutter reports $11-$15 each,self-serve public price,2010,1-10,https://softwareconnect.com/reviews/roofsnap/,PE-acquired: EverCommerce 2020,https://softwareconnect.com/reviews/roofsnap/,unverified,https://www.capterra.com/p/174071/RoofSnap/pricing/,not searched (session search budget exhausted),Gutter-report pricing from https://www.cleansavannah.com/post/best-gutter-company-software-2026.,search-verified (URL-cited)
8,Concrete flatwork & driveway contractors,Projul,projul.com,https://projul.com/industries/concrete-contractor/,unverified,unverified,https://projul.com/pricing/,"$4,788/yr Core (up to 10 employees); Pro $14,388/yr unlimited users",self-serve public price (flat annual),unverified,10-50,https://softwareconnect.com/reviews/projul/,"bootstrapped / self-funded, founder-led",https://projul.com/why-us/,unverified,https://www.capterra.com/p/185634/Projul/,not searched (session search budget exhausted),"Price from https://contractortoolstack.com/software/projul/ and https://projul.com/blog/construction-software-pricing-guide-2026. Founder Kurt Clayson, St. George UT GC (3,000+ projects). Handles flatwork + structural; schedule, materials, crew assignment.",search-verified (URL-cited)
8,Concrete flatwork & driveway contractors,QuoteIQ,myquoteiq.com,https://myquoteiq.com/top-10-concrete-estimating-software-in-2026/,unverified,unverified,https://myquoteiq.com/pricing/,$29.99/mo,self-serve public price; 14-day trial,2022 (dev start); launched Oct 2023,11-50,https://tracxn.com/d/companies/quoteiq/__baJVvCxQIOKFcjFDrIKoaTAs0SGEG9HCkMNvWwcyViU,bootstrapped,https://bootstrappers.com/mike-vida-quoteiq/,"4,100+",https://contractortoolstack.com/software/quoteiq/,not searched (session search budget exhausted),MapMeasure Pro aerial flatwork/driveway/patio measurement; positioned for concrete outfits under 20 employees.,search-verified (URL-cited)
8,Concrete flatwork & driveway contractors,ScopeTakeoff,scopetakeoff.com,https://scopetakeoff.com/blog/concrete/best-concrete-estimating-software/,unverified,unverified,unverified,$100 per person per month; 14-day free trial,self-serve public price; free trial,unverified,unverified,unverified,unverified,unverified,unverified,unverified,not searched (session search budget exhausted),"Price from https://www.buildvisionai.com/best-concrete-estimating-software. Takeoff for flatwork, footings, walls, forms, rebar; also publishes fence takeoff content.",search-verified (URL-cited)
9,Residential painting contractors,Clientility,clientility.com,https://www.clientility.com/blog/top-4-painting-contractor-software-platforms-in-2026,unverified,unverified,unverified,unverified,unverified,unverified,unverified,unverified,unverified,unverified,unverified,unverified,not searched (session search budget exhausted),"Self-ranked #1 in its own roundup: CRM, estimating, scheduling, reminders, invoicing, payments for painters. No first-party pricing surfaced.",search-verified (URL-cited)
9,Residential painting contractors,DripJobs,dripjobs.com,https://dripjobs.com/,unverified,unverified,https://dripjobs.com/pricing,"$97/mo Pro; $147/mo Advanced; add-ons: Chat $25/mo, Production Rates $99/mo, Job Costing $49/mo","self-serve public price; month-to-month, no contracts",2021,unverified,unverified,founder-funded by painting contractor Tanner Mullen (explicit funding status unverified),https://www.dripjobs.com/about-us,"2,500+ users, 4.9/5 (self-reported)",https://dripjobs.com/about,not searched (session search budget exhausted),"Founder built Premium Painting to $1.5M revenue before DripJobs. Publishes head-to-head pages vs QuoteIQ, PaintScout, Jobber. Follow-up/drip automation is the core.",search-verified (URL-cited)
9,Residential painting contractors,Estimate Rocket,estimaterocket.com,https://www.estimaterocket.com/painting,,,https://www.estimaterocket.com/pricing,$139/mo (per SelectHub/SoftwareWorld results citing Capterra),Per-user monthly subscription; no contracts; free start-up services ($450 value),2013,unverified,unverified,unverified,,,,,"vertical follow-up 2026-09-17: Built by Logical Engine (Newburyport MA, https://www.logicalengine.com/work/estimate-rocket/); dedicated painting pages and APC/PCA partnerships (https://www.estimaterocket.com/apc). Site says 'residential and commercial contractors' so multi-trade, but painting is the flagship vertical. Best third painting candidate.",search-verified (URL-cited)
9,Residential painting contractors,PaintForce Painting Estimator,unverified,https://apps.apple.com/us/app/paintforce-painting-estimator/id6738657815,,,unverified,unverified,unverified,unverified,unverified,unverified,unverified,,,,,"vertical follow-up 2026-09-17: 'CRM and estimating tool built specifically for painting contractors'; App Store only (id6738657815 suggests late-2024 launch). Strong vertical, but early-stage/unknown company.",search-verified (URL-cited)
9,Residential painting contractors,PaintPricing,paintpricing.com,https://paintpricing.com/,,,https://paintpricing.com/,Free tier (free forever calculator per result),"Freemium: free calculator, paid plans for branded PDF quotes/versioning/share links",unverified,unverified,unverified,unverified,,,,,"vertical follow-up 2026-09-17: 'Painting Estimate App for Small Contractors: Free, 4 Minutes'. Strong vertical; lightweight.",search-verified (URL-cited)
9,Residential painting contractors,PaintScout,paintscout.com,https://www.paintscout.com/,unverified,unverified,https://www.paintscout.com/demo/,$79-$99/user/mo (estimating only); another roundup: ~$119/user/mo + $99/mo Operations add-on,public per-user price (via roundups); free demo,unverified,unverified,unverified,now part of Bolster Built (per Capterra listing),https://www.capterra.com/p/201082/PaintScout/,unverified,https://www.capterra.com/p/201082/PaintScout/,not searched (session search budget exhausted),Prices from https://www.cleansavannah.com/post/best-painting-contractor-software-2026 and https://toricentlabs.com/blog/best-painting-contractor-software-2026.html. Room-by-room estimating engine; no scheduling/invoicing/CRM per roundups (vendor site claims CRM+PM built in).,search-verified (URL-cited)
9,Residential painting contractors,Painting Contractor Estimates (iOS app),unverified,https://apps.apple.com/us/app/painting-contractor-estimates/id897185714,,,unverified,No monthly fees (one-time app purchase per listing),One-time app purchase,unverified,unverified,unverified,unverified,,,,,vertical follow-up 2026-09-17: Standalone estimating/bid app; not a SaaS. Vertical but likely not a competitor of record.,search-verified (URL-cited)
9,Residential painting contractors,QuoteIQ,myquoteiq.com,https://myquoteiq.com/crm-for-painting-contractors/,unverified,unverified,https://myquoteiq.com/pricing/,$29.99/mo,self-serve public price; 14-day trial,2022 (dev start); launched Oct 2023,11-50,https://tracxn.com/d/companies/quoteiq/__baJVvCxQIOKFcjFDrIKoaTAs0SGEG9HCkMNvWwcyViU,bootstrapped,https://bootstrappers.com/mike-vida-quoteiq/,"4,100+",https://contractortoolstack.com/software/quoteiq/,not searched (session search budget exhausted),"Painting industry FAQ page: https://myquoteiq.com/industries/painting-software/faq/. Built-in paint calculator, Good/Better/Best estimates, room-by-room line items.",search-verified (URL-cited)
9,Residential painting contractors,Werx (painting),werxapp.com,https://www.werxapp.com/industries/painting/painting-contractor-software/,,,unverified,"$49/mo (flat, per result)","Flat monthly plans, every feature on every plan",unverified,unverified,unverified,unverified,,,,,vertical follow-up 2026-09-17: Horizontal contractor billing app with painting page. Low verticality; fallback only.,search-verified (URL-cited)
10,Excavation & grading contractors,AGTEK Gradework,agtek.com,unverified,unverified,unverified,unverified,unverified,unverified,unverified,unverified,unverified,unverified,unverified,unverified,unverified,not searched (session search budget exhausted),Leads on 3D cut/fill volume takeoff per https://foreman.co/blog/best-excavation-software. Domain assumed from brand - verify.,candidate (prior knowledge; not search-verified)
10,Excavation & grading contractors,EarthWorks Excavation Software (Tally Systems),earthworksos.com,https://earthworksos.com/,unverified,unverified,unverified,$100/mo,public price (via third-party listing),unverified,unverified,unverified,unverified,unverified,unverified,https://www.softwareadvice.com/construction/tally-systems-earthworks-software-profile/,not searched (session search budget exhausted),"Price from https://www.itqlick.com/compare/estimating-link/earthworks-excavation-software. Cut/fill, auto-balancing, 3D reporting, rock report; in-software training tutorials; described as easiest/most affordable earthwork software (https://www.guideflow.com/blog/excavation-software).",search-verified (URL-cited)
10,Excavation & grading contractors,HCSS HeavyBid,hcss.com,https://www.hcss.com/who-uses-hcss/earthwork-estimating-software/,unverified,unverified,unverified,unverified,contact-sales,unverified,unverified,unverified,unverified,unverified,unverified,unverified,not searched (session search budget exhausted),Industry standard for heavy-civil DOT bidders (https://foreman.co/blog/best-excavation-software); overkill for small residential excavators.,search-verified (URL-cited)
10,Excavation & grading contractors,Knowify,knowify.com,unverified,unverified,unverified,unverified,unverified,unverified,unverified,unverified,unverified,unverified,unverified,unverified,unverified,not searched (session search budget exhausted),Named in https://foreman.co/blog/best-excavation-software for estimate-to-job-costing; no first-party details surfaced.,candidate (prior knowledge; not search-verified)
10,Excavation & grading contractors,QuoteIQ,myquoteiq.com,https://myquoteiq.com/top-10-excavation-estimating-software-in-2026/,unverified,unverified,https://myquoteiq.com/pricing/,$29.99/mo,self-serve public price; 14-day trial,2022 (dev start); launched Oct 2023,11-50,https://tracxn.com/d/companies/quoteiq/__baJVvCxQIOKFcjFDrIKoaTAs0SGEG9HCkMNvWwcyViU,bootstrapped,https://bootstrappers.com/mike-vida-quoteiq/,"4,100+",https://contractortoolstack.com/software/quoteiq/,not searched (session search budget exhausted),"AI estimating + MapMeasure Pro aerial measurement, job costing, scheduling, invoicing for small excavators.",search-verified (URL-cited)
11,Asphalt paving & sealcoating contractors,Bitumio,bitumio.com,https://bitumio.com/,unverified,unverified,https://bitumio.com/pricing/,$149 per user per month (mobile-only crew free) - https://bitumio.com/pricing/ (also https://www.contractorsoftwarehub.com/bitumio-review/),"self-serve public price, month-to-month",unverified,unverified,unverified,unverified,unverified,unverified,https://www.capterra.com/p/10009942/Bitumio/ (count not in snippet),unverified (site:trustmrr.com search returned no trustmrr results),"Vertical: asphalt maintenance/sealcoating estimating, scheduling, job costing, CRM, map measurement.",search-verified (URL-cited)
11,Asphalt paving & sealcoating contractors,GoPave,gopavecrm.com,https://gopavecrm.com/,unverified,unverified,unverified,unverified,contact-sales (custom pricing),unverified,unverified,unverified,unverified,unverified,unverified,unverified,unverified,"Sales-only CRM for paving (speed-to-lead SMS, follow-up, review requests); no invoicing/PM (https://www.katnjosh.com/gopave-review-a-crm-built-specifically-for-paving-and-asphalt-contractors/).",search-verified (URL-cited)
11,Asphalt paving & sealcoating contractors,OneCrew,getonecrew.com,https://www.getonecrew.com/,unverified,unverified,unverified,unverified,contact-sales (no public price found),unverified,10 (one source) / 29 as of May 31 2026 (Tracxn),https://tracxn.com/d/companies/onecrew-software/__isHokKjZ3PfDIUiYIGY9V_NBmtQgdWuXc5M0CQxSYYw ; https://www.zoominfo.com/c/onecrew/1318566236,"VC: $13M total raised; $7.5M Series A (Stage 2 Capital, Entourage, Bienville, Alaris, Fractal)",https://www.crunchbase.com/organization/onecrew-software ; https://pitchbook.com/profiles/company/520775-11,unverified,unverified,unverified,Lead > proposal > job > invoice lifecycle; dual takeoff (PDF + satellite). Publishes many 'best paving software' comparison posts.,search-verified (URL-cited)
11,Asphalt paving & sealcoating contractors,PavementSoft,pavementsoft.com,https://www.pavementsoft.com/,unverified,unverified,unverified,$59.99/month per review-site summary; vendor requires contacting sales - attribution within result set uncertain (https://www.capterra.com/p/229835/PavementSoft/ ; https://www.getapp.com/construction-software/a/pavementsoft/ ; https://www.softwareworld.co/software/pavementsoft-reviews/),contact-sales (price surfaced by review sites),unverified,unverified,unverified,unverified,unverified,unverified,https://www.capterra.com/p/229835/PavementSoft/ (count not in snippet),unverified,"Built by paving contractors; CRM, property measurement, proposals, scheduling, crew, job costing (https://www.pavementsoft.com/about-pavementsoft).",search-verified (URL-cited)
11,Asphalt paving & sealcoating contractors,Projul,projul.com,https://projul.com/industries/paving-contractor/,unverified,unverified,unverified,"$4,788 per year flat-rate (whole company) - https://projul.com/industries/deck-builders/","self-serve public price (flat-rate, no per-user fees)",unverified,unverified,unverified,unverified,unverified,unverified,unverified,unverified,Horizontal construction PM with dedicated paving landing page.,search-verified (URL-cited)
11,Asphalt paving & sealcoating contractors,QuoteIQ,myquoteiq.com,https://myquoteiq.com/industries/asphalt-paving-software/,unverified,unverified,unverified,$29.99/month - https://myquoteiq.com/top-10-best-job-management-software-for-hardscaping-contractors-in-2026/,self-serve public price,unverified,unverified,unverified,unverified,unverified,unverified,unverified,unverified,"Horizontal home-services CRM with dedicated paving landing page; satellite MapMeasure Pro, estimating, scheduling, invoicing.",search-verified (URL-cited)
11,Asphalt paving & sealcoating contractors,SaaSphalt,saasphalt.com,https://www.saasphalt.com/sealcoating-software.htm,unverified,unverified,https://www.saasphalt.com/pricing.htm,$70 per user per month - https://www.saasphalt.com/pricing.htm (per getonecrew comparison https://www.getonecrew.com/post/asphalt-bidding-software),"self-serve public price, 30-day free trial",unverified,unverified,unverified,unverified,unverified,unverified,unverified,unverified,"Estimating, work orders, scheduling, invoicing, two-way QuickBooks sync for paving/sealcoating/striping.",search-verified (URL-cited)
11,Asphalt paving & sealcoating contractors,ScopeTakeoff,scopetakeoff.com,https://scopetakeoff.com/asphalt-estimating-software/,unverified,unverified,unverified,unverified,unverified,unverified,unverified,unverified,unverified,unverified,unverified,unverified,unverified,"Asphalt estimating/takeoff with tonnage calcs for paving, milling, patching, crack seal, sealcoating. Pricing/company details not retrieved.",search-verified (URL-cited)
12,Fire sprinkler contractors,BuildOps,buildops.com,https://buildops.com/resources/fire-sprinkler-inspection-software/,unverified,unverified,unverified,unverified,contact-sales,unverified,unverified,unverified,unverified,unverified,unverified,unverified,unverified,Commercial contractor platform; fire sprinkler page is a resource article rather than a product landing page. Enterprise-leaning.,search-verified (URL-cited)
12,Fire sprinkler contractors,Essential,withessential.com,https://www.withessential.com/services/fire-sprinkler-inspection-software,unverified,unverified,unverified,unverified,"contact-sales (demo; month-to-month, no setup fees per https://www.withessential.com/)",unverified,unverified,unverified,unverified,unverified,unverified,https://www.capterra.com/p/10033564/Essential/ (count not in snippet),unverified,"Built for fire life safety; inspection due dates, quoting, scheduling, reports, invoicing. Founder family owns a fire/life-safety business. PitchBook 'All Essential Fire & Security' profile appeared but identity match unconfirmed.",search-verified (URL-cited)
12,Fire sprinkler contractors,Inspect Point,inspectpoint.com,https://www.inspectpoint.com/trades/fire-sprinkler/,unverified,https://www.linkedin.com/company/inspect-point,unverified,unverified,contact-sales (tiered SaaS by company size/usage - https://www.fieldtechtools.land/tools/inspect-point),"2014 (Troy, NY) - https://www.crunchbase.com/organization/inspect-point",36 (PitchBook) / ~64 Feb 2026 (LeadIQ) / 51-200 (ZoomInfo) - conflicting,https://pitchbook.com/profiles/company/439227-91 ; https://leadiq.com/c/inspect-point/5a1dc4662300005400c68939 ; https://www.zoominfo.com/c/inspect-point-llc/372310314,"Bootstrapped then $28M growth equity from Mainsail Partners (Jan 2022); investors incl. 8VC, Menlo Ventures",https://www.crunchbase.com/organization/inspect-point ; https://mainsailpartners.com/company/inspect-point/,unverified,https://www.getapp.com/legal-law-software/a/inspect-point/ (count not in snippet),unverified,"NFPA-25 inspection forms, scheduling, deficiencies-to-quotes, invoicing; accounting/ERP integrations.",search-verified (URL-cited)
12,Fire sprinkler contractors,ServiceTrade,servicetrade.com,https://servicetrade.com/industries/fire-protection/,unverified,unverified,https://new.servicetrade.com/pricing/,$99-$149 per user (technician) per month per third-party summary; office users free - https://fieldservicesoftware.io/best-field-service-software/best-software-for-security-fire-protection-field-service-companies/ ; https://softwarefinder.com/field-service/servicetrade,contact-sales (per-technician; custom pricing),unverified,unverified,unverified,unverified,unverified,unverified,https://www.capterra.com/p/132690/ServiceTrade-Commercial/ (count not in snippet),unverified,"Commercial fire/mechanical/HVAC FSM; 1,300+ commercial contractors; recommended for 20+ employee shops.",search-verified (URL-cited)
12,Fire sprinkler contractors,Uptick,uptickhq.com,https://www.uptickhq.com/,unverified,unverified,https://www.uptickhq.com/pricing,unverified (per-user monthly fee for desk/field users; dollar amount not disclosed on pricing page per snippet),"contact-sales (per-user, amounts not public)",unverified,unverified,unverified,PE/growth: strategic investment from PSG announced 9 June 2025,https://internationalfireandsafetyjournal.com/psg-backs-uptick-to-expand-global-fire-protection-software/,unverified,https://www.capterra.com/p/189344/Maintenance/ (count not in snippet; 90% of reviewers small companies),unverified,"Fire-industry job management: scheduling, billing/invoicing, asset/inspection; used in 1.6M buildings; expanding into North America.",search-verified (URL-cited)
13,"Low-voltage, alarm & security camera installers",FieldForce Tracker,fieldforcetracker.com,https://www.fieldforcetracker.com/alarm-security-installer-software/,unverified,unverified,unverified,unverified,unverified,unverified,unverified,unverified,unverified,unverified,unverified,unverified,unverified,Horizontal FSM with alarm/security installer and 'alarm biller' landing pages (https://www.fieldforcetracker.com/alarm-business-software/).,search-verified (URL-cited)
13,"Low-voltage, alarm & security camera installers",ReachOut Suite,reachoutsuite.com,https://www.reachoutsuite.com/security-alarm-installation-software,unverified,unverified,unverified,unverified,unverified,unverified,unverified,unverified,unverified,unverified,unverified,unverified,unverified,"Horizontal FSM with security-installation landing page: scheduling, dispatch, tickets, invoicing, inspections.",search-verified (URL-cited)
13,"Low-voltage, alarm & security camera installers",Repair-CRM,repair-crm.com,https://www.repair-crm.com/security-system-installation-software/,unverified,unverified,unverified,unverified,unverified,unverified,unverified,unverified,unverified,unverified,unverified,unverified,unverified,Horizontal small-shop CRM with security-installation landing page.,search-verified (URL-cited)
13,"Low-voltage, alarm & security camera installers",SecurityTrax,securitytrax.com,https://www.securitytrax.com/,unverified,https://www.linkedin.com/company/securitytrax,https://www.securitytrax.com/pricing,$250 minimum monthly charge (usage-based) - https://www.securitytrax.com/pricing,self-serve public price (usage-based with $250 floor),2004 - https://www.securitytrax.com/about-us,11 total employees,https://pitchbook.com/profiles/company/151141-06 ; https://leadiq.com/c/securitytrax/5a1d8ef4540000530074fc50,Acquired by Alarm.com Holdings on March 13 2015,https://pitchbook.com/profiles/company/151141-06,unverified,unverified,unverified,"Alarm dealer ops platform: leads, scheduling, billing, support, monitoring/distribution integrations, Alarm.com workflows.",search-verified (URL-cited)
13,"Low-voltage, alarm & security camera installers",ServiceTitan,servicetitan.com,https://www.servicetitan.com/industries/alarm-business-software,unverified,unverified,unverified,unverified,contact-sales,unverified,unverified,unverified,unverified,unverified,unverified,unverified,unverified,Horizontal FSM with dedicated alarm-business landing page. Public company (not verified in this batch's results).,search-verified (URL-cited)
13,"Low-voltage, alarm & security camera installers",SuretyPRO / AlarmBase / CESware,unverified,unverified,unverified,unverified,unverified,unverified,unverified,unverified,unverified,unverified,unverified,unverified,unverified,unverified,unverified,"Named in list posts (https://wifitalents.com/best/alarm-company-management-software/ ; https://zipdo.co/best/security-alarm-company-software/ ; https://kaamcam.com/blog/best-alarm-installer-software-for-solo-operators-2026) as alarm-dealer verticals (billing, dispatch, central-station integration; CESware = low-voltage recurring billing) but domains/pricing not surfaced before budget ran out.",candidate (prior knowledge; not search-verified)
13,"Low-voltage, alarm & security camera installers",WorkHorse SCS,workhorsescs.com,https://workhorsescs.com/software-for-alarm-companies/,unverified,unverified,unverified,unverified,"contact-sales ('pricing that scales', no amounts)","2019 (founder Steven Hayes, ex-alarm company owner) - https://workhorsescs.com/about-us/ ; https://www.sdmmag.com/articles/98186-workhorse-unveils-business-software-for-security-companies",unverified,unverified,unverified,unverified,unverified,unverified,unverified,"Sales, eAgreements, RMR billing, field service; integrated with 30+ monitoring centers, Alarm.com, Alula, SecureCom, SecureNet.",search-verified (URL-cited)
14,Pool builders,123worx,123worx.com,https://123worx.com/blog/project-management-software-for-pool-builders/,unverified,unverified,unverified,unverified,unverified,unverified,unverified,unverified,unverified,unverified,unverified,unverified,unverified,"Contractor PM (USA/Canada) marketed to pool builders: scheduling, estimating, change orders. Landing is a blog post, not a product page.",search-verified (URL-cited)
14,Pool builders,Houzz Pro,houzz.com,https://pro.houzz.com/for-pros/software-pool-builder-crm,unverified,unverified,unverified,unverified,unverified,unverified,unverified,unverified,unverified,unverified,unverified,unverified,unverified,Horizontal with dedicated pool-builder CRM landing page; bundles lead network.,search-verified (URL-cited)
14,Pool builders,Poologics,poologics.com,https://www.poologics.com/,unverified,unverified,unverified,unverified,unverified,unverified,unverified,unverified,unverified,unverified,unverified,unverified,unverified,"Pool-construction vertical: CRM/lead mgmt, estimating & proposals, PM, scheduling, documents, finances, punch lists, warranties (https://www.poologics.com/pool-construction-business-software-features).",search-verified (URL-cited)
14,Pool builders,ProDBX,prodbx.com,https://prodbx.com/software/pool-contractor-software/,unverified,unverified,unverified,unverified,unverified,unverified,unverified,unverified,unverified,unverified,unverified,unverified,unverified,"Pool-builder vertical: estimating, PM, scheduling, billing, CRM milestones, two-way texting; commercial pool PM offering.",search-verified (URL-cited)
14,Pool builders,QuoteIQ,myquoteiq.com,https://myquoteiq.com/top-8-softwares-for-pool-installation-businesses-in-2026/,unverified,unverified,unverified,$29.99/month - https://myquoteiq.com/top-10-best-job-management-software-for-hardscaping-contractors-in-2026/,self-serve public price,unverified,unverified,unverified,unverified,unverified,unverified,unverified,unverified,Horizontal; pool page is a blog list post.,search-verified (URL-cited)
14,Pool builders,Streamline CRM,streamlinecrm.com,https://streamlinecrm.com/pool-construction-software/,unverified,unverified,unverified,unverified,unverified,unverified,unverified,unverified,unverified,unverified,unverified,unverified,unverified,Marketing CRM with pool-construction landing page; details not retrieved.,search-verified (URL-cited)
15,Foundation repair & basement waterproofing contractors,Builder Prime,builderprime.com,https://www.builderprime.com/industries/basements-waterproofing,unverified,unverified,unverified,unverified,unverified,unverified,unverified,unverified,unverified,unverified,unverified,unverified,unverified,Home-improvement CRM + estimating + production mgmt with basement/waterproofing landing page and industry-specific automations.,search-verified (URL-cited)
15,Foundation repair & basement waterproofing contractors,Contractor Accelerator,contractoraccelerator.com,https://contractoraccelerator.com/industries/foundation-repair,unverified,unverified,unverified,unverified,unverified,unverified,unverified,unverified,unverified,unverified,unverified,unverified,unverified,Mobile CRM for foundation repair / flatwork & structural; details not retrieved.,search-verified (URL-cited)
15,Foundation repair & basement waterproofing contractors,QuoteIQ,myquoteiq.com,https://myquoteiq.com/industries/foundation-repair-software/,unverified,unverified,unverified,$29.99/month - https://myquoteiq.com/top-10-best-job-management-software-for-hardscaping-contractors-in-2026/,self-serve public price,unverified,unverified,unverified,unverified,unverified,unverified,unverified,unverified,Also has basement-waterproofing landing page https://myquoteiq.com/industries/industries-basement-waterproofing-software/.,search-verified (URL-cited)
16,Flooring & tile contractors,Builder Prime,builderprime.com,https://www.builderprime.com/industries/flooring,unverified,unverified,unverified,unverified,unverified,unverified,unverified,unverified,unverified,unverified,unverified,unverified,unverified,"Horizontal home-improvement CRM with flooring landing page (measurements, estimating, scheduling, payments).",search-verified (URL-cited)
16,Flooring & tile contractors,FieldGroove,fieldgroove.com,https://www.fieldgroove.com/flooring-software,unverified,unverified,unverified,unverified,unverified,unverified,unverified,unverified,unverified,unverified,unverified,unverified,unverified,Contractor software with flooring material estimating and on-site quoting.,search-verified (URL-cited)
16,Flooring & tile contractors,FloorSoft,floorsoft.com,https://www.floorsoft.com/,unverified,unverified,unverified,unverified,unverified,unverified,unverified,unverified,unverified,unverified,unverified,unverified,unverified,Flooring software vendor; details not retrieved.,search-verified (URL-cited)
16,Flooring & tile contractors,Floorzap,floorzap.com,https://www.floorzap.com/,unverified,unverified,unverified,unverified,unverified,unverified,unverified,unverified,unverified,unverified,unverified,unverified,unverified,"Flooring management: estimating, measurements, inspections, scheduling, CRM, documents.",search-verified (URL-cited)
16,Flooring & tile contractors,Measure Square,measuresquare.com,https://measuresquare.com/,unverified,unverified,unverified,unverified,unverified,unverified,unverified,unverified,unverified,unverified,unverified,unverified,unverified,Flooring takeoff/estimating + CRM for contract flooring; bids and job costing.,search-verified (URL-cited)
16,Flooring & tile contractors,ProjectsForce 360,projectsforce.com,https://www.projectsforce.com/flooring-business-software,unverified,unverified,unverified,unverified,unverified,unverified,unverified,unverified,unverified,unverified,unverified,unverified,unverified,Flooring contractor/retailer ops incl. install scheduling with crew location visibility.,search-verified (URL-cited)
16,Flooring & tile contractors,Projul,projul.com,https://projul.com/industries/flooring-contractor/,unverified,unverified,unverified,"$4,788 per year flat-rate - https://projul.com/industries/deck-builders/",self-serve public price (flat-rate),unverified,unverified,unverified,unverified,unverified,unverified,unverified,unverified,"Horizontal PM with flooring landing page; square-foot estimating, trade sequencing.",search-verified (URL-cited)
16,Flooring & tile contractors,QuoteIQ,myquoteiq.com,https://myquoteiq.com/top-10-best-scheduling-software-for-flooring-contractors-in-2026/,unverified,unverified,unverified,$29.99/month - https://myquoteiq.com/top-10-best-scheduling-software-for-flooring-contractors-in-2026/,self-serve public price,unverified,unverified,unverified,unverified,unverified,unverified,unverified,unverified,Horizontal; flooring page is a list post.,search-verified (URL-cited)
16,Flooring & tile contractors,WorkQuote,workquote.app,https://workquote.app/industries/flooring-service,unverified,unverified,unverified,unverified,unverified,unverified,unverified,unverified,unverified,unverified,unverified,unverified,unverified,Estimating & invoicing app for installers with flooring landing page; details not retrieved.,search-verified (URL-cited)
17,Glass & glazing contractors,Accentis,unverified,unverified,unverified,unverified,unverified,unverified,unverified,unverified,unverified,unverified,unverified,unverified,unverified,unverified,unverified,"Named in https://wifitalents.com/best/glass-shop-management-software/ as ERP-style glass/fenestration software (CRM, quoting, scheduling, inventory, manufacturing, invoicing); domain not surfaced.",candidate (prior knowledge; not search-verified)
17,Glass & glazing contractors,FieldPulse,fieldpulse.com,https://www.fieldpulse.com/resources/blog/glass-business-software,unverified,unverified,unverified,unverified,unverified,unverified,unverified,unverified,unverified,unverified,unverified,unverified,unverified,"Horizontal FSM; glass page is a blog guide, not a product landing page.",search-verified (URL-cited)
17,Glass & glazing contractors,GlasPacLX (GTS Services),gtsservices.com,https://www.gtsservices.com/,unverified,unverified,unverified,unverified,unverified,unverified,unverified,unverified,unverified,unverified,unverified,unverified,unverified,"Point-of-sale & shop management for auto and flat glass, quoting to invoicing; described as 'leading software for the glass industry'.",search-verified (URL-cited)
17,Glass & glazing contractors,GlassManager,glassmanager.com,https://glassmanager.com/,unverified,unverified,unverified,unverified,unverified,unverified,unverified,unverified,unverified,unverified,unverified,unverified,unverified,"Glass business mgmt: glass-specific estimating (sq-ft calcs, GDS material imports), installation, billing.",search-verified (URL-cited)
17,Glass & glazing contractors,Smart Glazier Software,smartglazier.com,https://smartglazier.com/en/,unverified,unverified,unverified,unverified,unverified,unverified,unverified,unverified,unverified,unverified,unverified,unverified,unverified,Installer/fabricator software incl. 3D glass design; details not retrieved.,search-verified (URL-cited)
18,Deck & patio builders,Builder Prime,builderprime.com,https://www.builderprime.com/industries/decks-railings,unverified,unverified,unverified,unverified,unverified,unverified,unverified,unverified,unverified,unverified,unverified,unverified,unverified,"CRM/estimating/production for deck & outdoor living; GPS time clock, sub management; publishes 'Top 7 CRMs for deck companies' (https://www.builderprime.com/blog/top-7-crms-for-deck-and-outdoor-living-companies).",search-verified (URL-cited)
18,Deck & patio builders,Houzz Pro,houzz.com,https://pro.houzz.com/for-pros/software-deck-builder-crm,unverified,unverified,unverified,unverified,unverified,unverified,unverified,unverified,unverified,unverified,unverified,unverified,unverified,Horizontal with deck/patio CRM landing page.,search-verified (URL-cited)
18,Deck & patio builders,JobNimbus,jobnimbus.com,https://www.jobnimbus.com/industries/deck-and-patio-software,unverified,unverified,unverified,unverified,unverified,unverified,unverified,unverified,unverified,unverified,unverified,unverified,unverified,"Horizontal contractor CRM with deck & patio landing page (bidding, estimating, PM, scheduling).",search-verified (URL-cited)
18,Deck & patio builders,Projul,projul.com,https://projul.com/industries/deck-builders/,unverified,unverified,unverified,"$4,788 per year flat-rate - https://projul.com/industries/deck-builders/",self-serve public price (flat-rate),unverified,unverified,unverified,unverified,unverified,unverified,unverified,unverified,"Board-level material estimating, weather scheduling, permits/inspections, deposit-to-final invoicing.",search-verified (URL-cited)
18,Deck & patio builders,QuoteIQ,myquoteiq.com,https://myquoteiq.com/industries/deck-building-software/,unverified,unverified,unverified,$29.99/month - https://myquoteiq.com/top-10-best-job-management-software-for-hardscaping-contractors-in-2026/,self-serve public price,unverified,unverified,unverified,unverified,unverified,unverified,unverified,unverified,"Tiered material pricing (PT/cedar/composite), satellite footprint measurement, railing/pergola/lighting upsells.",search-verified (URL-cited)
19,Hardscape & retaining wall contractors,Eano,eano.com,https://www.eano.com/industry/hardscape,unverified,unverified,unverified,unverified,unverified,unverified,unverified,unverified,unverified,unverified,unverified,unverified,unverified,"Hardscape-specific estimating (pavers, base rock, sand, edging, drainage, geotextile, labor), eSign proposals, crew mgmt.",search-verified (URL-cited)
19,Hardscape & retaining wall contractors,Outdoor Estimates,outdoorestimates.com,https://outdoorestimates.com/pages/landscape-estimating-software.html,unverified,unverified,unverified,unverified,unverified,unverified,unverified,unverified,unverified,unverified,unverified,unverified,unverified,Landscape/hardscape estimating; details not retrieved.,search-verified (URL-cited)
19,Hardscape & retaining wall contractors,Projul,projul.com,https://projul.com/industries/hardscaper-business/,unverified,unverified,unverified,"$4,788 per year flat-rate - https://projul.com/industries/deck-builders/",self-serve public price (flat-rate),unverified,unverified,unverified,unverified,unverified,unverified,unverified,unverified,Horizontal PM with hardscaper landing page.,search-verified (URL-cited)
19,Hardscape & retaining wall contractors,QuoteIQ,myquoteiq.com,https://myquoteiq.com/top-10-best-job-management-software-for-hardscaping-contractors-in-2026/,unverified,unverified,unverified,$29.99/month - https://myquoteiq.com/top-10-best-job-management-software-for-hardscaping-contractors-in-2026/,self-serve public price,unverified,unverified,unverified,unverified,unverified,unverified,unverified,unverified,"Aerial takeoffs (MapMeasure Pro), crew scheduling, job costing. Aspire named for $1M+ commercial hardscape (no URL surfaced).",search-verified (URL-cited)
19,Hardscape & retaining wall contractors,ScapeCubed,scapecubed.com,https://www.scapecubed.com/,unverified,unverified,unverified,unverified,unverified,unverified,unverified,unverified,unverified,unverified,unverified,unverified,unverified,Hardscape estimating spreadsheets with production-rate library (paver/retaining wall); not a SaaS platform.,search-verified (URL-cited)
20,Window treatment (blinds & shades) installers,BlindMatrix,blindmatrix.com,https://blindmatrix.com/,unverified,unverified,unverified,unverified,unverified,unverified,unverified,unverified,unverified,unverified,unverified,unverified,unverified,"All-in-one CRM for blinds, curtains, shutters, awnings (likely UK-origin; not verified).",search-verified (URL-cited)
20,Window treatment (blinds & shades) installers,Blinds Portal,blindsportal.com,https://www.blindsportal.com/,unverified,unverified,unverified,unverified,unverified,unverified,unverified,unverified,unverified,unverified,unverified,unverified,unverified,Software for window covering installation companies; process automation.,search-verified (URL-cited)
20,Window treatment (blinds & shades) installers,BlindsBook,blindsbook.com,https://www.blindsbook.com/,unverified,unverified,unverified,unverified,unverified,unverified,unverified,unverified,unverified,unverified,unverified,unverified,unverified,"Window-covering industry cloud system: CRM, scheduling, quoting modules.",search-verified (URL-cited)
20,Window treatment (blinds & shades) installers,MyBlindCo,myblindcoapp.com,https://myblindcoapp.com/,unverified,unverified,unverified,unverified,unverified,unverified,unverified,unverified,unverified,unverified,unverified,unverified,unverified,"Quote-from-measurements, quote-to-order conversion, plus marketing.",search-verified (URL-cited)
20,Window treatment (blinds & shades) installers,Repair-CRM,repair-crm.com,https://www.repair-crm.com/window-blinds-shades-business-software/,unverified,unverified,unverified,unverified,unverified,unverified,unverified,unverified,unverified,unverified,unverified,unverified,unverified,Horizontal small-shop CRM with blinds & shades landing page.,search-verified (URL-cited)
20,Window treatment (blinds & shades) installers,Windowware Pro,windowwarepro.com,https://www.windowwarepro.com/,unverified,unverified,unverified,unverified,unverified,unverified,unverified,unverified,unverified,unverified,unverified,unverified,unverified,Blinds estimating/quoting + business management for window covering retailers.,search-verified (URL-cited)
21,Irrigation & lawn sprinkler contractors,Contractor+,contractorplus.app,https://contractorplus.app/industries/irrigation-business-software,unverified,unverified,https://contractorplus.app/pricing,Free forever plan; paid from $14/month,self-serve public price + free tier,unverified,unverified,unverified,unverified,unverified,unverified,https://www.capterra.com/p/213952/Contractor/ (count not in snippet),not found in search results,"Orlando, FL (1317 Edgewater Dr Ste 719) per support page https://support.contractorplus.app/en/articles/9476522-contractor-pricing-plans. Snippet credits seasonal scheduling depth and backflow tracking for irrigation.",search-verified (URL-cited)
21,Irrigation & lawn sprinkler contractors,HindSite Software / FieldCentral,hindsitesoftware.com,https://www.hindsitesoftware.com/industries/irrigation-business-software,unverified,https://www.linkedin.com/company/hindsite-software,https://www.hindsitesoftware.com/industries/irrigation-business-software,"~$277 to over $1,000/month across 6 tiers (1 to 20+ people)",self-serve public price (tiered),2001,11-50 (LinkedIn); 29 (Datanyze),https://www.linkedin.com/company/hindsite-software ; https://www.datanyze.com/companies/hindsite-software/351080127,unverified,https://www.crunchbase.com/organization/hindsite-software (funding not in snippet),unverified,https://www.g2.com/products/hindsite-software/reviews (count not in snippet),not found in search results,"St Paul, Minnesota. Originally built by an irrigation contractor. FieldCentral is the current product (https://www.fieldcentral.com/fieldcentral). ZoomInfo: https://www.zoominfo.com/c/hindsite-software-llc/351080127",search-verified (URL-cited)
21,Irrigation & lawn sprinkler contractors,Housecall Pro,housecallpro.com,https://www.housecallpro.com/industries/irrigation-business-software/,unverified,unverified,unverified,$49/month Start; $109/month Grow (per third-party roundup),self-serve public price,unverified,unverified,unverified,unverified,unverified,unverified,unverified,not found in search results,Horizontal; dedicated irrigation landing. Prices from https://serviceagent.ai/blogs/best-hvac-software-for-small-business/ snippet.,search-verified (URL-cited)
21,Irrigation & lawn sprinkler contractors,IrrigationBossPro,irrigationbosspro.com,https://www.irrigationbosspro.com/,unverified,unverified,https://www.irrigationbosspro.com/,$129/month (all-inclusive),self-serve public price,unverified,unverified,unverified,unverified,unverified,unverified,unverified,not found in search results,"Vertical: spring startups/winterizations, repairs, scheduling, system records, automated SMS, invoicing, line-item estimates, parts tracking, crew dispatch/routing, Stripe payments. Price from https://www.irrigationbosspro.com/ snippet.",search-verified (URL-cited)
21,Irrigation & lawn sprinkler contractors,Jobber,getjobber.com,https://www.getjobber.com/industries/irrigation-service-software/,unverified,unverified,unverified,$69/month (per third-party roundup),self-serve public price,unverified,unverified,unverified,unverified,unverified,unverified,unverified,not found in search results,Horizontal; dedicated irrigation landing page. $69/month from https://serviceagent.ai/blogs/best-hvac-software-for-small-business/ snippet; a plumbing roundup says $169/month for up to five users (https://softwareconnect.com/roundups/best-plumbing-software/). Pricing page URL not surfaced.,candidate (prior knowledge; not search-verified)
21,Irrigation & lawn sprinkler contractors,LayCor,laycor.com,https://laycor.com/solutions/irrigation-software,unverified,unverified,https://laycor.com/solutions/irrigation-software,$49/month base; Professional $99/month,self-serve public price,unverified,unverified,unverified,unverified,unverified,unverified,unverified,not found in search results,"Multi-vertical (60+ service industries) with irrigation-specific page: batch-scheduling spring startups/fall winterizations, route optimization by neighborhood. No contracts/setup fees/per-user charges per snippet.",search-verified (URL-cited)
21,Irrigation & lawn sprinkler contractors,Orderry,orderry.com,https://orderry.com/irrigation-services-software/,unverified,unverified,unverified,unverified,unverified,unverified,unverified,unverified,unverified,unverified,unverified,unverified,not found in search results,Horizontal with irrigation landing page; no other details surfaced.,search-verified (URL-cited)
21,Irrigation & lawn sprinkler contractors,QuoteIQ,myquoteiq.com,https://myquoteiq.com/industries/irrigation-software/,unverified,unverified,https://myquoteiq.com/pricing/,$29.99/month Essentials (1 user); Beginner $74.99/month; up to $399.99/month,self-serve public price,unverified,unverified,unverified,unverified,unverified,unverified,https://www.capterra.com/p/10030635/QuoteIQ/ (count not in snippet),not found in search results,"Co-founded by Mike Vidan and Justin Rogers (https://mikevidan.com/resources/quoteiq/); 'used by over 40,000 contractors across 50+ industries' (https://myquoteiq.com/). G2 pricing page https://www.g2.com/products/quoteiq/pricing. Features: MapMeasure Pro satellite zone measurement, AI Estimator, recurring scheduling automation.",search-verified (URL-cited)
21,Irrigation & lawn sprinkler contractors,Service Fusion,servicefusion.com,https://www.servicefusion.com/irrigation-business-software,unverified,unverified,unverified,flat $149/month (HVAC roundup) or ~$195/month Starter (plumbing roundup),"self-serve public price (flat, no per-user)",unverified,unverified,unverified,unverified,unverified,unverified,unverified,not found in search results,Horizontal; dedicated irrigation landing. $149 from https://serviceagent.ai/blogs/best-hvac-software-for-small-business/; $195 from https://softwareconnect.com/roundups/best-plumbing-software/ — conflicting third-party figures.,search-verified (URL-cited)
21,Irrigation & lawn sprinkler contractors,ServiceTitan,servicetitan.com,https://www.servicetitan.com/industries/irrigation-business-software,unverified,unverified,unverified,unverified,contact-sales (roundups describe 'enterprise price and implementation commitment'),unverified,unverified,unverified,unverified,unverified,unverified,unverified,not found in search results,Horizontal; dedicated irrigation landing. Positioned for 20+ technicians per https://contractorplus.app/blog/8-best-irrigation-business-software-platforms-in-2026,search-verified (URL-cited)
22,Small residential electrical contractors,AceWatt CRM,acewatt.com,https://acewatt.com/crm-for-electricians,,,https://acewatt.com/pricing,$49/mo (Starter),Tiered subscription: Starter $49 / Growth $99 / Scale $199 / Custom; 14-day free trial,unverified,unverified,unverified,unverified,,,,,vertical follow-up 2026-09-17: Homepage tagline 'AI-Powered CRM for Electrical Contractors'; founder Manvel 'Mike' Beyleyan named on https://acewatt.com/about. Strong vertical. Has an /alternatives/quoteiq page.,search-verified (URL-cited)
22,Small residential electrical contractors,Business Genie,businessgenieapp.com,https://www.businessgenieapp.com/industries/electrical,https://www.facebook.com/BusinessgenieApp/,https://www.linkedin.com/company/businessgenieapp,https://www.trustradius.com/products/business-genie-app/pricing,"$50 to $135 (3 editions, per TrustRadius); free trial and free version",self-serve public price + free trial,2019,unverified,https://www.zoominfo.com/c/business-genie/557261019 (count not in snippet),unverified,https://www.extruct.ai/hub/businessgenieapp-com/ (details not in snippet),unverified,unverified,not found in search results,Created by home-service owners; markets '90% of ServiceTitan core features at a fraction of the cost' (https://www.businessgenieapp.com/industries/electrical). Also serves plumbers/HVAC. Electrical job-management sub-page: https://www.businessgenieapp.com/industries/electrical/job-management,search-verified (URL-cited)
22,Small residential electrical contractors,CRM for Electricians,crmforelectricians.com,https://crmforelectricians.com/,,,unverified,unverified,Result says 'flexible pricing plans' (solo to multi-crew); no figures shown,unverified,unverified,unverified,unverified,,,,,vertical follow-up 2026-09-17: Vertical by name/domain. Could be a white-label or affiliate front; verify it is an independent product.,search-verified (URL-cited)
22,Small residential electrical contractors,Flat Rate Plus Online,flatratesoftware.com,https://www.flatratesoftware.com/electrical-flat-rate-pricing/,unverified,unverified,https://flatratesoftware.com/software-pricing/,unverified,public price list page exists; price not in snippet,unverified,unverified,unverified,unverified,unverified,unverified,unverified,not found in search results,Flat-rate price book for HVAC/refrigeration/plumbing/electrical; syncs to QuickBooks. Landing page titled 'FREE Flat Rate Pricing Software for Electrical'.,search-verified (URL-cited)
22,Small residential electrical contractors,Housecall Pro,housecallpro.com,https://www.housecallpro.com/industries/electrical-contractor-software/,unverified,unverified,unverified,$49/month Start; Price Book add-on $149/month,self-serve public price,unverified,unverified,unverified,unverified,unverified,unverified,unverified,not found in search results,Horizontal with electrical landing + estimating sub-page https://www.housecallpro.com/industries/electrical-contractor-software/estimating/. Price Book add-on figure from https://buildops.com/resources/flat-rate-pricing-software-for-electricians/,search-verified (URL-cited)
22,Small residential electrical contractors,Method CRM,method.me,https://www.method.me/resources/best-electrical-contractor-software/,unverified,unverified,unverified,unverified,unverified,unverified,unverified,unverified,unverified,unverified,unverified,unverified,not found in search results,"QuickBooks-integrated CRM marketed to electricians (scheduling, dispatch, invoicing). Landing URL is a blog roundup, not a product page.",search-verified (URL-cited)
22,Small residential electrical contractors,Sera Systems,sera.tech,https://sera.tech/who-we-serve/industry/electrical,unverified,https://www.linkedin.com/company/serasystems,unverified,$399/month Sera Bundle incl. first 4 technicians; +$149/month per additional tech,public price (per Capterra/SelectHub snippet),2018,31,https://www.cbinsights.com/company/sera-systems,VC/contractor-investor backed; $17M total raised; Series B May 2023 funded by home-service business owners,https://sera.tech/resources/sera-systems-secures-series-b-funding-driven-by-contractor-investments ; https://www.crunchbase.com/organization/sera-systems,unverified,https://www.capterra.com/p/246280/Sera/ ; https://www.g2.com/products/sera-systems-sera/reviews (counts not in snippet),not found in search results,"Grapevine, Texas. Serves HVAC, plumbing, electrical. PitchBook: https://pitchbook.com/profiles/company/483132-16",search-verified (URL-cited)
22,Small residential electrical contractors,Service Fusion,servicefusion.com,https://www.servicefusion.com/electrical-contractor-software,unverified,unverified,unverified,flat $149/month (third-party roundup),self-serve public price,unverified,unverified,unverified,unverified,unverified,unverified,unverified,not found in search results,Horizontal with electrical landing.,search-verified (URL-cited)
22,Small residential electrical contractors,ServiceTitan,servicetitan.com,https://www.servicetitan.com/industries/electrical-software,unverified,unverified,unverified,unverified,contact-sales,unverified,unverified,unverified,unverified,unverified,unverified,unverified,not found in search results,Horizontal with electrical landing and flat-rate sub-page https://www.servicetitan.com/industries/electrical-software/flat-rate. Mandated by Mr. Electric franchisor (see fragmentation).,search-verified (URL-cited)
22,Small residential electrical contractors,The New Flat Rate,thenewflatrate.com,unverified,unverified,unverified,https://www.capterra.com/p/250719/The-New-Flat-Rate/,$88/month per user,public price (per Capterra snippet),unverified,unverified,unverified,unverified,unverified,unverified,https://www.capterra.com/p/250719/The-New-Flat-Rate/ (count not in snippet),not found in search results,Flat-rate menu pricing tool; appears in electrical flat-rate roundups. Domain inferred from product name — treat as unverified.,search-verified (URL-cited)
22,Small residential electrical contractors,TurboBid,turbobid.com,https://www.turbobid.com/pages/residential-electrical-estimating-service,unverified,https://www.linkedin.com/in/billruffner/ (founder profile),unverified,"$99/month or $1,295 one-time",self-serve public price,unverified,unverified,unverified,bootstrapped (founder-run; founder described as 'the TurboBid employee' who does estimates),https://www.turbobid.com/pages/when-we-complete-an-residential-electrical-estimate,unverified,unverified,not found in search results,"Electrical + plumbing estimating with NEC labor units and assemblies. Founder/CEO Bill Ruffner, electrical contractor 25+ yrs. Price from https://buildops.com/resources/flat-rate-pricing-software-for-electricians/ snippet. 'Best Buy' per Mike Holt (turbobid.com).",search-verified (URL-cited)
23,HVAC contractors,Aptora Total Office Manager,aptora.com,https://www.aptora.com/industries/hvac-software,unverified,unverified,unverified,unverified,unverified,unverified,unverified,unverified,unverified,unverified,unverified,unverified,not found in search results,Built-in accounting + dispatching/scheduling/invoicing/inventory/CRM; also flat-rate pricing module https://www.aptora.com/flat-rate-pricing-software. Detail search blocked.,search-verified (URL-cited)
23,HVAC contractors,AutoHVAC,autohvac.ai,https://autohvac.ai/manual-j-cost,unverified,unverified,https://autohvac.ai/manual-j-cost,first Manual J free (per page title),freemium (per page title),unverified,unverified,unverified,unverified,unverified,unverified,unverified,not found in search results,AI Manual J calculator; publishes pricing guides comparing Wrightsoft (~$200/month or Right-J ~$695/year) per https://autohvac.ai/blog/manual-j-software-pricing-guide,search-verified (URL-cited)
23,HVAC contractors,Cool Calc,coolcalc.com,unverified,unverified,unverified,unverified,Free basic; Pro $39-$99/month,freemium / self-serve public price,unverified,unverified,unverified,unverified,unverified,unverified,unverified,not found in search results,Manual J load-calc tool. Price from https://autohvac.ai/blog/manual-j-software-pricing-guide snippet. Domain inferred — unverified.,candidate (prior knowledge; not search-verified)
23,HVAC contractors,FieldEdge,fieldedge.com,https://fieldedge.com/hvac-software/,unverified,unverified,unverified,unverified,unverified,unverified,unverified,unverified,unverified,unverified,unverified,unverified,not found in search results,"HVAC-first FSM: scheduling, dispatch, service-call tracking, inventory, invoicing, automated QuickBooks sync. Detail search blocked by budget exhaustion.",search-verified (URL-cited)
23,HVAC contractors,HVAC ProposalKit,hvacproposalkit.com,https://hvacproposalkit.com/blog/compare/best-hvac-proposal-software,,,unverified,unverified,unverified,unverified,unverified,unverified,unverified,,,,,"vertical follow-up 2026-09-17: Vertical by name ('ProposalKit for HVAC'); only a comparison blog page surfaced, product details unverified. Medium confidence.",search-verified (URL-cited)
23,HVAC contractors,Housecall Pro,housecallpro.com,https://www.housecallpro.com/industries/hvac-software/,unverified,unverified,unverified,$49/month Start; $109/month Grow,self-serve public price,unverified,unverified,unverified,unverified,unverified,unverified,unverified,not found in search results,Horizontal with HVAC landing. Prices from https://serviceagent.ai/blogs/best-hvac-software-for-small-business/,search-verified (URL-cited)
23,HVAC contractors,OnCall Air,oncallair.com,https://www.oncallair.com/tthome,,,https://www.oncallair.com/pricing,$149/mo,"Usage-based monthly subscription, unlimited users, no annual contract (per result)",2016,unverified,unverified,unverified,,,,,"vertical follow-up 2026-09-17: 'HVAC Sales Platform' - in-home digital proposals, pricing engine, financing; claims $6.3B HVAC sales powered (https://www.oncallair.com/features/oncall-air-a-proven-sales-platform-powering-6-3b-in-hvac-sales). HQ Miami FL. Strong vertical (sales layer, not full FSM).",search-verified (URL-cited)
23,HVAC contractors,Repair-CRM,repair-crm.com,https://www.repair-crm.com/2026/08/30/hvac-software-for-small-business-2026-guide-comparison/,unverified,unverified,unverified,$19/month (1 user); $89 (2-5 users); $119 (6-10); $179 (11-20),self-serve public price (flat tiers),unverified,unverified,unverified,unverified,unverified,unverified,unverified,not found in search results,"Landing is a blog guide, not a product page; prices from that snippet.",search-verified (URL-cited)
23,HVAC contractors,ServiceTrade,servicetrade.com,https://servicetrade.com/hvac-crm/,,,unverified,unverified,unverified,unverified,unverified,unverified,unverified,,,,,vertical follow-up 2026-09-17: Commercial HVAC/mechanical/fire-protection CRM & estimating (SalesManager module). Commercial-focused; low fit for residential HVAC SMBs.,search-verified (URL-cited)
23,HVAC contractors,Successware,successware.com,https://www.successware.com/industries/hvac-software/,unverified,unverified,unverified,unverified,unverified,unverified,unverified,unverified,unverified,unverified,unverified,unverified,not found in search results,"HVAC dispatch via Google Maps nearest-tech, digital invoicing. Detail search blocked by budget exhaustion.",search-verified (URL-cited)
23,HVAC contractors,The New Flat Rate,thenewflatrate.com,https://thenewflatrate.com/,,,unverified,unverified,Menu-pricing bolt-on,unverified,unverified,unverified,unverified,,,,,vertical follow-up 2026-09-17: Three-trade (HVAC/plumbing/electrical) pricing-presentation tool. Medium verticality.,search-verified (URL-cited)
23,HVAC contractors,Workiz,workiz.com,https://www.workiz.com/blog/hvac/best-hvac-business-software-comparison/,unverified,unverified,unverified,unverified,unverified,unverified,unverified,unverified,unverified,unverified,unverified,unverified,not found in search results,"Horizontal; only a blog comparison surfaced, no product landing verified.",search-verified (URL-cited)
24,Plumbing contractors,Business Genie,businessgenieapp.com,https://www.businessgenieapp.com/,https://www.facebook.com/BusinessgenieApp/,https://www.linkedin.com/company/businessgenieapp,https://www.trustradius.com/products/business-genie-app/pricing,$50 to $135 (3 editions),self-serve public price + free trial,2019,unverified,unverified,unverified,unverified,unverified,unverified,not found in search results,"Homepage title: 'Software for Plumbers, Electricians, HVAC & Contractors'.",search-verified (URL-cited)
24,Plumbing contractors,Commusoft,commusoft.com,unverified,unverified,unverified,unverified,unverified,unverified,unverified,unverified,unverified,unverified,unverified,unverified,unverified,not found in search results,Named in https://softwareconnect.com/roundups/best-plumbing-software/ as all-in-one work-order software. Detail search blocked.,candidate (prior knowledge; not search-verified)
24,Plumbing contractors,FieldPulse,fieldpulse.com,https://www.fieldpulse.com/resources/blog/software-small-plumbing-business,unverified,unverified,unverified,unverified,unverified,unverified,unverified,unverified,unverified,unverified,unverified,unverified,not found in search results,Landing is a blog post targeting small plumbing businesses (5-200+ employees). Detail search blocked by budget exhaustion.,search-verified (URL-cited)
24,Plumbing contractors,Flat Rate Software (flatratesoftware.com),flatratesoftware.com,https://www.flatratesoftware.com/flat-rate-pricing-for-software-plumbers/,,,unverified,Free (per page title 'FREE Flat Rate Pricing Software for Plumbers'),unverified,unverified,unverified,unverified,unverified,,,,,vertical follow-up 2026-09-17: Only the title was visible; unknown whether it is a standalone product or lead-gen for a price book. Low-medium confidence.,search-verified (URL-cited)
24,Plumbing contractors,Jobber,getjobber.com,unverified,unverified,unverified,unverified,$169/month for up to five users (per softwareconnect roundup),self-serve public price,unverified,unverified,unverified,unverified,unverified,unverified,unverified,not found in search results,No plumbing landing URL surfaced; roundup https://softwareconnect.com/roundups/best-plumbing-software/,candidate (prior knowledge; not search-verified)
24,Plumbing contractors,NSPG Price Guide (flatratepricebook.com),flatratepricebook.com,https://flatratepricebook.com/,,,https://flatratepricebook.com/,"$1,799.95 (one-time, per result text)",One-time purchase of flat-rate price book software/web app,unverified,unverified,unverified,unverified,,,,,vertical follow-up 2026-09-17: Electronic flat-rate price book for plumbing/electrical/HVAC ('20+ years'). Multi-trade; plumbing-heavy. Not a CRM.,search-verified (URL-cited)
24,Plumbing contractors,Pipe-Pro (Professional Estimating Systems),unverified,https://sourceforge.net/software/product/Pipe-Pro/,,,unverified,unverified,unverified,unverified,unverified,unverified,unverified,,,,,"vertical follow-up 2026-09-17: Pipe/plumbing estimating desktop program (500 pipe types, Excel recap). Skews commercial/mechanical piping; likely not a fit for small residential plumbers. Low confidence.",search-verified (URL-cited)
24,Plumbing contractors,QuoteIQ,myquoteiq.com,https://myquoteiq.com/crm-for-plumbing-business/,unverified,unverified,https://myquoteiq.com/pricing/,$29.99/month,self-serve public price,unverified,unverified,unverified,unverified,unverified,unverified,https://www.capterra.com/p/10030635/QuoteIQ/,not found in search results,Dedicated plumbing CRM landing page; 'zero add-on fees'.,search-verified (URL-cited)
24,Plumbing contractors,Service Fusion,servicefusion.com,unverified,unverified,unverified,unverified,~$195/month Starter (per softwareconnect roundup),self-serve public price,unverified,unverified,unverified,unverified,unverified,unverified,unverified,not found in search results,Roundup https://softwareconnect.com/roundups/best-plumbing-software/ : best for small-mid plumbing cos doing residential + commercial. No plumbing landing URL surfaced.,candidate (prior knowledge; not search-verified)
24,Plumbing contractors,ServiceTitan,servicetitan.com,https://www.servicetitan.com/industries/plumbing-software,unverified,unverified,unverified,unverified,contact-sales,unverified,unverified,unverified,unverified,unverified,unverified,unverified,not found in search results,Horizontal with plumbing landing; also publishes plumbing CRM buyer guide https://www.servicetitan.com/blog/plumbing-crm,search-verified (URL-cited)
24,Plumbing contractors,TurboBid,turbobid.com,https://www.turbobid.com/,unverified,unverified,unverified,"$99/month or $1,295 one-time",self-serve public price,unverified,unverified,unverified,bootstrapped (founder-run),https://www.turbobid.com/pages/when-we-complete-an-residential-electrical-estimate,unverified,unverified,not found in search results,Homepage titled 'Electrical Estimating Software & Plumbing Estimating Software'.,search-verified (URL-cited)
25,Handyman services,QuoteIQ,myquoteiq.com,unverified,unverified,unverified,https://myquoteiq.com/pricing/,$29.99/month,self-serve public price,unverified,unverified,unverified,unverified,unverified,unverified,https://www.capterra.com/p/10030635/QuoteIQ/,not found in search results,G2 listing snippet names 'handyman services' among target trades (https://www.g2.com/products/quoteiq/discuss). No dedicated handyman landing URL surfaced. Only tool with any handyman evidence before budget exhaustion.,search-verified (URL-cited)
27,Epoxy & garage floor coating contractors,Builder Prime,builderprime.com,https://www.builderprime.com/industries/flooring,unverified,unverified,https://www.builderprime.com/pricing,$79/mo Startup; $159/mo Essentials; $239/mo Growth (billed annually); alt per-user model $300/mo platform + $60 core user + $10 field user,self-serve public price,2016,50 employees,https://softwarefinder.com/construction/builderprime,unverified,unverified,unverified,unverified,unverified (host blocked),"Home-improvement contractor CRM with a 'dedicated concrete coatings workflow' per https://servicebusinessacademy.org/best-software-epoxy-flooring-businesses-2026/ (which listed $79-$239+/mo). Founded 2016, Staten Island NY, 50 employees; attribution among softwarefinder/capterra result set uncertain.",search-verified (URL-cited)
27,Epoxy & garage floor coating contractors,Coating Pro Tech,coatingprotech.com,https://coatingprotech.com/,unverified,unverified,unverified,unverified,unverified,unverified,unverified,unverified,unverified,unverified,unverified,unverified,unverified (host blocked),"CRM, estimating, scheduling and invoicing built for coating and painting contractors (https://coatingprotech.com/). Pricing, founded year and headcount not found in results.",search-verified (URL-cited)
27,Epoxy & garage floor coating contractors,CoatingOS,coatingos.com,https://www.coatingos.com/software/epoxy-contractor-software,unverified,unverified,unverified,unverified,unverified,unverified,unverified,unverified,unverified,unverified,unverified,unverified,unverified (host blocked),"Vertical CRM for garage floor coating, epoxy and polyaspractic contractors (estimating, scheduling, invoicing). No public price in results; a Skool page mentions a '3 more jobs a month or you don't pay' guarantee (https://www.skool.com/coatings/about). Features page: https://www.coatingos.com/features. Founded/headcount not found (LinkedIn search returned unrelated coating companies).",search-verified (URL-cited)
27,Epoxy & garage floor coating contractors,DripJobs,dripjobs.com,https://dripjobs.com/epoxy-business-crm,unverified,unverified,https://dripjobs.com/pricing,$97/mo (Pro); $147/mo (Advanced); no contracts,self-serve public price,unverified,unverified,unverified,founder-funded per about page (founder 'invested his savings to outsource the initial development'); no funding round in results,https://dripjobs.com/about,unverified,unverified,unverified (host blocked),"Painting/home-service CRM with dedicated epoxy & concrete coating landing. Founder/CEO Tanner Mullen (ex-$1.5M painting business), CTO Jason Warford. 'Trusted by 2,500+ contractors/pros' (https://dripjobs.com/epoxy-business-crm).",search-verified (URL-cited)
27,Epoxy & garage floor coating contractors,Projul,projul.com,https://projul.com/industries/flooring-contractor/,unverified,unverified,unverified,unverified,unverified,unverified,unverified,unverified,unverified,unverified,unverified,unverified,unverified (host blocked),Flooring-contractor landing page only (not epoxy-specific). No pricing/founded/headcount in results.,search-verified (URL-cited)
27,Epoxy & garage floor coating contractors,QuoteIQ,myquoteiq.com,https://myquoteiq.com/industries/epoxy-flooring-software/,unverified,unverified,https://myquoteiq.com/epoxy-garage-floor-coating-companies-crm/,$29.99/mo (Essentials) to $699/mo (Max); 14-day free trial; no per-user fees,self-serve public price / free trial,unverified,unverified,unverified,"100% self-funded, no VC (vendor about page); Crunchbase profile cites a $20M valuation",https://myquoteiq.com/about-us/,unverified,unverified,unverified (host blocked),"Horizontal FSM with epoxy landing page. Co-founders Mike Vidan and Justin Rogers (YouTube creators); claims 40,000+ service businesses (https://myquoteiq.com/about-us/). Crunchbase: https://www.crunchbase.com/organization/quoteiq. Publishes many epoxy/garage-coating roundups that rank itself #1.",search-verified (URL-cited)
27,Epoxy & garage floor coating contractors,floorWIZ,floor-wiz.com,https://floor-wiz.com/,unverified,unverified,unverified,unverified,unverified,unverified,unverified,unverified,unverified,unverified,unverified,unverified,unverified (host blocked),"Epoxy/concrete-coating floor visualizer (photo-to-render), not a CRM; complements the stack per https://flooringzap.com/blog/the-best-software-for-epoxy-contractors-2025-guide/.",search-verified (URL-cited)
28,Artificial turf & sports court installers,ArcSite,arcsite.com,https://www.arcsite.com/industries/artificial-turf,unverified,unverified,https://www.arcsite.com/pricing,"$49/user/mo (Basic; Pro $99, Premier $149) per https://softwarefinder.com/construction/arc-site",self-serve public price,unverified,unverified,unverified,Crunchbase profile exists (no figures in result) https://www.crunchbase.com/organization/arctuition,unverified,unverified,unverified,unverified (host blocked),Mobile CAD/takeoff + estimating; second turf landing https://www.arcsite.com/industries/turf . GetApp lists alternative tiers $15/$35/$99 (https://www.getapp.com/construction-software/a/arcsite/pricing/). Price is third-party cited; vendor pricing page exists.,search-verified (URL-cited)
28,Artificial turf & sports court installers,MeasureSquare,measuresquare.com,https://measuresquare.com/trade/artificial-turf/,unverified,https://www.linkedin.com/company/measure-square,https://measuresquare.com/pricing/,"$54/mo Retail (Multi-family $164/mo, Commercial $197/mo) per https://measuresquare.com/pricing/measuresquare-8/",self-serve public price,"2001 (Pasadena, CA) https://measuresquare.com/about-us/",~51 (Feb 2026); LinkedIn 51-200,https://leadiq.com/c/measure-square-corp/5a1d9aa52300005c0089d109,unverified,unverified,unverified,unverified,unverified (host blocked),"Flooring takeoff/estimating vendor with dedicated artificial-turf trade page. Headcount at/above the <50 threshold, so no bonus.",search-verified (URL-cited)
28,Artificial turf & sports court installers,Moasure (Landscape Designer TURF),moasure.com,https://www.moasure.com/pages/artificial-turf-software,unverified,unverified,https://www.moasure.com/pages/partners-landscape-designer-turf,unverified (yearly subscription after 14-day free trial; amount not shown),free trial,idea 2004; devices shipping 2019 https://tracxn.com/d/companies/moasure/__DqiljW_ArcQ1SI2jhm2sIn4jkbvey4-xekq3x2njocM,51-200 (Fast Company 'Small & Mighty' category),https://www.moasure.com/,unverified,unverified,unverified,unverified,unverified (host blocked),"Motion-based measuring hardware plus turf design software partner; hardware-led, not pure SaaS.",search-verified (URL-cited)
28,Artificial turf & sports court installers,QuoteIQ,myquoteiq.com,https://myquoteiq.com/artificial-turf-installation-companies-crm/,unverified,unverified (129 LinkedIn followers per https://www.saasworthy.com/product/quoteiq; page URL not shown),https://myquoteiq.com/pricing/,"$29.99/mo (Essentials, 1 user); $74.99/$149.99/$299/$699 tiers",self-serve public price,2023,unverified,unverified,"self-funded, no VC",https://myquoteiq.com/about-us/,unverified,unverified,unverified (host blocked),"Horizontal FSM with dedicated turf landing page and turf roundup content; founders Mike Vidan & Justin Rogers (pressure-washing YouTubers); claims 40,000 service businesses. LinkedIn URL inferred from result naming the company page; follower count from saasworthy.",search-verified (URL-cited)
28,Artificial turf & sports court installers,SiteRecon,unverified,unverified,unverified,unverified,unverified,unverified,unverified,unverified,unverified,unverified,unverified,unverified,unverified,unverified,unverified (host blocked),Named only in QuoteIQ roundup as a turf measurement/cut-plan specialist https://myquoteiq.com/top-8-softwares-for-artificial-turf-installation-businesses-in-2026/ ; no vendor page in results.,search-named (no URL captured)
28,Artificial turf & sports court installers,TurfEstimator,turfestimator.com,https://www.turfestimator.com/,unverified,unverified,unverified,unverified,unverified,unverified,unverified,unverified,unverified,unverified,unverified,unverified,unverified (host blocked),"Vertical CRM for artificial-turf installers: leads, estimates, contracts, payments, QuickBooks (site named at https://www.turfestimator.com/). No pricing, founding or headcount surfaced in any result.",search-verified (URL-cited)
31,Tree service & arborists,ArboStar,arbostar.com,https://arbostar.com/arborist-software/tree-care-crm,unverified,https://ca.linkedin.com/company/arbostar,https://g2.com/products/arbostar/pricing,unverified (quote-based; no published price per https://serviceagent.ai/blogs/tree-care-crm-software/),contact-sales (custom quote),2013 (https://www.crunchbase.com/organization/arbostar),47,https://getlatka.com/companies/arbostar,bootstrapped (no funding reported),https://www.crunchbase.com/organization/arbostar,unverified,https://www.softwareadvice.com/forestry/arbostar-profile/,unverified,"Toronto-based; Latka: $10.1M revenue 2024 with 47 staff. Vertical tree-care platform: CRM, estimating, dispatch, fleet tracking, safety compliance, PHC programs, GPS tree mapping. 567 LinkedIn followers.",search-verified (URL-cited)
31,Tree service & arborists,Arborgold,arborgold.com,https://www.capterra.com/p/12741/Arborgold/,unverified,unverified,https://www.capterra.com/p/12741/Arborgold/pricing/,"$129/mo Starter (Professional $299, Enterprise $499, prepaid annually) per https://fieldserviceguide.com/arborgold-2/",public price; no free trial listed,2004 (https://fieldserviceguide.com/arborgold-2/),unverified,unverified,unverified,unverified,135+ (G2+Capterra combined),https://fervorstudio.ca/news/arborgold-review-pricing-alternatives/,unverified,"Lancaster PA. Strong in PHC contracts, pruning cycles, plant tracking, proposals. Reviews mixed on cost and support.",search-verified (URL-cited)
31,Tree service & arborists,ArboristDesk,arboristdesk.com,https://arboristdesk.com/pricing/,unverified,unverified,https://arboristdesk.com/pricing/,$79/mo Starter ($69/mo annual); Growth $149; Pro $249; extra users $12-18/mo,self-serve public price; 14-day free trial no card,unverified,unverified,unverified,unverified,unverified,unverified,unverified,unverified,"Flat public pricing, tree-service specific.",search-verified (URL-cited)
31,Tree service & arborists,Fieldified,fieldified.com,https://fieldified.com/blog/apps-for-arborists,unverified,unverified,unverified,unverified,unverified,unverified,unverified,unverified,unverified,unverified,unverified,unverified,unverified,"Positions as all-in-one tree service/arborist and window cleaning software (estimates for removals, safety workflows, crew scheduling, equipment/compliance records). Only blog pages surfaced; pricing not found.",search-verified (URL-cited)
31,Tree service & arborists,GorillaDesk,gorilladesk.com,https://gorilladesk.com/industries/tree-service-software/,unverified,unverified,unverified,unverified,unverified,unverified,unverified,unverified,unverified,unverified,unverified,unverified,unverified,Horizontal FSM (pest-control origin) with dedicated tree-service landing page.,search-verified (URL-cited)
31,Tree service & arborists,QuoteIQ,myquoteiq.com,https://myquoteiq.com/top-10-crms-for-tree-service-businesses-in-2026/,unverified,unverified,https://myquoteiq.com/pricing/,$29.99/mo Essentials (1 user); Elite $299; Max $699 per https://contractortoolstack.com/software/quoteiq/pricing/,"self-serve public price, flat per-plan (no per-user fees)",2023 (https://myquoteiq.com/about-us/),11-50,https://www.crunchbase.com/organization/quoteiq,bootstrapped (100% self-funded; $30M valuation claimed),https://myquoteiq.com/about-us/,unverified,unverified,unverified,"Founded by contractors Mike Vidan and Justin Rogers. Exterior-cleaning-rooted FSM with MapMeasure Pro satellite measuring, AI quoting, 24/7 AI call answering. Raised Max tier $399.99 to $699 Feb-May 2026. Publishes hundreds of niche SEO 'Top 10' pages, so its niche landing pages are content pages.",search-verified (URL-cited)
31,Tree service & arborists,SingleOps,singleops.com,https://granum.com/singleops/pricing/,unverified,unverified,https://granum.com/singleops/pricing/,"$200/mo (third-party claim, https://serviceagent.ai/blogs/tree-care-crm-software/)",tiered (Essential/Plus/Premier); contact-sales,2013 (https://www.crunchbase.com/organization/singleops-llc),88,https://getlatka.com/companies/singleops,"VC (Five Elms Capital, Atlanta Ventures; $8.6M per Crunchbase vs $82.6M per Tracxn)",https://tracxn.com/d/companies/singleops/__wpGjZc-FoFtwDsALEMuFrBrrabFaDIuhque36M33rDk,unverified,https://www.capterra.com/p/176935/SingleOps/,unverified,"Now branded 'SingleOps by Granum'. Acquired LMN Nov 4 2024. Pricing charges office/sales users only, not crew. Founder Sean McCormick, Atlanta.",search-verified (URL-cited)
31,Tree service & arborists,Treezi,treeziapp.com,https://treeziapp.com/,unverified,unverified,https://treeziapp.com/,$49.99/user/mo Boost-In ($503.88/user/yr annual) per https://www.guideflow.com/blog/tree-service-software,self-serve public price,unverified (parent ArborPlus concept 2010; owner A Plus Tree founded 2002) https://treeziapp.com/our-why/,unverified,unverified,owned by A Plus Tree (operating tree company); no outside funding reported,https://aplustree.com/treezi/,unverified,unverified,unverified,"Built by a West Coast tree care company (late founder Jeremy Tibbets). Estimates, scheduling, tree inventory, invoicing, client portal, tree risk assessments.",search-verified (URL-cited)
32,Lawn care & landscape maintenance,HindSite Software / FieldCentral,fieldcentral.com,https://www.hindsitesoftware.com/lawn-care-hindsite-software,unverified,unverified,https://www.fieldcentral.com/pricing,$49.97/user/mo + $103.97/mo base (per https://www.capterra.com/p/10020754/FieldCentral/); 6 tiers ~$277 to $1000+/mo,self-serve public price,"unverified ('early 2000s', https://www.hindsitesoftware.com/)",unverified,unverified,family-owned (founder-owned; no outside funding reported),https://www.fieldcentral.com/fieldcentral,unverified,https://www.capterra.com/p/10020754/FieldCentral/,unverified,"Fertilization round chaining (auto-schedules rounds with required day intervals), contract manager, estimating, crew management.",search-verified (URL-cited)
32,Lawn care & landscape maintenance,LMN (Landscape Management Network),golmn.com,https://golmn.com/pricing/,unverified,unverified,https://golmn.com/pricing/,$297/mo Starter (1 office + 5 crew licenses); Professional $598/mo; implementation $847,self-serve public price,2009 (https://www.crunchbase.com/organization/landscape-management-software),unverified,unverified,acquired by SingleOps Nov 4 2024 (VC-backed parent),https://tracxn.com/d/companies/singleops/__wpGjZc-FoFtwDsALEMuFrBrrabFaDIuhque36M33rDk,unverified,https://www.capterra.com/p/142064/LMN/,unverified,"Burlington ON; founders Janna Bradley, Mark Bradley, Mike Lysecki. 8,000+ customers. Budget-based estimating, job costing, timekeeping; now 'LMN by Granum'.",search-verified (URL-cited)
32,Lawn care & landscape maintenance,QuoteIQ,myquoteiq.com,https://myquoteiq.com/top-10-best-scheduling-software-for-lawn-care-businesses-in-2026/,unverified,unverified,https://myquoteiq.com/pricing/,$29.99/mo Essentials (1 user); Elite $299; Max $699 per https://contractortoolstack.com/software/quoteiq/pricing/,"self-serve public price, flat per-plan (no per-user fees)",2023 (https://myquoteiq.com/about-us/),11-50,https://www.crunchbase.com/organization/quoteiq,bootstrapped (100% self-funded; $30M valuation claimed),https://myquoteiq.com/about-us/,unverified,unverified,unverified,"Founded by contractors Mike Vidan and Justin Rogers. Exterior-cleaning-rooted FSM with MapMeasure Pro satellite measuring, AI quoting, 24/7 AI call answering. Raised Max tier $399.99 to $699 Feb-May 2026. Publishes hundreds of niche SEO 'Top 10' pages, so its niche landing pages are content pages.",search-verified (URL-cited)
32,Lawn care & landscape maintenance,RealGreen by WorkWave,realgreen.com,https://www.realgreen.com/blog/best-lawn-care-software-2026,unverified,unverified,https://www.realgreen.com/pricing,"~$199/mo (third-party estimate, https://softwarefinder.com/fleet-management-software/realgreen-by-workwave)",contact-sales (custom quote; usage- and user-based packages),unverified ('35+ years' per WorkWave newsroom),unverified,unverified,"PE-acquired (WorkWave, June 2021)",https://www.workwave.com/newsroom/workwave-acquires-real-green-systems,unverified,https://www.g2.com/products/realgreen-by-workwave/reviews,unverified,"Legacy lawn-care/fert/pest route software (Service Assistant lineage). Recurring master schedules, route optimization, RealGreen Forms paperless sales.",search-verified (URL-cited)
32,Lawn care & landscape maintenance,Service Autopilot,serviceautopilot.com,https://www.capterra.com/p/122075/Service-Autopilot/,unverified,unverified,https://www.capterra.com/p/122075/Service-Autopilot/pricing/,$49/mo Startup + $97 sign-up fee; Pro $199; Pro Plus $499; Elite custom (per https://fervorstudio.ca/news/service-autopilot-review-pricing-alternatives/),public tiered price + setup fee; Elite contact-sales,2009 (https://fervorstudio.ca/news/service-autopilot-review-pricing-alternatives/),90 (at 2022 acquisition),https://xplorpay.com/insights/clearent-acquires-controlling-interest-in-green-industry-field-services-management-saas-business-service-autopilot/,"PE/strategic-acquired (Xplor Technologies controlling interest, 2022)",https://xplorpay.com/insights/clearent-acquires-controlling-interest-in-green-industry-field-services-management-saas-business-service-autopilot/,unverified,https://www.capterra.com/p/122075/Service-Autopilot/,unverified,"Built around recurring green-industry services (mowing, fert rounds, snow). Automations engine + Smart Maps routing. Founders Jonathan Pototschnik, John Caldwell.",search-verified (URL-cited)
32,Lawn care & landscape maintenance,ServiceTitan,servicetitan.com,https://www.servicetitan.com/industries/lawn-care-software,unverified,unverified,unverified,unverified,contact-sales,unverified,unverified,unverified,unverified,unverified,unverified,unverified,unverified,Horizontal enterprise FSM with dedicated lawn-care landing page; positioned for 20+ technician shops.,search-verified (URL-cited)
32,Lawn care & landscape maintenance,Yardbook,yardbook.com,https://www.softwareadvice.com/landscaping/yardbook-profile/,unverified,unverified,https://www.capterra.com/p/207272/Yardbook/,$0/mo Starter (free indefinitely); paid $15-60/mo (https://fieldtics.com/blog/yardbook-review),freemium self-serve; monetized via card processing,unverified,unverified,unverified,unverified,unverified,unverified,https://www.capterra.com/p/207272/Yardbook/,unverified,"Phoenix AZ. Free tier: scheduling, invoicing, routing; paid add-ons: bulk email, chemical tracking, GPS, reminders.",search-verified (URL-cited)
33,Lawn fertilization & weed control route businesses,HindSite Software / FieldCentral,fieldcentral.com,https://www.fieldcentral.com/features/lawn-fertilization-software,unverified,unverified,https://www.fieldcentral.com/pricing,$49.97/user/mo + $103.97/mo base (per https://www.capterra.com/p/10020754/FieldCentral/); 6 tiers ~$277 to $1000+/mo,self-serve public price,"unverified ('early 2000s', https://www.hindsitesoftware.com/)",unverified,unverified,family-owned (founder-owned; no outside funding reported),https://www.fieldcentral.com/fieldcentral,unverified,https://www.capterra.com/p/10020754/FieldCentral/,unverified,"Fertilization round chaining (auto-schedules rounds with required day intervals), contract manager, estimating, crew management.",search-verified (URL-cited)
33,Lawn fertilization & weed control route businesses,Momentum FSM,momentumfsm.com,https://www.momentumfsm.com/industries/lawn-care,unverified,unverified,unverified,unverified,unverified,unverified,unverified,unverified,unverified,unverified,unverified,unverified,unverified,"Lawn-care landing page covers mowing, fertilization, aeration, weed control, seasonal cleanups.",search-verified (URL-cited)
33,Lawn fertilization & weed control route businesses,QuoteIQ,myquoteiq.com,https://myquoteiq.com/top-10-crms-for-lawn-fertilization-businesses-in-2026/,unverified,unverified,https://myquoteiq.com/pricing/,$29.99/mo Essentials (1 user); Elite $299; Max $699 per https://contractortoolstack.com/software/quoteiq/pricing/,"self-serve public price, flat per-plan (no per-user fees)",2023 (https://myquoteiq.com/about-us/),11-50,https://www.crunchbase.com/organization/quoteiq,bootstrapped (100% self-funded; $30M valuation claimed),https://myquoteiq.com/about-us/,unverified,unverified,unverified,"Founded by contractors Mike Vidan and Justin Rogers. Exterior-cleaning-rooted FSM with MapMeasure Pro satellite measuring, AI quoting, 24/7 AI call answering. Raised Max tier $399.99 to $699 Feb-May 2026. Publishes hundreds of niche SEO 'Top 10' pages, so its niche landing pages are content pages.",search-verified (URL-cited)
33,Lawn fertilization & weed control route businesses,RealGreen by WorkWave,realgreen.com,https://www.realgreen.com/blog/best-lawn-care-route-planners-for-lawn-care-businesses,unverified,unverified,https://www.realgreen.com/pricing,"~$199/mo (third-party estimate, https://softwarefinder.com/fleet-management-software/realgreen-by-workwave)",contact-sales (custom quote; usage- and user-based packages),unverified ('35+ years' per WorkWave newsroom),unverified,unverified,"PE-acquired (WorkWave, June 2021)",https://www.workwave.com/newsroom/workwave-acquires-real-green-systems,unverified,https://www.g2.com/products/realgreen-by-workwave/reviews,unverified,"Legacy lawn-care/fert/pest route software (Service Assistant lineage). Recurring master schedules, route optimization, RealGreen Forms paperless sales.",search-verified (URL-cited)
33,Lawn fertilization & weed control route businesses,Service Autopilot,serviceautopilot.com,https://www.capterra.com/p/122075/Service-Autopilot/,unverified,unverified,https://www.capterra.com/p/122075/Service-Autopilot/pricing/,$49/mo Startup + $97 sign-up fee; Pro $199; Pro Plus $499; Elite custom (per https://fervorstudio.ca/news/service-autopilot-review-pricing-alternatives/),public tiered price + setup fee; Elite contact-sales,2009 (https://fervorstudio.ca/news/service-autopilot-review-pricing-alternatives/),90 (at 2022 acquisition),https://xplorpay.com/insights/clearent-acquires-controlling-interest-in-green-industry-field-services-management-saas-business-service-autopilot/,"PE/strategic-acquired (Xplor Technologies controlling interest, 2022)",https://xplorpay.com/insights/clearent-acquires-controlling-interest-in-green-industry-field-services-management-saas-business-service-autopilot/,unverified,https://www.capterra.com/p/122075/Service-Autopilot/,unverified,"Built around recurring green-industry services (mowing, fert rounds, snow). Automations engine + Smart Maps routing. Founders Jonathan Pototschnik, John Caldwell.",search-verified (URL-cited)
34,Snow removal contractors,Aspire,youraspire.com,https://www.cleansavannah.com/post/best-snow-removal-software-2026,unverified,unverified,unverified,unverified,contact-sales,unverified,unverified,unverified,unverified,unverified,unverified,unverified,unverified,Enterprise landscape/snow platform for $1M+ commercial operators; multi-branch job costing (per https://www.cleansavannah.com/post/best-snow-removal-software-2026).,search-verified (URL-cited)
34,Snow removal contractors,LMN (Landscape Management Network),golmn.com,https://golmn.com/pricing/,unverified,unverified,https://golmn.com/pricing/,$297/mo Starter (1 office + 5 crew licenses); Professional $598/mo; implementation $847,self-serve public price,2009 (https://www.crunchbase.com/organization/landscape-management-software),unverified,unverified,acquired by SingleOps Nov 4 2024 (VC-backed parent),https://tracxn.com/d/companies/singleops/__wpGjZc-FoFtwDsALEMuFrBrrabFaDIuhque36M33rDk,unverified,https://www.capterra.com/p/142064/LMN/,unverified,"Burlington ON; founders Janna Bradley, Mark Bradley, Mike Lysecki. 8,000+ customers. Budget-based estimating, job costing, timekeeping; now 'LMN by Granum'.",search-verified (URL-cited)
34,Snow removal contractors,QuoteIQ,myquoteiq.com,https://myquoteiq.com/best-software-for-snow-removal-businesses/,unverified,unverified,https://myquoteiq.com/pricing/,$29.99/mo Essentials (1 user); Elite $299; Max $699 per https://contractortoolstack.com/software/quoteiq/pricing/,"self-serve public price, flat per-plan (no per-user fees)",2023 (https://myquoteiq.com/about-us/),11-50,https://www.crunchbase.com/organization/quoteiq,bootstrapped (100% self-funded; $30M valuation claimed),https://myquoteiq.com/about-us/,unverified,unverified,unverified,"Founded by contractors Mike Vidan and Justin Rogers. Exterior-cleaning-rooted FSM with MapMeasure Pro satellite measuring, AI quoting, 24/7 AI call answering. Raised Max tier $399.99 to $699 Feb-May 2026. Publishes hundreds of niche SEO 'Top 10' pages, so its niche landing pages are content pages.",search-verified (URL-cited)
34,Snow removal contractors,Yeti Software (Yeti Snow),yetisoftware.com,https://yetisoftware.com/industry/for-snow/,unverified,unverified,https://yetisoftware.com/pricing/,$95/mo High Performance (free Test Drive plan; Enterprise custom) per https://softwarefinder.com/field-service/yeti-software,"self-serve public price, priced per number of sites","unverified (founder Kevin Speilman, BC Canada; https://www.yetisnow.com/about-us/)",unverified,unverified,unverified,https://www.crunchbase.com/organization/yeti-snow-management-system,unverified,unverified,unverified,Snow-only specialist rebranded to Yeti Software for year-round property maintenance. Proof-of-service photos for liability; earlier pricing $249/mo up to 50 sites (Total Landscape Care).,search-verified (URL-cited)
35,Pressure washing & exterior cleaning,CrewNest,crewnest.app,https://www.crewnest.app/pressure-washing-crm,unverified,unverified,unverified,unverified,unverified,unverified,unverified,unverified,unverified,unverified,unverified,unverified,unverified,Built exclusively for pressure washing and exterior cleaning.,search-verified (URL-cited)
35,Pressure washing & exterior cleaning,Housecall Pro,housecallpro.com,https://www.housecallpro.com/industries/pressure-washing-software/,unverified,unverified,unverified,unverified,unverified,unverified,unverified,unverified,unverified,unverified,unverified,unverified,unverified,Horizontal FSM with dedicated pressure-washing landing page; GPS gated behind higher tier per snow results.,search-verified (URL-cited)
35,Pressure washing & exterior cleaning,Jobber,getjobber.com,https://www.getjobber.com/industries/pressure-washing-software/,unverified,unverified,unverified,"$39/mo (per Christmas-light result set, https://www.grantsoutdoor.com/christmas-light-society/2026/1/30/top-5-christmas-light-software-tools-installers-actually-use)",self-serve public price,unverified,unverified,unverified,unverified,unverified,unverified,unverified,unverified,Horizontal FSM with dedicated pressure-washing landing page.,search-verified (URL-cited)
35,Pressure washing & exterior cleaning,MakeWash,makewash.com,https://makewash.com/blog/best-pressure-washing-software-2026,unverified,unverified,https://makewash.com/blog/best-pressure-washing-software-2026,free during launch; planned $49/mo,self-serve (free launch tier),unverified,unverified,unverified,unverified,unverified,unverified,unverified,unverified,New pressure-washing-specific CRM for solo/small crews.,search-verified (URL-cited)
35,Pressure washing & exterior cleaning,Markate,markate.com,https://buildonauto.com/blog/best-crm-for-pressure-washing/,unverified,unverified,unverified,unverified,unverified,unverified,unverified,unverified,unverified,unverified,unverified,unverified,unverified,"CRM for estimates, work orders, invoices; frequently listed for pressure washing (https://buildonauto.com/blog/best-crm-for-pressure-washing/).",search-verified (URL-cited)
35,Pressure washing & exterior cleaning,PowerWashOffice,powerwash.software,https://powerwash.software/,unverified,unverified,https://powerwash.software/,"free Owner Operator plan; Teams $30/mo; add-ons $65/mo (CRM, WordPress/API) per https://www.guideflow.com/blog/pressure-washing-software",freemium self-serve,unverified,unverified,unverified,unverified,unverified,unverified,unverified,unverified,"Website-tied online quotes/booking/payments, automated review requests, QuickBooks/PayPal/Square integrations.",search-verified (URL-cited)
35,Pressure washing & exterior cleaning,Pressure Washing Calculator (Hero Softwash),herosoftwash.co.uk,https://apps.apple.com/us/app/pressure-washing-calculator/id6449967793,,,https://www.herosoftwash.co.uk/pressure-washing-pricing-calculator,Free (per page title),Free mobile calculator (iOS/Android) with softwash batch-mix calculator,unverified,unverified,unverified,unverified,,,,,"vertical follow-up 2026-09-17: UK-based (.co.uk); pricing calculator only, not a business platform. Vertical but probably not a US SaaS competitor.",search-verified (URL-cited)
35,Pressure washing & exterior cleaning,QuoteIQ,myquoteiq.com,https://myquoteiq.com/crm-for-pressure-washing-business/,unverified,unverified,https://myquoteiq.com/pricing/,$29.99/mo Essentials (1 user); Elite $299; Max $699 per https://contractortoolstack.com/software/quoteiq/pricing/,"self-serve public price, flat per-plan (no per-user fees)",2023 (https://myquoteiq.com/about-us/),11-50,https://www.crunchbase.com/organization/quoteiq,bootstrapped (100% self-funded; $30M valuation claimed),https://myquoteiq.com/about-us/,unverified,unverified,unverified,"Founded by contractors Mike Vidan and Justin Rogers. Exterior-cleaning-rooted FSM with MapMeasure Pro satellite measuring, AI quoting, 24/7 AI call answering. Raised Max tier $399.99 to $699 Feb-May 2026. Publishes hundreds of niche SEO 'Top 10' pages, so its niche landing pages are content pages.",search-verified (URL-cited)
35,Pressure washing & exterior cleaning,ResponsiBid,responsibid.com,https://responsibid.com/,unverified,unverified,https://www.selecthub.com/p/pricing-software/responsibid/,$179/mo Follow-up+Quoting; Ultimate $199; Powerhouse Bundle $229,"self-serve public price, flat rate",unverified,unverified,unverified,unverified,unverified,unverified,https://www.capterra.com/p/175241/ResponsiBid/,unverified,"Dedicated quoting/follow-up tool for window cleaning, pressure washing, carpet, maid, gutter; CrewCal route-aware self-scheduling. Includes 1-on-1 setup.",search-verified (URL-cited)
35,Pressure washing & exterior cleaning,SatQuote,satquote.com,https://satquote.com/industries/pressure-washing/,,,https://www.capterra.com/p/276207/SatQuote/,$12.50/mo (SatMeasure) per crewkithq/cleansavannah results; Capterra summary cites $22/mo Map Basic,"Tiered monthly (SatMeasure $12.50 / SatMeasure+ $25 / SatQuote $50, 5 logins each; or Map Basic $22 / Map Pro $55)",unverified,unverified,unverified,unverified,,,,,vertical follow-up 2026-09-17: Satellite + AR measuring/quoting; has a dedicated pressure-washing landing page but also serves lawn/landscape. Medium verticality (exterior-services quoting).,search-verified (URL-cited)
35,Pressure washing & exterior cleaning,Service Fusion,servicefusion.com,https://www.servicefusion.com/pressure-wash-business-software,unverified,unverified,unverified,unverified,unverified,unverified,unverified,unverified,unverified,unverified,unverified,unverified,unverified,Horizontal FSM with dedicated pressure-wash landing page.,search-verified (URL-cited)
35,Pressure washing & exterior cleaning,WorkQuote,workquote.app,https://workquote.app/industries/pressure-washing-service,,,unverified,Free Core plan after 21-day Pro trial (per result),"Freemium: free Core plan, paid Pro upgrade",unverified,unverified,unverified,unverified,,,,,vertical follow-up 2026-09-17: Estimating/invoicing app with pressure-washing page ('for Washers'). Multi-niche; medium-low verticality.,search-verified (URL-cited)
36,Window cleaning,Fieldified,fieldified.com,https://fieldified.com/blog/best-window-cleaning-software,unverified,unverified,unverified,unverified,unverified,unverified,unverified,unverified,unverified,unverified,unverified,unverified,unverified,"Positions as all-in-one tree service/arborist and window cleaning software (estimates for removals, safety workflows, crew scheduling, equipment/compliance records). Only blog pages surfaced; pricing not found.",search-verified (URL-cited)
36,Window cleaning,QuoteIQ,myquoteiq.com,https://myquoteiq.com/crm-for-window-cleaning-business/,unverified,unverified,https://myquoteiq.com/pricing/,$29.99/mo Essentials (1 user); Elite $299; Max $699 per https://contractortoolstack.com/software/quoteiq/pricing/,"self-serve public price, flat per-plan (no per-user fees)",2023 (https://myquoteiq.com/about-us/),11-50,https://www.crunchbase.com/organization/quoteiq,bootstrapped (100% self-funded; $30M valuation claimed),https://myquoteiq.com/about-us/,unverified,unverified,unverified,"Founded by contractors Mike Vidan and Justin Rogers. Exterior-cleaning-rooted FSM with MapMeasure Pro satellite measuring, AI quoting, 24/7 AI call answering. Raised Max tier $399.99 to $699 Feb-May 2026. Publishes hundreds of niche SEO 'Top 10' pages, so its niche landing pages are content pages.",search-verified (URL-cited)
36,Window cleaning,ResponsiBid,responsibid.com,https://responsibid.com/,unverified,unverified,https://www.selecthub.com/p/pricing-software/responsibid/,$179/mo Follow-up+Quoting; Ultimate $199; Powerhouse Bundle $229,"self-serve public price, flat rate",unverified,unverified,unverified,unverified,unverified,unverified,https://www.capterra.com/p/175241/ResponsiBid/,unverified,"Dedicated quoting/follow-up tool for window cleaning, pressure washing, carpet, maid, gutter; CrewCal route-aware self-scheduling. Includes 1-on-1 setup.",search-verified (URL-cited)
36,Window cleaning,Squeegee (Nexdynamic),squeeg.ee,https://squeeg.ee/professional-window-cleaner-software,unverified,unverified,https://squeeg.ee/pricing,from GBP 15.83/mo + VAT (pricing page title); Core GBP 19/user/mo per https://softwarefinder.com/field-service/squeegee,self-serve public price per user,unverified,unverified,unverified,unverified,unverified,unverified,https://sourceforge.net/software/product/Squeegee/,unverified,"UK-origin round-management app for window cleaners (scheduling, route planning, invoicing, payments). Innovation Award winner per site.",search-verified (URL-cited)
37,Pool service & maintenance routes,Pool Brain,poolbrain.com,https://www.capterra.com/p/194225/Pool-Brain/,unverified,https://www.linkedin.com/company/poolbrain,https://www.capterra.com/p/194225/Pool-Brain/,$55/user/mo technicians + $10/mo per admin seat (per https://pooldial.com/resources/articles/software-reviews/poolbrain-review),self-serve public price per user,2018 (2019 per one source) https://softwarefinder.com/field-service/pool-brain,11-50,https://www.linkedin.com/company/poolbrain,unverified,unverified,unverified,https://www.capterra.com/p/194225/Pool-Brain/,unverified,Phoenix; founder/CEO Adam Beech previously ran a 35+ truck pool company.,search-verified (URL-cited)
37,Pool service & maintenance routes,Pool Founder,poolfounder.com,https://www.poolfounder.com/pool-service-software-pricing,unverified,unverified,https://www.poolfounder.com/pool-service-software-pricing,unverified,unverified,unverified,unverified,unverified,unverified,unverified,unverified,unverified,unverified,Pool-service software vendor publishing industry stats and Skimmer comparisons (https://www.poolfounder.com/pool-founder-vs-skimmer).,search-verified (URL-cited)
37,Pool service & maintenance routes,PoolDial,pooldial.com,https://pooldial.com/resources/articles/software-reviews/best-pool-service-software,unverified,unverified,unverified,"unverified ('predictable per-pool pricing' claimed, https://pooldial.com/resources/articles/software-reviews/best-pool-service-software)",per-pool (amount unverified),unverified,unverified,unverified,unverified,unverified,unverified,unverified,unverified,"Pool-specific with AI phone answering; publishes competitor reviews (Skimmer, Pool Brain).",search-verified (URL-cited)
37,Pool service & maintenance routes,PoolVerify,poolverify.io,https://poolverify.io/resources/pool-service-software-guide,unverified,unverified,unverified,unverified,unverified,unverified,unverified,unverified,unverified,unverified,unverified,unverified,unverified,Pool route/service software guide publisher; product details not surfaced.,candidate (prior knowledge; not search-verified)
37,Pool service & maintenance routes,QuoteIQ,myquoteiq.com,https://myquoteiq.com/best-route-optimization-software-pool-service-2026/,unverified,unverified,https://myquoteiq.com/pricing/,$29.99/mo Essentials (1 user); Elite $299; Max $699 per https://contractortoolstack.com/software/quoteiq/pricing/,"self-serve public price, flat per-plan (no per-user fees)",2023 (https://myquoteiq.com/about-us/),11-50,https://www.crunchbase.com/organization/quoteiq,bootstrapped (100% self-funded; $30M valuation claimed),https://myquoteiq.com/about-us/,unverified,unverified,unverified,"Founded by contractors Mike Vidan and Justin Rogers. Exterior-cleaning-rooted FSM with MapMeasure Pro satellite measuring, AI quoting, 24/7 AI call answering. Raised Max tier $399.99 to $699 Feb-May 2026. Publishes hundreds of niche SEO 'Top 10' pages, so its niche landing pages are content pages.",search-verified (URL-cited)
37,Pool service & maintenance routes,Skimmer,getskimmer.com,https://www.getskimmer.com/,unverified,unverified,https://www.getskimmer.com/pricing,$98/mo base + $2/mo per additional location (per https://www.poolfounder.com/skimmer-pricing-review); PoolDial cites $29-$49/mo tiers,"self-serve public price, per-pool",2017 (https://www.cbinsights.com/company/skimmer),unverified,unverified,"VC ($74M Series C Oct 2024, Mainsail Partners; $84M total)",https://www.poolfounder.com/skimmer-pricing-review,unverified,unverified,unverified,"Austin TX. 29,000+ pool pros, 700,000+ pools, ~7,000 companies. Chemical tracking, digital service logs, routing, billing. Raised per-pool price from $1 to $2 on Scaling Up tier.",search-verified (URL-cited)
38,Christmas & holiday light installers,JingleCRM,jinglecrm.com,https://jinglecrm.com/,unverified,unverified,unverified,unverified,unverified,unverified,unverified,unverified,unverified,unverified,unverified,unverified,unverified,"Holiday-lighting-specific CRM: customers, install scheduling, inventory tracking, crew route optimization, customer texting.",search-verified (URL-cited)
38,Christmas & holiday light installers,Jolly Lights,unverified,https://www.thechristmaslightacademy.com/blog/top-5-software-tools-for-christmas-light-business-owners,unverified,unverified,unverified,unverified,unverified,unverified,unverified,unverified,unverified,unverified,unverified,unverified,unverified,Visual mock-up tool for instant display previews (per https://www.thechristmaslightacademy.com/blog/top-5-software-tools-for-christmas-light-business-owners). Domain not surfaced.,candidate (prior knowledge; not search-verified)
38,Christmas & holiday light installers,QuoteIQ,myquoteiq.com,https://myquoteiq.com/best-crm-for-christmas-lighting/,unverified,unverified,https://myquoteiq.com/pricing/,$29.99/mo Essentials (1 user); Elite $299; Max $699 per https://contractortoolstack.com/software/quoteiq/pricing/,"self-serve public price, flat per-plan (no per-user fees)",2023 (https://myquoteiq.com/about-us/),11-50,https://www.crunchbase.com/organization/quoteiq,bootstrapped (100% self-funded; $30M valuation claimed),https://myquoteiq.com/about-us/,unverified,unverified,unverified,"Founded by contractors Mike Vidan and Justin Rogers. Exterior-cleaning-rooted FSM with MapMeasure Pro satellite measuring, AI quoting, 24/7 AI call answering. Raised Max tier $399.99 to $699 Feb-May 2026. Publishes hundreds of niche SEO 'Top 10' pages, so its niche landing pages are content pages.",search-verified (URL-cited)
38,Christmas & holiday light installers,Strandr,strandr.com,https://www.strandr.com/blog/christmas-light-installation-pricing-2025-market-analysis,unverified,unverified,https://www.grantsoutdoor.com/christmas-light-society/2026/1/30/top-5-christmas-light-software-tools-installers-actually-use,$197/year,self-serve public price (annual),unverified,unverified,unverified,unverified,unverified,unverified,unverified,unverified,"Design/mockup tool: upload home photo, draw lights along rooflines, generate mockup. Publishes pricing market analysis (https://www.strandr.com/blog/christmas-light-installation-pricing-2025-market-analysis).",search-verified (URL-cited)
38,Christmas & holiday light installers,Tinsel CRM,tinselcrm.com,https://www.tinselcrm.com/,unverified,unverified,unverified,unverified,unverified,unverified,unverified,unverified,unverified,unverified,unverified,unverified,unverified,Christmas-light-installer-specific CRM with automatic daily route building.,search-verified (URL-cited)
39,Stump grinding & land clearing,Arborgold,arborgold.com,https://www.capterra.com/p/12741/Arborgold/,unverified,unverified,https://www.capterra.com/p/12741/Arborgold/pricing/,"$129/mo Starter (Professional $299, Enterprise $499, prepaid annually) per https://fieldserviceguide.com/arborgold-2/",public price; no free trial listed,2004 (https://fieldserviceguide.com/arborgold-2/),unverified,unverified,unverified,unverified,135+ (G2+Capterra combined),https://fervorstudio.ca/news/arborgold-review-pricing-alternatives/,unverified,"Lancaster PA. Strong in PHC contracts, pruning cycles, plant tracking, proposals. Reviews mixed on cost and support.",search-verified (URL-cited)
39,Stump grinding & land clearing,OctopusPro,octopuspro.com,https://octopuspro.com/tree-service-software/,unverified,unverified,unverified,unverified,unverified,unverified,unverified,unverified,unverified,unverified,unverified,unverified,unverified,"Horizontal FSM with dedicated tree removal/arborist/stump grinding landing page (quotes, scheduling, dispatch, photos, invoices).",search-verified (URL-cited)
39,Stump grinding & land clearing,QuoteIQ,myquoteiq.com,https://myquoteiq.com/stump-grinding-business-crm/,unverified,unverified,https://myquoteiq.com/pricing/,$29.99/mo Essentials (1 user); Elite $299; Max $699 per https://contractortoolstack.com/software/quoteiq/pricing/,"self-serve public price, flat per-plan (no per-user fees)",2023 (https://myquoteiq.com/about-us/),11-50,https://www.crunchbase.com/organization/quoteiq,bootstrapped (100% self-funded; $30M valuation claimed),https://myquoteiq.com/about-us/,unverified,unverified,unverified,"Founded by contractors Mike Vidan and Justin Rogers. Exterior-cleaning-rooted FSM with MapMeasure Pro satellite measuring, AI quoting, 24/7 AI call answering. Raised Max tier $399.99 to $699 Feb-May 2026. Publishes hundreds of niche SEO 'Top 10' pages, so its niche landing pages are content pages.",search-verified (URL-cited)
39,Stump grinding & land clearing,SingleOps,singleops.com,https://granum.com/singleops/pricing/,unverified,unverified,https://granum.com/singleops/pricing/,"$200/mo (third-party claim, https://serviceagent.ai/blogs/tree-care-crm-software/)",tiered (Essential/Plus/Premier); contact-sales,2013 (https://www.crunchbase.com/organization/singleops-llc),88,https://getlatka.com/companies/singleops,"VC (Five Elms Capital, Atlanta Ventures; $8.6M per Crunchbase vs $82.6M per Tracxn)",https://tracxn.com/d/companies/singleops/__wpGjZc-FoFtwDsALEMuFrBrrabFaDIuhque36M33rDk,unverified,https://www.capterra.com/p/176935/SingleOps/,unverified,"Now branded 'SingleOps by Granum'. Acquired LMN Nov 4 2024. Pricing charges office/sales users only, not crew. Founder Sean McCormick, Atlanta.",search-verified (URL-cited)
39,Stump grinding & land clearing,Tree Service Software,treeservicesoftware.com,https://treeservicesoftware.com/stump-grinding-software/,unverified,unverified,unverified,unverified,unverified,unverified,unverified,unverified,unverified,unverified,unverified,unverified,unverified,"Stump-grinding-specific page: faster estimates, follow-up, simple scheduling, 2-way texting, payments. Pricing not surfaced.",candidate (prior knowledge; not search-verified)
39,Stump grinding & land clearing,Yardbook,yardbook.com,https://myquoteiq.com/top-8-softwares-for-stump-grinding-in-2026/,unverified,unverified,https://www.capterra.com/p/207272/Yardbook/,$0/mo Starter (free indefinitely); paid $15-60/mo (https://fieldtics.com/blog/yardbook-review),freemium self-serve; monetized via card processing,unverified,unverified,unverified,unverified,unverified,unverified,https://www.capterra.com/p/207272/Yardbook/,unverified,"Phoenix AZ. Free tier: scheduling, invoicing, routing; paid add-ons: bulk email, chemical tracking, GPS, reminders.",search-verified (URL-cited)
40,Chimney sweeps & chimney repair,QuoteIQ,myquoteiq.com,https://myquoteiq.com/top-8-softwares-for-chimney-sweep-businesses-in-2026/,unverified,unverified,https://myquoteiq.com/pricing/,$29.99/mo Essentials (1 user); Elite $299; Max $699 per https://contractortoolstack.com/software/quoteiq/pricing/,"self-serve public price, flat per-plan (no per-user fees)",2023 (https://myquoteiq.com/about-us/),11-50,https://www.crunchbase.com/organization/quoteiq,bootstrapped (100% self-funded; $30M valuation claimed),https://myquoteiq.com/about-us/,unverified,unverified,unverified,"Founded by contractors Mike Vidan and Justin Rogers. Exterior-cleaning-rooted FSM with MapMeasure Pro satellite measuring, AI quoting, 24/7 AI call answering. Raised Max tier $399.99 to $699 Feb-May 2026. Publishes hundreds of niche SEO 'Top 10' pages, so its niche landing pages are content pages.",search-verified (URL-cited)
40,Chimney sweeps & chimney repair,ServiceTitan,servicetitan.com,https://www.servicetitan.com/industries/chimney-sweep-software,unverified,unverified,unverified,unverified,contact-sales,unverified,unverified,unverified,unverified,unverified,unverified,unverified,unverified,Dedicated chimney-sweep landing page; positioned for 20+ technician shops with office staff.,search-verified (URL-cited)
41,Residential cleaning & maid services,CleansyAI,cleansyai.com,https://cleansyai.com/blog/best-maid-service-software,unverified,unverified,unverified,unverified,unverified,unverified,unverified,unverified,unverified,unverified,unverified,unverified,unverified,Self-described AI scheduling/crew/recurring-clean CRM for cleaning companies (self-published listicle).,search-verified (URL-cited)
41,Residential cleaning & maid services,Housecall Pro,housecallpro.com,https://www.housecallpro.com/industries/maid-service-software/,unverified,unverified,unverified,unverified,unverified,unverified,unverified,unverified,unverified,unverified,unverified,unverified,unverified,Horizontal; dedicated maid-service landing page surfaced.,search-verified (URL-cited)
41,Residential cleaning & maid services,MaidCentral,maidcentral.com,https://maidcentral.com/,unverified,unverified,unverified,unverified,unverified,unverified,unverified,unverified,unverified,unverified,unverified,unverified,unverified,"Vertical; scheduling, kiosk dashboard, billing, dispatching, contact database per Software Advice snippet.",search-verified (URL-cited)
41,Residential cleaning & maid services,MaidEasy,maideasysoftware.com,https://maideasysoftware.com/,unverified,unverified,unverified,unverified,unverified,unverified,unverified,unverified,unverified,unverified,unverified,unverified,unverified,Vertical; scheduling to payments and payroll.,search-verified (URL-cited)
41,Residential cleaning & maid services,QuoteIQ,myquoteiq.com,https://myquoteiq.com/top-8-softwares-for-maid-services-in-2026/,unverified,unverified,https://myquoteiq.com/top-8-softwares-for-maid-services-in-2026/,$29.99/mo,"self-serve public price (stated in vendor's own listicle, not a pricing page)",unverified,unverified,unverified,unverified,unverified,unverified,unverified,unverified,"Horizontal field-service tool with cleaning-specific content; price appeared in its own blog result, dedicated pricing page not surfaced.",candidate (prior knowledge; not search-verified)
41,Residential cleaning & maid services,The Cleaning Software,thecleaningsoftware.com,https://thecleaningsoftware.com/,unverified,unverified,unverified,unverified,unverified,unverified,unverified,unverified,unverified,unverified,unverified,unverified,unverified,Positions as CRM for house cleaning businesses.,search-verified (URL-cited)
41,Residential cleaning & maid services,ZenMaid,zenmaid.com,https://get.zenmaid.com/,unverified,unverified,unverified,unverified,unverified,unverified,unverified,unverified,unverified,unverified,unverified,unverified,unverified,"Vertical maid-service scheduler; page title claims 'Loved by 3,000+ Maid Service Owners' (https://get.zenmaid.com/). Listed on Software Advice maid-service comparison (https://www.softwareadvice.com/field-service/maid-service-comparison/).",search-verified (URL-cited)
41,Residential cleaning & maid services,Zenbooker,zenbooker.com,https://zenbooker.com/residential-cleaning-online-booking.html,unverified,unverified,unverified,unverified,unverified,unverified,unverified,unverified,unverified,unverified,unverified,unverified,unverified,Embeddable online booking for home cleaning / maid services.,search-verified (URL-cited)
42,Commercial janitorial companies,CleanGuru,cleanguru.com,https://sourceforge.net/software/product/Janitorial-Bidding-Software/,unverified,unverified,unverified,unverified,unverified,unverified,unverified,unverified,unverified,unverified,unverified,unverified,unverified,"Bidding/scheduling/timekeeping/invoicing/inspection for small-mid janitorial + house cleaning; snippet claims 'trusted over 15 years' and 'over 500,000 proposals' (SourceForge listing). Domain from prior knowledge.",candidate (prior knowledge; not search-verified)
42,Commercial janitorial companies,CleanTelligent (Otuvy),cleantelligent.com,https://www.sabertask.com/articles/best-janitorial-software,unverified,unverified,unverified,unverified,unverified,unverified,unverified,unverified,unverified,unverified,unverified,unverified,unverified,"Inspections, QC reporting, client communication for commercial cleaners; domain from prior knowledge.",candidate (prior knowledge; not search-verified)
42,Commercial janitorial companies,Janitorial Manager,janitorialmanager.com,https://www.janitorialmanager.com/work-management-system/janitorial-bidding-software/,unverified,unverified,unverified,unverified,unverified,unverified,unverified,unverified,unverified,unverified,unverified,unverified,unverified,Bidding tool + mobile inspection templates; vertical.,search-verified (URL-cited)
42,Commercial janitorial companies,QuoteIQ,myquoteiq.com,https://myquoteiq.com/top-8-softwares-for-janitorial-businesses-in-2026/,unverified,unverified,https://myquoteiq.com/top-8-softwares-for-janitorial-businesses-in-2026/,$29.99/mo,self-serve public price (stated in vendor's own listicle),unverified,unverified,unverified,unverified,unverified,unverified,unverified,unverified,"Bidding, scheduling, crew time tracking, inspection forms, photo proof-of-work, recurring contract billing.",search-verified (URL-cited)
42,Commercial janitorial companies,SweepOps,sweepops.app,https://sweepops.app/resources/best/best-janitorial-bidding-software/,unverified,unverified,https://sweepops.app/resources/best/best-janitorial-bidding-software/,$20/mo ($20-$99/mo),self-serve public price (stated in vendor's own listicle),unverified,unverified,unverified,unverified,unverified,unverified,unverified,unverified,"ISSA-standard bidding, GPS tracking, mobile inspections; price range from self-published comparison, pricing page not surfaced.",candidate (prior knowledge; not search-verified)
42,Commercial janitorial companies,Swept,sweptworks.com,https://shifton.com/blog/best-janitorial-software/,unverified,unverified,unverified,unverified,unverified,unverified,unverified,unverified,unverified,unverified,unverified,unverified,unverified,"Location-based clock-ins, 100+ language messaging; a result summary said 'from $30/mo' but the specific source page could not be attributed, so price left unverified. Domain from prior knowledge.",candidate (prior knowledge; not search-verified)
42,Commercial janitorial companies,WinTeam (TEAM Software),teamsoftware.com,https://myquoteiq.com/top-8-softwares-for-janitorial-businesses-in-2026/,unverified,unverified,unverified,unverified,unverified,unverified,unverified,unverified,unverified,unverified,unverified,unverified,unverified,ERP-grade accounting/workforce for 100+ employee janitorial & security contractors; enterprise (likely contact-sales). Domain from prior knowledge.,candidate (prior knowledge; not search-verified)
43,Carpet & upholstery cleaning,Fieldd,fieldd.co,https://fieldd.co/industries/carpet-cleaning-software,unverified,unverified,unverified,unverified,unverified,unverified,unverified,unverified,unverified,unverified,unverified,unverified,unverified,"Booking/dispatch, payments and tips tracking.",search-verified (URL-cited)
43,Carpet & upholstery cleaning,GorillaDesk,gorilladesk.com,https://gorilladesk.com/industries/carpet-cleaning-software/,unverified,unverified,unverified,unverified,unverified,unverified,unverified,unverified,unverified,unverified,unverified,unverified,unverified,Horizontal field-service (pest-control roots) with dedicated carpet-cleaning landing page.,search-verified (URL-cited)
43,Carpet & upholstery cleaning,Housecall Pro,housecallpro.com,https://www.housecallpro.com/industries/carpet-cleaning-software/,unverified,unverified,unverified,unverified,unverified,unverified,unverified,unverified,unverified,unverified,unverified,unverified,unverified,Horizontal; dedicated landing page surfaced.,search-verified (URL-cited)
43,Carpet & upholstery cleaning,Jobber,getjobber.com,https://www.getjobber.com/industries/carpet-cleaning-software/,unverified,unverified,unverified,unverified,unverified,unverified,unverified,unverified,unverified,unverified,unverified,unverified,unverified,Horizontal; dedicated landing page surfaced.,search-verified (URL-cited)
43,Carpet & upholstery cleaning,ManageMart,managemart.com,https://www.managemart.com/carpet-cleaning-software,unverified,unverified,unverified,unverified,unverified,unverified,unverified,unverified,unverified,unverified,unverified,unverified,unverified,"Scheduling, invoicing, dispatch, CRM app.",search-verified (URL-cited)
43,Carpet & upholstery cleaning,ScheduleDrop,scheduledrop.com,https://scheduledrop.com/carpet-cleaning,unverified,unverified,unverified,unverified,unverified,unverified,unverified,unverified,unverified,unverified,unverified,unverified,unverified,"CRM: book jobs, quotes, assign technicians, payments.",search-verified (URL-cited)
43,Carpet & upholstery cleaning,ServGrow,servgrow.com,https://www.servgrow.com/carpet-cleaning-software,unverified,unverified,unverified,unverified,unverified,unverified,unverified,unverified,unverified,unverified,unverified,unverified,unverified,Carpet-cleaning landing page surfaced.,search-verified (URL-cited)
43,Carpet & upholstery cleaning,ServiceMonster,servicemonster.com,https://www.servicemonster.com/carpet-cleaning-software,unverified,unverified,unverified,unverified,unverified,unverified,unverified,unverified,unverified,unverified,unverified,unverified,unverified,"Vertical, 'first designed with carpet cleaners in mind', title says 'The Best for 20 Years'; second landing https://www.servicemonster.com/industries/carpet-cleaning.",search-verified (URL-cited)
44,Pest control operators,Briostack,briostack.com,https://www.briostack.com/blog/pest-control-industry-statistics,unverified,unverified,unverified,unverified,unverified,unverified,unverified,unverified,unverified,unverified,unverified,unverified,unverified,Pest-control vertical software; only its industry-statistics blog surfaced in results (no pricing/landing details).,search-verified (URL-cited)
44,Pest control operators,FieldRoutes (ServiceTitan),fieldroutes.com,unverified,unverified,unverified,unverified,unverified,unverified,unverified,unverified,unverified,unverified,unverified,unverified,unverified,unverified,"Tool named from prior knowledge, NOT surfaced in any search this session (search budget exhausted); domain unverified; verify before use.",candidate (prior knowledge; not search-verified)
44,Pest control operators,GorillaDesk,gorilladesk.com,unverified,unverified,unverified,unverified,unverified,unverified,unverified,unverified,unverified,unverified,unverified,unverified,unverified,unverified,Known pest-control-focused field service tool; only its carpet-cleaning landing page surfaced this session (https://gorilladesk.com/industries/carpet-cleaning-software/); pest landing URL unverified.,candidate (prior knowledge; not search-verified)
44,Pest control operators,PestPac (WorkWave),workwave.com,unverified,unverified,unverified,unverified,unverified,unverified,unverified,unverified,unverified,unverified,unverified,unverified,unverified,unverified,"Tool named from prior knowledge, NOT surfaced in any search this session (search budget exhausted); domain unverified; verify before use.",candidate (prior knowledge; not search-verified)
45,Wildlife removal & nuisance animal control,Deelo,deelo.ai,https://www.deelo.ai/best/field-service-management-for-pest-control-wildlife,unverified,unverified,https://www.deelo.ai/blog/field-service-software-cost-2026,Free plan; Starter $19/seat/mo; Business $39; Enterprise $69,self-serve public price (vendor blog),unverified,unverified,unverified,unverified,unverified,unverified,unverified,unverified (not searched),Horizontal FSM + 50 business apps; its wildlife pages are SEO roundups that rank itself first - treat as vendor claims.,search-verified (URL-cited)
45,Wildlife removal & nuisance animal control,FieldRoutes,unverified,unverified,unverified,unverified,unverified,unverified (volume-based on active customers; no public price),contact-sales,unverified,unverified,unverified,ServiceTitan company (formerly PestRoutes),https://myquoteiq.com/top-10-wildlife-removal-field-service-software-in-2026/,unverified,unverified,unverified (not searched),Enterprise pest-and-wildlife platform named in roundups (https://www.deelo.ai/best/field-service-management-for-pest-control-wildlife); domain not shown in a result.,search-named (no URL captured)
45,Wildlife removal & nuisance animal control,GorillaDesk,gorilladesk.com,https://gorilladesk.com/industries/wildlife-control-software/,unverified,unverified,https://tooleduppro.com/guides/gorilladesk-pricing/,~$65/mo Basic (solo tech); Pro ~$145/mo (up to 5 techs); Business ~$245/mo; 14-day free trial,self-serve public price (third-party),2012,~8 employees (2026),https://getlatka.com/companies/gorilladesk.com,"bootstrapped, no outside funding; $880K ARR",https://getlatka.com/companies/gorilladesk.com,unverified,unverified,unverified (not searched),Pest/wildlife specialist for route-based operators; wildlife landing page.,search-verified (URL-cited)
45,Wildlife removal & nuisance animal control,NWCOPRO,nwcopro.com,https://www.nwcopro.com/,https://www.facebook.com/nwcopro/,unverified,https://www.g2.com/products/nwcopro-wildlife-control-software/pricing,"$26.50/mo, unlimited users",self-serve public price (figure from search summary; attribution among nwcopro.com/faq.html and G2 pricing page),unverified,unverified,unverified,unverified,unverified,unverified,unverified,unverified (not searched),"Vertical: calls, jobs, scheduling, state capture reports, photos, billing for NWCOs. Created by Charles Parker (http://www.nwcopro.com/aboutus.html). ZoomInfo profile exists (https://www.zoominfo.com/c/nwcoprosm/399336886) but no headcount in snippet.",search-verified (URL-cited)
45,Wildlife removal & nuisance animal control,QuoteIQ,myquoteiq.com,https://myquoteiq.com/wildlife-removal-companies-crm/,unverified,unverified,https://myquoteiq.com/top-10-wildlife-removal-field-service-software-in-2026/,$29.99/mo,self-serve public price (vendor roundup),2022-09-21,"unverified (vendor claims 40,000+ active users)",https://myquoteiq.com/about-us/,"100% bootstrapped, founder-funded",https://myquoteiq.com/about-us/,"4,100+ reviews, 4.7 stars (vendor claim)",https://myquoteiq.com/about-us/,unverified (not searched),Horizontal home-service CRM with dedicated wildlife landing; founders Mike Vidan & Justin Rogers (YouTube contractors); Savannah GA. Crunchbase: https://www.crunchbase.com/organization/quoteiq,search-verified (URL-cited)
46,Mosquito & bird control services,Briostack,briostack.com,https://www.briostack.com/pest-control-software,unverified,https://www.linkedin.com/company/briostack,https://www.softwareadvice.com/field-service/briostack-profile/,unverified,contact-sales,project began >9 years ago; founded by pest-control company owners,U,https://www.briostack.com/brand-2,unverified,unverified,unverified,unverified,unverified (host blocked),"3,700+ active users claimed (https://www.briostack.com/pest-control-software/pest-control-crm-software).",search-verified (URL-cited)
46,Mosquito & bird control services,Deelo,deelo.ai,https://www.deelo.ai/software/crm/pest-control-wildlife,unverified,unverified,unverified,unverified,unverified,unverified,unverified,unverified,unverified,unverified,unverified,unverified,unverified (host blocked),Horizontal AI CRM with wildlife-control landing page; species-specific job templates.,search-verified (URL-cited)
46,Mosquito & bird control services,FieldRoutes,fieldroutes.com,https://www.fieldroutes.com/solutions/pest-control-software,unverified,unverified,unverified,unverified,contact-sales,unverified,unverified,unverified,ServiceTitan-owned (per roundups; unverified here),unverified,unverified,unverified,unverified (host blocked),Pest-control vertical (formerly PestRoutes); larger operators.,search-verified (URL-cited)
46,Mosquito & bird control services,GorillaDesk,gorilladesk.com,https://gorilladesk.com/industries/mosquito-control-software/,unverified,https://www.linkedin.com/company/gorilladesk,https://intercom.help/gorilladesk/en/articles/431660-plans-pricing,$49/mo per route (Basic); Pro $99; Growth $149,self-serve public price; 14-day free trial,unverified,11-50 (LinkedIn); ~10 employees Jul 2026 (ZoomInfo),https://www.zoominfo.com/c/gorilladesk-llc/363455027,private; founder-led (Chris Moreschi); no funding shown,https://www.crunchbase.com/organization/gorilladesk,unverified,unverified,unverified (host blocked),Dedicated mosquito-control landing page. Per-route pricing (price snippet attribution among result set incl. tooleduppro.com).,search-verified (URL-cited)
46,Mosquito & bird control services,PestPac (WorkWave),pestpac.com,https://www.pestpac.com/blog/best-pest-control-software-tools-for-scaling-your-business,unverified,unverified,unverified,unverified,contact-sales,unverified,unverified,unverified,unverified,unverified,unverified,unverified,unverified (host blocked),Named in roundup and vendor blog; smart routing without per-route fee per myquoteiq comparison.,search-verified (URL-cited)
46,Mosquito & bird control services,Pocomos,pocomos.com,https://pocomos.com/blog/top-software-for-mosquito-control-companies/,unverified,https://www.linkedin.com/company/pocomos,https://pocomos.com/blog/how-much-does-pest-control-software-cost/,from $59/mo; Small $85/mo (51-300 customers); Medium $165/mo,"self-serve public price, per active customer; free Starter tier",unverified,"11-50 (LinkedIn, Spanish Fork UT); 5 employees (RocketReach)",https://rocketreach.co/pocomos-pest-control-software-profile_b5ec8df2f42e7c0e,unverified,unverified,unverified,unverified,unverified (host blocked),Price snippet attribution among result set (pocomos.com blog / softwareadvice).,search-verified (URL-cited)
46,Mosquito & bird control services,QuoteIQ,myquoteiq.com,https://myquoteiq.com/top-10-mosquito-control-estimating-software-in-2026/,unverified,unverified,https://myquoteiq.com/best-software-for-pest-control-businesses/,$29.99/mo; Pro $149.99/mo,self-serve public price,unverified,unverified,unverified,unverified,unverified,unverified,unverified,unverified (host blocked),Horizontal home-services CRM with mosquito and wildlife-removal landing pages (https://myquoteiq.com/wildlife-removal-companies-crm/). Prices from vendor blog.,search-verified (URL-cited)
46,Mosquito & bird control services,Smart Service,smartservice.com,https://www.smartservice.com/industry/pest-control-software,unverified,unverified,unverified,unverified,unverified,unverified,unverified,unverified,unverified,unverified,unverified,unverified,unverified (host blocked),Horizontal FSM with pest-control landing; QuickBooks-centric.,search-verified (URL-cited)
46,Mosquito & bird control services,WildPipe,wildpipe.com,https://wildpipe.com/wildlife-control-crm/,https://www.facebook.com/GetWildPipe/,unverified,https://wildpipe.com/index.php/wildpipe-plans,flat 5% of recorded revenue,self-serve public price (revenue share),unverified,unverified,https://www.zoominfo.com/c/wildpipe-llc/348313118,built by an operating wildlife-control company (NWCOA-certified),http://wildpipe.com/index.php/about-us,unverified,unverified,unverified (host blocked),"Wildlife/bird control CRM + contact center; WILD reports, trap monitoring, exclusion service points.",search-verified (URL-cited)
47,Junk removal,CurbWaste,curbwaste.com,https://www.curbwaste.com/dumpster-rental-business-profitability,unverified,unverified,unverified,unverified,unverified,unverified,unverified,unverified,unverified,unverified,unverified,unverified,unverified,"Waste-hauler software; junk-removal-specific landing not surfaced, dumpster/portable-toilet content pages did.",candidate (prior knowledge; not search-verified)
47,Junk removal,Jobber,getjobber.com,unverified,unverified,unverified,unverified,unverified,unverified,unverified,unverified,unverified,unverified,unverified,unverified,unverified,unverified,"Tool named from prior knowledge, NOT surfaced in any search this session (search budget exhausted); domain unverified; verify before use.",candidate (prior knowledge; not search-verified)
47,Junk removal,Workiz,workiz.com,unverified,unverified,unverified,unverified,unverified,unverified,unverified,unverified,unverified,unverified,unverified,unverified,unverified,unverified,"Tool named from prior knowledge, NOT surfaced in any search this session (search budget exhausted); domain unverified; verify before use.",candidate (prior knowledge; not search-verified)
48,Roll-off dumpster rental,CurbWaste,curbwaste.com,https://www.curbwaste.com/dumpster-rental-business-profitability,unverified,unverified,unverified,unverified,unverified,unverified,unverified,unverified,unverified,unverified,unverified,unverified,unverified,Content page targeting dumpster rental operators surfaced in IBISWorld search.,search-verified (URL-cited)
48,Roll-off dumpster rental,Docket,yourdocket.com,unverified,unverified,unverified,unverified,unverified,unverified,unverified,unverified,unverified,unverified,unverified,unverified,unverified,unverified,"Tool named from prior knowledge, NOT surfaced in any search this session (search budget exhausted); domain unverified; verify before use.",candidate (prior knowledge; not search-verified)
48,Roll-off dumpster rental,Dumpster Rental Systems (DRS),dumpsterrentalsystems.com,unverified,unverified,unverified,unverified,unverified,unverified,unverified,unverified,unverified,unverified,unverified,unverified,unverified,unverified,"Tool named from prior knowledge, NOT surfaced in any search this session (search budget exhausted); domain unverified; verify before use.",candidate (prior knowledge; not search-verified)
48,Roll-off dumpster rental,ServiceCore,servicecore.com,unverified,unverified,unverified,unverified,unverified,unverified,unverified,unverified,unverified,unverified,unverified,unverified,unverified,unverified,"Tool named from prior knowledge, NOT surfaced in any search this session (search budget exhausted); domain unverified; verify before use.",candidate (prior knowledge; not search-verified)
49,Portable toilet rental,CurbWaste,curbwaste.com,https://www.curbwaste.com/how-profitable-is-a-portable-toilet-business,unverified,unverified,unverified,unverified,unverified,unverified,unverified,unverified,unverified,unverified,unverified,unverified,unverified,Content page targeting portable toilet operators surfaced in IBISWorld search.,search-verified (URL-cited)
49,Portable toilet rental,Docket,yourdocket.com,unverified,unverified,unverified,unverified,unverified,unverified,unverified,unverified,unverified,unverified,unverified,unverified,unverified,unverified,"Tool named from prior knowledge, NOT surfaced in any search this session (search budget exhausted); domain unverified; verify before use.",candidate (prior knowledge; not search-verified)
49,Portable toilet rental,ServiceCore,servicecore.com,unverified,unverified,unverified,unverified,unverified,unverified,unverified,unverified,unverified,unverified,unverified,unverified,unverified,unverified,"Tool named from prior knowledge, NOT surfaced in any search this session (search budget exhausted); domain unverified; verify before use.",candidate (prior knowledge; not search-verified)
50,Septic pumping & grease trap services,Housecall Pro,housecallpro.com,unverified,unverified,unverified,unverified,unverified,unverified,unverified,unverified,unverified,unverified,unverified,unverified,unverified,unverified,"Tool named from prior knowledge, NOT surfaced in any search this session (search budget exhausted); domain unverified; verify before use.",candidate (prior knowledge; not search-verified)
50,Septic pumping & grease trap services,Jobber,getjobber.com,unverified,unverified,unverified,unverified,unverified,unverified,unverified,unverified,unverified,unverified,unverified,unverified,unverified,unverified,"Tool named from prior knowledge, NOT surfaced in any search this session (search budget exhausted); domain unverified; verify before use.",candidate (prior knowledge; not search-verified)
50,Septic pumping & grease trap services,ServiceCore,servicecore.com,unverified,unverified,unverified,unverified,unverified,unverified,unverified,unverified,unverified,unverified,unverified,unverified,unverified,unverified,"Tool named from prior knowledge, NOT surfaced in any search this session (search budget exhausted); domain unverified; verify before use.",candidate (prior knowledge; not search-verified)
51,"Mold, asbestos & lead abatement contractors",Cinderblock,cinderblock.com,https://cinderblock.com/industries/mold-remediation-contractor-software/,unverified,unverified,unverified,unverified,unverified,unverified,unverified,unverified,unverified,unverified,unverified,unverified,unverified,"Estimates, scheduling, invoicing, job documentation for mold contractors. unverified (no per-tool searches run; budget exhausted)",search-verified (URL-cited)
51,"Mold, asbestos & lead abatement contractors",Deelo,deelo.ai,https://www.deelo.ai/software/crm/asbestos-abatement,unverified,unverified,unverified,unverified,unverified,unverified,unverified,unverified,unverified,unverified,unverified,unverified,unverified,"CRM landing page for asbestos abatement (pipeline, email tracking, bundled 50+ apps). unverified (no per-tool searches run; budget exhausted)",search-verified (URL-cited)
51,"Mold, asbestos & lead abatement contractors",DocuSketch,docusketch.com,https://www.docusketch.com/solutions/mold-remediation-software,unverified,unverified,unverified,unverified,unverified,unverified,unverified,unverified,unverified,unverified,unverified,unverified,unverified,Documentation/sketch tool with mold remediation landing page. unverified (no per-tool searches run; budget exhausted),search-verified (URL-cited)
51,"Mold, asbestos & lead abatement contractors",FieldFlo,fieldflo.com,https://fieldflo.com/asbestos-abatement,unverified,unverified,unverified,unverified,unverified (subcontractor LP at https://fieldflo.com/abatement-software-lp),unverified,unverified,unverified,unverified,unverified,unverified,unverified,unverified,"Vertical: demolition, asbestos abatement and environmental contractor software; scheduling with SMS deployment, timesheets, compliance/safety. unverified (no per-tool searches run; budget exhausted)",search-verified (URL-cited)
51,"Mold, asbestos & lead abatement contractors",OctopusPro,octopuspro.com,https://octopuspro.com/field-service-management/asbestos-removal-software/,unverified,unverified,unverified,unverified,unverified,unverified,unverified,unverified,unverified,unverified,unverified,unverified,unverified,"Horizontal FSM with dedicated asbestos-removal page: estimating, testing/inspection, transport/disposal, CRM. unverified (no per-tool searches run; budget exhausted)",search-verified (URL-cited)
51,"Mold, asbestos & lead abatement contractors",QuoteIQ,myquoteiq.com,https://myquoteiq.com/industries/mold-remediation-software/,unverified,unverified,unverified,$29.99/mo (https://mikevidan.com/4-best-mold-remediation-software-2026/),"self-serve public price (flat monthly tiers $29.99/mo to $699/mo, no per-user fees, per https://mikevidan.com/4-best-mold-remediation-software-2026/)",unverified,unverified,unverified,unverified,unverified,unverified,unverified,unverified,"Vertical landing pages for mold remediation and asbestos (https://myquoteiq.com/top-8-softwares-for-asbestos-removal-businesses-in-2026/). Price source is a vendor co-founder blog, not the pricing page. unverified (no per-tool searches run; budget exhausted)",search-verified (URL-cited)
51,"Mold, asbestos & lead abatement contractors",Vev,vev.co,https://vev.co/field-service-software/asbestos-removal,unverified,unverified,unverified,unverified,unverified,unverified,unverified,unverified,unverified,unverified,unverified,unverified,unverified,"Horizontal FSM with dedicated asbestos-removal landing pages (also https://vev.co/crm-for-small-businesses/asbestos-removal): routing, CRM, integrated payments. unverified (no per-tool searches run; budget exhausted)",search-verified (URL-cited)
51,"Mold, asbestos & lead abatement contractors",Xcelerate (XL Restoration Software),xlrestorationsoftware.com,https://www.xlrestorationsoftware.com/mold-remediation-software,unverified,unverified,unverified,unverified,unverified,unverified,unverified,unverified,unverified,unverified,unverified,unverified,unverified,"Mold module: containment zone tracking, clearance testing, documentation. unverified (no per-tool searches run; budget exhausted)",search-verified (URL-cited)
52,Water & fire damage restoration contractors,Albiware,unverified,unverified,unverified,unverified,unverified,unverified,unverified,unverified,unverified,unverified,unverified,unverified,unverified,unverified,unverified,Named 'strongest specialist' for restoration-only shops (https://mikevidan.com/4-best-mold-remediation-software-2026/). Domain not seen in results. unverified (no per-tool searches run; budget exhausted),candidate (prior knowledge; not search-verified)
52,Water & fire damage restoration contractors,DASH (Next Gear Solutions),unverified,unverified,unverified,unverified,unverified,unverified,unverified,unverified,unverified,unverified,unverified,unverified,unverified,unverified,unverified,Listed among top restoration options (https://optimizeit.ai/resources/blog/mold-remediation-crm-buyers-guide-2026). Domain not seen in results. unverified (no per-tool searches run; budget exhausted),candidate (prior knowledge; not search-verified)
52,Water & fire damage restoration contractors,Encircle,unverified,unverified,unverified,unverified,unverified,unverified,unverified,unverified,unverified,unverified,unverified,unverified,unverified,unverified,unverified,"Described as cloud platform for property restoration professionals: photos, sketches, moisture mapping, automated reporting (https://wifitalents.com/best/mold-remediation-software/). Domain not seen in results. unverified (no per-tool searches run; budget exhausted)",candidate (prior knowledge; not search-verified)
52,Water & fire damage restoration contractors,PSA (Canam Systems),unverified,unverified,unverified,unverified,unverified,unverified,unverified,unverified,unverified,unverified,unverified,unverified,unverified,unverified,unverified,Listed among top restoration options (https://optimizeit.ai/resources/blog/mold-remediation-crm-buyers-guide-2026). Domain not seen in results. unverified (no per-tool searches run; budget exhausted),candidate (prior knowledge; not search-verified)
52,Water & fire damage restoration contractors,RestorationWiz,unverified,unverified,unverified,unverified,unverified,unverified,unverified,unverified,unverified,unverified,unverified,unverified,unverified,unverified,unverified,"Job management for restoration contractors: protocols, moisture mapping, inspection reporting, invoicing, Xactimate integration (https://gitnux.org/best/mold-remediation-software/). Domain not seen in results. unverified (no per-tool searches run; budget exhausted)",candidate (prior knowledge; not search-verified)
52,Water & fire damage restoration contractors,Xactimate (Verisk),unverified,unverified,unverified,unverified,unverified,unverified,unverified,unverified,unverified,unverified,unverified,unverified,unverified,unverified,unverified,Industry-standard insurance line-item estimating (https://gitnux.org/best/mold-remediation-software/); effectively a carrier-driven gatekeeper for insurance-paid jobs. unverified (no per-tool searches run; budget exhausted),candidate (prior knowledge; not search-verified)
52,Water & fire damage restoration contractors,Xcelerate (XL Restoration Software),xlrestorationsoftware.com,unverified,unverified,unverified,unverified,unverified,unverified,unverified,unverified,unverified,unverified,unverified,unverified,unverified,unverified,Described as restoration job-management platform (https://www.xlrestorationsoftware.com/mold-remediation-software). Only surfaced via mold-software searches; no restoration-specific search run. unverified (no per-tool searches run; budget exhausted),candidate (prior knowledge; not search-verified)
55,Commercial kitchen exhaust hood cleaning,HoodClean Pro,hoodcleanpro.com,https://hoodcleanpro.com/,unverified,unverified,unverified,unverified,unverified,unverified,unverified,unverified,unverified,unverified,unverified,unverified,not searched (host blocked),"Vertical: NFPA-96 hood cleaning reports, NFPA-17A fire suppression inspections, CRM, scheduling, invoices, payments, QuickBooks sync. JS-rendered site; no pricing, founder or headcount surfaced (https://www.gethoodops.com/blog/best-hood-cleaning-software-2026).",search-verified (URL-cited)
55,Commercial kitchen exhaust hood cleaning,HoodOps,gethoodops.com,https://www.gethoodops.com/,unverified,unverified,https://www.gethoodops.com/,"unverified (per-customer-account pricing, unlimited users; amounts not shown in results; 50% off first year if paid before Dec 31 2026)",unverified,unverified (launches Aug 2026 per https://www.gethoodops.com/),unverified,unverified,unverified,unverified,unverified,unverified,not searched (host blocked),"Vertical: NFPA 96 certificate generation, frequency scheduling, grease-depth logging, QA queue, EvidLY integration. Founder Arthur Haggerty, IKECA-certified operator of Cleaning Pros Plus (https://www.gethoodops.com/blog/why-we-built-hoodops). Headcount/bootstrapping not stated explicitly, so bonus 0.",search-verified (URL-cited)
55,Commercial kitchen exhaust hood cleaning,QuoteIQ,myquoteiq.com,https://myquoteiq.com/crm-for-hood-vent-cleaning/,unverified,unverified,https://myquoteiq.com/crm-for-hood-vent-cleaning/,$29.99/mo Essentials; $149.99/mo Pro (4 users),self-serve public price,2022-09-21 (Savannah GA),12 (June 2025),https://bootstrappers.com/mike-vida-quoteiq/,"self-funded by founders, no VC",https://myquoteiq.com/about-us/,"4,100+ app reviews (4.7 stars) per vendor",https://myquoteiq.com/about-us/,not searched (host blocked),"Horizontal home-service CRM with dedicated hood-vent and commercial-exhaust landing pages; 40,000+ active users claimed. Founders Mike Vidan and Justin Rogers (contractor YouTubers).",search-verified (URL-cited)
55,Commercial kitchen exhaust hood cleaning,Scheduling Manager (Thoughtful Systems),thoughtfulsystems.com,https://thoughtfulsystems.com/industries/kitchen-exhaust-software/,unverified,unverified,unverified,unverified,unverified,unverified,unverified,unverified,unverified,unverified,unverified,unverified,not searched (host blocked),Horizontal cleaning-business scheduler with dedicated kitchen exhaust page. No pricing/headcount in results.,search-verified (URL-cited)
55,Commercial kitchen exhaust hood cleaning,Service Genius,service-genius.com,https://service-genius.com/industries/kitchen-exhaust-software/,unverified,unverified,https://www.capterra.com/p/231421/Service-Genius/,$39/mo (third-party listing),self-serve public price (third-party figure; vendor page not read),unverified,unverified,unverified,unverified,unverified,unverified,unverified,not searched (host blocked),Horizontal small-service FSM with a kitchen exhaust landing page.,search-verified (URL-cited)
55,Commercial kitchen exhaust hood cleaning,ServiceTrade,servicetrade.com,https://servicetrade.com/industries/kitchen-exhaust-cleaning/,unverified,https://www.linkedin.com/company/servicetrade,unverified,unverified,contact-sales,unverified,193 (Crunchbase) / 228 as of Apr 30 2026 (Tracxn),https://tracxn.com/d/companies/servicetrade/__APALF8w4etWIA8yd9FRrj5A_9IYHUu0MwpKG9gKhk_w,"raised $150M (JMI Equity, Frontier Growth, Bull City Venture Partners); other sources $120M over 4 rounds; private equity round",https://www.crunchbase.com/organization/servicetrade,unverified,unverified,not searched (host blocked),"Horizontal commercial-service FSM (fire/life safety, mechanical) with a dedicated kitchen exhaust landing page. Durham NC.",search-verified (URL-cited)
55,Commercial kitchen exhaust hood cleaning,Smart Service (My Service Depot),smartservice.com,https://www.smartservice.com/industry/hood-cleaning-software,unverified,unverified,https://www.smartservice.com/pricing,"$49.99/mo (or $34.99/mo billed annually), unlimited users",self-serve public price,"2005 (My Service Depot, Chicago; https://www.itqlick.com/compare/service-pro/smart-service)",unverified,unverified,unverified,unverified,unverified,unverified,not searched (host blocked),Horizontal QuickBooks-integrated FSM with dedicated hood-cleaning landing. Price per 2026 result citing smartservice.com/pricing; sourceforge lists $49/mo (https://sourceforge.net/software/product/Smart-Service/).,search-verified (URL-cited)
55,Commercial kitchen exhaust hood cleaning,eHoodCleaner,ehoodcleaner.com,http://www.ehoodcleaner.com/hood-cleaning-software.html,unverified,unverified,unverified,unverified,unverified,unverified,unverified,unverified,unverified,unverified,unverified,unverified,not searched (host blocked),Vertical hood-cleaning scheduling software; only the landing URL surfaced.,search-verified (URL-cited)
56,Air duct & dryer vent cleaning,ManageMart,managemart.com,https://www.managemart.com/air-duct-cleaning,unverified,unverified,https://www.selecthub.com/p/field-service-software/managemart/,starts $16.25/mo (spotsaas) or $20/mo (selecthub); third-party,self-serve public price (third-party reported),unverified,unverified,unverified,unverified,unverified,unverified,unverified,not searched (budget reserved for tool discovery),Low-cost FSM with air-duct landing. Prices from https://www.spotsaas.com/compare/managemart-vs-workiz and selecthub results; vendor pricing page not seen.,search-verified (URL-cited)
56,Air duct & dryer vent cleaning,QuoteIQ,myquoteiq.com,https://myquoteiq.com/top-8-softwares-for-air-duct-cleaning-in-2026/,unverified,unverified,https://myquoteiq.com/pricing/,Essentials $29.99/mo (1 user); Beginner $74.99 (2); Pro $149.99 (4); Elite $299 (10); Max $699 (unlimited); 14-day free trial,self-serve public price,unverified,unverified,unverified,"self-funded, no venture capital (per result summary)",https://contractortoolstack.com/software/quoteiq/pricing/,unverified,unverified,not searched (budget reserved for tool discovery),"Home-service CRM by Mike Vidan and Justin Rogers (YouTube creators); vendor publishes its own air-duct and dryer-vent roundups (https://myquoteiq.com/top-8-softwares-for-dryer-vent-cleaning-in-2026/). Self-funded statement appeared in the result summary; attribution among result set (myquoteiq.com/pricing, contractortoolstack, intercom help) uncertain. Employee count not found.",search-verified (URL-cited)
56,Air duct & dryer vent cleaning,Service Fusion,servicefusion.com,https://www.servicefusion.com/air-duct-cleaning-service-software,unverified,unverified,https://www.servicefusion.com/pricing,Starter $208/mo billed annually ($245 month-to-month); Plus about $324/mo; Pro $533/mo; unlimited users,self-serve public price,unverified,unverified,unverified,unverified,unverified,unverified,unverified,not searched (budget reserved for tool discovery),Horizontal FSM with dedicated air-duct landing. Prices from result summary for query 'Service Fusion pricing per month' (vendor pricing page plus serviceagent.ai and g2 in result set). Add-ons: GPS $25-$40/vehicle/mo.,search-verified (URL-cited)
56,Air duct & dryer vent cleaning,ServiceTitan,servicetitan.com,https://www.servicetitan.com/industries/air-duct-cleaning-software,unverified,unverified,unverified,third-party estimate $245-$398 per technician/mo,contact-sales,unverified,unverified,unverified,unverified,unverified,unverified,unverified,not searched (budget reserved for tool discovery),"Enterprise FSM with dedicated air-duct landing. Price band is a third-party roundup figure (https://wifitalents.com/best/air-duct-cleaning-software/ result set), not vendor-published.",search-verified (URL-cited)
56,Air duct & dryer vent cleaning,SetTime,settime.io,https://settime.io/industries/cleaning/air-duct-cleaning-scheduling-software,unverified,unverified,unverified,free tier implied by page title,unverified,unverified,unverified,unverified,unverified,unverified,unverified,unverified,not searched (budget reserved for tool discovery),Scheduling tool with air-duct landing ('Free Air Duct Cleaning Scheduling Software'). No pricing detail or company data in results.,search-verified (URL-cited)
56,Air duct & dryer vent cleaning,Upper,upperinc.com,https://www.upperinc.com/businesses/air-duct-cleaning-service-routing-and-optimization-app-software/,unverified,unverified,unverified,unverified,unverified,unverified,unverified,unverified,unverified,unverified,unverified,unverified,not searched (budget reserved for tool discovery),Route optimization / dispatch app with air-duct landing page. No pricing or company data in results.,search-verified (URL-cited)
56,Air duct & dryer vent cleaning,Vonigo,vonigo.com,https://www.vonigo.com/industry/air-duct-cleaning-software/,unverified,https://ca.linkedin.com/company/vonigo,unverified,unverified,contact-sales,2011,about 15 employees (May 2026); LinkedIn 11-50,https://getlatka.com/companies/vonigo,acquired by Fullsteam (Feb 2022); previously raised $2.1M over two rounds (Series A May 2018),https://app.dealroom.co/companies/vonigo,unverified,unverified,not searched (budget reserved for tool discovery),Franchise-oriented FSM with air-duct landing. Founded/founders from dealroom result. getlatka: $1.3M revenue with 16-person team in 2021. LinkedIn https://ca.linkedin.com/company/vonigo. No pricing seen in results.,search-verified (URL-cited)
56,Air duct & dryer vent cleaning,Workiz,workiz.com,https://www.workiz.com/industries/air-duct-cleaning/,unverified,unverified,https://www.workiz.com/pricing-plans/,Starter $65/mo; Team $169/mo; Professional $299/mo; +$30 per additional user; free Lite plan,self-serve public price,2015,unverified,unverified,Series C $40M (2021-11-17),https://www.crunchbase.com/funding_round/workiz-series-c--7e2538ac,unverified,unverified,not searched (budget reserved for tool discovery),"Horizontal FSM with dedicated air-duct landing page. Founded year from https://www.crunchbase.com/organization/workiz. Price tiers appeared in the result summary for the query 'Workiz pricing plans'; the vendor pricing page and saasworthy were both in the result set. Claims 110,000+ pros.",search-verified (URL-cited)
57,Backflow prevention testing companies,BSI Online (Backflow Solutions Inc),backflow.com,https://backflow.com/,unverified,unverified,https://www.bsionlinetracking.com/default/terms-conditions,$15.95 filing fee per test report (range $12.95-$19.95 by jurisdiction),per-test filing fee paid by tester,unverified,unverified,unverified,unverified,unverified,unverified,unverified,unverified,"Utility-side tracking portal; testers must submit through it where the water system contracts BSI. Gatekeeper, not tester-side SaaS.",search-verified (URL-cited)
57,Backflow prevention testing companies,Backflow Reporter,backflowreporter.app,https://backflowreporter.app/,unverified,unverified,unverified,unverified,unverified,unverified,unverified,unverified,unverified,unverified,unverified,unverified,unverified,Tester-side reporting app; no details surfaced beyond name,search-verified (URL-cited)
57,Backflow prevention testing companies,EcosConnect,ecosconnect.com,https://www.ecosconnect.com/,unverified,unverified,unverified,unverified,unverified,unverified,unverified,unverified,unverified,unverified,unverified,unverified,unverified,Backflow testing software connecting testers and water suppliers,search-verified (URL-cited)
57,Backflow prevention testing companies,FieldPie,fieldpie.com,https://www.fieldpie.com/home-service/backflow-testing-software/,unverified,unverified,unverified,unverified,subscription; 14-day free trial,unverified,unverified,unverified,unverified,unverified,unverified,unverified,unverified,Horizontal home-service FSM with backflow landing page,search-verified (URL-cited)
57,Backflow prevention testing companies,Inspect Point,inspectpoint.com,https://www.inspectpoint.com/trades/backflow/,unverified,unverified,unverified,unverified,quote,2014,36 (PitchBook); 69 (Tracxn),https://pitchbook.com/profiles/company/439227-91,$28M from Mainsail Partners (Feb 2022); $39.5M total per PitchBook,https://www.crunchbase.com/organization/inspect-point,unverified,unverified,unverified,Fire/life-safety ITM platform with backflow trade module; PE-backed,search-verified (URL-cited)
57,Backflow prevention testing companies,QuoteIQ,myquoteiq.com,https://myquoteiq.com/crm-for-backflow-testing-companies/,unverified,unverified,https://myquoteiq.com/crm-for-backflow-testing-companies/,$29.99/month (Essentials),per-month subscription,unverified,unverified,unverified,unverified,unverified,unverified,unverified,unverified,"Horizontal FSM/CRM with backflow landing page; per-assembly pricing, inspection forms, annual retest reminders",search-verified (URL-cited)
57,Backflow prevention testing companies,SwiftComply,swiftcomply.com,https://www.swiftcomply.com/backflow-testers/,unverified,unverified,https://dallascityhall.com/departments/waterutilities/Pages/Backflow-Test-Reports.aspx,$10 per passed test (City of Dallas program),per-test fee set by utility,unverified,unverified,unverified,unverified,unverified,unverified,unverified,unverified,Municipal compliance platform; Dallas made enrollment mandatory Nov 2022 (Dallas URL),search-verified (URL-cited)
57,Backflow prevention testing companies,Truwave Software,truwavesoftware.com,https://www.truwavesoftware.com/backflow.html,unverified,unverified,unverified,unverified,unverified,unverified,unverified,unverified,unverified,unverified,unverified,unverified,unverified,Backflow test management with digital field forms and tester submission portal,search-verified (URL-cited)
58,Fire extinguisher & fire alarm inspection companies,Essential,withessential.com,https://www.withessential.com/,unverified,unverified,https://www.withessential.com/pricing,"quote (no setup fees, month-to-month)",per quote,unverified,unverified,unverified,unverified,unverified,unverified,unverified,unverified,Founder's parents own a fire & life safety business (about page); AI quote/outreach features,search-verified (URL-cited)
58,Fire extinguisher & fire alarm inspection companies,FireInspect,fireinspectapp.com,https://fireinspectapp.com/fire-alarm-inspection-software,unverified,unverified,https://fireinspectapp.com/fire-alarm-inspection-software,$79/month flat,"flat monthly, no per-user fees",unverified,unverified,unverified,unverified,unverified,unverified,unverified,unverified,Small-shop fire alarm inspection app,search-verified (URL-cited)
58,Fire extinguisher & fire alarm inspection companies,Firebug EXT (General Data),general-data.com,https://www.general-data.com/products/software/tracking/firebug-ext-barcode-fire-extinguisher-inspection-software,unverified,unverified,unverified,unverified,unverified,unverified,unverified,unverified,unverified,unverified,unverified,unverified,unverified,Barcode-based extinguisher inspection with rugged handhelds,search-verified (URL-cited)
58,Fire extinguisher & fire alarm inspection companies,Inspect Point,inspectpoint.com,https://www.inspectpoint.com/trades/fire-extinguisher/,unverified,unverified,unverified,unverified,quote,2014,36 (PitchBook); 69 (Tracxn),https://pitchbook.com/profiles/company/439227-91,$28M Mainsail Partners (2022),https://www.crunchbase.com/organization/inspect-point,unverified,unverified,unverified,NFPA 10/25/72 question sets on iPad; core fire ITM incumbent,search-verified (URL-cited)
58,Fire extinguisher & fire alarm inspection companies,KomplyOS,komplyos.com,https://www.komplyos.com/industries/fire-protection,unverified,unverified,https://www.komplyos.com/pricing,"$249/month Starter (5 users, 15 buildings); $699/month Professional (15 users)",tiered monthly; 14-day free trial; annual saves 15%,unverified,unverified,unverified,unverified,unverified,unverified,unverified,unverified,Publishes all pricing openly; NFPA 10/25/72/80/96 templates,search-verified (URL-cited)
58,Fire extinguisher & fire alarm inspection companies,ServiceTrade,servicetrade.com,https://servicetrade.com/resources/blog/best-fire-life-safety-software-2026/,unverified,unverified,https://buildops.com/resources/fire-alarm-inspection-report-software,$180/user/month (third-party listing),per user per month,2012,193 (PitchBook); 211 (Latka); 228 (Tracxn),https://pitchbook.com/profiles/company/95115-79,"$150M (PitchBook); JMI Equity, Frontier Growth",https://www.crunchbase.com/organization/servicetrade,unverified,unverified,unverified,Commercial fire/life-safety contractor platform; $30.4M revenue per Latka https://getlatka.com/companies/servicetrade,search-verified (URL-cited)
58,Fire extinguisher & fire alarm inspection companies,Uptick,uptickhq.com,https://www.uptickhq.com/us/fire-extinguisher-inspection-software,unverified,unverified,https://www.uptickhq.com/pricing,custom per-user monthly fee (not published),per desk/field user; unlimited customer logins free,unverified,100,https://pitchbook.com/profiles/company/226749-70,$3.22M raised (PitchBook); PSG strategic investment announced 9 June 2025,https://internationalfireandsafetyjournal.com/psg-backs-uptick-to-expand-global-fire-protection-software/,unverified,unverified,unverified,Australian-origin fire-protection job management; 90% of reviewers small companies (Capterra),search-verified (URL-cited)
58,Fire extinguisher & fire alarm inspection companies,ZenFire (ZenTrades),zentrades.pro,https://zentrades.pro/zenfire,unverified,unverified,unverified,unverified,"per-user (benchmark $50-150/user/mo cited by third parties, not vendor)",unverified,unverified,unverified,unverified,unverified,unverified,unverified,unverified,Fire inspection module of ZenTrades; Memorial Day promo 3 months free on annual,search-verified (URL-cited)
59,"Environmental testing labs (asbestos, lead, water)",BTSOFT (ALPACA LIMS Asbestos edition / LabMaster),btsoft.com,https://btsoft.com/asbestos-laboratory/,unverified,https://www.linkedin.com/company/btsofttech,unverified,unverified,contact-sales,unverified,unverified,unverified,unverified,unverified,unverified,unverified,unverified (host blocked),"Houston TX HQ, offices in three countries; asbestos edition compliant with ELAP/OSHA per https://btsoft.com/streamline-your-asbestos-laboratory-with-lims/. Environmental landing https://btsoft.com/lims-software-for-environmental-labs/. 'Affordable pricing' claimed, no figures.",search-verified (URL-cited)
59,"Environmental testing labs (asbestos, lead, water)",BlazeLIMS (Blaze Systems),blazesystems.com,https://www.blazesystems.com/lims-for-environmental-laboratories/,unverified,unverified,https://www.blazesystems.com/blazelims-prices/,"$350/mo (1 concurrent user SaaS); 2 users $600; 5 users $900; 10 users $1,400; site license from $10,575 (3 users)",self-serve public price,1992,unverified,unverified,unverified,unverified,unverified,unverified,unverified (host blocked),Houston TX. Prices via https://www.scispot.com/blog/blazelims-pricing-guide-complete-cost-breakdown; vendor price page in results. Markets 'LIMS for small labs'.,search-verified (URL-cited)
59,"Environmental testing labs (asbestos, lead, water)",Clinisys Environmental Laboratory,clinisys.com,https://www.clinisys.com/us/en/clinisys-laboratory-solution/clinisys-environmental-laboratory/,unverified,unverified,unverified,unverified,contact-sales,unverified,unverified,unverified,unverified,unverified,unverified,unverified,unverified (host blocked),Enterprise vendor (large); listed for completeness as incumbent for water/wastewater/soil/air labs.,search-verified (URL-cited)
59,"Environmental testing labs (asbestos, lead, water)",CloudLIMS,cloudlims.com,https://cloudlims.com/the-5-best-lims-for-environmental-testing-labs-in-2026/,unverified,unverified,https://cloudlims.com/lims-software-pricing/,$75/mo (Lite); Standard $145/mo; Enterprise $245/mo; per-user tiers $270-280/user/mo for 3-5 users,self-serve public price,unverified,unverified,unverified,unverified,unverified,unverified,unverified,unverified (host blocked),"Vendor pricing page appears in results; amounts from third-party guide https://www.scispot.com/blog/cloudlims-pricing-guide-what-you-need-to-know-before-you-buy. Vendor's own roundup names itself #1 for environmental labs; EPA-ready, EDD generation.",search-verified (URL-cited)
59,"Environmental testing labs (asbestos, lead, water)",Confience LIMS (QSI + ATL merger; formerly Accelerated Technology Laboratories),confience.io,https://www.confience.io/industries/industrial-hygiene-lims,unverified,https://www.linkedin.com/company/confience-software/,unverified,unverified,contact-sales,unverified,unverified,unverified,Crunchbase profile (under legacy ATL name); merger of QSI and ATL; acquired Labsoft (LatAm LIMS) 2025,https://www.crunchbase.com/organization/accelerated-technology-laboratories,unverified,unverified,unverified (host blocked),Asbestos package automates PLM/PCM/TEM analysis and e-signs NVLAP-compliant reports. Legacy ATL environmental landing page https://atlab.com/industries/environmental-lims/. Labsoft acquisition post: https://www.linkedin.com/posts/confience-software_confience-labsoft-lims-activity-7343216343069970432-9wXQ.,search-verified (URL-cited)
59,"Environmental testing labs (asbestos, lead, water)",LabLynx Environmental LIMS,lablynx.com,https://www.lablynx.com/industries/environmental-lims/,unverified,unverified,unverified,unverified,unverified,unverified,unverified,unverified,unverified,unverified,unverified,unverified,unverified (host blocked),Named in CloudLIMS top-5 roundup for environmental labs.,search-verified (URL-cited)
59,"Environmental testing labs (asbestos, lead, water)",Labbit,labbit.com,https://www.labbit.com/industries/environmental-testing,unverified,unverified,unverified,unverified,unverified,unverified,unverified,unverified,unverified,unverified,unverified,unverified,unverified (host blocked),Environmental testing LIMS landing page found; no pricing/headcount in results.,search-verified (URL-cited)
59,"Environmental testing labs (asbestos, lead, water)",QBench,qbench.com,https://qbench.com/qbench-lims-for-environmental-testing-labs,unverified,unverified,https://qbench.com/pricing,$249/user/mo (Starter); Growth $299; Advanced $399; Enterprise custom,self-serve public price,2016,~53 employees (Jul 2026),https://leadiq.com/c/qbench/5ec2c000102cc03532816d81,listed on Crunchbase (round data not in snippet),https://www.crunchbase.com/organization/qbench,unverified,unverified,unverified (host blocked),"Newark, DE (https://qbench.com/about). Alternate tier prices $275/$325/$425 quoted at https://www.scispot.com/blog/qbench-pricing-explained-is-it-worth-it. Headcount >50 so no bonus.",search-verified (URL-cited)
60,Document shredding services,EZshred,ezshred.com,https://ezshred.com/shredding-software/,unverified,https://www.linkedin.com/company/ez-shredding-solutions,unverified,unverified,contact-sales,2002,6-10 employees (ZoomInfo); other databases 11-100,https://www.zoominfo.com/c/ezshred-llc/343462932,unverified,unverified,unverified,unverified,unverified (host blocked),"Vertical: scheduling, routing, invoicing, Route Tracker mobile app with barcode scan and signature capture (https://ezshred.com/route-tracker/). Chesterland, Ohio. 'Helps hundreds of companies' (vendor claim).",search-verified (URL-cited)
60,Document shredding services,Octopus SaaS,octopussaas.com,https://www.octopussaas.com/paper-shredding-software,https://www.facebook.com/p/Octopus-SaaS-61575436205571/,unverified,unverified,unverified,contact-sales,unverified,unverified,unverified,unverified,unverified,unverified,unverified,unverified (host blocked),"All-in-one for medical-waste transporters and shredding companies: route optimization, scheduling, compliance logs, billing, driver app (https://www.octopussaas.com/about-us). CEO/Owner Sammy Spaccamonti. G2 listing: https://www.g2.com/products/octopus-saas/reviews. Founded/headcount not in results.",search-verified (URL-cited)
60,Document shredding services,Q-Shred (ShredMetrics),shredmetrics.com,https://shredmetrics.com/q-shred-software/,unverified,unverified,https://shredmetrics.com/faqs/,quote-based (custom add-ons priced on request),contact-sales,unverified,unverified,unverified,unverified,unverified,unverified,unverified,unverified (host blocked),"Vertical: estimating, routing, dispatch, work orders, certificates of destruction, billing, QBO integration. Won i-SIGMA Operations Impact Award 2023 and 2024 (https://shredmetrics.com/q-shred-software/). Crunchbase: https://www.crunchbase.com/organization/shredmetrics (no headcount shown).",search-verified (URL-cited)
60,Document shredding services,Route Planner AI (CRM Route Planner),routeplannerai.io,https://routeplannerai.io/document-shredding-recycling-route-planner-crm/,unverified,unverified,unverified,unverified,unverified,unverified,unverified,unverified,unverified,unverified,unverified,unverified,unverified (host blocked),Route-planning CRM marketed to shredding/recycling businesses with recurring pickup routes. No pricing or company data in results.,search-verified (URL-cited)
60,Document shredding services,Smart Service,smartservice.com,https://www.smartservice.com/industry/document-destruction-software,unverified,unverified,https://www.selecthub.com/p/field-service-software/smart-service/,from $250/mo (third-party listing); custom pricing by concurrent users,contact-sales,unverified,unverified,unverified,unverified,unverified,unverified,unverified,unverified (host blocked),"Horizontal FSM (QuickBooks-centric) with a dedicated document-destruction landing page. Price via SelectHub/SaaSworthy (https://www.saasworthy.com/product/smart-service/pricing), not vendor page.",search-verified (URL-cited)
60,Document shredding services,Total Recall (DHS Worldwide),dhsworldwide.com,https://www.dhsworldwide.com/shredding-management.html,unverified,https://www.linkedin.com/company/dhs-worldwide-software-solutions,unverified,unverified,contact-sales,1994,"~18 employees (LeadIQ, Aug 2026); another database says 100-250",https://leadiq.com/c/dhs-worldwide-software-solutions---total-recall-software/5a1da0aa2300005a0091bc3c,unverified,unverified,unverified,unverified,unverified (host blocked),"Records-management suite with shredding module: bin inventory tracking, scheduling, route optimization, driver GPS, card processing. 'Over 1,200 RIM operations' use Total Recall (https://www.dhsworldwide.com/). Headcount sources conflict.",search-verified (URL-cited)
61,Security guard companies,GuardsPro (formerly Guardso),guardspro.com,https://www.guardspro.com/pricing,unverified,https://www.linkedin.com/company/guardspro,https://www.guardspro.com/pricing,$5/user/mo (3-user minimum; tiers $8-$10) per https://timeero.com/post/security-guard-software,self-serve public price,"2016 (San Jose, CA)",9 (craft.co); LinkedIn 11-50,https://craft.co/guardspro,self-owned,https://craft.co/guardspro,unverified,unverified,unverified (host blocked),Legacy guardso.com pricing page shows $15/guard/mo https://www.guardso.com/pricing ; GetApp lists Guardso as GuardsPro https://www.getapp.com/security-software/a/guardso/,search-verified (URL-cited)
61,Security guard companies,Novagems,novagems.com,https://novagems.com/security-guard-management-software/,https://www.facebook.com/www.novage.ms/,https://ca.linkedin.com/company/novagems-inc,https://novagems.com/,$20/active user/mo,self-serve public price,"2019 (Burnaby, BC; one source says 2013)",36 (Jun 30 2026); LinkedIn 11-50,https://tracxn.com/d/companies/novagems/__NB1bxtMvjUL5X_BHyujfQzeopaSOdUEFg6oHFQQWlSw,unverified,unverified,unverified,unverified,unverified (host blocked),Scheduling + NFC/QR guard tours; claims 500+ companies. Pricing statement from vendor pages surfaced in search.,search-verified (URL-cited)
61,Security guard companies,Safetrac,safetrac.io,https://safetrac.io/best-security-guard-management-software/,unverified,unverified,https://safetrac.io/best-security-guard-management-software/,"$200/mo first 10 users, then $8/user (11-99); 30-day free trial",self-serve public price,"2024 (Torrance, CA)",unverified,https://tracxn.com/d/companies/safetrac/__BeQTv1XcjoUmnvBP7jotNF3pb7csNkIFovsLKBxJbtU,unverified,unverified,unverified,unverified,unverified (host blocked),"New entrant; pricing stated in its own comparison page. Headcount not shown, so no bonus despite 2024 founding.",search-verified (URL-cited)
61,Security guard companies,Silvertrac (Trackforce),silvertracsoftware.com,https://www.trackforce.com/products/silvertrac/,unverified,unverified,unverified,$249/mo flat for up to 10 devices per https://www.therms.io/best-security-guard-reporting-software/,self-serve public price,2007 (Las Vegas; founder Chris Anderson) https://tracxn.com/d/companies/silvertrac-software/__wvWA2A5lD7tgHZ9k4mGywH8lRmZkvqC8fHDG5qpBIKk,unverified,unverified,acquired by Trackforce Valiant Jan 2020; parent PE-owned (K1 Investment Management),https://www.trackforce.com/products/silvertrac/,unverified,unverified,unverified (host blocked),Field-side guard tours/incident reporting; PE parent evidence https://privateequityinfo.com/directory/private-equity-portfolio-company/trackforce-valiant,search-verified (URL-cited)
61,Security guard companies,THERMS,therms.io,https://www.therms.io/best-security-guard-reporting-software/,unverified,unverified,unverified,unverified,unverified,unverified,unverified,unverified,unverified,unverified,unverified,unverified,unverified (host blocked),Guard reporting software; named via its own roundup page. Pricing not in results.,search-verified (URL-cited)
61,Security guard companies,TrackTik (Trackforce),trackforce.com,https://www.trackforce.com/who-we-serve/organization-types/security-firms/,unverified,unverified,unverified,unverified (per-guard pricing plus implementation fees; quote),contact-sales,unverified,200+ at acquisition (June 2022),https://www.mccarthy.ca/en/experience/trackforce-valiant-acquires-all-of-the-issued-and-outstanding-shares-of-tracktik-software-inc,acquired by Trackforce Valiant (K1-backed) 23 Jun 2022,https://www.trackforce.com/company/press-releases/trackforce-valiant-acquires-tracktik-software-creates-the-worlds-largest-security-workforce-management-company/,unverified,unverified,unverified (host blocked),Enterprise-leaning workforce management for guard firms.,search-verified (URL-cited)
62,Locksmiths,FieldEdge,fieldedge.com,https://fieldedge.com/locksmith-software/,unverified,unverified,unverified,unverified,unverified,unverified,unverified,unverified,unverified,unverified,unverified,unverified,unverified (not searched),Horizontal with locksmith dispatch landing page.,search-verified (URL-cited)
62,Locksmiths,FieldPulse,fieldpulse.com,https://www.fieldpulse.com/solutions/locksmith,unverified,unverified,https://www.fieldpulse.com/pricing,~$89/mo + $30/user (third-party estimate; vendor uses custom per-seat quote),contact-sales (custom quote),2015 (Dallas),unverified,unverified,VC: $50M Series C 2025-08-11 (Fulcrum); total $79.2M,https://contractortoolstack.com/software/fieldpulse/,unverified,unverified,unverified (not searched),Crunchbase: https://www.crunchbase.com/organization/fieldpulse. Locksmith landing page.,search-verified (URL-cited)
62,Locksmiths,Housecall Pro,housecallpro.com,https://www.housecallpro.com/industries/locksmith-software/,unverified,unverified,unverified,unverified,unverified,unverified,unverified,unverified,unverified,unverified,unverified,unverified,unverified (not searched),Horizontal with locksmith landing page.,search-verified (URL-cited)
62,Locksmiths,QuoteIQ,myquoteiq.com,https://myquoteiq.com/top-10-locksmith-field-service-software-in-2026/,unverified,unverified,https://myquoteiq.com/top-10-locksmith-field-service-software-in-2026/,$29.99/mo,self-serve public price (vendor roundup),2022-09-21,unverified,https://myquoteiq.com/about-us/,100% bootstrapped,https://myquoteiq.com/about-us/,"4,100+ reviews, 4.7 stars (vendor claim)",https://myquoteiq.com/about-us/,unverified (not searched),Locksmith dispatch page also: https://myquoteiq.com/best-dispatch-software-locksmith-businesses-2026/,search-verified (URL-cited)
62,Locksmiths,Service Fusion,servicefusion.com,https://www.servicefusion.com/locksmith-software,unverified,unverified,unverified,unverified,unverified,unverified,unverified,unverified,unverified,unverified,unverified,unverified,unverified (not searched),"Horizontal with locksmith landing page. Others named without landing evidence: OctopusPro (https://octopuspro.com/locksmith-software), ManageMart (https://www.managemart.com/locksmith).",search-verified (URL-cited)
62,Locksmiths,ServiceTitan,servicetitan.com,https://www.servicetitan.com/industries/locksmith-software,unverified,unverified,unverified,"unverified (per-technician pricing, quote)",contact-sales,unverified,unverified,unverified,unverified,unverified,unverified,unverified,unverified (not searched),Fits 20+ tech shops per roundup (https://www.cleansavannah.com/post/best-locksmith-software-2026).,search-verified (URL-cited)
62,Locksmiths,TEN4 (Nexent Innovation),ten4soft.com,https://ten4soft.com/industries/locksmith-software/,unverified,unverified,https://ten4soft.com/pricing/,"unverified (pricing page exists; 14-day free trial; monthly, cancel anytime)",free trial; price not in snippet,unverified,unverified,unverified,unverified,unverified,unverified,unverified,unverified (not searched),Vertical-leaning FSM with locksmith dispatch/scheduling pages (https://ten4soft.com/dispatch-and-scheduling-software-for-locksmiths/); QuickBooks Online sync.,search-verified (URL-cited)
62,Locksmiths,Workiz,workiz.com,https://www.workiz.com/industries/locksmiths/,unverified,unverified,https://www.workiz.com/pricing-plans/,Lite free (up to 2 users); Kickstart $187/mo; Standard $229/mo; Pro $270/mo; extra users ~$40-45/user/mo; 7-day trial,"self-serve public price (figures from search summary; attribution among workiz.com/pricing-plans, checkthat.ai, tooleduppro.com)",2015 (launched),157 (May 2026),https://www.crunchbase.com/organization/workiz,VC: $60M total; Series C $40M 2021-11-17,https://www.crunchbase.com/organization/workiz,unverified,unverified,unverified (not searched),"Founded by former locksmiths, call-tracking heavy (https://www.cleansavannah.com/post/best-locksmith-software-2026); San Diego; 100,000+ pros claim.",search-verified (URL-cited)
63,Private investigators,CROSStrax,crosstrax.co,https://www.crosstrax.co/,unverified,unverified,https://www.crosstrax.co/pricing/,"$35/mo Entry (1 admin, 2 investigators); Essential $65; Executive $105; Enterprise $295","self-serve public price, per admin user, month-to-month",unverified,unverified,unverified,started by private investigators; no funding shown,https://www.crunchbase.com/organization/crosstrax,unverified,unverified,unverified (host blocked),Capterra listing https://www.capterra.com/p/154113/CROSStrax/pricing/ (count not shown). Positioned for 3-15 investigator agencies.,search-verified (URL-cited)
63,Private investigators,Case Jacket,casejacket.com,https://casejacket.com/,unverified,unverified,https://casejacket.com/,free plan,free tier (per guideflow roundup),unverified,unverified,unverified,unverified,unverified,unverified,unverified,unverified (host blocked),Free plan noted at https://www.guideflow.com/blog/private-investigator-software; paid tiers unverified.,search-verified (URL-cited)
63,Private investigators,CaseFlow Investigator,caseflowinvestigator.com,https://www.caseflowinvestigator.com/,unverified,unverified,unverified,unverified,unverified,unverified,unverified,unverified,unverified,unverified,unverified,unverified,unverified (host blocked),AI-powered PI platform; surfaced in association search.,search-verified (URL-cited)
63,Private investigators,Deelo,deelo.ai,https://www.deelo.ai/software/invoicing/private-investigators,unverified,unverified,unverified,unverified,unverified,unverified,unverified,unverified,unverified,unverified,unverified,unverified,unverified (host blocked),Horizontal CRM/invoicing with PI landing pages.,search-verified (URL-cited)
63,Private investigators,Kaseware,kaseware.com,https://www.kaseware.com/,unverified,unverified,unverified,unverified,contact-sales,unverified,unverified,unverified,unverified,unverified,unverified,unverified,unverified (host blocked),Enterprise investigative case management built by former investigators; agencies/corporate.,search-verified (URL-cited)
63,Private investigators,THERMS,therms.io,https://www.therms.io/blog/what-software-do-private-investigators-use/,unverified,unverified,https://www.therms.io/pricing/,$45/mo up to 5 users; Capterra lists $25/user/mo,self-serve public price; 14-day free trial,unverified,unverified,unverified,unverified,unverified,unverified,unverified,unverified (host blocked),Security-guard reporting tool marketed to PIs; Capterra listing https://capterra.com/p/149947/The-Report-Management-System/.,search-verified (URL-cited)
63,Private investigators,Tracers,tracers.com,https://www.tracers.com/investigators/,unverified,unverified,unverified,unverified,seat-based tiers (per guideflow),unverified,unverified,unverified,unverified,unverified,unverified,unverified,unverified (host blocked),"Skip-trace database, not practice management; included for context.",search-verified (URL-cited)
63,Private investigators,Trackops,trackops.com,https://www.trackops.com/,unverified,https://www.linkedin.com/company/trackops-llc,https://www.trackops.com/pricing.html,unverified,pricing page exists; amounts not in results,"2006 (Boulder, CO)",2-10 (LinkedIn); 2 (LeadIQ/RocketReach),https://www.linkedin.com/company/trackops-llc,privately held,https://www.crunchbase.com/organization/trackops,unverified,unverified,unverified (host blocked),GetLatka est. $220K ARR (https://getlatka.com/companies/trackops.com).,search-verified (URL-cited)
64,Court reporting agencies,Acclaim Solaria (Acclaim Legal Solutions),acclaimlegal.com,https://www.acclaimlegal.com/acclaim-solaria,https://www.facebook.com/CourtReportingFirmSoftware/,https://www.linkedin.com/company/acclaim-legal-solutions/,https://softwarefinder.com/legal/acclaim-solariara,custom quote,contact-sales,2001 (Fort Collins CO),unverified,https://www.acclaimlegal.com/about,unverified,unverified,unverified,unverified,not searched (host blocked),"Vertical: deposition scheduling, attorney billing, reporter payroll, web/phone portal. Headcount unverified.",search-verified (URL-cited)
64,Court reporting agencies,Acculaw,acculaw.com,https://www.acculaw.com/court-reporting-agency-software.aspx,unverified,unverified,unverified,unverified,unverified,unverified,unverified,unverified,unverified,unverified,unverified,unverified,not searched (host blocked),Vertical court reporting agency software (small & large). No pricing/headcount surfaced.,search-verified (URL-cited)
64,Court reporting agencies,Eclipse (Advantage Software),unverified,https://www.guideflow.com/blog/court-reporting-software,unverified,unverified,unverified,unverified,unverified,unverified,unverified,unverified,unverified,unverified,unverified,unverified,not searched (host blocked),CAT suite for reporters/agencies with integrated billing per roundup; domain not shown in results.,search-verified (URL-cited)
64,Court reporting agencies,Knovos Court Reporting System,knovos.com,https://www.knovos.com/solutions/legal/court-reporting-system/,unverified,unverified,unverified,unverified,contact-sales,unverified,unverified,unverified,unverified,unverified,unverified,unverified,not searched (host blocked),Legal-tech vendor module for court reporting firms; enterprise-oriented.,search-verified (URL-cited)
64,Court reporting agencies,RepAgencyWorks (Chase Software),repagencyworks.com,https://devel.repagencyworks.com/,https://www.facebook.com/repagencyworks/,unverified,https://devel.repagencyworks.com/pricing.html,"base not captured; add-ons $55/mo each (Transcript Production, NACHA file generation, extra TB repository)",self-serve public price (pricing page; base tier not captured),unverified,unverified,unverified,unverified,unverified,unverified,unverified,not searched (host blocked),"Vertical web-based agency management: calendar, production, storage, invoicing, payroll. Copyright Chase Software 2026 (https://www.zoominfo.com/c/chase-software/411205399).",search-verified (URL-cited)
64,Court reporting agencies,ReporterBase RB9 (OMTI),omti.com,https://www.omti.com/rb/products/rb-9/index.html,unverified,https://www.linkedin.com/company/omti,https://www.omti.com/rb/products/pricing-guide.html,"from $250/mo (subscription, month-to-month; RB9 Lite lower)",self-serve public price,OMTI founded 1992; ReporterBase first developed 1985,unverified,https://www.omti.com/company/index.html,unverified,unverified,unverified,unverified,not searched (host blocked),"Vertical agency office-management SaaS (scheduling, billing, repository, RB Connect portal); 30-day money-back. CEO Stella Chang (https://www.omti.com/company/). RB9 LinkedIn showcase: https://www.linkedin.com/showcase/reporterbase-9/. Headcount unverified.",search-verified (URL-cited)
65,Process servers,4serve,4serve.com,https://www.crosstrax.co/best-process-server-apps/,unverified,unverified,unverified,described as 'affordable' for small teams; no figure,unverified,unverified,unverified,unverified,unverified,unverified,unverified,unverified,not searched (budget reserved for tool discovery),"Cloud/mobile process-serving app (GPS-stamped photos, attempt logging, proof of service, skip tracing, billing) named in crosstrax and zipdo roundups (https://zipdo.co/best/process-server-software/). Domain 4serve.com cited by crosstrax result; no vendor page surfaced.",search-verified (URL-cited)
65,Process servers,Process Server's Toolbox (PST) - DreamBuilt Software,dbsinfo.com,https://www.dbsinfo.com/Products/OurSoftware,unverified,https://www.linkedin.com/company/dreambuiltsoftware,https://sourceforge.net/software/product/Process-Servers-Toolbox/,starts $40/mo; free trial (third-party listing),free trial (third-party price),1988,unverified,unverified,private (PitchBook profile exists; no rounds seen),https://pitchbook.com/profiles/company/547087-06,unverified,unverified,not searched (budget reserved for tool discovery),"Legacy leader: 'thousands of users in over 700 companies' per https://www.dbsinfo.com/About; founder Bob Musser, Winter Park FL. Web + mobile app, job trading, client dashboard. LinkedIn https://www.linkedin.com/company/dreambuiltsoftware.",search-verified (URL-cited)
65,Process servers,ServeManager,servemanager.com,https://www.servemanager.com/,unverified,https://www.linkedin.com/company/servemanager,https://www.servemanager.com/pricing,"$51.74/mo (75 jobs); $102.45/mo (150 jobs); $190.43/mo (300 jobs); custom for 500+; free trial, no contract",self-serve public price,2007,11-50 (LinkedIn),https://www.linkedin.com/company/servemanager,backed by ServeNow (private; no round data seen),https://www.servemanager.com/,unverified,unverified,not searched (budget reserved for tool discovery),"Vertical job-lifecycle tool for process servers (assignment, GPS attempts, affidavits, e-filing, directory). Denver CO. Prices from result summary for 'ServeManager pricing per month' (vendor pricing page in result set). Also https://gregslist.com/denver/company/servemanager/.",search-verified (URL-cited)
66,Notaries & loan signing agents,CloseWise,closewise.com,https://www.closewise.com/notary-signing-agents/,unverified,https://www.linkedin.com/company/closewise,https://www.closewise.com/pricing/,Free tier; Pro $15/month; Pro+ $40/month,freemium monthly; also pay-as-you-grow per-closing plans,2020,11-50 (LinkedIn),https://www.linkedin.com/company/closewise,unverified,unverified,unverified,unverified,unverified,"Lexington SC; scheduling, invoicing, mileage, marketplace listing, AI website builder",search-verified (URL-cited)
66,Notaries & loan signing agents,NotaryAssist,notaryassist.com (domain not confirmed by a result),https://frontdeskreview.com/best/notary-software/,unverified,unverified,https://frontdeskreview.com/best/notary-software/,$8.99/month (marketing add-on $59.99/month),monthly subscription,unverified,unverified,unverified,unverified,unverified,unverified,unverified,unverified,Accounting + appointment import + listings marketplace; named in frontdeskreview and notarycentral comparisons,search-verified (URL-cited)
66,Notaries & loan signing agents,NotaryCentral,notarycentral.org,https://www.notarycentral.org/notary-app-comparison,unverified,unverified,unverified,unverified,unverified,unverified,unverified,unverified,unverified,unverified,unverified,unverified,unverified,Publishes a comparison vs NotaryGadget/NotaryAssist/CloseWise; own pricing not surfaced,search-verified (URL-cited)
66,Notaries & loan signing agents,NotaryDash,notarydash.com (domain not confirmed by a result),https://www.closewise.com/best-notary-apps-for-signing-agents-2026/,unverified,unverified,unverified,unverified,unverified,unverified,unverified,unverified,unverified,unverified,unverified,unverified,unverified,Named in CloseWise 2026 ranking only,search-verified (URL-cited)
66,Notaries & loan signing agents,NotaryGadget,notarygadget.com,https://www.notarygadget.com/,unverified,unverified,https://www.closewise.com/notarygadget-vs-notaryassist-vs-closewise-a-fair-notary-software-comparison/,~$11.95/month (per competitor comparison page),monthly subscription,unverified,1 employee; $3M revenue 2025 (Tracxn),https://tracxn.com/d/companies/notarygadget/__Etswun0IlLhU1bwbICl6utUmxW8z_tqQy_byhcMhgyc,no funding rounds (bootstrapped),https://tracxn.com/d/companies/notarygadget/__Etswun0IlLhU1bwbICl6utUmxW8z_tqQy_byhcMhgyc,unverified,unverified,unverified,Founder/CEO Steve Bjorkman https://www.linkedin.com/in/steve-bjorkman-85156348/ ; auto-imports orders from Snapdocs/SigningOrder; IRS notarial-act deduction calc,search-verified (URL-cited)
66,Notaries & loan signing agents,QuoteIQ,myquoteiq.com,https://myquoteiq.com/top-8-softwares-for-mobile-notary-businesses-in-2026/,unverified,unverified,https://myquoteiq.com/crm-for-backflow-testing-companies/,$29.99/month (Essentials),per-month subscription,unverified,unverified,unverified,unverified,unverified,unverified,unverified,unverified,Horizontal FSM with mobile-notary landing page; price cited from its backflow page for same product,search-verified (URL-cited)
66,Notaries & loan signing agents,SigningOrder,signingorder.com (domain not confirmed by a result),https://www.closewise.com/top-5-notary-signing-agent-platforms/,unverified,unverified,unverified,unverified,unverified,unverified,unverified,unverified,unverified,unverified,unverified,unverified,unverified,Signing-order platform named as auto-import source; no pricing surfaced,search-verified (URL-cited)
66,Notaries & loan signing agents,Snapdocs,snapdocs.com,https://www.snapdocs.com/notaries,unverified,unverified,unverified,unverified,marketplace/order platform (lender/title pays),unverified,384,https://pitchbook.com/profiles/company/63692-65,"$267M raised, 31 investors",https://pitchbook.com/profiles/company/63692-65,unverified,unverified,unverified,"Gatekeeper: title/escrow assign signings via ranked notary list; 140,000+ notaries; 175,000+ closings/month",search-verified (URL-cited)
67,Bail bond agencies,BailBooks,bailbooks.com,https://www.bailbooks.com/pricing.aspx,unverified,unverified,https://www.bailbooks.com/pricing.aspx,$55/mo (month-to-month; tiers by agents/users/bond volume),self-serve public price,unverified,unverified,unverified,unverified,unverified,unverified,unverified,unverified (host blocked),"Price per https://www.guideflow.com/blog/bail-bonds-software; all plans include AI bond intake, AI phone agents, e-sign packets, mobile apps. ZoomInfo profile https://www.zoominfo.com/c/bailbooks/348422882 (headcount not in snippet). SourceForge listing https://sourceforge.net/software/product/Bailbooks/.",search-verified (URL-cited)
67,Bail bond agencies,BailVision,bailvision.com,https://www.bailvision.com/,unverified,unverified,unverified,unverified,unverified,unverified,unverified,unverified,unverified,unverified,unverified,unverified,unverified (host blocked),Power-of-attorney inventory management; submits/pays reports electronically to sureties for replacement powers (surety-facing workflow).,search-verified (URL-cited)
67,Bail bond agencies,Bailtec,bailtec.com,https://bailtec.com/,unverified,unverified,unverified,unverified,unverified,unverified,unverified,unverified,unverified,unverified,unverified,unverified,unverified (host blocked),Named in search result only.,search-verified (URL-cited)
67,Bail bond agencies,Captira,captira.com,https://www.captira.com/,unverified,https://www.linkedin.com/company/captira-analytical,https://www.captira.com/pages/pricing-bail-management,"$1 first month, then $99/mo (unlimited agents & defendants); add-ons: Defendant Watch $10/mo, reminders $0.05/msg, Bail Pay $29/mo",self-serve public price,unverified,unverified,unverified,Crunchbase profile (Captira Analytical); rounds not in snippet,https://www.crunchbase.com/organization/captira-analytical,unverified,unverified,unverified (host blocked),'Building bail software for more than 15 years'; clients processed >$5B bail/yr per search summary. Ranks #1 in SourceForge small-business bail category (https://sourceforge.net/software/bail-bond-agency/for-small-business/). Vendor comparison page https://www.captira.com/pages/bail-software-comparison.,search-verified (URL-cited)
67,Bail bond agencies,EbailSoft,ebailsoft.cloudx30.com,https://ebailsoft.cloudx30.com/,unverified,unverified,unverified,unverified,unverified,unverified,unverified,unverified,unverified,unverified,unverified,unverified,unverified (host blocked),Named in search result only.,search-verified (URL-cited)
67,Bail bond agencies,Simply Bail,simplybail.com,https://simplybail.com/,unverified,unverified,https://sourceforge.net/software/product/Simply-Bail/,$99/mo (tailored plans; contact for quote),contact-sales,unverified,unverified,unverified,unverified,unverified,unverified,unverified,unverified (host blocked),Starting price only via SourceForge listing; arrest-alert monitoring extra.,search-verified (URL-cited)
67,Bail bond agencies,eBail,ebail.app,https://ebail.app/,https://www.facebook.com/ebailapp/,unverified,https://ebail.app/pricing/,$99/mo (Premium); Pro $199/mo; General Managing Agency $349/mo; 20% off annual; $1 trial,self-serve public price,unverified,unverified,unverified,unverified,unverified,unverified,unverified,unverified (host blocked),Up to 5 logins on lowest plan; per-document e-sign fees and 2.89% + $0.30 per payment on top (per https://bailsoft.com/ebail-alternative). $1 trial page https://ebail.app/1-dollar-trial-offer/.,search-verified (URL-cited)
67,Bail bond agencies,iBail,ibail.app,https://ibail.app/pricing,unverified,unverified,https://ibail.app/pricing,unverified,unverified,unverified,unverified,unverified,unverified,unverified,unverified,unverified,unverified (host blocked),Pricing page exists in results; amounts not in snippet.,search-verified (URL-cited)
67,Bail bond agencies,iGUARANTEE (carrier-side electronic powers),unverified,https://www.insurancejournal.com/services/newswire/2020/07/15/575038.htm,unverified,unverified,unverified,unverified,unverified,2019,unverified,unverified,unverified,unverified,unverified,unverified,unverified (host blocked),"Lets surety carriers issue electronic powers and assign to MGAs/agents; evidence of the surety layer, not an agency tool.",search-verified (URL-cited)
68,Translation & interpreting agencies,Anolla,anolla.com,https://anolla.com/en/interpreter-software,unverified,unverified,https://www.capterra.com/p/10031414/anolla/,EUR 11.99/user/mo (Plus); free version and free trial,self-serve public price (third-party listing) / free trial,unverified,unverified,unverified,unverified,unverified,unverified,unverified,unverified (host blocked),"Generic scheduling tool with an interpreter-agency landing page (dynamic pricing by language pair, automated client comms). Founded/headcount not in results.",search-verified (URL-cited)
68,Translation & interpreting agencies,Awtomated,awtomated.com,https://awtomated.com/awtomated-vs-protemos-an-honest-comparison-for-small-translation-businesses-in-2026/,unverified,unverified,unverified,unverified,unverified,unverified,unverified,unverified,unverified,unverified,unverified,unverified,unverified (host blocked),Positions itself for small LSPs vs Protemos/Plunet/XTRF (vendor comparison posts). Pricing/founded/headcount not in results.,search-verified (URL-cited)
68,Translation & interpreting agencies,BeLazy,belazy.cat,https://belazy.cat/pricing/,unverified,unverified,https://belazy.cat/pricing/,pricing page in results; amounts not shown,unverified,unverified,unverified,unverified,unverified,unverified,unverified,unverified,unverified (host blocked),Automation/connector layer between TMS/TBMS platforms for LSPs; only the pricing URL surfaced.,search-verified (URL-cited)
68,Translation & interpreting agencies,Boostlingo,boostlingo.com,https://boostlingo.com/solutions/interpretation-management-system/,unverified,unverified,https://boostlingo.com/resources/pricing/,monthly subscription + per-minute rates; amounts not public,contact-sales,unverified,~305 employees (2026),https://getlatka.com/companies/boostlingo,"$3.4M Series A (2018, Mainsail Partners); $37M ARR, $111M valuation per Latka",https://www.crunchbase.com/organization/boostlingo,unverified,unverified,unverified (host blocked),Interpreting platform (OPI/VRI/on-site scheduling); acquired Interpreter Intelligence and VoiceBoxer in 2022 (https://pitchbook.com/profiles/company/438964-93).,search-verified (URL-cited)
68,Translation & interpreting agencies,Interpreter Intelligence,interpreterintelligence.com,https://www.interpreterintelligence.com/pricing/,unverified,https://www.linkedin.com/company/interpreter-intelligence,https://www.interpreterintelligence.com/pricing/,customizable; not public,contact-sales,unverified,15 employees,https://www.crunchbase.com/organization/interpreter-intelligence,acquired by Boostlingo on 2022-03-10,https://www.crunchbase.com/organization/interpreter-intelligence,unverified,unverified,unverified (host blocked),"Interpreter credentialing, scheduling, dispatching, compliance, rate plans (https://interpreterintelligence.zendesk.com/hc/en-us/articles/12922525547803-Rate-Plan-Interpreter). Ranked top in 2026 roundups (https://gitnux.org/best/interpreter-scheduling-software/). Headcount is the acquired unit; parent Boostlingo ~305 staff.",search-verified (URL-cited)
68,Translation & interpreting agencies,Plunet BusinessManager,plunet.com,https://www.plunet.com/en/,unverified,unverified,unverified,"quote-based; comparison blog cites EUR 500-1,500/month",contact-sales,unverified,unverified,unverified,unverified,unverified,unverified,unverified,unverified (host blocked),Enterprise TBMS ('full ERP for the language industry'); implementation rather than signup (https://chatscontrol.com/blog/translation-agency-project-management-plunet-xtrf-protemos). G2 compare: https://www.g2.com/compare/plunet-vs-xtrf-translation-management-system.,search-verified (URL-cited)
68,Translation & interpreting agencies,Protemos,protemos.com,https://protemos.com/,unverified,https://www.linkedin.com/company/protemos,https://www.capterra.com/p/172883/Protemos/,EUR 68/user/mo (3-month plan); EUR 59/manager/mo (annual); free version; 1-month free trial,self-serve public price (third-party listing) / free trial,2014,unverified,unverified,unverified,unverified,unverified,unverified,unverified (host blocked),"Translation business management system for small/mid LSPs (clients, vendors, projects, finance). Kyiv, Ukraine; CEO Volodymyr Kukharenko (https://www.crunchbase.com/organization/protemos). Prices also quoted at https://chatscontrol.com/blog/translation-agency-project-management-plunet-xtrf-protemos.",search-verified (URL-cited)
68,Translation & interpreting agencies,XTRF,unverified,https://www.g2.com/compare/plunet-vs-xtrf-translation-management-system,unverified,unverified,unverified,"entry-level pricing $9,000 (comparison blogs)",contact-sales,unverified,unverified,unverified,unverified,unverified,unverified,unverified,unverified (host blocked),"Mid-market TBMS; $9,000 entry figure from https://chatscontrol.com/blog/translation-agency-project-management-plunet-xtrf-protemos and https://awtomated.com/awtomated-vs-plunet-vs-xtrf-which-translation-business-management-system-is-right-for-your-lsp/. Domain not shown in results.",search-verified (URL-cited)
69,Light-industrial staffing agencies,Avionté,avionte.com,https://ustechautomations.com/resources/blog/automate-avionte-vs-tempworks-for-staffing-agencies-2026,unverified,https://www.linkedin.com/company/avionte-staffing-software,unverified,unverified (does not publish rates; quotes individually per https://www.pin.com/blog/staffing-agency-software/),contact-sales,"2005 (Bloomington, MN)",307,https://pitchbook.com/profiles/company/64803-52,PE: Serent Capital growth investment; buyout/LBO with AkkenCloud 22 Aug 2024,https://www.avionte.com/news/avionte-staffing-software-joins-forces-serent-capital/,unverified,unverified,unverified (host blocked),Built for high-volume light-industrial/clerical staffing with native payroll & billing. Revenue $40.8M per https://www.konaequity.com/company/aviont%C3%A9-staffing-software-inc-4040020515/,search-verified (URL-cited)
69,Light-industrial staffing agencies,Bullhorn (Light Industrial),bullhorn.com,https://www.bullhorn.com/light-industrial/,unverified,unverified,unverified,"$99/user/mo Starter, $165 Core (third-party; Bullhorn publishes no rates) per https://www.pin.com/blog/staffing-agency-software/",contact-sales,unverified,unverified,unverified,unverified,unverified,unverified,unverified,unverified (host blocked),Horizontal staffing platform with dedicated light-industrial landing page. Third-party price only.,search-verified (URL-cited)
69,Light-industrial staffing agencies,Ceipal,unverified,https://www.noon.ai/blog/articles/247-recruiting-agency-software,unverified,unverified,unverified,$24/user/mo (5-seat minimum on annual contract; 14-day trial),self-serve public price,unverified,unverified,unverified,unverified,unverified,unverified,unverified,unverified (host blocked),"Staffing-vertical ATS, not light-industrial-specific. Domain not shown in results.",search-verified (URL-cited)
69,Light-industrial staffing agencies,Crelate,unverified,https://www.noon.ai/blog/articles/247-recruiting-agency-software,unverified,unverified,unverified,$85/user/mo Essentials; $119 Business,self-serve public price,unverified,unverified,unverified,unverified,unverified,unverified,unverified,unverified (host blocked),Staffing/recruiting-vertical; more perm/boutique than light-industrial. Domain not shown in results.,search-verified (URL-cited)
69,Light-industrial staffing agencies,TempWorks,unverified,https://www.guideflow.com/blog/staffing-software,unverified,https://www.linkedin.com/company/tempworks-software,unverified,$49/user/mo published (third-party reports $80-$130/user/mo plus implementation) per https://firsthr.app/compare/hiring/staffing-agency-software,self-serve public price,"1997 (Eagan, MN)",105,https://pitchbook.com/profiles/company/88880-77,private,https://pitchbook.com/profiles/company/88880-77,unverified,unverified,unverified (host blocked),Category default for light-industrial temp staffing (ATS+CRM+payroll+funding). Inc. 5000 multiple years.,search-verified (URL-cited)
70,DOT / trucking compliance consultants,Avatar DriverHub,avatarfleet.com,https://www.avatarfleet.com/dot-compliance-software,unverified,unverified,unverified,unverified,unverified,unverified,unverified,unverified,unverified,unverified,unverified,unverified,unverified,DQF management from AvatarFleet (also publishes cost guide https://www.avatarfleet.com/blog/how-much-does-driver-compliance-software-cost),search-verified (URL-cited)
70,DOT / trucking compliance consultants,CarrierLens,carrierlens.com,https://www.carrierlens.com/,unverified,unverified,unverified,unverified,unverified,unverified,unverified,unverified,unverified,unverified,unverified,unverified,unverified,DQF + drug testing + MVR monitoring + CSA + HOS in one platform; pricing not surfaced,search-verified (URL-cited)
70,DOT / trucking compliance consultants,DOTDriverFiles,dotdriverfiles.com,https://dotdriverfiles.com/,unverified,unverified,https://dotdriverfiles.com/pricing/,Free plan (pay per MVR/PSP report); Pro $5/driver/month; Pro+ $5/driver + $2/vehicle,"per driver per month, no setup fee, cancel anytime",unverified,unverified,unverified,unverified,unverified,unverified,unverified,unverified,Self-serve DQF with instant MVR/PSP ordering,search-verified (URL-cited)
70,DOT / trucking compliance consultants,DQM Connect,dqmconnect.com,https://dqmconnect.com/,unverified,unverified,https://marketplace.geotab.com/solutions/dqmconnect/,contact for quote,quote,2000,10 (Apr 30 2026),https://tracxn.com/d/companies/dqm-connect/__hE5Htz3GK7Ho3wwvz4jeoGo-CJjraNviLa-XYXcYKTE,unverified,unverified,unverified,unverified,unverified,"Auburn-based DQF/applicant management; Geotab integration; fleets 5 to 5,000+ drivers",search-verified (URL-cited)
70,DOT / trucking compliance consultants,Driver File Hub,driverfilehub.com,https://driverfilehub.com/pricing/,unverified,unverified,https://driverfilehub.com/pricing/,pricing page exists; figures not surfaced,unverified,unverified,unverified,unverified,unverified,unverified,unverified,unverified,unverified,DQF tool with public pricing page,search-verified (URL-cited)
70,DOT / trucking compliance consultants,FileFlo,getfileflo.com,https://www.getfileflo.com/blog/best-dot-compliance-software-2026,unverified,unverified,https://www.g2.com/products/fileflo/pricing,$89/month Starter; $299/month Professional flat,"flat monthly, unlimited users/docs, no per-driver fees",unverified,unverified,unverified,unverified,unverified,unverified,unverified,unverified,Founder Chad Griffith; AI document classification + audit binder; targets 5-50 truck fleets and consultants. Bootstrapped status unverified.,search-verified (URL-cited)
70,DOT / trucking compliance consultants,FleetDrive 360,fleetdrive360.com,https://www.fleetdrive360.com/pricing/,unverified,unverified,https://www.fleetdrive360.com/pricing/,pricing page exists; figures not surfaced,unverified,unverified,unverified,unverified,unverified,unverified,unverified,unverified,unverified,Fleet compliance suite with services pricing page,search-verified (URL-cited)
70,DOT / trucking compliance consultants,Safety Compliance Tracker,safetycompliancetracker.com,https://safetycompliancetracker.com/dot-consultant-software/,unverified,unverified,unverified,unverified,unverified,unverified,unverified,unverified,unverified,unverified,unverified,unverified,unverified,"Explicit multi-client 'DOT consultant software' page: manage multiple fleets, DQ files, med card/MVR expirations. Pricing and headcount not surfaced.",search-verified (URL-cited)
71,Bookkeeping practices,Canopy,unverified,unverified,unverified,unverified,https://financial-cents.com/financial-cents-vs-canopy/,$74-$149/user/mo before add-ons,self-serve public price (competitor comparison page),unverified,unverified,unverified,unverified,unverified,unverified,unverified,unverified (not searched),"Tax-firm oriented; client portal, IRS integration.",search-verified (URL-cited)
71,Bookkeeping practices,Financial Cents,financial-cents.com,https://financial-cents.com/resources/articles/bookkeeping-practice-management-software/,unverified,unverified,https://financial-cents.com/pricing/,"Solo $19/user/mo; Team $49; Scale $69 (annual); monthly Team $69, Scale $89 (min 5 users); 14-day trial",self-serve public price,2017,37,https://pitchbook.com/profiles/company/437538-07,VC: $40M Series B Aug 2024 (Camber Creek); $77M total,https://pitchbook.com/profiles/company/437538-07,unverified,unverified,unverified (not searched),Nashville TN. Crunchbase: https://www.crunchbase.com/organization/financial-cents. Practice management for bookkeeping/accounting firms (2-30 staff).,search-verified (URL-cited)
71,Bookkeeping practices,Jetpack Workflow,jetpackworkflow.com,https://jetpackworkflow.com/for-bookkeepers/,unverified,unverified,https://jetpackworkflow.com/pricing/,"$30/user/mo annual; $45/user/mo monthly (third-party summary); Starter & Premium plans; onboarding packages $299 / $1,299",self-serve public price,2014 (Pittsburgh),unverified,unverified,unverified,unverified,unverified,unverified,unverified (not searched),"6,000+ customers claim; founded/price figures from https://www.selecthub.com/p/accounting-practice-management-software/jetpack-workflow/ (attribution among selecthub/getuku/pricingnow in result set).",search-verified (URL-cited)
71,Bookkeeping practices,Karbon,unverified,unverified,unverified,unverified,https://financial-cents.com/financial-cents-vs-karbon/,$59-$89/user/mo,self-serve public price (competitor comparison page),unverified,unverified,unverified,unverified,unverified,unverified,unverified,unverified (not searched),Mid-to-large firm workflow; named in https://getuku.com/articles/karbon-alternatives/,search-verified (URL-cited)
71,Bookkeeping practices,Keeper (rebranded Double),unverified,unverified,unverified,unverified,https://curatesuite.com/accounting/tools/keeper,$8/client/mo Standard; $10/client/mo Premium; unlimited users,self-serve public price (third-party),2021,unverified,unverified,VC: $12M raised; Y Combinator,https://curatesuite.com/accounting/tools/keeper,unverified,unverified,unverified (not searched),"Month-end close and bookkeeping review inside QBO/Xero; Austin TX; founders Kenny Song, Ben Stein. Crunchbase: https://www.crunchbase.com/organization/keeper-5ca0; Capterra: https://www.capterra.com/p/10012825/Keeper/",search-verified (URL-cited)
71,Bookkeeping practices,TaxDome,unverified,unverified,unverified,unverified,unverified,unverified,unverified,unverified,unverified,unverified,unverified,unverified,unverified,unverified,unverified (not searched),Named in roundup https://financial-cents.com/resources/articles/bookkeeping-practice-management-software/ ; not researched further.,search-named (no URL captured)
71,Bookkeeping practices,Uku,getuku.com,https://getuku.com/articles/best-accounting-practice-management-software/,unverified,unverified,https://getuku.com/pricing/,Solo $19/member/mo; Team $38; Elite $48; Enterprise $88 (annual billing),self-serve public price,unverified,unverified,unverified,unverified,unverified,unverified,unverified,unverified (not searched),"Founders Rain Allikvee, Jaanus Lang; 1,000+ clients claim (https://getuku.com/pricing/).",search-verified (URL-cited)
72,Tax preparation offices,Bookedin,bookedin.com,https://bookedin.com/tax-preparation-services-online-appointment-booking-software/,unverified,unverified,unverified,unverified,unverified,unverified,unverified,unverified,unverified,unverified,unverified,unverified,unverified (host blocked),Horizontal booking with tax-preparer landing page.,search-verified (URL-cited)
72,Tax preparation offices,Canopy,getcanopy.com,https://www.getcanopy.com/,unverified,unverified,https://www.getcanopy.com/blog/canopy-vs-taxdome/,$74/user/mo Standard (annual); Plus $109; Premium $149,"self-serve public price, per user",unverified,unverified,unverified,unverified,unverified,unverified,unverified,unverified (host blocked),Price snippet attribution among result set (getcanopy.com blogs / guideflow).,search-verified (URL-cited)
72,Tax preparation offices,Conecta CRM,holaconecta.com,https://holaconecta.com/crm-for-tax-pros,unverified,unverified,https://holaconecta.com/pricing,unverified,pricing page exists (Lite/Pro); amounts not in results; unlimited users,unverified,unverified,unverified,unverified,unverified,unverified,unverified,unverified (host blocked),Bilingual CRM for independent tax preparers; city landing pages.,search-verified (URL-cited)
72,Tax preparation offices,EZnet Scheduler,eznetscheduler.com,https://eznetscheduler.com/industry/tax-service-scheduling-software/,unverified,unverified,unverified,unverified,unverified,unverified,unverified,unverified,unverified,unverified,unverified,unverified,unverified (host blocked),Horizontal scheduler with tax-preparer landing page.,search-verified (URL-cited)
72,Tax preparation offices,ProClient,proclient.com,https://proclient.com/,unverified,unverified,https://proclient.com/pricing/,unverified,pricing page exists (2 plans); 14-day trial; amounts not in results,unverified,unverified,unverified,unverified,unverified,unverified,unverified,unverified (host blocked),Tax office scheduling + document management.,search-verified (URL-cited)
72,Tax preparation offices,SuiteDash,suitedash.com,https://suitedash.com/use-cases/client-portal-software-for-tax-preparation-practice-office/,unverified,unverified,unverified,unverified,unverified,unverified,unverified,unverified,unverified,unverified,unverified,unverified,unverified (host blocked),Horizontal client portal with tax-office use-case page.,search-verified (URL-cited)
72,Tax preparation offices,TaxDome,taxdome.com,https://taxdome.com/,unverified,https://www.linkedin.com/posts/taxdome_did-you-know-taxdome-is-bootstrapped-since-activity-7419770955696332800-JsDp,https://taxdome.com/blog/best-tax-practice-management-software,from $58/mo flat,self-serve public price (flat),Mar 2017 (Victor & Ilya Radzinsky),323 (Tracxn),https://tracxn.com/d/companies/taxdome/__Gj7VA8Lr09osJkQVJnATk7aHyL-VhDK3gx1nn9zXX4o,bootstrapped since 2017,https://www.linkedin.com/posts/taxdome_did-you-know-taxdome-is-bootstrapped-since-activity-7419770955696332800-JsDp,unverified,unverified,unverified (host blocked),Price snippet attribution among result set (taxdome.com blog / checkthat.ai). About page https://taxdome.com/about. PitchBook https://pitchbook.com/profiles/company/279507-88.,search-verified (URL-cited)
72,Tax preparation offices,Taxaroo,taxaroo.com,https://taxaroo.com/,unverified,https://www.linkedin.com/company/taxaroo,https://taxaroo.com/pricing/,$79/mo or $790/yr (2 users); +$75 per extra user,self-serve public price,"2014 (Sheridan, WY)",11-50 (LinkedIn),https://www.linkedin.com/company/taxaroo,unverified,unverified,unverified,unverified,unverified (host blocked),Capterra https://www.capterra.com/p/168924/Taxaroo/ ; G2 pricing page listed.,search-verified (URL-cited)
73,Medical billing companies,AdvancedMD (AdvancedBiller),advancedmd.com,https://www.advancedmd.com/medical-billing/for-billing-services/,unverified,unverified,https://www.advancedmd.com/software-pricing/,"$229 to $1,070/mo tier for billing companies by client count (third-party); $429-$1,070/provider/mo packages (vendor blog https://www.advancedmd.com/blog/the-best-medical-billing-software-of-2026-features-pricing-and-performance-compared/)",self-serve public price (partly third-party),unverified,unverified,unverified,unverified,unverified,unverified,unverified,not searched (host blocked),AdvancedBiller Grow partner program with marketplace listing and premium support (https://www.advancedmd.com/learn/why-choose-billing-services-partner/).,search-verified (URL-cited)
73,Medical billing companies,CollaborateMD,collaboratemd.com,https://www.collaboratemd.com/pricing/medical-billing-and-labs/,unverified,unverified,https://www.collaboratemd.com/pricing/medical-billing-and-labs/,$235/mo minimum for medical billing services; per-claim from $0.32; practices $225/provider/mo,self-serve public price,unverified,unverified,unverified,unverified,unverified,unverified,unverified,not searched (host blocked),Dedicated billing-service pricing page. Per-claim/minimum figures summarized from https://pricingnow.com/question/collaboratemd-pricing/ and https://intuitionlabs.ai/software/medical-billing-claims-management/practice-management-systems-billing-module/collaboratemd.,search-verified (URL-cited)
73,Medical billing companies,EZClaim,ezclaim.com,https://ezclaim.com/features-pricing/,unverified,unverified,https://ezclaim.com/features-pricing/,$149/mo (Software Finder); $159/mo per biller and $79/user/mo also cited,self-serve public price (third-party figures; vendor page not read),unverified,unverified,unverified,unverified,unverified,unverified,https://www.capterra.com/p/106348/EZClaim-Medical-Billing/,not searched (host blocked),"'Great fit for Billing Services, multiple company files' (https://www.selecthub.com/p/medical-billing-software/ezclaim/).",search-verified (URL-cited)
73,Medical billing companies,ImagineSoftware (ImagineOne),imagineteam.com,https://imagineteam.com/specialties/billing-companies/,unverified,https://www.linkedin.com/company/technology-partners-inc--dba-imagine-software-,unverified,unverified,contact-sales,2000 (Charlotte NC),~204 (2026),https://getlatka.com/companies/imagine-software-,grew to $66M revenue without VC; acquired by Marlin Equity Partners Nov 23 2021; strategic investment from Mountaingate Capital,https://www.crunchbase.com/organization/technology-partners-dba-imagine-software,unverified,unverified,not searched (host blocked),Vertical RCM platform with dedicated billing-company specialty page; 47+ specialties; founder Sam Khashman.,search-verified (URL-cited)
73,Medical billing companies,PracticeSuite,practicesuite.com,https://practicesuite.com/medical-billing-company/,unverified,unverified,https://practicesuite.com/products/pricing/,tailored plan for billing companies; amounts not shown,contact-sales,unverified,unverified,unverified,unverified,unverified,unverified,unverified,not searched (host blocked),"Multi-practice SSO dashboard across client accounts, denials/ERAs across clients; second landing https://practicesuite.com/who-we-serve/medical-billing-companies/.",search-verified (URL-cited)
73,Medical billing companies,Tebra (Kareo),tebra.com,unverified (billing-company partner program referenced only in third-party docs: https://medibilling.app/docs/tebra-pricing-explained),unverified,unverified,https://www.tebra.com/pricing,"Billing Starter $99/provider/mo non-physician, $199 physician (<100 claims/mo); $49-$799/provider/mo range",self-serve public price (custom-quote model; figures via https://pabau.com/blog/tebra-pricing/),unverified,unverified,unverified,unverified,unverified,unverified,unverified,not searched (host blocked),Partners with billing companies; no dedicated vendor landing page surfaced.,search-verified (URL-cited)
74,Land surveyors,Cyanic Job Book,getjobbook.com,https://getjobbook.com/project-management-for-surveyors,unverified,unverified,https://getjobbook.com/pricing,Basic plan $10 per user/mo; free plan available (another listing says from $40 per user/mo),self-serve public price,2014,4 (Jul 2024); fewer than 10,https://www.crunchbase.com/organization/cyanic-automation,no funding seen (Crunchbase profile),https://www.crunchbase.com/organization/cyanic-automation,unverified,unverified,not searched (budget reserved for tool discovery),"Vertical project management for land surveyors (Edmonton AB; founders Michael Heath, Doug Kondor). Price tiers from result summary for 'Cyanic Job Book pricing' (vendor pricing page, capterra, getapp in set). Publishes Pimarc-alternatives page (https://getjobbook.com/pimarc-alternatives).",search-verified (URL-cited)
74,Land surveyors,Kudurru Stone,kudurrustone.com,https://kudurrustone.com/,unverified,https://www.linkedin.com/company/kudurru-stone-llc,https://kudurrustone.com/pricing,"3 plans starting at $25 (TrustRadius); role-based pricing, about $100/mo for a 10-person firm per vendor page",self-serve public price,"beta 2017, released 2018",2-10 (LinkedIn),https://www.linkedin.com/company/kudurru-stone-llc,unverified,unverified,unverified,unverified,not searched (budget reserved for tool discovery),"Vertical PM for US land surveying firms (Idaho; founder Greg Wunz, building surveying software since 2001 per https://kudurrustone.com/about). Crew scheduling, time tracking, QuickBooks invoicing. $25 figure from https://www.trustradius.com/products/kudurru-stone/pricing.",search-verified (URL-cited)
74,Land surveyors,Pimarc,pimarc.com,https://www.pimarc.com/land-surveyors,unverified,unverified,unverified,unverified,contact-sales,released 2004,unverified,unverified,unverified,unverified,unverified,unverified,not searched (budget reserved for tool discovery),Legacy PM + Survey Records Index built by land surveyors (Holstead & Redmond) and sold by PRLINFO SYSTEMS (https://www.pimarc.com/land-surveyor/about-pimarc). No pricing published in results.,search-verified (URL-cited)
74,Land surveyors,Project Tracker Pro,projecttrackerpro.com,https://projecttrackerpro.com/,unverified,unverified,unverified,unverified,unverified,unverified,unverified,unverified,unverified,unverified,unverified,unverified,not searched (budget reserved for tool discovery),"Project management for land surveying, civil engineering and contracting firms; only the homepage surfaced.",search-verified (URL-cited)
74,Land surveyors,QuoteIQ,myquoteiq.com,https://myquoteiq.com/top-8-softwares-for-land-surveying-businesses-in-2026/,unverified,unverified,https://myquoteiq.com/pricing/,Essentials $29.99/mo up to Max $699/mo; no per-technician fees,self-serve public price,unverified,unverified,unverified,self-funded (see niche 56 row),https://contractortoolstack.com/software/quoteiq/pricing/,unverified,unverified,not searched (budget reserved for tool discovery),Horizontal home-service CRM positioning itself for surveyors via its own roundup (satellite measurement MapMeasure Pro). See niche 56 row for company details.,search-verified (URL-cited)
74,Land surveyors,Wunz Efficiency,wunzefficiency.com,https://www.wunzefficiency.com/project-management-software-for-land-surveyor.html,unverified,unverified,unverified,unverified,unverified,unverified,unverified,unverified,unverified,unverified,unverified,unverified,not searched (budget reserved for tool discovery),"Land surveyor PM page; likely the custom-software practice of Kudurru Stone's founder (name match only, unverified).",search-verified (URL-cited)
75,Real estate appraisers,ACI Sky Workbench,aciweb.com,https://housingaitrends.com/blog/2026-08-06-best-appraisal-software-uad-3-6-independent-appraisers-2026/,unverified,unverified,unverified,unverified,unverified,unverified,unverified,unverified,unverified,unverified,unverified,unverified,unverified (host blocked),Cloud appraisal platform built for redesigned URAR/UAD 3.6; 500+ forms (https://www.realestateskills.com/blog/real-estate-appraisal-software).,search-verified (URL-cited)
75,Real estate appraisers,AIVRE,unverified,https://housingaitrends.com/blog/2026-08-06-best-appraisal-software-uad-3-6-independent-appraisers-2026/,unverified,unverified,unverified,unverified,unverified,unverified,unverified,unverified,unverified,unverified,unverified,unverified,unverified (host blocked),First vendor to clear GSE verification for UAD 3.6 per that roundup; pre-populates reports from MLS/public records.,search-verified (URL-cited)
75,Real estate appraisers,Anow (Voxtur),anow.com,https://anow.com/anow-hub/,unverified,unverified,https://anow.com/pricing/,$49/mo (Essentials); Grow $129/mo; Accelerate $599/mo; +$35/user; 14-day free trial,self-serve public price,unverified,17 employees (Jul 31 2026),https://www.cbinsights.com/company/anow,acquired by Voxtur Mar 30 2021 for ~$30.5M,https://www.housingwire.com/articles/voxtur-acquires-appraisal-software-firm-anow/,unverified,unverified,unverified (host blocked),"Prices via https://www.capterra.com/p/198262/Anow/. Cloud appraisal office management (orders, workflow, KPIs).",search-verified (URL-cited)
75,Real estate appraisers,Appraisal Host,appraisalhost.com,https://www.appraisalhost.com/appraisal-management-software-for-appraisal-companies,unverified,unverified,unverified,unverified,unverified,unverified,unverified,unverified,unverified,unverified,unverified,unverified,unverified (host blocked),"Order management from multiple AMCs/lenders, capacity dashboards, invoicing.",search-verified (URL-cited)
75,Real estate appraisers,Appraisal Inbox,appraisalinbox.com,https://www.appraisalinbox.com/,unverified,unverified,https://www.appraisalinbox.com/get-started/,"unverified (Inbox and Professional plans; flat price, unlimited orders; 20% off annual - amounts not in snippet)",self-serve public price,2013,1-10 employees,https://www.goodfirms.co/software/appraisal-inbox,PitchBook profile exists (details not in snippet),https://pitchbook.com/profiles/company/513068-14,unverified,unverified,unverified (host blocked),"Crestview, FL. Order tracking/scheduling/CRM/accounting for appraisers; comparison page vs Jaro Desk https://www.appraisalinbox.com/compare/jaro-desk/.",search-verified (URL-cited)
75,Real estate appraisers,ClickFORMS (Bradford Technologies),bradfordsoftware.com,https://www.bradfordsoftware.com/switch/index.shtml,unverified,unverified,https://www.bradfordsoftware.com/student/index.shtml,Student edition $49; professional pricing not public ($600/yr minimum cited historically in forum),contact-sales,unverified,unverified,unverified,unverified,unverified,unverified,unverified,unverified (host blocked),Forms + Inspect-a-Lot mobile + ClickFORMS Online team appraising (https://www.bradfordsoftware.com/team-appraising/).,search-verified (URL-cited)
75,Real estate appraisers,DataMaster,datamasterusa.com,https://datamasterusa.com/,unverified,unverified,unverified,unverified,unverified,unverified,unverified,unverified,unverified,unverified,unverified,unverified,unverified (host blocked),MLS/public-record import into existing forms software.,search-verified (URL-cited)
75,Real estate appraisers,TOTAL by a la mode (Cotality),alamode.com,https://www.alamode.com/appraiser/total/,unverified,unverified,https://www.alamode.com/store,"Elite bundle $1,599 (2022 forum post); market-trends add-on $199/yr; tiers Essentials/Plus/Premier amounts not in snippet",self-serve public price,unverified,unverified,unverified,unverified,unverified,unverified,unverified,unverified (host blocked),'Trusted by more appraisers than all others combined' (https://www.alamode.com/). Forum price: https://appraisersforum.com/forums/threads/a-la-mode-total-elite-pricing.233511/. Desktop forms engine; UAD 3.6 readiness discussed at https://housingaitrends.com/blog/2026-08-06-best-appraisal-software-uad-3-6-independent-appraisers-2026/.,search-verified (URL-cited)
75,Real estate appraisers,ValueLink Connect,valuelinkconnect.com,https://valuelinkconnect.com/,unverified,unverified,unverified,unverified,unverified,unverified,unverified,unverified,unverified,unverified,unverified,unverified,unverified (host blocked),Connects appraisers to 150+ lenders and AMCs.,search-verified (URL-cited)
76,Small residential property managers,AppFolio,appfolio.com,https://www.appfolio.com/blog/best-property-management-softwares-compared-2026,unverified,unverified,https://renpro.com/property-management-software-pricing-comparison/,"~$298/mo minimum, from $1.40/unit; went quote-only in 2026",contact-sales,unverified,unverified,unverified,unverified,unverified,unverified,unverified,unverified (host blocked),Larger-portfolio incumbent; required software for Real Property Management franchisees (https://fddexchange.com/fdd/real-property-management-2025/).,search-verified (URL-cited)
76,Small residential property managers,Buildium,buildium.com,https://www.buildium.com/blog/top-appfolio-alternatives/,unverified,unverified,https://renpro.com/property-management-software-pricing-comparison/,Essential $62/mo; Growth $192/mo; Premium $400/mo (third-party comparison; TurboTenant blog says $58/mo),self-serve public price (third-party listing),unverified,unverified,unverified,unverified,unverified,unverified,unverified,unverified (host blocked),Mid-market PM accounting platform. Prices from https://renpro.com/property-management-software-pricing-comparison/ and https://www.doorloop.com/blog/appfolio-vs-buildium. Ownership/headcount not in results.,search-verified (URL-cited)
76,Small residential property managers,DoorLoop,doorloop.com,https://www.doorloop.com/blog/small-landlord-property-management-software,unverified,unverified,https://www.doorloop.com/blog/appfolio-vs-buildium,$69/$119/$179 per mo promo for up to 20 units; standard $99/$189/$239 (annual),self-serve public price,2019,261 employees (2026-03-31),https://www.crunchbase.com/organization/doorloop,$130M raised over 3 rounds; $100M Series B Nov 2024 (JMI Equity); $20M Series A (ASG),https://www.calcalistech.com/ctechnews/article/b1sszfagkl,unverified,unverified,unverified (host blocked),"Miami + Israel; co-founders Ori Tamuz, David Bitton et al.",search-verified (URL-cited)
76,Small residential property managers,Innago,innago.com,https://innago.com/pricing/,unverified,unverified,https://innago.com/pricing/,free (no license fees; tenant-paid fees),self-serve public price (free),2017,"37 employees (Tracxn, 2026-06-30); 2-10 per spotSaaS",https://tracxn.com/d/companies/innago/__ZQ9Z0QpYfFQsV2aOV9_zF4fCt_5wG1mgsiuaDCBSFxQ,"$7.7M over 3 rounds (Allison Wood Ventures, Dale Ventures, Jumpstart, Elmspring, Bizdom)",https://tracxn.com/d/companies/innago/__ZQ9Z0QpYfFQsV2aOV9_zF4fCt_5wG1mgsiuaDCBSFxQ,unverified,unverified,unverified (host blocked),"Ohio; co-founders Dave Spooner (CEO), Yasir Drabu (CTO) per https://www.spotsaas.com/product/innago.",search-verified (URL-cited)
76,Small residential property managers,Rentec Direct,rentecdirect.com,https://www.rentecdirect.com/pricing,unverified,unverified,https://www.rentecdirect.com/pricing,Starter $25/mo (up to 10 properties); Pro and PM from $50/mo; no setup fees,self-serve public price,unverified,11-50 employees,https://aiforproptech.com/companies/rentec-direct/,bootstrapped: '100% self-funded and debt-free... never raised funding',https://aiforproptech.com/companies/rentec-direct/,unverified,unverified,unverified (host blocked),Popular with managers under 100 units (https://www.yardibreeze.com/blog/2026/03/best-property-management-software-50-units/).,search-verified (URL-cited)
76,Small residential property managers,Shuk Rentals,shukrentals.com,https://www.shukrentals.com/learn/property-management-software-for-small-landlords,unverified,unverified,https://www.shukrentals.com/learn/property-management-software-for-small-landlords,"$5/unit/mo flat, no ACH fees",self-serve public price,unverified,unverified,unverified,unverified,unverified,unverified,unverified,unverified (host blocked),Targets independent landlords with 1-100 units. Company data not in results.,search-verified (URL-cited)
76,Small residential property managers,TenantCloud,tenantcloud.com,https://www.tenantcloud.com/review/appfolio-vs-buildium,unverified,https://www.linkedin.com/company/tenantcloud,https://www.tenantcloud.com/review/appfolio-vs-buildium,Starter $15/mo annual or $18/mo monthly (up to 10 leases),self-serve public price,2014,64 employees,https://www.crunchbase.com/organization/tenantcloud-2,$6.89M raised (alt $5.5M over 3 rounds); acquired by TurboTenant 2026-08-18,https://pitchbook.com/profiles/company/120115-18,unverified,unverified,unverified (host blocked),Knoxville TN; founder Joe Edgar. Now part of TurboTenant.,search-verified (URL-cited)
76,Small residential property managers,TurboTenant,turbotenant.com,https://www.turbotenant.com/property-management-software/best-property-management-software-for-small-landlords/,unverified,unverified,https://www.turbotenant.com/property-management-software/best-property-management-software-for-small-landlords/,"Essentials free (unlimited rentals); Manage $12/mo; Pro $28/mo (billed annually, flat per account)",self-serve public price,2015,90 employees,https://pitchbook.com/profiles/company/123927-04,"$67.2M raised (LLR Partners, Access Venture Partners, Crescendo); acquired TenantCloud 2026-08-18",https://pitchbook.com/profiles/company/123927-04,unverified,unverified,unverified (host blocked),"Free-tier landlord software (listings, applications, leases, rent collection).",search-verified (URL-cited)
76,Small residential property managers,Yardi Breeze,yardibreeze.com,https://www.yardibreeze.com/blog/2026/03/best-property-management-software-50-units/,unverified,unverified,https://www.yardibreeze.com/blog/2026/03/best-property-management-software-50-units/,$1/unit/mo with $100/mo minimum (Premier $2/unit),self-serve public price,unverified,unverified,unverified,unverified,unverified,unverified,unverified,unverified (host blocked),Yardi's small-portfolio product; also marketed to self-storage (https://www.softwareadvice.com/property/self-storage-facilities-software-comparison/).,search-verified (URL-cited)
77,Independent insurance agencies,AgencyZoom (Vertafore),unverified,https://www.sonant.ai/blog/agencyzoom-alternative-review,unverified,https://www.linkedin.com/company/agencyzoom,unverified,"$149-$349/mo (7 seats included), published",self-serve public price,2016,unverified,unverified,acquired by Vertafore 18 Nov 2021,https://www.vertafore.com/resources/press-releases/vertafore-acquires-agencyzoom,unverified,unverified,unverified (host blocked),Insurance-specific sales CRM. Domain not shown in results.,search-verified (URL-cited)
77,Independent insurance agencies,Applied Epic,appliedsystems.com,https://www.quotesweep.com/blog/ams-comparison-2026,unverified,unverified,unverified,unverified,contact-sales,unverified,unverified,unverified,unverified,unverified,unverified,unverified,unverified (host blocked),Enterprise AMS named in the six-AMS comparison; generally does not publish pricing.,search-verified (URL-cited)
77,Independent insurance agencies,EZLynx (Applied Systems),ezlynx.com,https://www.ezlynx.com/,https://www.facebook.com/EZLynx/,https://www.linkedin.com/company/ezlynx,unverified,$350/mo start (third-party) per https://www.quotesweep.com/blog/ams-comparison-2026,contact-sales,"2003 (Lewisville, TX)",unverified,unverified,acquired by Applied Systems (Jan 2021),https://www.insurancejournal.com/news/national/2021/01/14/597515.htm,unverified,unverified,unverified (host blocked),"Comparative rater + AMS; 20,000+ agents.",search-verified (URL-cited)
77,Independent insurance agencies,GloveBox (Better Agency),glovebox.io,https://glovebox.io/blog/best-insurance-agency-management-systems/,unverified,unverified,unverified,unverified,unverified,unverified,unverified,unverified,unverified,unverified,unverified,unverified,unverified (host blocked),'Done-for-you' CRM for independent agents per https://www.salesmate.io/blog/crm-for-insurance/ ; pricing not in results.,search-verified (URL-cited)
77,Independent insurance agencies,HawkSoft,hawksoft.com,https://www.hawksoft.com/,https://www.facebook.com/hawksoft/,unverified,unverified,$250/mo start (third-party) per https://www.selecthub.com/insurance-agency-management-systems/hawksoft-vs-nowcerts/,contact-sales,"1995 (Canby, OR)",>150,https://www.hawksoft.com/about/story/,family-founded; revenue $19.9M per https://leadiq.com/c/hawksoft/5a1d9b552300005e008ab546,https://www.hawksoft.com/about/story/,unverified,unverified,unverified (host blocked),"AMS for independent P&C agencies under ~10 producers; annual cost $3,000-$8,000 per https://www.quotesweep.com/blog/ams-comparison-2026 . Vendor site does not publish pricing.",search-verified (URL-cited)
77,Independent insurance agencies,HubSpot CRM for Insurance,hubspot.com,https://www.hubspot.com/products/crm/insurance,unverified,unverified,unverified,free CRM tier (amount of paid tiers not in results),unverified,unverified,unverified,unverified,unverified,unverified,unverified,unverified,unverified (host blocked),Horizontal CRM with a dedicated insurance landing page.,search-verified (URL-cited)
77,Independent insurance agencies,Momentum AMP (formerly NowCerts),momentumamp.com,https://momentumamp.com/,unverified,unverified,https://www.g2.com/products/momentum-amp-formerly-nowcerts/pricing,$99/mo start per selecthub; G2 lists one edition from $169,unverified,2009,unverified,unverified,merged with Insurance Gig 2023; acquired TrustedChoice.com; rebranded Momentum Nov 2024,https://www.nowcerts.com/about,unverified,unverified,unverified (host blocked),"Low-cost AMS for startup agencies; annual $600-$2,400 per quotesweep. Pricing model unverified (conflicting third-party figures).",search-verified (URL-cited)
78,Mortgage brokers,ARIVE,arive.com,https://www.arive.com/,unverified,unverified,https://www.arive.com/arive-faq,"~$60-$100/user/mo (third-party); vendor: low monthly fee, free trial, no setup fees",free trial; public price only via third parties,2018 (San Ramon CA),118,https://pitchbook.com/profiles/company/458516-08,no funding rounds; acquired by LendWize 2021-01-08,https://pitchbook.com/profiles/company/458516-08,unverified,unverified,unverified (not searched),"LOS+POS+PPE+wholesale lender marketplace built for independent brokers; 25,000+ brokers subscribed (FAQ). Third-party price: https://setshape.com/blog/top-loan-origination-systems (attribution among setshape/classvaluation/zeitro). Originally AIME-members-only, now open.",search-verified (URL-cited)
78,Mortgage brokers,BNTouch,bntouch.com,https://bntouch.com/mortgage-crm/,unverified,https://www.linkedin.com/company/bntouch-inc,https://bntouch.com/team-mortgage-crm/,$165/mo solo; $95/seat/mo team (2-50 LOs) + $95 activation per user,self-serve public price,2004-08,13,https://tracxn.com/d/companies/bntouch/__AEanYgLw_pmf6ZeULNqBm6_CQ1rBtRaeDhGdiYyfni0,unfunded / self-funded,https://tracxn.com/d/companies/bntouch/__AEanYgLw_pmf6ZeULNqBm6_CQ1rBtRaeDhGdiYyfni0,unverified,unverified,unverified (not searched),Mortgage-specific CRM; founder Yuri Polukeev; solo price from https://bntouch.com/mortgage-blog/mortgage-crm-pricing-comparison-2026/,search-verified (URL-cited)
78,Mortgage brokers,Bonzo,unverified,unverified,unverified,unverified,https://bntouch.com/mortgage-blog/mortgage-crm-pricing-comparison-2026/,$99/user/mo,self-serve public price (competitor comparison),unverified,unverified,unverified,unverified,unverified,unverified,unverified,unverified (not searched),Named as the low end of the mortgage CRM range.,search-verified (URL-cited)
78,Mortgage brokers,ICE Encompass,unverified,unverified,unverified,unverified,unverified,unverified,contact-sales,unverified,unverified,unverified,unverified,unverified,unverified,unverified,unverified (not searched),Enterprise LOS named in https://setshape.com/blog/top-loan-origination-systems; not a small-broker tool.,search-named (no URL captured)
78,Mortgage brokers,Jungo (Salesforce),unverified,unverified,unverified,unverified,https://bntouch.com/mortgage-blog/mortgage-crm-pricing-comparison-2026/,$300+/user/mo (Salesforce + Jungo),contact-sales (third-party estimate),unverified,unverified,unverified,unverified,unverified,unverified,unverified,unverified (not searched),Salesforce-based mortgage CRM.,search-verified (URL-cited)
78,Mortgage brokers,LendingPad,lendingpad.com,unverified,unverified,unverified,https://www.saasworthy.com/product/lendingpad/pricing,from $55/mo (third-party); Broker Edition ~$59/user/mo per https://www.classvaluation.com/blog/7-loan-origination-software-for-mortgage-brokers-compared/,self-serve public price (third-party),2015,~39 (2026),https://getlatka.com/companies/lendingpad.com#funding,bootstrapped; $4.3M ARR 2025,https://getlatka.com/companies/lendingpad.com#funding,unverified,unverified,unverified (not searched),Cloud LOS with Broker Edition; Lender Edition success-based per closed loan. Crunchbase: https://www.crunchbase.com/organization/lendingpad,search-verified (URL-cited)
78,Mortgage brokers,Shape,setshape.com,https://setshape.com/blog/best-mortgage-crm-for-loan-officers,unverified,unverified,https://setshape.com/blog/best-mortgage-crm-for-loan-officers,$99/user/mo,self-serve public price (vendor blog),unverified,unverified,unverified,unverified,unverified,unverified,unverified,unverified (not searched),Mortgage CRM/POS; single-plan pricing.,search-verified (URL-cited)
79,Title & escrow agencies,AccuTitle,accu-title.com,https://accu-title.com/,unverified,https://www.linkedin.com/company/accutitlesoftware,unverified,unverified,contact-sales,"2003 (Ship Bottom, NJ)","70 (Apollo); 69 (LeadIQ, Oct 2025)",https://www.apollo.io/companies/AccuTitle-Software/54a13c2d69702d285146db01,unverified,https://pitchbook.com/profiles/company/434271-52,unverified,unverified,unverified (host blocked),About page https://accu-title.com/about-us/.,search-verified (URL-cited)
79,Title & escrow agencies,CloseWise,closewise.com,https://closewise.com/title-and-escrow-companies/,unverified,unverified,unverified,unverified,unverified,unverified,unverified,unverified,unverified,unverified,unverified,unverified,unverified (host blocked),Signing-service/notary order management for title & escrow.,search-verified (URL-cited)
79,Title & escrow agencies,Qualia,qualia.com,https://www.qualia.com/,unverified,unverified,https://www.guideflow.com/blog/title-company-software,"contact-sales; some sources cite $3,999/yr basic",contact-sales,unverified,unverified,unverified,"acquired ResWare (2020), RamQuest and E-Closing (2025)",https://www.certifid.com/article/qualia-vs-softpro,unverified,unverified,unverified (host blocked),"$3,999/yr figure is third-party (guideflow), not vendor page.",search-verified (URL-cited)
79,Title & escrow agencies,Settlor,settlor.com,https://settlor.com/,unverified,https://www.linkedin.com/company/settlor,unverified,unverified,contact-sales (demo),2021 (Denver),'more than a dozen' team members,https://settlor.com/about/,unverified,unverified,unverified,unverified,unverified (host blocked),">1,000 users across West/Midwest; co-founders John E. Freyer Jr. and Mike Patterson. ZoomInfo https://www.zoominfo.com/c/settlor-inc/1311178094.",search-verified (URL-cited)
79,Title & escrow agencies,SoftPro,softprocorp.com,https://www.softprocorp.com/,unverified,unverified,https://www.certifid.com/article/title-production-software,"add-on minimums: eSIGN $75/mo, eSIGN+RON $400/mo, Banking $200/mo",partial public price (add-on modules); core contact-sales,unverified,unverified,unverified,unverified,unverified,unverified,unverified,unverified (host blocked),Largest installed base per roundups; module prices via certifid.com summary.,search-verified (URL-cited)
79,Title & escrow agencies,Title 360 CRM,title360crm.com,https://title360crm.com/,unverified,unverified,unverified,unverified,contact-sales,unverified,unverified,unverified,unverified,unverified,unverified,unverified,unverified (host blocked),Integrates with Qualia and ResWare.,search-verified (URL-cited)
79,Title & escrow agencies,TitleLogix,unverified,https://www.certifid.com/article/title-production-software,unverified,unverified,unverified,unverified,unverified,unverified,unverified,unverified,unverified,unverified,unverified,unverified,unverified (host blocked),Named only in certifid roundup; domain unverified.,search-verified (URL-cited)
79,Title & escrow agencies,TitleTap,titletap.com,https://www.titletap.com/titletap-crm/,unverified,unverified,https://www.goodfirms.co/software/titletap,from $249/mo,third-party listed price (GoodFirms),2013 (Tampa),~9 employees Apr 2026,https://leadiq.com/c/titletap/5a1ddb532300005e00e8e4ef,acquired (St Pete Catalyst),https://stpetecatalyst.com/local-marketing-firm-titletap-is-acquired/,unverified,unverified,unverified (host blocked),CRM + websites for title agents and real-estate attorneys.,search-verified (URL-cited)
80,Home energy auditors / HERS raters,Ekotrope RATER,ekotrope.com,https://www.ekotrope.com/ekotrope-rater,unverified,https://www.linkedin.com/company/ekotrope,https://www.itqlick.com/ekotrope/pricing,$50/user/mo (third-party estimate); vendor does not publish per-seat prices; plus pay-as-you-go energy code report fee (https://ekotrope.freshdesk.com/support/solutions/articles/17000139090-energy-code-report-fee-faq),contact-sales,2010 (incorporated; Boston/Cambridge MA),34 (PitchBook),https://pitchbook.com/profiles/company/55089-37,raised $17.3M (PitchBook) / $15.93M (CB Insights); no VC round since 2014; investors incl. Massachusetts Clean Energy Center,https://www.crunchbase.com/organization/ekotrope,unverified,unverified,not searched (host blocked),"RESNET-accredited rating software used for nearly 80% of HERS ratings, 220+ rating companies incl. all 10 largest (https://www.ekotrope.com/hers-ratings). CEO Ziv Rozenblum.",search-verified (URL-cited)
80,Home energy auditors / HERS raters,EnergyGauge USA (FSEC / UCF),energygauge.com,https://www.energygauge.com/energygauge-usa/,unverified,unverified,https://support.energygauge.com/support/solutions/articles/5000686388-latest-energygauge-usa-version,"complimentary new licenses/renewals through Apr 30 2026 during licensing transition; annual single-seat license, regular price unverified",unverified,unverified,unverified,unverified,unverified,unverified,unverified,unverified,not searched (host blocked),RESNET-accredited (v8.2.00 per http://www.resnet.us/professional/programs/energy_rating_software); HERS registration only for certified raters.,search-verified (URL-cited)
80,Home energy auditors / HERS raters,HouseRater (Residential Science Resources),houserater.com,https://www.houserater.com/web/,unverified,unverified,https://www.houserater.com/pricing/,contact sales,contact-sales,RSR founded 2004; founder Mat Gates,unverified,https://www.houserater.com/about/,unverified,unverified,unverified,unverified,not searched (host blocked),"Energy program management for utilities, raters and providers; 1,200+ data points per house.",search-verified (URL-cited)
80,Home energy auditors / HERS raters,MINT Mobile Energy Audit Tool (Hancock Software),hancocksoftware.com,https://www.hancocksoftware.com/products/mobile-energy-audits,unverified,unverified,unverified,unverified,unverified,unverified,unverified,unverified,unverified,unverified,unverified,unverified,not searched (host blocked),Weatherization/program-oriented audit tool; no pricing or headcount surfaced.,search-verified (URL-cited)
80,Home energy auditors / HERS raters,QuoteIQ (home energy audit),myquoteiq.com,https://myquoteiq.com/industries/home-energy-audit-software/,unverified,unverified,https://myquoteiq.com/crm-for-hood-vent-cleaning/,$29.99/mo Essentials (price shown on QuoteIQ's other industry page),self-serve public price,2022-09-21,12 (June 2025),https://bootstrappers.com/mike-vida-quoteiq/,"self-funded, no VC",https://myquoteiq.com/about-us/,unverified,unverified,not searched (host blocked),"Horizontal CRM with dedicated home-energy-audit landing (satellite pre-scoping, audit quoting, weatherization pipeline).",search-verified (URL-cited)
80,Home energy auditors / HERS raters,REM/Rate,unverified,https://www.guideflow.com/blog/energy-audit-software,unverified,unverified,unverified,unverified,unverified,unverified,unverified,unverified,unverified,unverified,unverified,unverified,not searched (host blocked),Long-standing desktop HERS rating standard per roundup and RESNET pages; domain/pricing not in results.,search-verified (URL-cited)
80,Home energy auditors / HERS raters,Snugg Pro (Snugg Home / Franklin Energy),snuggpro.com,https://snuggpro.com/,unverified,https://www.linkedin.com/company/snugg-home,https://snuggpro.com/pricing,"tiers $200/mo, $300/mo, $480/mo, $1,000/mo with volume discounts (attribution between snuggpro.com/pricing and https://www.guideflow.com/blog/energy-audit-software uncertain); free signup, billed only when a job is created",self-serve public price / free trial,2010 (Boulder CO),25-100 (estimate),https://www.cbinsights.com/company/snugg-home,acquired by Franklin Energy Feb 1 2024,https://www.franklinenergy.com/press-releases/franklin-energy-acquires-snugg-home-adding-industry-leading-energy-audit-tool-to-technology-suite,unverified,unverified,not searched (host blocked),"BPI-2400 residential modeling, HPXML export for utility programs; founders Adam Stenftenagel, Jeff Friesen, Benjamin Mailian.",search-verified (URL-cited)
81,Towing companies,Agero Swoop,agero.com,https://www.agero.com/service-providers,unverified,unverified,unverified,free to Agero network tow providers,free,unverified,unverified,unverified,unverified,unverified,unverified,unverified,not searched (budget reserved for tool discovery),Motor-club-supplied dispatch app (desktop + mobile) given free to providers in Agero's network; evidence that motor clubs act as a software gatekeeper for club work.,search-verified (URL-cited)
81,Towing companies,Autura,autura.com,https://autura.com/towing-recovery-systems/towing-management/,unverified,unverified,unverified,unverified,contact-sales,unverified,unverified,unverified,unverified,unverified,unverified,unverified,not searched (budget reserved for tool discovery),Towing management + government/impound systems; no pricing in results.,search-verified (URL-cited)
81,Towing companies,Dispatch Anywhere (Beacon),unverified,https://www.allrideapps.com/towing-dispatch-softwares-solutions/,unverified,unverified,unverified,unverified,unverified,unverified,unverified,unverified,unverified,unverified,unverified,unverified,not searched (budget reserved for tool discovery),"Named in roundups as motor-club-integrated dispatch (AAA, Agero, Honk). Domain not seen in a result URL.",search-verified (URL-cited)
81,Towing companies,Omadi,omadi.com,https://www.omadi.com/towingsoftware,unverified,https://www.linkedin.com/company/omadi,unverified,unverified,contact-sales,2013,about 7 (Aug 2026),https://www.linkedin.com/company/omadi,$5M Series A (2015),https://www.cbinsights.com/company/omadi,unverified,unverified,not searched (budget reserved for tool discovery),"Dispatch, fleet/GPS, employee management for tow companies and brokers (Lehi UT). Headcount from result summary citing LinkedIn/LeadIQ (https://leadiq.com/c/omadi-inc/5a1d9d3323000053008d0e95).",search-verified (URL-cited)
81,Towing companies,TowMarX,towmarx.com,https://www.towmarx.com/the-dispatch/complete-guide-towing-dispatch-software,unverified,unverified,https://www.towmarx.com/the-dispatch/towbook-vs-towmarx,free plan; paid tiers $19-$79/mo plus $3 per job; free for operators that only receive network jobs,self-serve public price,unverified,unverified,unverified,unverified,unverified,unverified,unverified,not searched (budget reserved for tool discovery),SMS-based towing dispatch challenger; price line appeared in result summary for the Omadi/Tracker query (result set included heyjodie https://heyjodie.com/en-us/guides/best-towing-software/ and towmarx.com).,search-verified (URL-cited)
81,Towing companies,Towbook,unverified,https://www.capterra.com/p/94188/Towbook-Management-Software/,unverified,https://www.linkedin.com/company/towbook,https://www.capterra.com/p/94188/Towbook-Management-Software/pricing/,"conflicting third-party lists: Starter $49/mo, Premium $99, Pro $189, Ultimate $289, Enterprise $389 (capterra/pulsesignal) vs Basic $109-Enterprise $429 (another source); free trial; unlimited users",free trial (vendor does not publish full public price list per result),2007,"37 (2024, getlatka); 42 (Apr 2026, datanyze/zoominfo)",https://getlatka.com/companies/towbook,bootstrapped / self-funded; $2.9M est. ARR 2024,https://getlatka.com/companies/towbook,unverified,unverified,not searched (budget reserved for tool discovery),"Market-leading cloud towing dispatch/impound/billing (Michigan; founder-CEO Dan Smith https://www.crunchbase.com/person/dan-smith-2). Vendor domain not seen in a result URL (likely towbook.com; LinkedIn https://www.linkedin.com/company/towbook). Integrations: Square, QuickBooks, Webfleet, motor clubs.",search-verified (URL-cited)
81,Towing companies,Tracker Management Systems,trackermanagement.com,https://trackermanagement.com/team.php,unverified,unverified,unverified,unverified,contact-sales,1986,unverified,unverified,unverified,unverified,unverified,unverified,not searched (budget reserved for tool discovery),"Legacy towing/impound/auction software, Brecksville OH (https://www.crunchbase.com/organization/tracker-management-systems). No pricing in results.",search-verified (URL-cited)
82,Independent auto repair shops,AutoLeap,autoleap.com,https://www.cbinsights.com/company/autoleap,unverified,unverified,https://www.g2.com/products/autoleap/pricing,$179/mo (Essentials); Pro $309/mo; Elite $409/mo; Enterprise custom,self-serve public price,unverified,199 employees (May 31 2026),https://www.cbinsights.com/company/autoleap,"Series B $30M Apr 11 2023; total $54.15M (Bain Capital Ventures, Threshold, Advance)",https://www.crunchbase.com/organization/autoleap,unverified,unverified,unverified (host blocked),Strength in DVI/approval customer-communication flow per roundups.,search-verified (URL-cited)
82,Independent auto repair shops,Garage360,garage360.io,https://garage360.io/blog/best-auto-repair-shop-software,unverified,unverified,unverified,unverified,unverified,unverified,unverified,unverified,unverified,unverified,unverified,unverified,unverified (host blocked),Self-published roundup names it for ease of use/value.,search-verified (URL-cited)
82,Independent auto repair shops,Mitchell 1 Manager SE,mitchell1.com,https://napatracs.com/,unverified,unverified,unverified,unverified,unverified,unverified,unverified,unverified,unverified,unverified,unverified,unverified,unverified (host blocked),Named only as an integration in NAPA TRACS result; legacy incumbent.,search-verified (URL-cited)
82,Independent auto repair shops,NAPA TRACS,napatracs.com,https://napatracs.com/,unverified,unverified,unverified,unverified,contact-sales,unverified,unverified,unverified,unverified,unverified,unverified,unverified,unverified (host blocked),"Tied to NAPA parts buying and NAPA AutoCare Center perks; Capterra https://www.capterra.com/p/61551/NAPA-TRACS/. Evidence of a distributor-aligned channel, not a mandate.",search-verified (URL-cited)
82,Independent auto repair shops,Shop-Ware,shop-ware.com,https://shop-ware.com/packages/,unverified,unverified,https://shop-ware.com/packages/,$279/mo (Startup); Pro $379; Master $499; Ultimate+ $999; unlimited users; month-to-month,self-serve public price,unverified,unverified,unverified,unverified,unverified,unverified,unverified,unverified (host blocked),Prices via https://www.capterra.com/p/153469/Shop-Ware/pricing/ (one source lists $249 start).,search-verified (URL-cited)
82,Independent auto repair shops,Shopmonkey,shopmonkey.io,https://www.shopmonkey.io/,unverified,unverified,https://www.shopmonkey.io/pricing,$215/mo (annual) starting; tiers $125-425/mo; +$20/user,self-serve public price,unverified,192 employees (2026),https://getlatka.com/companies/shopmonkey,"$110M raised; Series C $75M Jul 15 2021 (ICONIQ, Bessemer, Headline)",https://www.cbinsights.com/company/shopmonkey/financials,unverified,unverified,unverified (host blocked),"ARR $29.7M 2024, ~7K customers (https://sacra.com/c/shopmonkey/). TrustRadius price range https://www.trustradius.com/products/shopmonkey/pricing.",search-verified (URL-cited)
82,Independent auto repair shops,Tekmetric,tekmetric.com,https://www.tekmetric.com/,unverified,unverified,https://www.tekmetric.com/pricing,$199/mo (Start; $179 annual); Grow $349/mo; Scale $439/mo; Enterprise custom; unlimited users/ROs,self-serve public price,unverified,unverified,unverified,unverified,unverified,unverified,unverified,unverified (host blocked),"'More than 12,000 shops' on homepage per https://www.shopmonkey.io/blog/best-auto-repair-shop-management-software-2026-top-picks-compared. Add-ons: Multi-Shop $70/mo, Tire Suite $39/mo, Marketing $345/mo (https://www.capterra.com/p/190952/Tekmetric/pricing/).",search-verified (URL-cited)
82,Independent auto repair shops,autoGMS,myautogms.com,https://myautogms.com/blog/best-auto-repair-shop-management-software-2026,unverified,unverified,unverified,unverified,unverified,unverified,unverified,unverified,unverified,unverified,unverified,unverified,unverified (host blocked),Self-published roundup only.,search-verified (URL-cited)
83,Auto body & collision repair shops,Bodyshop Booster,bodyshopbooster.com,https://www.bodyshopbooster.com/about,unverified,unverified,https://www.capterra.com/p/138072/Bodyshop-Booster/,tailored quote; no published tiers,contact-sales,2014,5 employees (2026-01-31),https://tracxn.com/d/companies/bodyshopbooster/__gvnMl6GYyNypRo0cfff7oPvqjP1ybeUJlZsNHi0a6Y4,unverified,https://www.crunchbase.com/organization/bodyshop-booster,unverified,unverified,unverified (host blocked),"Lead/customer-communication SaaS for collision and PDR shops; integrates CCC, Audatex, Mitchell, ProfitNet, nexsyis, Summit. Portland.",search-verified (URL-cited)
83,Auto body & collision repair shops,CCC ONE,cccis.com,https://www.cccis.com/collision-repairers,unverified,unverified,https://www.capterra.com/p/83656/CCC-ONE-Total-Repair-Platform/,from $399/mo (third-party listing); user review mentions a $600/mo add-on program,contact-sales (third-party price),unverified,unverified,unverified,unverified,unverified,unverified,unverified,unverified (host blocked),"Estimating + shop management + insurer DRP rail; '>80% market share', '30,500+ collision shops and 300+ insurers' (https://www.repairerdrivennews.com/2020/12/30/state-farm-to-require-drp-shops-to-use-ccc-by-april-1-2021/ and https://www.withorbital.com/data/software/ccc-one/). Public parent (CCC Intelligent Solutions) not evidenced in results.",search-verified (URL-cited)
83,Auto body & collision repair shops,ROME Technologies (The Rome Solution),rometech.com,https://www.rometech.com/,unverified,https://www.linkedin.com/company/rome-technologies-inc-,https://www.capterra.com/p/83660/Rome-Management-Software/,custom quote,contact-sales,1988,12 employees,https://www.crunchbase.com/organization/rome-technologies,"acquired by Convenient Brands; founder Scott Rome retired, James Rome promoted to President",https://www.collisionrepairmag.com/news/collision-repair/article/15726666/convenient-brands-acquires-rome-technologies-and-supports-management-succession-with-promotion-of-james-rome-to-president,unverified,unverified,unverified (host blocked),"Collision management software integrating Web-EST, CCC ONE, Audatex, Mitchell; Pasadena MD. Headcount attribution among crunchbase/pitchbook result set.",search-verified (URL-cited)
83,Auto body & collision repair shops,Shop-Ware,unverified,https://gitnux.org/best/auto-body-shop-management-software/,unverified,unverified,unverified,unverified,unverified,unverified,unverified,unverified,unverified,unverified,unverified,unverified,unverified (host blocked),"Named in 2026 auto-body roundups as cloud shop management for collision; domain, pricing and company data not in results.",search-verified (URL-cited)
83,Auto body & collision repair shops,Shopmonkey,shopmonkey.io,https://www.shopmonkey.io/pricing,unverified,unverified,https://www.shopmonkey.io/pricing,Basic $199/mo; Clever $324/mo; Genius $475/mo; multi-shop custom (per https://softwareconnect.com/reviews/shopmonkey/),self-serve public price,unverified,unverified,unverified,unverified,unverified,unverified,unverified,unverified (host blocked),General auto-repair shop management; listed in auto-body roundups (https://gitnux.org/best/auto-body-shop-management-software/). No collision-specific landing found.,search-verified (URL-cited)
83,Auto body & collision repair shops,Tekmetric,unverified,https://gitnux.org/best/auto-body-shop-management-software/,unverified,unverified,unverified,unverified,unverified,unverified,unverified,unverified,unverified,unverified,unverified,unverified,unverified (host blocked),Named in roundups (job-centric workflow around estimates/supplements); domain and pricing not in results.,search-verified (URL-cited)
83,Auto body & collision repair shops,Web-Est,web-est.com,https://www.web-est.com/,unverified,https://www.linkedin.com/company/web-est-llc/,https://www.web-est.com/pricing.html,$119/mo (vendor); third-party listings show $124 and $147/mo,self-serve public price,2008,11 employees,https://www.zoominfo.com/c/web-est-llc/346954695,acquired by Convenient Brands (Beekman Group portfolio) Jan 2024,https://www.businesswire.com/news/home/20240124898836/en/Beekman-Group-Portfolio-Company-Convenient-Brands-Acquires-Web-Est-a-Leading-Provider-of-Collision-Estimating-Software-to-Independent-Auto-Body-Shops,unverified,unverified,unverified (host blocked),Low-cost collision estimating for independent shops; Oldsmar FL; co-founder Eric Seidel.,search-verified (URL-cited)
84,Mobile auto detailing,Anolla,anolla.com,https://anolla.com/en/auto-detailing-software,unverified,unverified,https://www.capterra.com/p/10031414/anolla/,EUR 11.99/user/mo (Plus); free version and free trial,self-serve public price,unverified,unverified,unverified,unverified,unverified,unverified,unverified,unverified (host blocked),"Usage-based, season-aware pricing for car washes, detailing studios, mobile detailers.",search-verified (URL-cited)
84,Mobile auto detailing,AutoHustl,autohustl.com,https://autohustl.com/vs/orbisx/,unverified,unverified,unverified,unverified,unverified,unverified,unverified,unverified,unverified,unverified,unverified,unverified,unverified (host blocked),Detailing software; named via its own comparison page. Pricing not in results.,search-verified (URL-cited)
84,Mobile auto detailing,OrbisX,orbisx.com,https://orbisx.com/,unverified,unverified,unverified,"~$100/mo flat, all-inclusive per https://roxohub.com/blog/best-crm-auto-detailing-business-2026/",self-serve public price,2012 (Ottawa),7 (Jun 2024),https://tracxn.com/d/companies/orbisx/__33gOauGN9noLUr8zKVsuRURkhMP0mhEW0dDMHtY9N6I,unfunded,https://tracxn.com/d/companies/orbisx/__33gOauGN9noLUr8zKVsuRURkhMP0mhEW0dDMHtY9N6I,unverified,unverified,unverified (host blocked),"CRM for detailers/tinters; GPS fleet tracking, AI follow-ups.",search-verified (URL-cited)
84,Mobile auto detailing,QuoteIQ (mobile detailing),myquoteiq.com,https://myquoteiq.com/best-online-booking-software-mobile-detailing-2026/,unverified,unverified,https://myquoteiq.com/pricing/,$29.99/mo Essentials; InstaSchedule bundle on Elite $299/mo,self-serve public price,2023,unverified,unverified,self-funded,https://myquoteiq.com/about-us/,unverified,unverified,unverified (host blocked),Same vendor as niche 28 row; detailing-specific marketing pages.,search-verified (URL-cited)
84,Mobile auto detailing,ROXO Hub,roxohub.com,https://roxohub.com/blog/best-software-mobile-auto-detailers-2026/,unverified,unverified,unverified,$39.99/mo flat,self-serve public price,unverified,unverified,unverified,unverified,unverified,unverified,unverified,unverified (host blocked),"Booking/tap-to-pay/no-show deposits for mobile detailers; app developer Roali Biten per https://apps.apple.com/us/app/roxo-hub/id6756480488 . Multi-vertical (also PMU, trainers).",search-verified (URL-cited)
84,Mobile auto detailing,Urable,urable.com,https://urable.com/vehicle-care/,unverified,https://www.linkedin.com/company/urable-int-organization,unverified,$45/mo (unlimited users); Pro $83/mo per https://www.rebiza.com/resources/compare/urable-vs-orbisx,self-serve public price,unverified,unverified,unverified,family-owned,https://urable.com/about-us/,unverified,unverified,unverified (host blocked),Detailing/PPF/tint/ceramic booking + CRM. 'Family-owned' is not evidence of <50 staff or explicit bootstrapping; no bonus.,search-verified (URL-cited)
85,Auto glass & windshield replacement,EZnet Scheduler,eznetscheduler.com,https://eznetscheduler.com/industry/auto-glass-scheduling-software/,unverified,unverified,unverified,unverified,unverified,unverified,unverified,unverified,unverified,unverified,unverified,unverified,unverified (not searched),Scheduling tool with auto glass landing page.,search-verified (URL-cited)
85,Auto glass & windshield replacement,Elmo Anywhere (IBS Software),elmoanywhere.com,https://elmoanywhere.com/,unverified,unverified,unverified,unverified,contact-sales (no price in results),"1992 (IBS Software, Kansas City MO)",unverified,unverified,unverified,unverified,unverified,unverified,unverified (not searched),Auto glass POS/CRM; IBS began as a billing service and co-formed Lynx Services with PPG (https://signup.elmoanywhere.com/Home/About). ZoomInfo: https://www.zoominfo.com/c/elmo-anywhere/471287328,search-verified (URL-cited)
85,Auto glass & windshield replacement,Glas-Avenue (Mainstreet Computers),mainstreetcomputers.com,https://mainstreetcomputers.com/auto-glass-software.html,unverified,https://www.linkedin.com/company/mainstreet-computers-llc,unverified,unverified,unverified,1982-05 (Belleville MI),unverified,unverified,unverified,unverified,unverified,unverified,unverified (not searched),"Auto & flat glass POS, scheduling, inventory, billing; 40th anniversary release: https://www.businesswire.com/news/home/20220405006185/en/Mainstreet-Celebrates-40th-Anniversary-Developing-Software-for-the-Glass-Industry",search-verified (URL-cited)
85,Auto glass & windshield replacement,GlasPacLX (GTS Services),gtsservices.com,https://www.gtsservices.com/,unverified,unverified,unverified,unverified,contact-sales,unverified,unverified,unverified,unverified,unverified,unverified,unverified,unverified (not searched),POS and shop management for auto/flat glass; described as the leading glass-industry software in results.,search-verified (URL-cited)
85,Auto glass & windshield replacement,Glass Shop Go,glassshopgo.com,https://www.glassshopgo.com/,unverified,unverified,unverified,unverified,contact-sales (no price in results),unverified,"unverified (RocketReach lists '$1M revenue, 0 employees' - low-quality profile)",https://rocketreach.co/glass-shop-go-profile_b79a1fdac58bc7bd,unverified,unverified,unverified,unverified,unverified (not searched),"Cloud POS with SmartVIN/NAGS cross-reference, Stripe and EDI payments.",search-verified (URL-cited)
85,Auto glass & windshield replacement,GlassBiller,glassbiller.com,https://glassbiller.com/pricing/,unverified,unverified,https://glassbiller.com/pricing/,$19/mo; $49/mo with unlimited texting,"self-serve public price (figure from search summary; attribution among glassbiller.com/pricing, softwareadvice, capterra https://www.capterra.com/p/10024846/GlassBiller/)",unverified,unverified,unverified,unverified,unverified,unverified,unverified,unverified (not searched),Purpose-built auto glass POS; 'one of the few platforms below $20/mo' (https://www.guideflow.com/blog/glass-repair-software).,search-verified (URL-cited)
85,Auto glass & windshield replacement,Mitchell Cloud Glass,mitchell.com,https://www.mitchell.com/solutions/collision-repairers/auto-glass,unverified,unverified,unverified,unverified,contact-sales,unverified,unverified,unverified,unverified,unverified,unverified,unverified,unverified (not searched),"Enterprise (Enlyte) glass POS; scheduling, invoicing, performance tracking.",search-verified (URL-cited)
85,Auto glass & windshield replacement,QuoteIQ,myquoteiq.com,https://myquoteiq.com/top-8-softwares-for-auto-glass-repair-businesses-in-2026/,unverified,unverified,https://myquoteiq.com/top-10-wildlife-removal-field-service-software-in-2026/,$29.99/mo (price stated in QuoteIQ's own roundups),self-serve public price (vendor roundup),2022-09-21,unverified,https://myquoteiq.com/about-us/,100% bootstrapped,https://myquoteiq.com/about-us/,unverified,unverified,unverified (not searched),Horizontal with auto glass landing page. Also seen: Utility Mobile Apps auto glass app $19.99 (https://www.utilitymobileapps.com/auto-glass-software/).,search-verified (URL-cited)
86,Independent tire shops,ASA Automotive Systems (GTX / TireMaster),asaauto.com,https://www.asaauto.com/,unverified,https://www.linkedin.com/company/asa-tire-systems,unverified,unverified,contact-sales,1989,51 (PitchBook),https://pitchbook.com/profiles/company/62165-26,acquired by Constellation Software Dec 10 2013 (Friedman/Vela),https://pitchbook.com/profiles/company/62165-26,unverified,unverified,unverified (host blocked),"Claims 3,000+ independent tire dealers; Cornerstone edition for Bridgestone/Firestone dealers (https://www.asaauto.com/products/cornerstone).",search-verified (URL-cited)
86,Independent tire shops,Anolla,anolla.com,https://anolla.com/en/tire-shop-software,unverified,unverified,https://anolla.com/en/tire-shop-software,free plan,free tier + paid (amounts not in results),unverified,unverified,unverified,unverified,unverified,unverified,unverified,unverified (host blocked),Seasonal tire-change bookings and tire storage.,search-verified (URL-cited)
86,Independent tire shops,AutoLeap,autoleap.com,https://autoleap.com/tire-shop-software/,unverified,unverified,unverified,unverified,transparent pricing per roundup; amount not in results,unverified,unverified,unverified,unverified,unverified,unverified,unverified,unverified (host blocked),Horizontal shop management with tire-shop landing page.,search-verified (URL-cited)
86,Independent tire shops,EZnet Scheduler,eznetscheduler.com,https://eznetscheduler.com/industry/tire-shop-scheduling-software/,unverified,unverified,unverified,unverified,unverified,unverified,unverified,unverified,unverified,unverified,unverified,unverified,unverified (host blocked),Horizontal scheduler with tire-shop landing page.,search-verified (URL-cited)
86,Independent tire shops,Tekmetric,tekmetric.com,https://www.tekmetric.com/feature/tire-suite,unverified,unverified,unverified,unverified,unverified,unverified,unverified,unverified,unverified,unverified,unverified,unverified,unverified (host blocked),Horizontal shop management with tire suite page.,search-verified (URL-cited)
86,Independent tire shops,Tire Guru,tireguru.net,https://tireguru.net/,unverified,unverified,https://tireguru.net/pricing/,unverified,pricing page exists; amounts not in results,1990 (Clint & LaNae Nicholls),27 (May 2026); 51 (Sep 2025),https://leadiq.com/c/tire-guru-software-websites-and-more/5eb99f00102cc03532d8b557,unverified,unverified,unverified,unverified,unverified (host blocked),About https://tireguru.net/about-us/ ; Capterra https://www.capterra.com/p/159764/Tire-Guru/.,search-verified (URL-cited)
86,Independent tire shops,Tire Power (TCS Technologies),tcstire.com,https://tcstire.com/point-of-sale,unverified,unverified,unverified,unverified,unverified,unverified,unverified,unverified,unverified,unverified,unverified,unverified,unverified (host blocked),Tire & auto repair POS.,search-verified (URL-cited)
86,Independent tire shops,TireShop (FreedomSoft),tireshopsoftware.com,https://tireshopsoftware.com/about-freedomsoft/,unverified,unverified,https://www.softwareadvice.com/auto-repair/tireshop-profile/,from $135/mo,third-party listed price (Software Advice/TrustRadius),unverified,unverified,unverified,unverified,unverified,unverified,unverified,unverified (host blocked),Capterra https://capterra.com/p/162393/TireShop/.,search-verified (URL-cited)
86,Independent tire shops,Torque360,torque360.co,https://www.torque360.co/tire-shop-management-software/,unverified,unverified,https://www.torque360.co/pricing/,$99.99/mo Starter ($89.99 annual); Turbo $199.99,self-serve public price,unverified,unverified,unverified,unverified,unverified,unverified,unverified,unverified (host blocked),Price snippet attribution among result set (softwarefinder/saasworthy). Capterra https://www.capterra.com/p/230557/Torque360/.,search-verified (URL-cited)
86,Independent tire shops,Used Tire Shop,usedtireshop.net,https://www.usedtireshop.net/,unverified,unverified,unverified,unverified,unverified,unverified,unverified,unverified,unverified,unverified,unverified,unverified,unverified (host blocked),Used-tire inventory and POS.,search-verified (URL-cited)
87,Independent used car dealers,AutoManager (DeskManager / WebManager),automanager.com,https://www.automanager.com/,unverified,unverified,https://www.automanager.com/pricing/,DMS from $88/mo; CRM & text marketing $140/mo; DMS + website $144/mo,self-serve public price,1984,48 (PitchBook) / ~49 (May 2026),https://pitchbook.com/profiles/company/391819-69,unverified,unverified,unverified,unverified,not searched (host blocked),Prices per https://www.guideflow.com/blog/dealership-management-software and vendor pricing page ($144 bundle).,search-verified (URL-cited)
87,Independent used car dealers,AutoRaptor CRM,autoraptor.com,https://www.autoraptor.com/,unverified,unverified,https://www.autoraptor.com/pricing/,from $299/mo (https://www.softwaresuggest.com/autoraptor); per-user model,self-serve public price (third-party figure; vendor pricing page exists),2006 (Providence RI),14,https://rocketreach.co/autoraptor-crm-profile_b5cbbd3bf42e148d,unverified,unverified,unverified,unverified,not searched (host blocked),Popular with independent and BHPH single-rooftop lots per https://www.lotpop.com/7-best-used-car-dealer-software-tools-for-2026.,search-verified (URL-cited)
87,Independent used car dealers,DealerCenter (Nowcom),dealercenter.com,https://www.dealercenter.com/,unverified,https://www.linkedin.com/company/dealercenter,https://www.dealercenter.com/pricing/,"DMS $79/mo; CRM Plus $99/mo; CRM Pro $199/mo (https://softwarefinder.com/accounting-software/dealercenter); FAST DMS $60/mo, BHPH $50/mo (https://www.saasworthy.com/product/dealercenter/pricing); realistic stacks >$500/mo (https://www.dealervlo.com/blog/dealercenter-pricing-explained)",self-serve public price / free trial (30-day),Nowcom founded 1996 (Los Angeles),"700+ (Nowcom, US/India/Philippines)",https://www.marubeni.com/en/brand_media/scope/westlake/,Nowcom unfunded; sister company of Westlake Financial under Nowlake Technology (2021),https://tracxn.com/d/companies/nowcom/__sLLdW9HRBOONb61-IAqXA2EWSMY0qggLHXVZBoNbwQo,unverified,unverified,not searched (host blocked),"Most common system of record for independents per roundups; BHPH page https://www.dealercenter.com/buyherepayhere/. Usage fees for e-contracts, credit reports, VHRs.",search-verified (URL-cited)
87,Independent used car dealers,Frazer DMS (Frazer Computing),frazer.com,https://www.frazer.com/,unverified,https://www.linkedin.com/company/frazer-computing,https://www.frazer.com/frazer-pricing,"$129/mo ($387/quarter, $1,299/yr) per https://www.chatref.ai/kb/guides/frazer-dealer-software-cost; desktop $119/mo, hosted from $199/mo per https://www.selecthub.com/p/dealer-management-systems/frazer/",self-serve public price,1985 (Canton NY),~54 (Dec 2025),https://leadiq.com/c/frazer-computing/5a1d9a972300005e0089becc,private; founder-president Michael Frazer,https://www.crunchbase.com/organization/frazer-computing,unverified,unverified,not searched (host blocked),"BHPH-strong DMS for independents; no long-term contracts. Headcount 54 is above the 50 cutoff, bonus 0.",search-verified (URL-cited)
87,Independent used car dealers,MSP Buy Here Pay Here Software,unverified,https://www.capterra.com/p/87328/MSP-Buy-Here-Pay-Here-Software/,unverified,unverified,unverified,unverified,unverified,unverified,unverified,unverified,unverified,unverified,unverified,unverified,not searched (host blocked),BHPH accounting/financing/collections for single lots to multi-store; domain and pricing not in results.,search-verified (URL-cited)
87,Independent used car dealers,Selly Automotive,sellyautomotive.com,https://www.sellyautomotive.com/,unverified,unverified,https://subscribed.fyi/selly-automotive/pricing/,from $140/user/mo (also cited $130/mo),self-serve public price (third-party figure),2014 (South San Francisco),19,https://getlatka.com/companies/selly-automotive-crm,"$2.7M ARR (2024, est.)",https://getlatka.com/companies/selly-automotive-crm,unverified,unverified,not searched (host blocked),Mobile-first CRM for small independents/BHPH (license/VIN scan).,search-verified (URL-cited)
87,Independent used car dealers,Wayne Reaves Software,waynereaves.com,https://www.waynereaves.com/,unverified,unverified,https://www.softwaresuggest.com/wayne-reaves-sw,from $79/mo (third-party),self-serve public price (third-party figure),1987,11-50,https://www.crunchbase.com/organization/wayne-reaves-software,unverified,unverified,unverified,unverified,not searched (host blocked),"Pro DMS for independent lots; accounting, financing, inventory, websites.",search-verified (URL-cited)
88,Car washes,DRB Car Wash Platform (CWP),drb.com,https://drb.com/,unverified,unverified,unverified,unverified,contact-sales,unverified,unverified,unverified,unverified,unverified,unverified,unverified,not searched (budget reserved for tool discovery),Incumbent tunnel POS/membership/telemetry platform; no pricing in results.,search-verified (URL-cited)
88,Car washes,Rinsed,rinsed.com,https://www.rinsed.com/,unverified,unverified,https://www.rinsed.com/pricing,Support Agent $449/mo per location + $499 one-time implementation; Car Wash CRM $765/mo per location + $599 implementation + 4% commission on Rinsed checkouts,self-serve public price,2019,unverified,unverified,"$32M total; $20M Series B Apr 2023 (VMG Technology); earlier $12M Series A (Bedrock, Founders Fund), YC",https://www.crunchbase.com/organization/rinsed-55f5,unverified,unverified,not searched (budget reserved for tool discovery),"Car wash CRM / membership churn tool (NY + Lehi UT; founders Austin Esecson, Sam Logan, Nic Hippenmeyer). Price lines appeared in the result summary for the query 'car wash POS software DRB Sonny's Rinsed Washify pricing' with rinsed.com/pricing in the set. Series B PR: https://www.prnewswire.com/news-releases/rinsed-the-car-wash-crm-announces-20-million-in-series-b-financing-from-vmg-technology-301805629.html",search-verified (URL-cited)
88,Car washes,Sonny's CarWash Controls,unverified,https://www.guideflow.com/blog/car-wash-software,unverified,unverified,unverified,unverified,contact-sales,unverified,unverified,unverified,unverified,unverified,unverified,unverified,not searched (budget reserved for tool discovery),Equipment-maker-owned management platform named in roundup; domain not seen in a result URL.,search-verified (URL-cited)
88,Car washes,Turbotouch,unverified,https://zipdo.co/best/car-wash-management-software/,unverified,unverified,unverified,unverified,unverified,unverified,unverified,unverified,unverified,unverified,unverified,unverified,not searched (budget reserved for tool discovery),Club membership/POS/reporting tool named in roundups only; domain not seen.,search-verified (URL-cited)
88,Car washes,Wash Metrix,unverified,https://zipdo.co/best/car-wash-management-software/,unverified,unverified,unverified,unverified,unverified,unverified,unverified,unverified,unverified,unverified,unverified,unverified,not searched (budget reserved for tool discovery),Membership/operations software named in zipdo and gitnux roundups only; domain not seen.,search-verified (URL-cited)
88,Car washes,Washify (DRB),drb.com,https://drb.com/tunnel_solutions/point-of-sale/washify,unverified,unverified,https://www.guideflow.com/blog/car-wash-software,$99/mo per location basic POS; Pro and Enterprise from $199/mo; transaction fees apply (third-party),self-serve public price (third-party reported),2010,84 employees and contractors at acquisition (2021),https://www.crainscleveland.com/technology/drb-systems-acquires-massachusetts-provider-car-wash-technology,acquired by DRB Systems 2021-03-24 (from founder Adam Korngold and Ambina Partners),https://www.prnewswire.com/news-releases/drb-systems-llc-acquires-washify-services-llc-301255223.html,unverified,unverified,not searched (budget reserved for tool discovery),Entry-level cloud POS + unlimited wash-plan memberships for single-site/small-chain operators; now a DRB product.,search-verified (URL-cited)
89,Small engine & outdoor power equipment repair,BiT Dealership Software,bitdms.com,https://www.bitdms.com/ope-dealer-management-software/,unverified,unverified,unverified,unverified,unverified,unverified,unverified,unverified,unverified,unverified,unverified,unverified,unverified (host blocked),"Web-based OPE dealer DMS (tractors, zero-turns, chainsaws, generators).",search-verified (URL-cited)
89,Small engine & outdoor power equipment repair,Charter Software ASPEN (Constellation),chartersoftware.com,https://chartersoftware.com/dealers-distributors/ope/,unverified,unverified,unverified,unverified,contact-sales,unverified,unverified,unverified,acquired by Constellation Software Jan 2020,https://constellationdealer.com/news/charter-software-acquisition,unverified,unverified,unverified (host blocked),Price-file updates for 400+ OEMs/suppliers; 'hundreds of equipment dealers in North America'.,search-verified (URL-cited)
89,Small engine & outdoor power equipment repair,Flyntlok DMS,flyntlok.com,https://www.flyntlok.com/solutions/outdoor-power-equipment-dealer-software,unverified,https://www.linkedin.com/company/flyntlok,unverified,unverified,contact-sales,2016,19 employees,https://www.cbinsights.com/company/flyntlok,Crunchbase/PitchBook profiles exist; founder is an equipment dealer (Craig Taylor Equipment),https://www.crunchbase.com/organization/flyntlok,unverified,unverified,unverified (host blocked),"Anchorage, AK. OEM integrations Stihl/Husqvarna/Deere/ECHO/Bobcat for parts ordering & warranty claims (https://www.flyntlok.com/features/equipment-dealer-service-management).",search-verified (URL-cited)
89,Small engine & outdoor power equipment repair,Ideal (Constellation Dealership Software),idealcomputersystems.com,https://www.idealcomputersystems.com/business-management-software-outdoor-power-equipment,unverified,unverified,unverified,unverified,contact-sales,unverified,unverified,unverified,acquired by Constellation Software (Dealership Software division) 2011,https://www.idealcomputersystems.com/dealer-management-software-company,unverified,unverified,unverified (host blocked),"Auto price-file updates, Toro EZ-Link / Stihl PSP / Ariens registrations. Constellation's OPE group (Ideal, c-Systems, Charter) pulls nightly data from >1,000 dealers (https://constellationdealer.com/ope-market-data-update).",search-verified (URL-cited)
89,Small engine & outdoor power equipment repair,Lightspeed DMS (OPE),lightspeeddms.com,https://www.lightspeeddms.com/industries/ope/,unverified,unverified,unverified,unverified,contact-sales,unverified,unverified,unverified,unverified,unverified,unverified,unverified,unverified (host blocked),Horizontal dealer DMS with dedicated OPE industry page.,search-verified (URL-cited)
89,Small engine & outdoor power equipment repair,Orderry,orderry.com,https://orderry.com/small-engine-repair-shop-software/,unverified,unverified,https://orderry.com/pricing/,"$39/mo (Hobby, 2 employees, 100 work orders/mo); Startup $69; Business $99; Enterprise $199",self-serve public price,unverified,unverified,unverified,unverified,unverified,unverified,unverified,unverified (host blocked),Prices via https://www.capterra.com/p/151174/Orderry/ and vendor pricing page in results.,search-verified (URL-cited)
89,Small engine & outdoor power equipment repair,RepairDesk,repairdesk.co,https://www.repairdesk.co/small-engine-repair-shop-software/,unverified,unverified,https://www.repairdesk.co/pricing/,"$99/mo (Essential; $79 annual, up to 5 users); Growth $149/mo ($119 annual); Advanced custom",self-serve public price,unverified,unverified,unverified,unverified,unverified,unverified,unverified,unverified (host blocked),Prices via https://www.softwaresuggest.com/repairdesk. Dedicated small-engine / lawn-mower landing page. Older per-store tiers ($47.50-$118.75) also listed on aggregators.,search-verified (URL-cited)
89,Small engine & outdoor power equipment repair,Shop Boss,shopboss.net,https://gitnux.org/best/small-engine-repair-software/,unverified,unverified,unverified,unverified,unverified,unverified,unverified,unverified,unverified,unverified,unverified,unverified,unverified (host blocked),Roundup says it supports equipment records for lawn equipment/generators/powersports.,search-verified (URL-cited)
89,Small engine & outdoor power equipment repair,Windward System Five,windwardsoftware.com,https://www.windwardsoftware.com/business-types/outdoor-power-equipment,unverified,unverified,unverified,unverified,unverified,unverified,unverified,unverified,unverified,unverified,unverified,unverified,unverified (host blocked),Tracks warranty claims for sold items; OPE business-type landing page.,search-verified (URL-cited)
89,Small engine & outdoor power equipment repair,c-Systems Software (Constellation),csystemssoftware.com,https://www.csystemssoftware.com/news/charter-software/,unverified,unverified,unverified,unverified,contact-sales,unverified,unverified,unverified,unverified,unverified,unverified,unverified,unverified (host blocked),Sister company to Ideal within Constellation Dealership Software.,search-verified (URL-cited)
90,Appliance repair,Housecall Pro,housecallpro.com,https://www.housecallpro.com/industries/appliance-repair-software/,unverified,unverified,https://www.housecallpro.com/pricing/,Basic $59/mo; Essentials $149/mo; MAX $299/mo; +$35/mo per extra user; ~20% off annual; 14-day trial,self-serve public price / free trial,unverified,unverified,unverified,unverified,unverified,unverified,unverified,unverified (host blocked),Horizontal FSM with dedicated appliance-repair landing page.,search-verified (URL-cited)
90,Appliance repair,Method:Field Services,method.me,https://www.method.me/resources/best-appliance-repair-software/,unverified,unverified,https://www.method.me/resources/best-appliance-repair-software/,from $15/mo per technician,self-serve public price,unverified,unverified,unverified,unverified,unverified,unverified,unverified,unverified (host blocked),QuickBooks-centric field service add-on; price from vendor's own roundup.,search-verified (URL-cited)
90,Appliance repair,QuoteIQ,myquoteiq.com,https://myquoteiq.com/top-10-best-scheduling-software-for-appliance-repair-businesses-in-2026/,unverified,unverified,https://myquoteiq.com/top-10-best-scheduling-software-for-appliance-repair-businesses-in-2026/,$29.99/mo flat to $699/mo; no per-user fees,self-serve public price / free trial,unverified,unverified,unverified,"100% self-funded, no VC",https://myquoteiq.com/about-us/,unverified,unverified,unverified (host blocked),Horizontal FSM; appliance-repair content pages rather than a product landing. See niche 27 row for company details.,search-verified (URL-cited)
90,Appliance repair,Repair-CRM,repair-crm.com,https://www.repair-crm.com/2026/09/02/appliance-repair-software-the-2026-guide-for-small-shops/,unverified,unverified,https://www.repair-crm.com/2026/09/02/appliance-repair-software-the-2026-guide-for-small-shops/,$19/mo solo; $89/mo 2-5 techs; $119/mo 6-10; $179/mo 11-20,self-serve public price,2015,"1 employee (Tracxn, Jul 2024)",https://tracxn.com/d/companies/repaircrm/__VyDCM_W33zyJumUydkWyH2SaXZGuN8rPBORyHEGKYBs,no funding rounds,https://tracxn.com/d/companies/repaircrm/__VyDCM_W33zyJumUydkWyH2SaXZGuN8rPBORyHEGKYBs,unverified,unverified,unverified (host blocked),Tampa; mobile field-service CRM also marketed to landscaping/plumbing/HVAC.,search-verified (URL-cited)
90,Appliance repair,Rossware ServiceDesk,rossware.com,https://www.rossware.com/,unverified,unverified,https://rossware.net/PriceList.htm,"$6,000 purchase or $325/mo for 24 months (contract purchase); support $50/mo after included period",self-serve public price (one-time license),2002 (business start per BBB),1-10 employees,https://www.zoominfo.com/c/rossware-computing-inc/346939366,unverified,unverified,unverified,unverified,unverified (host blocked),"Appliance-specific: ServiceBench/ServicePower dispatch intake, Marcone/Encompass parts ordering, warranty claim filing (https://fieldcamp.ai/ai-dispatcher/best-appliance-repair-dispatch-software/). Founder Glade Ross (ex-Aardvark Appliance Service); Shelton WA (https://www.bbb.org/us/wa/shelton/profile/computer-software/rossware-computing-inc-1296-22722766).",search-verified (URL-cited)
90,Appliance repair,ServiceTitan,servicetitan.com,https://www.servicetitan.com/industries/appliance-repair-software,unverified,unverified,https://www.cleansavannah.com/post/best-appliance-repair-software-2026,"$245-500 per technician per month plus $5,000-50,000 implementation (third-party)",contact-sales,unverified,unverified,unverified,unverified,unverified,unverified,unverified,unverified (host blocked),Enterprise FSM with appliance-repair landing page; positioned for 15+ trucks.,search-verified (URL-cited)
90,Appliance repair,ServiceWorks,service.works,https://service.works/Appliance-repair-software.html,unverified,unverified,unverified,unverified,unverified,unverified,unverified,unverified,unverified,unverified,unverified,unverified,unverified (host blocked),Appliance-repair landing page in results; pricing and company data not found.,search-verified (URL-cited)
91,Small fleet trucking companies (1-20 trucks),AscendTMS,ascendtms.com (domain not confirmed by a result),https://gofreight.com/blog/best-tms-small-business,unverified,unverified,https://gofreight.com/blog/best-tms-small-business,$49/user/month (top plan $149/user/month),per user,unverified,unverified,unverified,unverified,unverified,unverified,unverified,unverified,Freemium-origin TMS popular with owner-operators,search-verified (URL-cited)
91,Small fleet trucking companies (1-20 trucks),Axele,axele.com (domain not confirmed by a result),https://www.torotms.com/blog/best-software-for-small-trucking-company,unverified,unverified,https://www.torotms.com/blog/best-software-for-small-trucking-company,around $149/month,monthly,unverified,unverified,unverified,unverified,unverified,unverified,unverified,unverified,Lower-end TMS; reviewers say outgrown past 20-30 trucks,search-verified (URL-cited)
91,Small fleet trucking companies (1-20 trucks),Hawk Lane,hawklanetech.com,https://hawklanetech.com/simple-carrier-tms.html,unverified,unverified,https://hawklanetech.com/fleet-tms-software.html,Free up to 3 active trucks; Growth $99/month (up to 10); Pro $199/month (up to 20),tiered by active trucks,unverified,unverified,unverified,unverified,unverified,unverified,unverified,unverified,"Built for 1-20 truck asset-based fleets; dispatch, PODs, settlements, invoicing. Headcount not surfaced.",search-verified (URL-cited)
91,Small fleet trucking companies (1-20 trucks),Motive Compliance Hub,gomotive.com,https://www.getfileflo.com/blog/best-eld-paired-compliance-software-2026,unverified,unverified,https://www.getfileflo.com/blog/best-eld-paired-compliance-software-2026,ELD subscriptions from ~$20-30/vehicle/month; Plus tier $35-40/truck,per vehicle per month with hardware,unverified,unverified,unverified,unverified,unverified,unverified,unverified,unverified,ELD-anchored incumbent (large company); IFTA/DQF bundled with mandated ELD spend,search-verified (URL-cited)
91,Small fleet trucking companies (1-20 trucks),TruckLogics,trucklogics.com,https://www.trucklogics.com/tms-software,unverified,unverified,https://www.torotms.com/blog/best-tms-software-for-trucking-company,$39.95/month (owner-operators),tiered by fleet size,unverified,unverified,unverified,unverified,unverified,unverified,unverified,unverified,Dispatch-to-invoice TMS from SPAN Enterprises family,search-verified (URL-cited)
91,Small fleet trucking companies (1-20 trucks),Truckbase,truckbase.com,https://www.truckbase.com/,unverified,unverified,https://www.torotms.com/blog/best-tms-software-for-trucking-company,$290/month billed annually,volume-based annual,2021,15,https://bouncewatch.com/company/truckbase,Crunchbase lists ~$209.2M total with undisclosed rounds (likely data artifact); no priced round disclosed,https://www.crunchbase.com/organization/truckbase-2ce9,unverified,unverified,unverified,Founder Bryan Jones; targets 5-100 truck FTL fleets; fully remote lean team,search-verified (URL-cited)
91,Small fleet trucking companies (1-20 trucks),TruckingOffice,truckingoffice.com,https://www.torotms.com/blog/best-software-for-small-trucking-company,unverified,unverified,https://www.torotms.com/blog/best-tms-software-for-trucking-company,"Basic $25/month (1-2 trucks), $55 (3-7), $90 (8+); Pro $35/$75/$130",tiered by truck count,2005,6 (Tracxn); 11 (PitchBook),https://tracxn.com/d/companies/truckingoffice/__tQ0l3kVhGnIRCkB8u3ryogFjCkG6jnVrtjPiPUQfBu8,unverified,unverified,unverified,unverified,unverified,"Founders Brett Elmendorf, Ronald J Campbell, Allen Campbell; billing/settlements/IFTA back office",search-verified (URL-cited)
91,Small fleet trucking companies (1-20 trucks),Truckpedia,truckpedia.io,https://truckpedia.io/resources/best-trucking-software-small-fleets,unverified,unverified,https://truckpedia.io/resources/best-trucking-software-small-fleets,$300/month for up to 10 trucks,flat by truck band,unverified,unverified,unverified,unverified,unverified,unverified,unverified,unverified,"AI-automation TMS; integrates Samsara/Motive/Geotab, factoring, fuel cards",search-verified (URL-cited)
92,Freight brokers,ARK TMS,arktms.com,https://arktms.com/freight-broker-software,unverified,unverified,https://arktms.com/freight-broker-software,"$199/user/mo, $0 setup",self-serve public price,"2023 (Tampa, FL)",unverified,https://arktms.com/about,unverified,unverified,unverified,unverified,unverified (host blocked),Built for small/mid brokerages; headcount not shown.,search-verified (URL-cited)
92,Freight brokers,Aljex,aljex.com,https://www.aljex.com/news/best-freight-broker-tms-software-2026/,unverified,unverified,unverified,unverified,unverified,unverified,unverified,unverified,unverified,unverified,unverified,unverified,unverified (host blocked),Broker TMS named via its own roundup page; pricing not in results.,search-verified (URL-cited)
92,Freight brokers,AscendTMS (InMotion Global),thefreetms.com,https://www.thefreetms.com/pricing,unverified,unverified,https://www.thefreetms.com/pricing,Free Basic (2 users); paid tiers $69/$119/$149 per user/mo per https://softwareconnect.com/reviews/ascendtms/,self-serve public price,"2002 (Brandon, FL; Tim Higham)",10-50 (estimate),https://www.selecthub.com/p/tms-software/ascendtms/,unverified,unverified,unverified,unverified,unverified (host blocked),"On-ramp TMS for new/small brokers. '10-50' range does not prove <50, so no bonus.",search-verified (URL-cited)
92,Freight brokers,BrokerPro TMS,brokerpro.com,https://www.brokerpro.com/pricing/,unverified,unverified,https://www.brokerpro.com/pricing/,"$950/mo for up to 150 loads/mo, unlimited users",self-serve public price,unverified,unverified,unverified,unverified,unverified,unverified,unverified,unverified (host blocked),"Load-volume pricing. A different 'Broker PRO' (Infinity Software, Decatur GA, 2000) appears on SelectHub; founding of brokerpro.com not verified.",search-verified (URL-cited)
92,Freight brokers,Revenova TMS,revenova.com,https://revenova.com/tms-for-freight-brokers/,unverified,unverified,unverified,"$2,500/company/mo start (third-party) per https://arktms.com/blog/best-tms-platforms-freight-brokers-2026",contact-sales,unverified,unverified,unverified,unverified,unverified,unverified,unverified,unverified (host blocked),Salesforce-native TMS; does not publish prices.,search-verified (URL-cited)
92,Freight brokers,Tai TMS,tai-software.com,https://tai-software.com/pricing/,https://www.facebook.com/TaiSoftware/,https://www.linkedin.com/company/tai-software,https://tai-software.com/pricing/,"$945/mo flat (Growth); Premium $2,345; Premium+ $4,350; Pro $7,545 per https://arktms.com/blog/best-tms-platforms-freight-brokers-2026",self-serve public price,"2005 (Huntington Beach, CA)","60 (2023, $15.9M revenue) per https://getlatka.com/companies/tai-software.com ; 82 per https://craft.co/tai-software",https://getlatka.com/companies/tai-software.com,~$20M raised; Accel-KKR investment 2020,https://www.accel-kkr.com/portfolio-company/tai-software/,unverified,unverified,unverified (host blocked),Broker-focused TMS with published flat-rate tiers.,search-verified (URL-cited)
92,Freight brokers,Turvo,unverified,https://arktms.com/blog/best-tms-platforms-freight-brokers-2026,unverified,unverified,unverified,~$5K/mo (third-party),contact-sales,unverified,unverified,unverified,unverified,unverified,unverified,unverified,unverified (host blocked),Named in ARK TMS roundup; domain not shown.,search-verified (URL-cited)
93,Moving companies,Chariot,chariotmove.com,https://www.chariotmove.com/pricing,unverified,unverified,https://www.chariotmove.com/pricing,$254/mo start (paid quarterly or annually); unlimited office & crew users,self-serve public price,unverified,unverified,unverified,unverified,unverified,unverified,unverified,unverified (not searched),AI voice assistant answers calls and creates leads (https://www.pipedrive.com/en/blog/best-crm-for-moving-company).,search-verified (URL-cited)
93,Moving companies,Elromco,elromco.com,https://www.elromco.com/best-moving-company-software,unverified,unverified,unverified,unverified,unverified,unverified,unverified,unverified,unverified,unverified,unverified,unverified,unverified (not searched),Vendor roundup/comparison pages (https://www.elromco.com/compare); price not in results.,search-verified (URL-cited)
93,Moving companies,Movegistics,movegistics.com,https://movegistics.com/,unverified,unverified,https://movegistics.com/pricing/,"from $79/mo (figure from search summary; attribution among movegistics.com/pricing, softwaresuggest, optimizeit); Movegistics AI quoted on request",self-serve public price,unverified,unverified,unverified,unverified,unverified,unverified,unverified,unverified (not searched),"Van-line agent features: interstate tariff pricing, AI virtual surveys. Capterra: https://www.capterra.com/p/140142/Movegistics-CRM/",search-verified (URL-cited)
93,Moving companies,MoveitPro,unverified,unverified,unverified,unverified,https://www.capterra.com/p/154185/MoveitPro/,$99/mo (1 user) to $199/mo (up to 5 users) (third-party),self-serve public price (third-party),unverified,unverified,unverified,unverified,unverified,unverified,unverified,unverified (not searched),'20-year veteran' per https://movegistics.com/top-5-moving-company-software-compared-2026/,search-verified (URL-cited)
93,Moving companies,Moverbase,moverbase.com,https://www.moverbase.com/,unverified,unverified,https://www.moverbase.com/pricing/,free plan; from $10/mo or $1 per move,self-serve public price,unverified,unverified,unverified,unverified,unverified,unverified,unverified,unverified (not searched),Lightweight moving CRM for very small operators.,search-verified (URL-cited)
93,Moving companies,MoversTech CRM,moverstech.com,https://moverstech.com/,unverified,https://www.linkedin.com/company/moverstechcrm,https://moverstech.com/plans/,from $99/mo (Growth / Professional tiers),self-serve public price (figure via https://www.capterra.com/p/209014/MoversTech/),unverified,unverified,unverified,unverified,unverified,unverified,unverified,unverified (not searched),"Built by movers; storage billing, multi-branch, payroll. Crunchbase: https://www.crunchbase.com/organization/moverstech-crm",search-verified (URL-cited)
93,Moving companies,SmartMoving,unverified,unverified,unverified,unverified,https://movegistics.com/top-5-moving-company-software-compared-2026/,~$299/mo (third-party competitor comparison),unverified (third-party figure; vendor page not seen),2018 (Dallas),20 (Aug 2022) / employee range 66 (recent),https://www.crunchbase.com/organization/smartmoving-software,VC: $41.5M Series C 2022-08-23 (Mainsail Partners),https://builtin.com/articles/smartmoving-raises-41m-moving-platform-082322,unverified,unverified,unverified (not searched),All-in-one moving CRM/dispatch/storage; founder Tobe Thompson. Datanyze: https://www.datanyze.com/companies/smartmoving/464058573,search-verified (URL-cited)
93,Moving companies,Supermove,supermove.com,https://www.supermove.com/blog/seriesa-a16z,unverified,unverified,unverified,unverified (no published price; demo call),contact-sales,2019,48 (PitchBook) / ~54 (GetLatka 2026),https://pitchbook.com/profiles/company/437355-73,"VC: $18M Series A (a16z, Founders Fund) 2022",https://www.supermove.com/blog/seriesa-a16z,unverified,unverified,unverified (not searched),"Founders Wonjun Jeong, Mark Miyashita; $8.1M revenue per https://getlatka.com/companies/supermove.com. Headcount bonus given on the 48 figure; the 54 figure conflicts.",search-verified (URL-cited)
94,Courier & last-mile delivery companies,CXT Software,cxtsoftware.com,https://cxtsoftware.com/,unverified,https://www.linkedin.com/company/cxtsoftware,https://cxtsoftware.com/pricing/,unverified,contact-sales,1999 (two courier veterans),11-50 (LinkedIn); 'over 40 tech specialists'; ~200 (LeadIQ),https://www.linkedin.com/company/cxtsoftware,unverified,unverified,unverified,unverified,unverified (host blocked),Conflicting headcounts; LinkedIn band used for bonus. Client portal https://cxtsoftware.com/client/.,search-verified (URL-cited)
94,Courier & last-mile delivery companies,OnTime 360 (Vesigo Studios),ontime360.com,https://www.ontime360.com/features,unverified,https://www.linkedin.com/company/vesigo-studios-inc,https://www.ontime360.com/courier-software-cost,$99/mo Start; Grow $249; Scale $499,self-serve public price; free trial,"2000 (Medford, OR)",100+ (CrowdReviews),https://www.crowdreviews.com/ontime-360/company-info,privately held,https://vesigo.com/company/about-us,unverified,unverified,unverified (host blocked),Capterra https://www.capterra.com/p/97252/OnTime-360/.,search-verified (URL-cited)
94,Courier & last-mile delivery companies,Onfleet,onfleet.com,https://onfleet.com/blog/courier-dispatch-software/,unverified,unverified,https://www.routific.com/blog/best-courier-software,Launch plan $619/mo,self-serve public price (per third-party roundup),unverified,unverified,unverified,unverified,unverified,unverified,unverified,unverified (host blocked),Price via routific roundup.,search-verified (URL-cited)
94,Courier & last-mile delivery companies,Routific,routific.com,https://www.routific.com/blog/best-courier-software,unverified,unverified,unverified,unverified,per-order/per-stop pricing (per roundup),unverified,unverified,unverified,unverified,unverified,unverified,unverified,unverified (host blocked),Route optimization for batched routes.,search-verified (URL-cited)
94,Courier & last-mile delivery companies,Shipday,shipday.com,https://www.shipday.com/pricing,unverified,unverified,https://www.shipday.com/pricing,$0 Basic (300 orders/mo); Professional $39/mo; Elite $99; Business Advanced $299,self-serve public price; free tier,2020,26 (GetLatka 2025); 9 (PitchBook),https://getlatka.com/companies/shipday.com,"raised $13.6M (B Capital, Emil Capital, Ibex)",https://www.crunchbase.com/organization/shipday,unverified,unverified,unverified (host blocked),PitchBook https://pitchbook.com/profiles/company/484351-84 ; Capterra https://www.capterra.com/p/211323/Shipday/pricing/.,search-verified (URL-cited)
94,Courier & last-mile delivery companies,Simply Dispatch,courier-software.com,https://courier-software.com/,unverified,unverified,unverified,unverified,unverified,unverified,unverified,unverified,unverified,unverified,unverified,unverified,unverified (host blocked),Courier software for small businesses.,search-verified (URL-cited)
94,Courier & last-mile delivery companies,Track-POD,track-pod.com,https://www.track-pod.com/courier-software/,unverified,unverified,https://www.track-pod.com/pricing-delivery-app/,$59/driver/mo Advanced ($49 annual); 3-driver minimum; per-order from $285/mo,self-serve public price,unverified,unverified,unverified,unverified,unverified,unverified,unverified,unverified (host blocked),Capterra https://www.capterra.com/p/178880/Track-POD/.,search-verified (URL-cited)
94,Courier & last-mile delivery companies,Transvirtual,transvirtual.com,https://www.transvirtual.com/us/courier-software/,unverified,unverified,unverified,unverified,pay-per-delivery (per vendor blog),unverified,unverified,unverified,unverified,unverified,unverified,unverified,unverified (host blocked),,search-verified (URL-cited)
94,Courier & last-mile delivery companies,Wodely,wodely.com,https://www.wodely.com/top-10-courier-management-software-in-2026-best-tools-for-efficient-last-mile-delivery/,unverified,unverified,https://www.wodely.com/top-10-courier-management-software-in-2026-best-tools-for-efficient-last-mile-delivery/,"$49/mo (400 tasks); $159/mo (2,000 tasks)",self-serve public price (vendor blog),unverified,unverified,unverified,unverified,unverified,unverified,unverified,unverified (host blocked),,search-verified (URL-cited)
95,School bus contractors,BusBoss (Orbit Software),busboss.com,https://www.busboss.com/personalized-service-selector-bus-contractor,unverified,https://www.linkedin.com/company/orbit-software-inc-,https://www.busboss.com/compare-product-pricing,quote only (price-match guarantee),contact-sales,1998 (January; Pottstown PA),11-50,https://www.linkedin.com/company/orbit-software-inc-,unverified,unverified,unverified,unverified,not searched (host blocked),Routing/dispatch/GPS with a dedicated contractor page; also sells GPS hardware (https://www.busboss.com/about-us).,search-verified (URL-cited)
95,School bus contractors,Bytecurve360,bytecurve.com,https://bytecurve.com/school-bus-driver-scheduling-softwares/,unverified,https://www.linkedin.com/company/bytecurve,unverified,unverified,contact-sales,2016 (CB Insights) or 2018 by GP Singh (Naperville IL),1-10 (Crunchbase),https://www.crunchbase.com/organization/bytecurve,acquired by Transit Technologies Aug 2024,https://www.cbinsights.com/company/bytecurve,unverified,unverified,not searched (host blocked),"Built by ex-large-contractor ops team: dispatch, GPS, payroll automation, driver comms; BusPlanner integration (https://www.schoolbusfleet.com/news/busplanner-and-bytecurve-integration-delivers-opportunity-for-school-bus-fleets).",search-verified (URL-cited)
95,School bus contractors,Edulog (Education Logistics),edulog.com,https://www.edulog.com/,unverified,https://www.linkedin.com/company/educationlogistics,unverified,unverified,contact-sales,serving districts since 1977 (one source: founded 1978 by Hien Nguyen); Missoula MT,~150 in Missoula (https://missoulacurrent.com/edulog-school-bus/) / 98 (LeadIQ),https://leadiq.com/c/edulog-education-logistics-llc/5a1d8de75400005b00745b31,unverified,unverified,unverified,unverified,not searched (host blocked),"District-focused routing, GPS, ridership, parent apps; districts typically $15K-$60K/yr (https://civiciq.com/blog/school-transportation-software-2026-pricing-vendors-k-12-contract-analysis).",search-verified (URL-cited)
95,School bus contractors,Fleetio (school bus fleet page),fleetio.com,https://www.fleetio.com/industries/school-bus-fleet-management-software,unverified,unverified,unverified,unverified,unverified,unverified,unverified,unverified,unverified,unverified,unverified,unverified,not searched (host blocked),Horizontal fleet maintenance with dedicated school-bus landing page; pricing not searched.,search-verified (URL-cited)
95,School bus contractors,Lynx Transportation Solutions,studentbusing.com,https://studentbusing.com/,unverified,unverified,https://sourceforge.net/articles/qa-with-lynx-about-school-transportation-software/,priced per location (one copy per contractor office); amount unverified,contact-sales,software division 1983; Lynx early 1990s; founder/CEO Joe Canepa,unverified,https://sourceforge.net/articles/qa-with-lynx-about-school-transportation-software/,unverified,unverified,unverified,unverified,not searched (host blocked),Contractors manage multiple districts in one application (https://www.guideflow.com/blog/school-bus-routing-software).,search-verified (URL-cited)
95,School bus contractors,School Bus Manager,schoolbusmanager.com,https://waypoint.schoolbusmanager.com/,unverified,unverified,https://www.schoolbusmanager.com/pricing,Lite $99/mo (up to 500 children) + $199 setup; Plus $179/mo; Standard $399/mo; Pro $599/mo; 12-month minimum,self-serve public price,unverified,unverified,unverified,unverified,unverified,unverified,unverified,not searched (host blocked),"Web-based routing, GPS, parent app, driver console; best for small-to-mid operations per https://www.guideflow.com/blog/school-bus-routing-software. Company details not found.",search-verified (URL-cited)
95,School bus contractors,Transfinder (Routefinder PLUS),transfinder.com,https://www.transfinder.com/,unverified,unverified,unverified,unverified,contact-sales,1988 (Schenectady NY),195,https://www.transfinder.com/news_events/Transfinder-Records-42-2M-in-Revenue-up-20-_2365-blog.htm,"private; $42.2M revenue, up 20%",https://www.transfinder.com/news_events/Transfinder-Records-42-2M-in-Revenue-up-20-_2365-blog.htm,unverified,unverified,not searched (host blocked),"Market leader for districts (10,645 K-12 relationships per https://civiciq.com/blog/school-transportation-software-2026-pricing-vendors-k-12-contract-analysis); contractors integrate with district instances.",search-verified (URL-cited)
96,Limo & black car operators,A to Z Dispatch,unverified,https://www.groundalliance.com/top-10-limo-dispatch-software-2026/,unverified,unverified,unverified,unverified,unverified,unverified,unverified,unverified,unverified,unverified,unverified,unverified,not searched (budget reserved for tool discovery),Named in Ground Alliance roundup; domain not seen.,search-verified (URL-cited)
96,Limo & black car operators,Ground Alliance,groundalliance.com,https://www.groundalliance.com/top-10-limo-dispatch-software-2026/,unverified,unverified,unverified,unverified,unverified,unverified,unverified,unverified,unverified,unverified,unverified,unverified,not searched (budget reserved for tool discovery),Limo dispatch software; only its own roundup surfaced.,search-verified (URL-cited)
96,Limo & black car operators,Limo Anywhere,limoanywhere.com,https://www.limoanywhere.com/about-us/,unverified,unverified,https://www.limoanywhere.com/pricing/,"Core $99/mo + $299 setup; Plus $249/mo + $599 setup; Black $549/mo + $899 setup; operators report $400-$1,200+/mo after modules",self-serve public price,2004,"39-person team (2021, getlatka); 96 employees (May, per result summary, attribution uncertain)",https://getlatka.com/companies/limo-anywhere,"acquired by Marcou Transportation Group 2017-01-26, then by Fullsteam 2022-10-13",https://www.limoanywhere.com/2022/10/13/exciting-announcement-limo-anywhere-and-all-accompanying-assets-acquired-by-fullsteam/,unverified,unverified,not searched (budget reserved for tool discovery),"Most-established livery platform: reservations, dispatch, affiliate trips, payments; about 5,400 customers per vendor about page. Price lines from result summary for 'Limo Anywhere pricing per month' (vendor pricing page, capterra, taxi-webdesign in set).",search-verified (URL-cited)
96,Limo & black car operators,LimoFlow,limoflow.com,https://www.limoflow.com/blog/best-limo-booking-software-for-small-chauffeur-companies-in-2026/,unverified,unverified,unverified,unverified,unverified,unverified,unverified,unverified,unverified,unverified,unverified,unverified,not searched (budget reserved for tool discovery),Ops + marketing tool for small chauffeur companies; only its own roundup surfaced.,search-verified (URL-cited)
96,Limo & black car operators,Moovs,moovsapp.com,https://www.moovsapp.com/,unverified,unverified,https://www.ridezora.com/blog/limo-dispatch-software-pricing-compared-2026,Free; Paid $179/mo; Enterprise $499/mo; $79 per user/mo on mid tier plus card-processing margin and per-booking marketplace fee (third-party),self-serve public price (third-party reported),2020,unverified,unverified,unfunded / bootstrapped per Tracxn; built by Swoop,https://tracxn.com/d/companies/moovs/__ZsCSdI-vvpZRwcd72irkaBAKRJlRLp2wnShCHFacuUA,unverified,unverified,not searched (budget reserved for tool discovery),"Modern all-in-one chauffeur software (founder Amir Ghorbani, family limo background). Price lines from result summary for 'Moovs limo software pricing' (ridezora and selecthub in set). Swoop relationship: https://www.crunchbase.com/organization/swoop-app.",search-verified (URL-cited)
96,Limo & black car operators,Yelowsoft,yelowsoft.com,https://www.yelowsoft.com/alternatives/top-five-limo-anywhere-alternatives-compared/,unverified,unverified,unverified,unverified,unverified,unverified,unverified,unverified,unverified,unverified,unverified,unverified,not searched (budget reserved for tool discovery),Horizontal taxi/limo dispatch vendor publishing Limo Anywhere alternatives; no pricing in results.,search-verified (URL-cited)
97,Non-emergency medical transportation providers,Bambi,hibambi.com,https://www.hibambi.com/,unverified,unverified,https://nextbillion.ai/feeds/blog/nemt-scheduling-software-transparent-pricing,"$69/vehicle/month, $0 setup, no long-term contract",per vehicle per month,2022,10 (Built In); 2-10 (LinkedIn),https://builtin.com/company/bambi-nemt,"$3.75M, Series A stage",https://www.crunchbase.com/organization/bambi-0659,unverified,unverified,unverified,"Founders Nirav Chheda, Charles Henick; Great Neck NY; AI dispatch/routing",search-verified (URL-cited)
97,Non-emergency medical transportation providers,MediRoutes,mediroutes.com,https://mediroutes.com/,unverified,unverified,https://nextbillion.ai/feeds/blog/nemt-scheduling-software-transparent-pricing,$0.50 per managed trip; can exceed $200/vehicle/month all-in,per trip plus platform,unverified,unverified,unverified,unverified,unverified,unverified,unverified,unverified,18+ years; enterprise providers; open API and broker integrations,search-verified (URL-cited)
97,Non-emergency medical transportation providers,NEMT Cloud Dispatch,nemtclouddispatch.com,https://nemtclouddispatch.com/,unverified,unverified,https://nemtclouddispatch.com/,from $49.99/month,monthly,unverified,unverified,unverified,unverified,unverified,unverified,unverified,unverified,"Live integrations with Modivcare, MTM, Kaiser, Access2Care, Alivi, VectorCare",search-verified (URL-cited)
97,Non-emergency medical transportation providers,RouteGenie,routegenie.com,https://routegenie.com/nemt-management-software/,unverified,unverified,https://nextbillion.ai/feeds/blog/nemt-scheduling-software-transparent-pricing,"Growth from ~$50/vehicle/month, $0 setup",per vehicle per month,2017,"33 (PitchBook); 46 (Tracxn, Jul 2026)",https://pitchbook.com/profiles/company/521432-38,"1 round, seed 2025 (amount undisclosed)",https://tracxn.com/d/companies/routegenie/__DJwezFIbuqx6ic7KzOtU7NgHWXNUxSszyAcIoo-lfSU,unverified,unverified,unverified,Buffalo NY; founded by former NEMT operators,search-verified (URL-cited)
97,Non-emergency medical transportation providers,RoutingBox,routingbox.com,https://routingbox.com/,unverified,unverified,unverified,'transparent pricing' claimed; figures not surfaced,unverified,unverified,unverified,unverified,unverified,unverified,unverified,unverified,unverified,All-in-one NEMT dispatch with broker integrations,search-verified (URL-cited)
97,Non-emergency medical transportation providers,Tobi Cloud,tobicloud.com (domain not confirmed by a result),https://nextbillion.ai/feeds/blog/nemt-scheduling-software-transparent-pricing,unverified,unverified,https://nextbillion.ai/feeds/blog/nemt-scheduling-software-transparent-pricing,from $60/vehicle/month + $0.10/trip,per vehicle plus per trip,unverified,unverified,unverified,unverified,unverified,unverified,unverified,unverified,Silver/Gold tiers; Gold exceeds $200/vehicle/month with trip fees,search-verified (URL-cited)
97,Non-emergency medical transportation providers,TripMaster (CTS Software),tripmaster domain not confirmed by a result,https://nextbillion.ai/feeds/blog/nemt-scheduling-software-transparent-pricing,unverified,unverified,https://nextbillion.ai/feeds/blog/nemt-scheduling-software-transparent-pricing,custom quote; third parties cite ~$125/month start,quote,unverified,unverified,unverified,unverified,unverified,unverified,unverified,unverified,Legacy paratransit/NEMT vendor,search-verified (URL-cited)
97,Non-emergency medical transportation providers,ZeitRide,zeitride.com,https://zeitride.com/blog/best-nemt-routing-software-2026,unverified,unverified,https://zeitride.com/blog/best-nemt-routing-software-2026,flat $49/vehicle,per vehicle,unverified,unverified,unverified,unverified,unverified,unverified,unverified,unverified,Newer entrant publishing comparison content and flat per-vehicle price,search-verified (URL-cited)
98,Charter bus operators,BusCMMS,buscmms.com,https://buscmms.com/blog/-blog-best-charter-bus-booking-software-2026,unverified,unverified,unverified,unverified,unverified,unverified,unverified,unverified,unverified,unverified,unverified,unverified,unverified (host blocked),Self-published roundup ranks itself #1; charter booking + dispatch + maintenance + federal compliance.,search-verified (URL-cited)
98,Charter bus operators,Busie,getbusie.com,https://www.getbusie.com/busie-charter-platform,unverified,https://www.linkedin.com/company/busie,unverified,unverified,contact-sales,2017,11 employees (Apr 30 2026),https://tracxn.com/d/companies/busie/__ftw-LAa_-GkvaMDlDd7Xh362qUkbQV2pLl7luv8jxIM,"$646K seed (May 28 2024; Right Side Capital, Forum Ventures, Hudson Valley Startup Fund)",https://www.cbinsights.com/company/busie,unverified,unverified,unverified (host blocked),"Founders Louis Bookoff (CEO) and Brady Perry (CTO); quoting, instant booking, payments, dispatch, routing. Crunchbase https://www.crunchbase.com/organization/busie.",search-verified (URL-cited)
98,Charter bus operators,Busify,busify.com,https://www.busify.com/,unverified,unverified,unverified,unverified,contact-sales,unverified,2-10 employees,https://leadiq.com/c/busify/6442e9237aa4183156294904,unverified,unverified,unverified,unverified,unverified (host blocked),"Florida. Automated quoting, mobile checkout, dispatch, driver app; iOS/Android apps (https://apps.apple.com/us/app/busify-charter-bus-software/id1596317393). Org chart https://theorg.com/org/busify.",search-verified (URL-cited)
98,Charter bus operators,CIS Station Charter,cis-group.com,https://cis-group.com/solutions/cis-station/charter-transport-management-software/,unverified,unverified,unverified,unverified,unverified,unverified,unverified,unverified,unverified,unverified,unverified,unverified,unverified (host blocked),"Quotes, dispatch, driver assignment, billing.",search-verified (URL-cited)
98,Charter bus operators,Distinctive Systems Coach Manager,distinctive-systems.com,https://www.distinctive-systems.com/us/products/coach-manager/,unverified,unverified,https://www.distinctive-systems.com/us/products/coach-manager/pricing/,Coach Manager Online hosting $27.50/mo + $375 setup; +5 employees $13.75/mo (core license price not in snippet),self-serve public price,unverified,unverified,unverified,unverified,unverified,unverified,unverified,unverified (host blocked),"Established 40+ years; used by 1,650+ operators, 120M journeys (https://www.distinctive-systems.com/us/). PA Bus Association member listing https://members.pabus.org/directory/Details/distinctive-systems-inc-1908208.",search-verified (URL-cited)
98,Charter bus operators,DriverSchedule (charter bus landing),driverschedule.com,https://www.driverschedule.com/industries/charter-bus-and-motor-coach-transportation-scheduling/,unverified,unverified,unverified,unverified,unverified,unverified,unverified,unverified,unverified,unverified,unverified,unverified,unverified (host blocked),Horizontal driver-scheduling tool with a dedicated charter bus page.,search-verified (URL-cited)
98,Charter bus operators,Hudson Software (Bus Charter Operations),hudsonltd.com,https://hudsonltd.com/bus-charter-operations,unverified,unverified,unverified,unverified,unverified,unverified,unverified,unverified,unverified,unverified,unverified,unverified,unverified (host blocked),Records over 2 million online reservations/yr for clients.,search-verified (URL-cited)
98,Charter bus operators,The Bus Network (TBN),thebusnetwork.com,https://portal.thebusnetwork.com/,unverified,https://www.linkedin.com/company/thebusnetwork,https://www.busandmotorcoachnews.com/tbn-unveils-free-ai-tools-for-motorcoach-operators/,"AI tools: free tier, paid from $19/mo (core suite pricing not public)",contact-sales,unverified,unverified,unverified,unverified,unverified,unverified,unverified,unverified (host blocked),Real-time charter pricing + automated quote follow-up; Coach USA partnership (https://www.buses.org/news/coach-usa-teams-up-with-the-bus-network-to-modernize-charter-booking-experience/); expanded to Canada (https://www.busandmotorcoachnews.com/tbn-expands-into-canada-with-localized-software-tools/).,search-verified (URL-cited)
98,Charter bus operators,busHive,bushive.com,https://www.bushive.com/motorcoachoperator/,unverified,unverified,unverified,unverified,contact-sales,unverified,unverified,unverified,unverified,unverified,unverified,unverified,unverified (host blocked),"Sales, dispatch, vehicle/driver allocation, billing, payroll; quotes in minutes.",search-verified (URL-cited)
98,Charter bus operators,eCoachManager,ecoachmanager.com,https://ecoachmanager.com/,unverified,unverified,unverified,unverified,unverified,unverified,unverified,unverified,unverified,unverified,unverified,unverified,unverified (host blocked),Coach and bus hire management (UK-origin).,search-verified (URL-cited)
99,Customs brokers,CargoWise (WiseTech Global),unverified,https://gofreight.com/blog/best-customs-brokerage-software,unverified,unverified,https://g2.com/products/wisetech-global-cargowise/pricing,no public pricing,contact-sales,unverified,unverified,unverified,unverified,unverified,unverified,unverified,unverified (host blocked),Enterprise multi-jurisdiction customs; not an SMB tool.,search-verified (URL-cited)
99,Customs brokers,Cervo AI,usecervo.com,https://usecervo.com/resources/how-to-choose-customs-broker-software,unverified,unverified,unverified,unverified,unverified,2023,unverified,unverified,"$5M seed (2024; HOF Capital, Zetta, Crossbeam); acquired by Altana July 2026 in a cash-and-stock deal that could exceed $100M",https://www.crunchbase.com/organization/cervo-ai,unverified,unverified,unverified (host blocked),"AI agent for customs brokerage workflows (entry prep, classification). Signals that an agentic wedge here is already being bought (https://finance.yahoo.com/economy/policy/articles/altana-acquires-customs-automation-startup-221917451.html).",search-verified (URL-cited)
99,Customs brokers,CustomsCity,customscity.com,https://customscity.com/abi-automated-broker-interface/,unverified,https://ca.linkedin.com/company/customs-city,https://customscity.com/abi-pricing/,"per ABI transaction sent to CBP, billed monthly; amounts not shown",contact-sales,2018,11-50 employees,https://ca.linkedin.com/company/customs-city,unverified,https://www.crunchbase.com/organization/customs-city-global-solutions-inc,unverified,unverified,unverified (host blocked),"Pickering, Ontario; ABI, AMS, ISF, in-bond, eManifest with 24/7 support.",search-verified (URL-cited)
99,Customs brokers,CustomsNow,customsnow.com,https://customsnow.com/solutions/customs-broker/,unverified,https://www.linkedin.com/company/customs-now-inc-,https://customsnow.com/solutions/,one-time license fee then per-transaction; amounts not public,contact-sales,2008,11-50 employees,https://www.linkedin.com/company/customs-now-inc-,unverified,https://www.crunchbase.com/organization/customsnow,unverified,unverified,unverified (host blocked),"ACE-certified ABI vendor and licensed broker; Scottsdale AZ. Files ISF, entry, in-bond, reconciliation, AES, PGAs.",search-verified (URL-cited)
99,Customs brokers,Descartes NetCHB,netchb.com,https://home.netchb.com/,unverified,unverified,unverified,unverified,contact-sales,2005,"7 employees (PitchBook, at acquisition)",https://pitchbook.com/profiles/company/491462-29,acquired by Descartes Feb 2022 for $40M cash + up to $60M earn-out,https://www.descartes.com/resources/news/descartes-acquires-netchb,unverified,unverified,unverified (host blocked),"Cloud ABI filing used by 700+ customs brokers (https://www.sec.gov/Archives/edgar/data/1050140/000092963822000375/exhibit99-1.htm). Headcount is pre-acquisition; parent Descartes is a large public company, so treat bonus with caution.",search-verified (URL-cited)
99,Customs brokers,GoFreight,gofreight.com,https://gofreight.com/blog/best-customs-brokerage-software,unverified,unverified,unverified,unverified,unverified,unverified,unverified,unverified,unverified,unverified,unverified,unverified,unverified (host blocked),"Forwarder/brokerage platform (customs, ocean, air, accounting); pricing and company data not in results.",search-verified (URL-cited)
99,Customs brokers,Magaya,unverified,https://www.guideflow.com/blog/customs-brokerage-software,unverified,unverified,unverified,no public prices; tailored per organization,contact-sales,unverified,unverified,unverified,unverified,unverified,unverified,unverified,unverified (host blocked),Customs module inside a freight/logistics platform (https://www.cbinsights.com/compare/cargowise-vs-magaya). Domain not shown in results.,search-verified (URL-cited)
99,Customs brokers,Strix,strixsmart.com,https://strixsmart.com/solutions/self-filing,unverified,unverified,https://strixsmart.com/pricing,$30/entry self-filing software; $100-$250/entry full brokerage; $500 onboarding; no contracts,self-serve public price (per entry),2006,unverified,unverified,unverified,https://www.crunchbase.com/organization/strix-22cd,unverified,unverified,unverified (host blocked),Bozeman MT brokerage + ACE-certified self-filing SaaS; hybrid broker/software model.,search-verified (URL-cited)
100,Small 3PL warehouses,Deposco,deposco.com,https://deposco.com/blog/best-3pl-warehouse-management-systems-of-2026/,unverified,unverified,unverified,unverified,contact-sales,unverified,unverified,unverified,unverified,unverified,unverified,unverified,unverified (host blocked),Mid/enterprise WMS named via its own roundup; pricing not in results.,search-verified (URL-cited)
100,Small 3PL warehouses,Extensiv 3PL Warehouse Manager,extensiv.com,https://www.extensiv.com/,unverified,unverified,unverified,$599/mo start plus per-client and module fees (third-party) per https://softwareconnect.com/reviews/extensiv-3pl-warehouse-manager/,contact-sales,2006 (as 3PL Central; John Watkins & Nancy Rohman),unverified,unverified,Mainsail Partners growth equity $17.5M (2015) and $45M syndicate,https://www.extensiv.com/newsroom/mainsail-partners-leads-fresh-45m-capital-raise-for-3pl-central,unverified,unverified,unverified (host blocked),"Deepest 3PL WMS (multi-client billing, portals). Founding cite https://www.extensiv.com/newsroom/3pl-central-receives-17.5-million-in-growth-equity-from-mainsail-partners ; current headcount not found.",search-verified (URL-cited)
100,Small 3PL warehouses,Logiwa,logiwa.com,https://softwareconnect.com/roundups/best-3pl-third-party-logistics-software/,unverified,unverified,unverified,DTC plan ~$300/mo; 3PL Accelerator plan custom quote (third-party),contact-sales,2017 (Chicago; Erhan Musaoglu),123,https://rocketreach.co/logiwa-wms-profile_b5cb0025f42e1469,$39M raised; Series B $16.4M led by NewRoad Capital (2022),https://www.logiwa.com/press-release/logiwa-raises-16-4m-in-series-b-funding-as-company-aims-to-modernize-the-wms-market,unverified,unverified,unverified (host blocked),Cloud WMS for DTC and 3PL.,search-verified (URL-cited)
100,Small 3PL warehouses,Packem WMS,packemwms.com,https://packemwms.com/best-wms-small-3pl-buyers-guide/,unverified,unverified,unverified,unverified,unverified,unverified,unverified,unverified,unverified,unverified,unverified,unverified,unverified (host blocked),Small-3PL WMS named via its own buyer's guide; pricing not in results.,search-verified (URL-cited)
100,Small 3PL warehouses,Packiyo,packiyo.com,https://www.fulfill.com/best-wms-for-3pls,unverified,unverified,unverified,"$699/mo '3PL Startup' plan, 3 users (third-party)",self-serve public price,2021 (NYC; founder Tommy Bjorbaek),26 (Apr 30 2026),https://tracxn.com/d/companies/packiyo/__OYcTVq8H3ggyvflibz1KFiU70WxcdNRb9_HY2WlzYuo,no funding rounds,https://tracxn.com/d/companies/packiyo/__OYcTVq8H3ggyvflibz1KFiU70WxcdNRb9_HY2WlzYuo,unverified,unverified,unverified (host blocked),Positioned for sub-$5M 3PL operators; 3PL billing and client portals.,search-verified (URL-cited)
100,Small 3PL warehouses,ShipHero,unverified,https://softwareconnect.com/roundups/best-3pl-third-party-logistics-software/,unverified,unverified,unverified,"$1,995/mo (3PL plan) plus $2,000 onboarding (third-party)",contact-sales,unverified,unverified,unverified,unverified,unverified,unverified,unverified,unverified (host blocked),Named in roundup and in Extensiv integration page https://www.extensiv.com/ecosystem/integrations/combo/extensiv-3pl-warehouse-manager-with-shiphero ; domain not shown.,search-verified (URL-cited)
101,Motorcycle & powersports dealers,BiT DMS,bitdms.com,https://www.bitdms.com/powersports/,unverified,unverified,unverified,unverified,unverified,unverified,unverified,unverified,unverified,unverified,unverified,unverified,unverified (not searched),Customizable DMS for motorcycle/ATV/UTV/snowmobile dealers.,search-verified (URL-cited)
101,Motorcycle & powersports dealers,Blackpurl,blackpurl.com,https://blackpurl.com/solutions/industry/powersports/,unverified,https://www.linkedin.com/company/blackpurl,https://www.capterra.com/p/153782/Blackpurl/,Essentials $388/mo annual or $408/mo monthly (another source: $338/mo) (third-party),self-serve public price (third-party; vendor says 'transparent pricing'),unverified,unverified,unverified,unverified,unverified,unverified,unverified,unverified (not searched),"Cloud DMS; founder Mike Wyrzykowski, Vancouver. Crunchbase: https://www.crunchbase.com/organization/blackpurl; TrustRadius pricing: https://www.trustradius.com/products/blackpurl/pricing; H-D dealer page https://blackpurl.com/dms-for-harley-davidson-dealerships/",search-verified (URL-cited)
101,Motorcycle & powersports dealers,DX1,dx1app.com,https://www.dx1app.com/Industry/Powersports,unverified,unverified,https://www.softwaresuggest.com/dx1,"from $1,200/mo (end-to-end DMS + website; DMS sold separately) (third-party)",contact-sales (third-party figure),unverified,unverified,unverified,unverified,unverified,unverified,unverified,unverified (not searched),H-D Certified Provider page: https://www.dx1app.com/Website/H-D-Certified-Provider,search-verified (URL-cited)
101,Motorcycle & powersports dealers,DealerClick,dealerclick.com,https://dealerclick.com/products/powersports-dealer-software,unverified,unverified,unverified,unverified,unverified,unverified,unverified,unverified,unverified,unverified,unverified,unverified,unverified (not searched),Guide: https://dealerclick.com/blog/powersports-dealer-management-software-guide,search-verified (URL-cited)
101,Motorcycle & powersports dealers,EverLogic,everlogic.com,https://everlogic.com/powersports-dealership-management-software/,unverified,unverified,https://everlogic.com/price/,"$129/mo per Core Desktop license (3-license minimum); Mobile App $39/mo per license; $4,000 one-time onboarding",self-serve public price,~2005 ('20 years' vendor statement),unverified,unverified,unverified,unverified,unverified,unverified,unverified (not searched),QuickBooks-integrated DMS; comparison blog https://blog.everlogic.com/whats-the-difference-between-everlogic-dms-and-blackpurl,search-verified (URL-cited)
101,Motorcycle & powersports dealers,Lightspeed DMS,lightspeeddms.com,https://www.lightspeeddms.com/industries/powersports/,unverified,unverified,unverified,unverified,contact-sales,unverified,unverified,unverified,unverified,unverified,unverified,unverified,unverified (not searched),"4,500+ dealers, since 1983, ~300 OEM price files (https://www.onedealerlane.com/blog/5-best-software-platforms-for-powersports-dealers-in-2026). Not the Lightspeed Retail POS.",search-verified (URL-cited)
101,Motorcycle & powersports dealers,ZiiDMS,ziidms.com,https://www.ziidms.com/,unverified,unverified,unverified,unverified,unverified,unverified,unverified,unverified,unverified,unverified,unverified,unverified,unverified (not searched),Powersports and marine DMS.,search-verified (URL-cited)
102,Boat dealers & marinas,BiT DMS,bitdms.com,https://www.bitdms.com/marine/,unverified,unverified,https://www.guideflow.com/blog/boat-dealer-software,"from $238/mo, contract-free",third-party listed price (guideflow),unverified,unverified,unverified,unverified,unverified,unverified,unverified,unverified (host blocked),,search-verified (URL-cited)
102,Boat dealers & marinas,DealerRock,dealerrock.com,https://www.dealerrock.com/marine-dms-software/,unverified,unverified,https://www.dealerrock.com/pricing/,$390/mo Sales Core; Service Core $490; Complete $690 (month-to-month),self-serve public price,"2018 (Crestview Hills, KY; Jason Haines & Tommy Tayman)",unverified,unverified,unverified,https://www.crunchbase.com/organization/dealerrock,unverified,unverified,unverified (host blocked),About https://www.dealerrock.com/about-us/ ; Capterra https://www.capterra.com/p/264972/DealerRock/.,search-verified (URL-cited)
102,Boat dealers & marinas,DockMaster,dockmaster.com,https://www.dockmaster.com/solutions/marina-management,unverified,https://www.linkedin.com/company/dockmastersoftware,unverified,unverified,contact-sales,first system 1983,unverified,unverified,acquired by Valsoft 2017; acquired by Aspire Software Mar 2026,https://www.trysignalbase.com/news/acquisitions/dockmaster-software-acquired-by-aspire-software-acquisition,unverified,unverified,unverified (host blocked),"1,000+ marinas claimed; GetLatka est. $2.5M ARR (https://getlatka.com/companies/dockmaster.com); Valsoft note https://www.valsoftcorp.com/news/dockmaster-revitalizing-growth-in-the-marine-industry-software-sector.",search-verified (URL-cited)
102,Boat dealers & marinas,Dockwa,marinas.dockwa.com,https://marinas.dockwa.com/,unverified,unverified,https://marinas.dockwa.com/marina-software-pricing,free tier + % of revenue + annual software fee (amounts not in results),hybrid; amounts unverified,unverified,47 (GetLatka Aug 2026); 52 (PitchBook),https://getlatka.com/companies/dockwa.com,"raised $28.6M over 7 rounds (Tracxn); investors PSG Equity, Bantam",https://tracxn.com/d/companies/dockwa/__amygSuv0ZWamLsxD6eQUW3og9Mi-QP5ng2J0A2xXauw,unverified,unverified,unverified (host blocked),Crunchbase https://www.crunchbase.com/organization/dockwa ; PitchBook https://pitchbook.com/profiles/company/108440-65.,search-verified (URL-cited)
102,Boat dealers & marinas,Ideal Computer Systems,idealcomputersystems.com,https://www.idealcomputersystems.com/dealer-management-software-marine,unverified,unverified,unverified,unverified,unverified,unverified,unverified,unverified,unverified,unverified,unverified,unverified,unverified (host blocked),Marine landing page.,search-verified (URL-cited)
102,Boat dealers & marinas,Lightspeed DMS,lightspeeddms.com,https://www.lightspeeddms.com/industries/marine/,unverified,unverified,unverified,unverified,modular pricing (per roundup),unverified,unverified,unverified,unverified,unverified,unverified,unverified,unverified (host blocked),Horizontal powersports/marine DMS with marine landing page.,search-verified (URL-cited)
102,Boat dealers & marinas,MARINAGO (Scribble Software),marinago.com,https://www.marinago.com/,unverified,unverified,https://www.softwareadvice.com/marine/marinago-profile/,unverified,contact-sales,unverified,unverified,unverified,unverified,unverified,unverified,unverified,unverified (host blocked),Capterra https://www.capterra.com/p/186763/MARINAGO/.,search-verified (URL-cited)
102,Boat dealers & marinas,MarinaOffice,marinaoffice.net,https://www.marinaoffice.net/,unverified,unverified,https://www.capterra.com/p/98609/MarinaOffice/,unverified,contact-sales,unverified,unverified,unverified,unverified,unverified,unverified,unverified,unverified (host blocked),,search-verified (URL-cited)
102,Boat dealers & marinas,SlipBoss,slipboss.com,https://slipboss.com/,unverified,unverified,https://www.softwareadvice.com/product/536921-SlipBoss/,free up to 30 slips; Pro $100/mo; Ultimate $250/mo,self-serve public price; free tier,unverified,unverified,unverified,unverified,unverified,unverified,unverified,unverified (host blocked),Price snippet attribution among result set (slipboss.com / softwareadvice).,search-verified (URL-cited)
102,Boat dealers & marinas,Slipax,slipax.com,https://slipax.com/solutions/marina-management-companies,unverified,unverified,unverified,unverified,unverified,unverified,unverified,unverified,unverified,unverified,unverified,unverified,unverified (host blocked),,search-verified (URL-cited)
102,Boat dealers & marinas,Slipify,slipifymarinas.com,https://www.slipifymarinas.com/,unverified,unverified,unverified,unverified,unverified,unverified,unverified,unverified,unverified,unverified,unverified,unverified,unverified (host blocked),,search-verified (URL-cited)
102,Boat dealers & marinas,Storable Marine,storablemarine.com,https://www.storablemarine.com/marina-slip-management-software/,unverified,unverified,unverified,unverified,unverified,unverified,unverified,unverified,unverified,unverified,unverified,unverified,unverified (host blocked),Storable (self-storage software) marine division.,search-verified (URL-cited)
103,Trailer dealers,Blackpurl,blackpurl.com,https://blackpurl.com/solutions/industry/trailer/,unverified,unverified,https://www.natda.org/news/why-every-trailer-dealer-needs-a-software-solution,"Essentials $408/mo monthly ($388/mo annual) for 3 users, +$127/user/mo; $99/mo for NATDA members",self-serve public price,2014 (Vancouver),24 (Apr 30 2026),https://tracxn.com/d/companies/blackpurl/__IsMxQqcsiWKdAV1rEPqP-PjmZqUBNASngjyu93OUdUc,funded; amounts not shown (founder/CEO Mike Wyrzykowski),https://www.crunchbase.com/organization/blackpurl,unverified,unverified,not searched (host blocked),Cloud DMS for trailer/powersports/RV; second trailer page https://blackpurl.com/trailer-dealership-management-system/.,search-verified (URL-cited)
103,Trailer dealers,EverLogic,everlogic.com,https://everlogic.com/trailer-dealership-management-software/,unverified,unverified,https://everlogic.com/price/,"$129/mo per license, 3-license minimum; mobile app $39/mo per license; $4,000 one-time implementation",self-serve public price,unverified,unverified,unverified,unverified,unverified,unverified,unverified,not searched (host blocked),RV/trailer/mobility DMS with published price page.,search-verified (URL-cited)
103,Trailer dealers,Lightspeed DMS (trailer),lightspeeddms.com,https://www.lightspeeddms.com/industries/trailer/,unverified,unverified,https://www.lightspeeddms.com/solutions/pricing/,"$450 to $3,000+/mo, modular",self-serve public price range (quote for exact),unverified,unverified,unverified,unverified,unverified,unverified,unverified,not searched (host blocked),"Enterprise-grade DMS (formerly CDK Lightspeed EVO); API integration $2,000 setup + $175/mo per location per dealer forum (https://forum.dealerrefresh.com/threads/our-dms-appears-to-be-taking-advantage-of-us-what-are-you-paying-for-api-integration.5220/).",search-verified (URL-cited)
103,Trailer dealers,Motility Software Solutions,motilitysoftware.com,https://www.motilitysoftware.com/industries/streamlining-trailer-management-with-dms/,unverified,https://www.linkedin.com/company/motilityss,unverified,unverified,contact-sales,1984 (as Sys2K),unverified,https://www.motilitysoftware.com/our-story/,unverified,unverified,unverified,unverified,not searched (host blocked),"7,000+ users, 800 rooftops (https://www.motilitysoftware.com/our-story/); RV-first DMS with trailer page; headcount unverified.",search-verified (URL-cited)
103,Trailer dealers,SOARR,soarrsolutions.com,https://www.soarrsolutions.com/,https://www.facebook.com/SOARRsolutions/,https://www.linkedin.com/company/soarr,https://www.soarrsolutions.com/manage,custom (contact sales),contact-sales,1995 (Newark OH),unverified,https://www.soarrsolutions.com/,unverified,unverified,unverified,unverified,not searched (host blocked),Inventory + marketing system for commercial truck & trailer dealers; app on App Store.,search-verified (URL-cited)
103,Trailer dealers,Softbase Evolution (Softbase Systems),softbasesystems.com,https://softbasesystems.com/dealer-management-system-software/trailer/,unverified,https://www.linkedin.com/company/softbase-development-inc,unverified,unverified,contact-sales,"1995 (GetLatka; another source 1987), Asheville NC",~14 (2026),https://getlatka.com/companies/softbasesystems.com,"bootstrapped; $1.5M revenue, no outside funding",https://getlatka.com/companies/softbasesystems.com,unverified,unverified,not searched (host blocked),"Shop, parts, sales, rental + real-time accounting for trailer/forklift/heavy truck dealers.",search-verified (URL-cited)
103,Trailer dealers,Trailer Ops DMS,trailerops.com,https://www.trailerops.com/,unverified,https://www.linkedin.com/company/trailer-ops,https://www.trailerops.com/pricing,$500/mo DMS + website,self-serve public price,unverified,1-10,https://www.linkedin.com/company/trailer-ops,private (Crunchbase: founding date obfuscated),https://www.crunchbase.com/organization/trailer-ops,unverified,unverified,not searched (host blocked),"St. George UT; 500+ trailer dealers claimed (https://www.trailerops.com/); custom inventory fields, quoting, contracts, website sync.",search-verified (URL-cited)
104,Construction equipment rental yards,EZRentOut (EZO),ezo.io,https://ezo.io/ezrentout/blog/best-equipment-rental-software-compared/,unverified,unverified,https://ezo.io/ezrentout/pricing/,Growth $399/mo; Premium $499/mo; Enterprise custom (other listings: from $89/mo or $50 per 2 users/mo),self-serve public price,unverified,unverified,unverified,unverified,unverified,unverified,unverified,not searched (budget reserved for tool discovery),"Horizontal rental software marketed to heavy equipment yards via comparison content. Prices from result summary for 'EZRentOut pricing' (vendor pricing page, capterra, softwaresuggest in set).",search-verified (URL-cited)
104,Construction equipment rental yards,Point of Rental,point-of-rental.com,https://www.point-of-rental.com/pricing/,unverified,unverified,https://www.point-of-rental.com/press-release/point-rental-software-unveils-monthly-pricing-plans/,customized SaaS plans; $0-down option,contact-sales,1982,"296 (getlatka); 303 (Jul, another source)",https://getlatka.com/companies/Point_of_Rental_Software,acquired 2021-01-01 (PitchBook); $76.5M est. ARR,https://pitchbook.com/profiles/company/162361-09,unverified,unverified,not searched (budget reserved for tool discovery),"40+ year incumbent for brick-and-mortar rental yards (founder Wayne Harris); acquired RentalTrax, PartyCAD, Syrinx.",search-verified (URL-cited)
104,Construction equipment rental yards,Quipli,quipli.com,https://www.quipli.com/,unverified,unverified,https://softwareconnect.com/reviews/quipli-rental/,"flat $6,000 per location per year (third-party review)",contact-sales (flat annual fee reported by third party),2020,28,https://www.crunchbase.com/organization/quipli,$3.5M seed led by Boundless Venture,https://www.prnewswire.com/news-releases/quipli-receives-3-5m-in-funding-to-power-its-next-generation-equipment-rental-management-solution-301739654.html,unverified,unverified,not searched (budget reserved for tool discovery),"Built for independent tool/light/heavy equipment rental yards; online ordering + inventory + pricing recommendations. Founded/headcount from result summary (pitchbook, cbinsights, crunchbase in set). Publishes State of Rental report.",search-verified (URL-cited)
104,Construction equipment rental yards,RentMy,rentmy.co,https://rentmy.co/blog/best-equipment-rental-management-software/,unverified,unverified,unverified,unverified,unverified,unverified,unverified,unverified,unverified,unverified,unverified,unverified,not searched (budget reserved for tool discovery),Rental software; only its own roundup surfaced.,search-verified (URL-cited)
104,Construction equipment rental yards,Rentrax,rentrax.com,https://rentrax.com/blog/top-10-equipment-rental-software/,unverified,unverified,unverified,unverified,unverified,unverified,unverified,unverified,unverified,unverified,unverified,unverified,not searched (budget reserved for tool discovery),Rental software; only its own roundup surfaced.,search-verified (URL-cited)
104,Construction equipment rental yards,Reservety,reservety.com,https://reservety.com/guides/construction-equipment/construction-equipment-rental-software.html,unverified,unverified,unverified,unverified,unverified,unverified,unverified,unverified,unverified,unverified,unverified,unverified,not searched (budget reserved for tool discovery),Rental e-commerce/booking software with construction-equipment guide page; no pricing in results.,search-verified (URL-cited)
104,Construction equipment rental yards,Texada,unverified,https://ezo.io/ezrentout/blog/ezrentout-vs-point-of-rental-vs-texada-comparison/,unverified,unverified,unverified,unverified,contact-sales,unverified,unverified,unverified,unverified,unverified,unverified,unverified,not searched (budget reserved for tool discovery),Enterprise rental/fleet/telematics platform; custom pricing per results; domain not seen in a result URL.,search-verified (URL-cited)
105,"Party & event rental companies (tents, bounce houses)",ARM Software (party rental),armsoftware.com,https://www.armsoftware.com/party-rental-software/,unverified,unverified,unverified,unverified,unverified,unverified,unverified,unverified,unverified,unverified,unverified,unverified,unverified (host blocked),Party equipment rental software with financial tools.,search-verified (URL-cited)
105,"Party & event rental companies (tents, bounce houses)",Booqable (party rental),booqable.com,https://booqable.com/party-rental-software/,unverified,unverified,unverified,unverified,unverified,unverified,unverified,unverified,unverified,unverified,unverified,unverified,unverified (host blocked),Horizontal rental software with dedicated party-rental page; bounce-house case study (Golden Bay Jumpers).,search-verified (URL-cited)
105,"Party & event rental companies (tents, bounce houses)",Event Rental Systems (ERS),eventrentalsystems.com,https://eventrentalsystems.com/features/,unverified,unverified,https://www.softwareadvice.com/event-rental/,$79.95/mo (per feature),self-serve public price,unverified,unverified,unverified,unverified,unverified,unverified,unverified,unverified (host blocked),'Industry standard' for inflatable/bounce-house operators per its features page; live inventory tracking.,search-verified (URL-cited)
105,"Party & event rental companies (tents, bounce houses)",Goodshuffle Pro,goodshuffle.com,https://pro.goodshuffle.com/pricing,unverified,https://www.linkedin.com/company/goodshuffle,https://pro.goodshuffle.com/pricing,$39/user/mo (Lite); Standard $139/mo flat; extra vehicles $39-49/mo,self-serve public price,2013 (Pro launched Jan 2018),25-100 employees,https://www.owler.com/company/goodshuffleinc,$5M Series A Feb 2024 (FINTOP Capital); $10.7M total,https://www.prnewswire.com/news-releases/washington-dc-startup-goodshuffle-raises-5mm-in-series-a-302087168.html,unverified,unverified,unverified (host blocked),"Washington, DC. Prices via https://www.capterra.com/p/167364/Goodshuffle-Pro/pricing/; ~$149/mo per https://www.krowdbase.com/best-event-rental-software. Total funding per https://tracxn.com/d/companies/goodshuffle/__Z28fROSU7HPcK2kEIKrSN40aVywZhDdwD2WpYslSAlc.",search-verified (URL-cited)
105,"Party & event rental companies (tents, bounce houses)",InTempo Software (party & event rental),intemposoftware.com,https://www.intemposoftware.com/industries/party-event-rental,unverified,unverified,unverified,unverified,unverified,unverified,unverified,unverified,unverified,unverified,unverified,unverified,unverified (host blocked),Rental ERP with tents/linens/inflatables page.,search-verified (URL-cited)
105,"Party & event rental companies (tents, bounce houses)",InflatableOffice,inflatableoffice.com,https://inflatableoffice.com/pricing/,unverified,unverified,https://inflatableoffice.com/pricing/,Free (<10 inventory items); $75-$215/mo for 35-250 items; custom above,self-serve public price,unverified,unverified,unverified,unverified,unverified,unverified,unverified,unverified (host blocked),'Longest-running software platform built for the inflatable and party rental industry' (https://reservety.com/guides/bounce-house/inflatable-rental-software.html). Price tiers via https://www.outdoorplaystore.com/pages/inflatableoffice-review-a-great-software-package-to-grow-your-inflatable-rental-business. Sister product EventOffice at https://rental.software/.,search-verified (URL-cited)
105,"Party & event rental companies (tents, bounce houses)",Rentman (party rental),rentman.io,https://rentman.io/industries/party-rental,unverified,unverified,unverified,unverified,unverified,unverified,unverified,unverified,unverified,unverified,unverified,unverified,unverified (host blocked),Horizontal AV/event rental software with party rental industry page.,search-verified (URL-cited)
105,"Party & event rental companies (tents, bounce houses)",Rentopian,rentopian.com,https://rentopian.com/event-party-rental-software/,unverified,unverified,https://www.softwareadvice.com/rental/rentopian-profile/,$59/mo flat; free trial and free version,self-serve public price,unverified,unverified,unverified,unverified,unverified,unverified,unverified,unverified (host blocked),Quotes-to-returns event rental platform.,search-verified (URL-cited)
105,"Party & event rental companies (tents, bounce houses)",Reservety,reservety.com,https://reservety.com/guides/party-event-rental/party-rental-management-software.html,unverified,unverified,unverified,unverified,unverified,unverified,unverified,unverified,unverified,unverified,unverified,unverified,unverified (host blocked),Self-published buyer guides for party/tent/inflatable rental software.,search-verified (URL-cited)
106,Self-storage facilities,6Storage,6storage.com,https://us.6storage.com/self-storage-software/pricing/,unverified,unverified,https://us.6storage.com/self-storage-software/pricing/,from $75/mo (SelectHub); vendor blog cites $0.75/unit/mo and $30-$100/mo tiers,self-serve public price,2007,unverified,unverified,family-owned (vendor description),https://www.selecthub.com/p/self-storage-software/6storage/,unverified,unverified,unverified (host blocked),Missouri City; no headcount in results so no bonus despite family-owned wording.,search-verified (URL-cited)
106,Self-storage facilities,Kinnovis,kinnovis.com,https://kinnovis.com/,unverified,unverified,https://kinnovis.com/pricing/,request pricing,contact-sales,2020,12 employees (Jul 2026),https://tracxn.com/d/companies/kinnovis/__5x0B3WzEEy3A7FeS3wVnV54xA8UESrHEFlsetx3pCv0,no funding rounds,https://tracxn.com/d/companies/kinnovis/__5x0B3WzEEy3A7FeS3wVnV54xA8UESrHEFlsetx3pCv0,unverified,unverified,unverified (host blocked),"Austria; AI-positioned (automated rentals, access control). Founders Martin Wild, Martin Kopf.",search-verified (URL-cited)
106,Self-storage facilities,SiteLink (Storable),sitelink.com,https://www.storable.com/products/sitelink/,unverified,unverified,https://softwareconnect.com/roundups/best-self-storage-software/,~$150/mo Web Edition (third-party),contact-sales (third-party price),unverified,unverified,unverified,unverified,unverified,unverified,unverified,unverified (host blocked),Legacy market leader; see Storable row.,search-verified (URL-cited)
106,Self-storage facilities,Stora,stora.co,https://stora.co/,unverified,unverified,https://stora.co/pricing,from $83/mo (SelectHub),self-serve public price,2020 (alt 2021),~22 employees (Latka 2026); 39 per PitchBook,https://getlatka.com/companies/stora.co,GBP 0.5M round led by Techstart Ventures; $3.61M total per PitchBook; $2.4M ARR 2025,https://pitchbook.com/profiles/company/465807-43,unverified,unverified,unverified (host blocked),Belfast; automation-first for independent operators (https://listselfstorage.com/uk/industry-insights/self-storage-software-provider-stora-raises-0-5-million/).,search-verified (URL-cited)
106,Self-storage facilities,Storable Easy (Easy Storage Solutions),storageunitsoftware.com,https://www.storageunitsoftware.com/about/,unverified,unverified,https://www.capterra.com/p/112769/Self-Storage-Software/pricing/,$90/mo flat Basic; free trial,self-serve public price (third-party listing),2008,unverified,unverified,merged with Storable in 2020; rebranded Storable Easy March 2025,https://www.storageunitsoftware.com/about/,unverified,unverified,unverified (host blocked),Founded by Ken Hendrickson and Jimmy Sorenson for independent owners; now the Storable small-facility product.,search-verified (URL-cited)
106,Self-storage facilities,Storable Edge (storEDGE),storable.com,https://www.storable.com/products/edge/,unverified,unverified,https://softwareconnect.com/roundups/best-self-storage-software/,$129/mo per facility (third-party); online-rental module +$25-$75/mo,contact-sales (third-party price; vendor is demo-based),unverified,unverified,unverified,unverified,unverified,unverified,unverified,unverified (host blocked),"Storable = SiteLink + storEDGE + SpareFoot, unified June 2019 under Cove Hill ownership (https://www.insideselfstorage.com/suppliers-products/self-storage-suppliers-sitelink-sparefoot-storedge-unite-brands-as-storable). storEDGE G2 pricing page: https://g2.com/products/storable-storedge/pricing.",search-verified (URL-cited)
106,Self-storage facilities,Storeganise,storeganise.com,https://storeganise.com/pricing,unverified,https://hk.linkedin.com/company/storeganise,https://storeganise.com/pricing,from $90/mo billed annually; free setup,self-serve public price,2015,5-7 employees,https://getlatka.com/companies/storeganise,bootstrapped; $1.2M revenue 2024,https://getlatka.com/companies/storeganise,unverified,unverified,unverified (host blocked),"Hong Kong; 1,200+ facilities in 40+ countries (https://www.tenantinc.com/blog/storage-automation-tools).",search-verified (URL-cited)
107,Laundromats,Cents,trycents.com,https://www.trycents.com/,unverified,unverified,unverified,$89-$599/mo tiers (processing rate not published) per https://www.washdryfoldpos.com/best-laundromat-pos-systems-in-2026-compared/,self-serve public price,2021,96 (May 31 2026),https://tracxn.com/d/companies/cents/__yxiP-gXq_ChEvBZ3hQsO6IhqoifY12AlSySLcq-6as0,$184M total over 4 rounds; Series C $140M (Sumeru Equity Partners),https://www.trycents.com/news/series-c-140-million-sumeru-equity,unverified,unverified,unverified (host blocked),"All-in-one POS, machine payments, delivery routing, AI receptionist; 2,700+ retail laundries (~1 in 14 US laundromats).",search-verified (URL-cited)
107,Laundromats,CleanCloud,cleancloudapp.com,https://cleancloudapp.com/laundromats,unverified,unverified,unverified,$99-$335/mo; 14-day free trial per https://www.washdryfoldpos.com/best-laundromat-pos-systems-in-2026-compared/,self-serve public price,2014 (London; John Buni & David Griffith-Jones),37,https://pitchbook.com/profiles/company/228558-61,"$297K raised (one round, 2019)",https://tracxn.com/d/companies/cleancloud/__58xETg9ZD9h5VbVy3qdR-fdSZLb1QZBCx36Ox3gWqn8,unverified,unverified,unverified (host blocked),"POS + pickup/delivery for dry cleaners and laundromats; UK-based, US landing page.",search-verified (URL-cited)
107,Laundromats,Curbside Laundries,curbsidelaundries.com,https://www.curbsidelaundries.com/,unverified,https://www.linkedin.com/in/mrsimmons/ (founder),unverified,quote-based; commonly reported ~$260/mo (third-party) per https://www.washdryfoldpos.com/best-laundromat-pos-systems-in-2026-compared/,contact-sales,"launched June 2017 at the Clean Show (Long Beach, CA; Aaron & Matt Simmons)",11-50,https://www.zoominfo.com/c/curbside-laundries-llc/403187587,unverified,unverified,unverified,unverified,unverified (host blocked),Wash-and-fold + pickup/delivery routing built by laundromat operators https://lbbusinessjournal.com/business/news/entrepreneurial-innovation-long-beach-brothers-shaping-the-future-of-laundromats/ ; '11-50' does not prove <50.,search-verified (URL-cited)
107,Laundromats,LaundryMatch / LaunderPay,getlaundrymatch.com,https://www.getlaundrymatch.com/post/best-laundromat-pos-software,unverified,unverified,unverified,unverified,unverified,unverified,unverified,unverified,unverified,unverified,unverified,unverified,unverified (host blocked),Named via its own POS roundup; pricing not in results.,search-verified (URL-cited)
107,Laundromats,The Laundry Boss,thelaundryboss.com,https://thelaundryboss.com/laundromat-industry-data-statistics/,unverified,unverified,unverified,unverified,unverified,unverified,unverified,unverified,unverified,unverified,unverified,unverified,unverified (host blocked),Laundromat management/payments vendor named via its own industry-data page; pricing not in results.,search-verified (URL-cited)
107,Laundromats,Wash-Dry-Fold POS,washdryfoldpos.com,https://www.washdryfoldpos.com/,unverified,unverified,unverified,"~$85/mo, all features, no annual contract per https://www.guideflow.com/blog/laundromat-software",self-serve public price,"operating since 2016 (founder Brian Henderson, laundromat operator)",unverified,https://www.washdryfoldpos.com/,unverified,unverified,unverified,unverified,unverified (host blocked),"1,300+ POS systems, 4M+ transactions/yr (vendor claim). Headcount and funding not found.",search-verified (URL-cited)
108,Dry cleaners,CleanCloud,unverified,unverified,unverified,unverified,https://www.capterra.com/p/133390/CleanCloud/,Lite $99/mo (500 orders); Pro $129; Grow $189; Grow+ $335 (unlimited orders),self-serve public price (figures from search summary; attribution among capterra/softwareadvice),2014 (London),unverified,unverified,funding rounds referenced but amounts not in snippets,https://www.crunchbase.com/organization/cleancloud-app,unverified,unverified,unverified (not searched),"Founders John Buni, David Griffith-Jones; 5,000 users in 70+ countries claim. PitchBook: https://pitchbook.com/profiles/company/228558-61; Dealroom: https://app.dealroom.co/companies/cleancloud",search-verified (URL-cited)
108,Dry cleaners,Cleantie (Computer Systems Int'l),cleantie.com,https://cleantie.com/,unverified,unverified,https://cleantie.com/prices.html,unverified (price page exists; no figure in snippet),unverified,CSI since 1997,unverified,unverified,unverified,unverified,unverified,unverified,unverified (not searched),"POS, customer, driver and dispatcher apps; Clover, Uber/DoorDash integrations. Crunchbase: https://www.crunchbase.com/organization/cleantie",search-verified (URL-cited)
108,Dry cleaners,Clover (dry cleaning),clover.com,https://www.clover.com/pos-solutions/dry-cleaning,unverified,unverified,unverified,unverified,unverified,unverified,unverified,unverified,unverified,unverified,unverified,unverified,unverified (not searched),Horizontal POS with dedicated dry cleaning landing page. Others named: ScanQ (http://www.scanq.com/).,search-verified (URL-cited)
108,Dry cleaners,DragonPOS,dragonpos.com,https://www.dragonpos.com/,unverified,unverified,unverified,unverified,unverified,unverified,unverified,unverified,unverified,unverified,unverified,unverified,unverified (not searched),"POS, e-commerce, routing for dry cleaning and laundry.",search-verified (URL-cited)
108,Dry cleaners,Enlite POS (DARK),darkpos.com,https://darkpos.com/enlite-pos-software,unverified,unverified,https://darkpos.com/pricing,"starts $49/mo scaled by stations (sourceforge roundup) / $79 per user/mo (Capterra); per-location pricing, Essentials/Professionals/Enterprise; free trial",self-serve public price (third-party figures conflict),2016,2-10,https://softwarefinder.com/retail/enlite-pos,unverified,unverified,unverified,unverified,unverified (not searched),Alpharetta GA. Capterra: https://www.capterra.com/p/92631/Enlite-POS/,search-verified (URL-cited)
108,Dry cleaners,Geelus,geelus.com,https://geelus.com/low-cost-pos-for-dry-cleaning-the-most-affordable-solution-in-the-usa/,unverified,unverified,https://geelus.com/low-cost-pos-for-dry-cleaning-the-most-affordable-solution-in-the-usa/,$9/mo,self-serve public price (vendor page),unverified,unverified,unverified,unverified,unverified,unverified,unverified,unverified (not searched),"Cloud POS for dry cleaners, alterations; pickup/delivery routing.",search-verified (URL-cited)
108,Dry cleaners,SMRT Systems,smrtsystems.com,https://smrtsystems.com/,unverified,https://www.linkedin.com/company/smrt-systems,https://www.softwareadvice.com/dry-cleaning/smrt-systems-profile/,from $75/mo (third-party),self-serve public price (third-party),2015,76 (Apr 2026) / 63 (other source),https://www.crunchbase.com/organization/smrt-systems,no funding raised (bootstrapped),https://www.crunchbase.com/organization/smrt-systems,unverified,unverified,unverified (not searched),"HQ Raleigh NC, engineering in Malmo; POS + production + delivery for dry cleaners.",search-verified (URL-cited)
108,Dry cleaners,Xplor Spot,xplorspot.com,https://xplorspot.com/,unverified,unverified,unverified,unverified,contact-sales,unverified,unverified,unverified,part of Xplor Technologies,unverified,unverified,unverified,unverified (not searched),Legacy dry cleaning POS under Xplor.,search-verified (URL-cited)
109,Independent hardware stores,Celerant,celerant.com,https://www.celerant.com/industries/hardware-paint/,unverified,unverified,unverified,unverified,unverified,unverified,unverified,unverified,unverified,unverified,unverified,unverified,unverified (host blocked),Horizontal retail with hardware/paint landing page.,search-verified (URL-cited)
109,Independent hardware stores,Epicor Eagle,epicor.com,https://www.epicor.com/en-us/solutions/industries/retail/hardware-and-home-centers/,unverified,unverified,unverified,unverified,contact-sales,unverified,unverified,unverified,public (Epicor),unverified,unverified,unverified,unverified (host blocked),"Exclusively recommended to Ace members (3,400+ of 5,300+ stores run it) and endorsed by Do it Best (https://hbsdealer.com/news/ace-doubles-down-on-pos-partnership).",search-verified (URL-cited)
109,Independent hardware stores,KORONA POS,koronapos.com,https://koronapos.com/pos-system/hardware-store-pos-software/,unverified,unverified,https://koronapos.com/pricing/,$59/terminal/mo Core; Retail $79; $99 tier,"self-serve public price, month-to-month",unverified,unverified,unverified,unverified,unverified,unverified,unverified,unverified (host blocked),Horizontal retail POS with hardware-store landing page.,search-verified (URL-cited)
109,Independent hardware stores,Lightspeed Retail,lightspeedhq.com,https://www.lightspeedhq.com/pos/retail/hardware-store-pos/,unverified,unverified,unverified,unverified,unverified,unverified,unverified,unverified,unverified,unverified,unverified,unverified,unverified (host blocked),Horizontal POS with hardware landing page.,search-verified (URL-cited)
109,Independent hardware stores,POS Nation,posnation.com,https://www.posnation.com/hardware-pos-system,unverified,unverified,unverified,unverified,unverified,unverified,unverified,unverified,unverified,unverified,unverified,unverified,unverified (host blocked),Horizontal POS with hardware landing page.,search-verified (URL-cited)
109,Independent hardware stores,Paladin POS,paladinpointofsale.com,https://paladinpointofsale.com/,unverified,https://www.linkedin.com/company/paladin-data-corporation,unverified,unverified,monthly agreements; amounts not in results,1981 (Dan Nesmith),51-200 (LinkedIn); employee-owned,https://www.linkedin.com/company/paladin-data-corporation,employee-owned,https://www.linkedin.com/company/paladin-data-corporation,unverified,unverified,unverified (host blocked),Capterra https://www.capterra.com/p/155794/Paladin-POS/.,search-verified (URL-cited)
109,Independent hardware stores,RockSolid MAX (ECI),ecisolutions.com,https://www.ecisolutions.com/products/rocksolid-max/,unverified,unverified,https://www.itqlick.com/eci-rocksolid-pos,~$100/mo single user (third-party estimate),contact-sales; third-party estimate only,unverified,unverified,unverified,unverified,unverified,unverified,unverified,unverified (host blocked),Capterra https://www.capterra.com/p/218533/RockSolid-MAX/.,search-verified (URL-cited)
109,Independent hardware stores,Rundoo,rundoo.ai,https://rundoo.ai/insights/best-pos-for-hardware-stores/,unverified,unverified,unverified,unverified,contact-sales,2021 (Nick Hershey & Andrew Beckman),68 (May 2026),https://tracxn.com/d/companies/rundoo/__47DQVVo-LaS3Z1h7VcphnCcFJMry2vHIj0ub25THCm8,$30M Series B (Battery Ventures) Aug 2026; $48M total,https://secure.businesswire.com/news/home/20260819537737/en/Rundoo-the-AI-First-Platform-for-Independent-Supply-Stores-Announces-$48-Million-in-Financing,unverified,unverified,unverified (host blocked),"AI-first POS/ERP for independent hardware, paint, lumber, farm stores.",search-verified (URL-cited)
109,Independent hardware stores,The General Store,thegeneralstore.com,https://www.thegeneralstore.com/hardware-store-pos-software/,unverified,https://www.linkedin.com/company/crichlow-data-sciences-inc-,https://www.thegeneralstore.com/pricing/,as low as $49/mo or one-time purchase,self-serve public price,"1983 (Lakeland, FL)",2-10 (LinkedIn),https://www.linkedin.com/company/crichlow-data-sciences-inc-,unverified,unverified,unverified,unverified,unverified (host blocked),Price snippet attribution among result set (thegeneralstore.com / softwareconnect).,search-verified (URL-cited)
109,Independent hardware stores,XEPOS,xe-pos.com,https://xe-pos.com/retail/business-types/diy-hardware-stores/,unverified,unverified,unverified,unverified,unverified,unverified,unverified,unverified,unverified,unverified,unverified,unverified,unverified (host blocked),,search-verified (URL-cited)
110,Garden centers & nurseries,Comcash,comcash.com,https://www.comcash.com/blog/garden-center-pos-system,unverified,unverified,https://www.comcash.com/build-and-price,build-and-price; amounts not shown,contact-sales,unverified,unverified,unverified,unverified,unverified,unverified,unverified,not searched (host blocked),Frequently cited garden-center POS; G2 pricing outdated (2015).,search-verified (URL-cited)
110,Garden centers & nurseries,Epos Now (garden center page),eposnow.com,https://www.eposnow.com/us/systems/retail-pos/garden-center/,unverified,unverified,unverified,unverified,unverified,unverified,unverified,unverified,unverified,unverified,unverified,unverified,not searched (host blocked),Horizontal POS with dedicated garden-center landing page; pricing not captured.,search-verified (URL-cited)
110,Garden centers & nurseries,Lightspeed Retail (garden center page),lightspeedhq.com,https://www.lightspeedhq.com/pos/retail/garden-center-pos/,unverified,unverified,https://www.lightspeedhq.com/pos/retail/garden-center-pos/,from $89/mo,self-serve public price,unverified,unverified,unverified,unverified,unverified,unverified,unverified,not searched (host blocked),Horizontal retail POS with dedicated garden-center landing page.,search-verified (URL-cited)
110,Garden centers & nurseries,MicroBiz Cloud POS,microbiz.com,https://www.microbiz.com/nursery-garden-center-pos/,unverified,unverified,https://microbiz.com/microbiz-cloud-pos-pricing/,$60/mo single store; $90/mo multi-store ($600/$900 annual),self-serve public price,unverified,unverified,unverified,unverified,unverified,unverified,unverified,not searched (host blocked),"Special orders, customer AR accounts, customer-specific pricing for nurseries/feed stores. Founded/headcount unverified.",search-verified (URL-cited)
110,Garden centers & nurseries,Planting Nursery (HighSoft),plantingnursery.com,https://plantingnursery.com/pricing,unverified,unverified,https://plantingnursery.com/pricing,$30/mo (third-party); free trial,self-serve public price / free trial,unverified,unverified,https://www.softwaresuggest.com/planting-nursery,unverified,unverified,unverified,unverified,not searched (host blocked),"Grower/greenhouse inventory, spraying, production tasks, QuickBooks; Florida. Founded/headcount unverified.",search-verified (URL-cited)
110,Garden centers & nurseries,Rapid Garden POS,rapidgardenpos.com,https://rapidgardenpos.com/,unverified,https://www.linkedin.com/company/rapid-garden-pos,https://rapidgardenpos.com/pricing/,personalized quote,contact-sales,1985 (San Diego),11-50,https://www.linkedin.com/company/rapid-garden-pos,unverified,unverified,unverified,unverified,not searched (host blocked),"Garden-center/landscape POS from Rapid POS (NCR Counterpoint VAR since 1983, https://www.gorspa.org/spotlight/rapid-pos/).",search-verified (URL-cited)
110,Garden centers & nurseries,Rundoo,rundoo.ai,https://rundoo.ai/industries/lawn-garden/,unverified,unverified,https://rundoo.ai/insights/best-pos-for-garden-centers/,scoped per store (subscription + Stripe payments; no fixed price list),contact-sales,unverified,54,https://www.cbinsights.com/company/rundoo,"$30M Series B led by Battery Ventures (Aug 2026), total $48M; Bessemer, CRV",https://secure.businesswire.com/news/home/20260819537737/en/Rundoo-the-AI-First-Platform-for-Independent-Supply-Stores-Announces-$48-Million-in-Financing,unverified,unverified,not searched (host blocked),AI-first POS/ERP for independent supply stores; 500+ stores.,search-verified (URL-cited)
110,Garden centers & nurseries,Sunfire POS,sunfirepos.com,https://www.sunfirepos.com/garden-center-pos-system.html,https://www.facebook.com/SunfirePOS/,https://www.linkedin.com/company/sunfireinc,https://www.comcash.com/blog/garden-center-pos-systems,"from $49/mo, no contract (third-party roundup)",self-serve public price (third-party figure),unverified,unverified,https://www.sunfirepos.com/about-us.html,unverified,unverified,unverified,unverified,not searched (host blocked),"Cloud POS for garden centers, CBD and smoke shops; 38,000+ plant NetPS database, weatherproof tag printing; Wilmington DE; '30 years POS experience'. Headcount unverified.",search-verified (URL-cited)
111,Florists,Curate,curate.co,https://curate.co/florist-software/,unverified,https://www.linkedin.com/company/curatesoftware,https://curate.co/florist-software/,plans from GBP 75 per location ex VAT (UK snippet in result; US pricing not seen); 30-day no-card trial,free trial,2013 (Crunchbase News) / 2018 (PitchBook) - conflicting,"about 58 (Jul 2026, ZoomInfo) vs 33/31 in other databases; 16 to 32 planned at 2019 raise",https://www.zoominfo.com/c/curate-inc/446854448,"$1.25M seed (OCA Ventures, Jim McKelvey, Cultivation Capital); $4.25M total per ZoomInfo summary",https://news.crunchbase.com/sales-marketing/curate-brings-in-1-25m-seed-for-small-business-sales-operations-platform/,unverified,unverified,not searched (budget reserved for tool discovery),Proposal/event workflow for florists and caterers (St. Louis; founder Ryan O'Neil). Conflicting founded and headcount figures across results; no bonus awarded. LinkedIn https://www.linkedin.com/company/curatesoftware.,search-verified (URL-cited)
111,Florists,FTD Mercury,unverified,https://www.guideflow.com/blog/florist-pos,unverified,unverified,unverified,unverified,unverified,unverified,unverified,unverified,unverified,unverified,unverified,unverified,not searched (budget reserved for tool discovery),Wire-service (FTD) POS bundled with membership; evidence of wire services as a partial software gatekeeper (https://www.hanafloristpos.com/blog/what-are-floral-wire-service/).,search-verified (URL-cited)
111,Florists,Floranext,floranext.com,https://floranext.com/florist-pos/,unverified,unverified,https://floranext.com/pricing/,"from $29.99/mo per module (websites, POS, wedding/event proposals); bundles reported around $180/mo",self-serve public price,unverified,over 20 employees,https://www.softwaresuggest.com/floranext,unverified,unverified,unverified,unverified,not searched (budget reserved for tool discovery),"Florist websites + POS + proposals; pay-as-you-go model. '$29.99' from result summary for 'Floranext pricing' (vendor pricing page, capterra, softwaresuggest in set). 'Over 20' does not establish <50, so no headcount bonus.",search-verified (URL-cited)
111,Florists,FloristWare,floristware.com,https://www.floristware.com/why-floristware/our-team/mark-anderson,unverified,unverified,https://theretailexec.com/tools/best-florist-pos-systems/,"Basic $149/mo billed monthly or $1,499/yr (third-party)",self-serve public price (third-party reported),2002,1-10 (privately held),https://checkthat.ai/brands/floristware,private; no rounds seen,https://checkthat.ai/brands/floristware,unverified,unverified,not searched (budget reserved for tool discovery),"Independent florist POS/shop management (Wilmington DE; founder Mark Anderson, dev Charles Delfs). Delivery mapping, website integration. Headcount/founding from result summary (checkthat.ai, zoominfo, floristware.com in set).",search-verified (URL-cited)
111,Florists,Hana Florist POS,hanafloristpos.com,https://www.hanafloristpos.com/pricing/,unverified,unverified,https://www.hanafloristpos.com/faqs/pricing-plans-and-subscription/,zero monthly fee model (percentage of each online order via card processing) or $49-$99/mo basic tiers (saasworthy); 30-day free trial,self-serve public price,2013,unverified,unverified,unverified,unverified,unverified,unverified,not searched (budget reserved for tool discovery),"Maryland florist POS (proposals, contracts, payments). Founding year from result summary (hanafloristpos FAQ/blog in set). Tier figures from https://www.saasworthy.com/product/hana-pos/pricing.",search-verified (URL-cited)
111,Florists,IRIS,unverified,https://theretailexec.com/tools/best-florist-pos-systems/,unverified,unverified,unverified,unverified,unverified,unverified,unverified,unverified,unverified,unverified,unverified,unverified,not searched (budget reserved for tool discovery),Florist POS with routing/reporting named in roundup; domain not seen.,search-verified (URL-cited)
111,Florists,QuickFlora,unverified,https://theretailexec.com/tools/best-florist-pos-systems/,unverified,unverified,https://theretailexec.com/tools/best-florist-pos-systems/,$99/mo entry point (third-party),self-serve public price (third-party reported),unverified,unverified,unverified,unverified,unverified,unverified,unverified,not searched (budget reserved for tool discovery),Single-location florist POS named in roundup; domain not seen.,search-verified (URL-cited)
112,Independent jewelry stores,Clientbook,clientbook.com,https://www.clientbook.com/blog/the-best-jewelry-store-clienteling-software-in-2026,unverified,unverified,unverified,unverified,unverified,unverified,unverified,unverified,unverified,unverified,unverified,unverified,unverified (host blocked),Clienteling (not POS) for independent jewelers; self-published guide.,search-verified (URL-cited)
112,Independent jewelry stores,Jewel360 (Quilt Software),jewel360.com,https://jewel360.com/,unverified,https://www.linkedin.com/company/jewel360,https://jewel360.com/pricing,"$199/mo (Startup; unlimited users/products, native website); Core/Plus on request",self-serve public price,unverified,unverified,unverified,RJO vendor member; GM Nick Gurney is 'Jewelry Leader at Quilt Software' (parent),https://www.linkedin.com/in/nicholas-gurney/,unverified,unverified,unverified (host blocked),"500+ independent jewelers; repair tracking, serialized inventory, Shopify sync (https://jewel360.com/solution). RJO vendor membership https://www.prnewswire.com/news-releases/jewel360-selected-as-a-vendor-member-of-retail-jewelers-organization-301613444.html. Capterra https://www.capterra.com/p/266402/Jewel360/.",search-verified (URL-cited)
112,Independent jewelry stores,RepairDesk (jewelry repair),repairdesk.co,https://www.repairdesk.co/jewelry-repair-shop-software/,unverified,unverified,https://www.repairdesk.co/pricing/,$99/mo (Essential; $79 annual) - see niche 89 row,self-serve public price,unverified,unverified,unverified,unverified,unverified,unverified,unverified,unverified (host blocked),Horizontal repair-shop POS with jewelry landing page.,search-verified (URL-cited)
112,Independent jewelry stores,Swim,unverified,https://gitnux.org/best/jewellery-store-software/,unverified,unverified,unverified,unverified,unverified,unverified,unverified,unverified,unverified,unverified,unverified,unverified,unverified (host blocked),"Cloud POS for retail + manufacturing jewelers per roundup (also MerchantOS, Artisan, JewelMate named).",search-verified (URL-cited)
112,Independent jewelry stores,The Edge (Abbott Jewelry Systems),theedgeforjewelers.com,https://www.theedgeforjewelers.com/pricing,unverified,unverified,https://www.theedgeforjewelers.com/pricing,"one-time license ~$4,600 (single store/workstation); 3rd store +$6,750; cloud option ~$500/mo",self-serve public price,unverified,unverified,unverified,unverified,unverified,unverified,unverified,unverified (host blocked),Amounts via https://jmsdevlab.com/blog/jewelry-studio-software-cost-2026 and Capterra https://www.capterra.com/p/79243/EDGE/; G2 https://www.g2.com/products/abbott-jewelry-systems-edge/reviews. Deep repairs/custom/appraisal/RFID features; reviewer complaints about crashes and weekend support (Jewel360 comparison page).,search-verified (URL-cited)
112,Independent jewelry stores,The Jewel Software,unverified,https://g2.com/products/the-jewel-software/pricing,unverified,unverified,unverified,unverified,unverified,unverified,unverified,unverified,unverified,unverified,unverified,unverified,unverified (host blocked),Compared against The Edge on Capterra (https://www.capterra.com/compare/79243-201863/EDGE-vs-The-Jewel-Software).,search-verified (URL-cited)
112,Independent jewelry stores,Valigara Online Jewelry Manager,unverified,https://www.g2.com/products/jewel360/competitors/alternatives,unverified,unverified,unverified,unverified,unverified,unverified,unverified,unverified,unverified,unverified,unverified,unverified,unverified (host blocked),Named as a top Jewel360 alternative on G2.,search-verified (URL-cited)
112,Independent jewelry stores,WJewel,wjewel.com,https://www.wjewel.com/jewelry-retail-software.php,unverified,unverified,https://www.wjewel.com/pos-pricing.php,$99/mo (full POS/inventory/CRM/repairs; no per-seat fees); 30-day trial; one-time purchase optional,self-serve public price,unverified,unverified,unverified,unverified,unverified,unverified,unverified,unverified (host blocked),"Serialized inventory, memo in/out, repairs, custom manufacturing built in; G2 pricing https://www.g2.com/products/ishal-wjewel/pricing.",search-verified (URL-cited)
113,Pawn shops,Bravo Store Systems,bravostoresystems.com,https://www.bravostoresystems.com/point-of-sale-for-pawnbrokers,unverified,unverified,https://www.itqlick.com/compare/bravo-pos-software/pawnmaster,$79/mo 1 user; $199/mo 10 users; $399/mo 100 users (ITQlick); 'starts at $99/mo' per SoftwareConnect; vendor quotes per store,contact-sales (third-party prices),2010,85 employees,https://www.crunchbase.com/organization/bravo-pawn-systems,unverified,https://pitchbook.com/profiles/company/164178-37,unverified,unverified,unverified (host blocked),Las Vegas; pawn + FFL + consignment POS; automates LeadsOnline/BWI/RAPID police reporting. Also owns PawnMaster.,search-verified (URL-cited)
113,Pawn shops,PawnMaster (Bravo / Data Age),unverified,https://www.softwareadvice.com/pawn-shop/data-age-pos-software-profile/,unverified,unverified,https://www.itqlick.com/compare/pawnmaster/bravo-pos-software,$99/mo 1 user; $249/mo 10 users; $499/mo 100 users (ITQlick),contact-sales (third-party prices),unverified,unverified,unverified,unverified,unverified,unverified,unverified,unverified (host blocked),Established on-premise pawn system; Capterra compare: https://www.capterra.com/pawn-shop-software/compare/161834-112512/Bravo-vs-PawnMaster. Domain not shown in results.,search-verified (URL-cited)
113,Pawn shops,PawnMate,pawnmate.com,https://www.pawnmate.com/,unverified,unverified,https://www.pawnmate.com/about-us/,Lite / Suite / Ultimate packages; quote,contact-sales,2017 (per about page 'since 2017'),unverified,unverified,unverified,unverified,unverified,unverified,unverified (host blocked),"Serves 'hundreds' of pawnshops across Canada, USA, Mexico, Europe.",search-verified (URL-cited)
113,Pawn shops,PawnSmarts,pawn-software.com,https://pawn-software.com/pawn-shop-pos.htm,unverified,unverified,https://pawn-software.com/pawn-shop-pos.htm,"Essential $89/mo; Professional $129/mo month-to-month; Professional one-time $2,995",self-serve public price,unverified,unverified,unverified,unverified,unverified,unverified,unverified,unverified (host blocked),Cloud pawn POS with LeadsOnline reporting module (https://pawn-software.com/leads-online-software.htm); founded/headcount not in results.,search-verified (URL-cited)
113,Pawn shops,PawnSnap (Snap Software),snapsoftware.com,https://www.snapsoftware.com/,unverified,unverified,https://www.capterra.com/p/169553/PawnSnap/,quote based on requirements,contact-sales,2015,3 employees (Apr 2026),https://tracxn.com/d/companies/pawnsnap/__q3_2XGZBe_ndZ-rx8wm9MLDx1iTBbf8YwhwDVQyWEM4,unverified,https://www.crunchbase.com/organization/snap-software,unverified,unverified,unverified (host blocked),"New Port Richey FL; 2D barcode scanning, military lending verification.",search-verified (URL-cited)
113,Pawn shops,Pawnbroker Pawn Shop Software (PPSS),unverified,https://www.capterra.com/p/163445/PPSS/,unverified,unverified,https://www.capterra.com/p/163445/PPSS/,$495 entry-level one-time; $150/yr maintenance from year 2,"self-serve public price (one-time, third-party listing)",unverified,unverified,unverified,unverified,unverified,unverified,unverified,unverified (host blocked),Small-shop desktop package with e-mailed police reports.,search-verified (URL-cited)
113,Pawn shops,Pawnit Systems,unverified,https://www.guideflow.com/blog/pawn-shop-software,unverified,unverified,https://www.guideflow.com/blog/pawn-shop-software,cloud access from under $60/mo (third-party),self-serve public price (third-party listing),unverified,unverified,unverified,unverified,unverified,unverified,unverified,unverified (host blocked),Budget entry per Guideflow roundup; domain not shown.,search-verified (URL-cited)
114,Gun shops / FFL dealers (compliance & bound book),AIM POS,aim-pos.com,https://aim-pos.com/best-gun-store-pos-software/,unverified,unverified,unverified,unverified,unverified,unverified,unverified,unverified,unverified,unverified,unverified,unverified,unverified (host blocked),"Gun-store POS with bound book, named via its own roundup; pricing not in results.",search-verified (URL-cited)
114,Gun shops / FFL dealers (compliance & bound book),BoundPro,boundpro.app,https://www.boundpro.app/comparison,unverified,unverified,unverified,unverified,unverified,unverified,unverified,unverified,unverified,unverified,unverified,unverified,unverified (host blocked),FastBound alternative named via its own comparison page; pricing not in results.,search-verified (URL-cited)
114,Gun shops / FFL dealers (compliance & bound book),Bravo Store Systems,bravostoresystems.com,https://www.bravostoresystems.com/point-of-sale-for-gun-stores,unverified,unverified,https://www.bravostoresystems.com/point-of-sale-for-gun-stores,$99/mo start; typical $99-$350/mo with add-ons,self-serve public price,2011 (pawn-software roots to 1980s),unverified,https://grokipedia.com/page/Bravo_Store_Systems,unverified,unverified,unverified,unverified,unverified (host blocked),"POS for gun stores/pawn/jewelers with native 4473 and bound book; 3,300+ stores.",search-verified (URL-cited)
114,Gun shops / FFL dealers (compliance & bound book),Coreware (coreSTORE / coreFFL),unverified,https://www.bravostoresystems.com/bravo-vs-coreware,unverified,unverified,unverified,unverified,unverified,unverified,unverified,unverified,unverified,unverified,unverified,unverified,unverified (host blocked),Configurable FFL POS/eCommerce suite named in Bravo comparison and AIM POS roundup; domain not shown.,search-verified (URL-cited)
114,Gun shops / FFL dealers (compliance & bound book),FastBound,fastbound.com,https://www.fastbound.com/,unverified,unverified,https://www.capterra.com/p/195829/FastBound/,"plans start $9/mo, no contracts per https://www.coriolisagency.com/fastbound-vs-orchid-ebound-a-comprehensive-comparison-of-ffl-software-solutions/",self-serve public price,"2010 (near Sacramento, CA)",unverified,https://www.fastbound.com/ffl-blog/fastbound-launches-updated-software/,unverified,unverified,unverified,unverified,unverified (host blocked),Electronic A&D bound book + 4473; 'over a billion transactions' per https://aim-pos.com/best-electronic-bound-book-software/ . Headcount not found.,search-verified (URL-cited)
114,Gun shops / FFL dealers (compliance & bound book),Gearfire AXIS,gogearfire.com,https://gogearfire.com/solutions/gun-store-pos/,unverified,unverified,unverified,"$850-$1,150/mo (third-party) per https://managememberships.com/blog/gearfire-axis-alternatives ; SaaS billing option added Jan 2026",contact-sales,unverified,unverified,unverified,unverified,unverified,unverified,unverified,unverified (host blocked),"2,000+ FFL retailers, 70% of NSSF 5-Star ranges https://gogearfire.com/about-gearfire/ ; SaaS pricing PR https://www.theoutdoorwire.com/releases/2026/01/gearfire-introduces-flexible-saas-pricing-option-for-industry-leading-retail-management-system/",search-verified (URL-cited)
114,Gun shops / FFL dealers (compliance & bound book),Orchid eBound (Orchid LLC),orchidadvisors.com,https://orchidadvisors.com/ffl-bound-book-and-4473-software/,unverified,https://www.linkedin.com/company/orchidllc,https://orchidadvisors.com/ffl-bound-book-and-4473-software-pricing/,"Free (100 acquisitions/yr); Essentials $25/mo (1,000); Performance $35/mo (2,500)",self-serve public price,2009 (CEO Jon Rydberg since 2012) https://orchidadvisors.com/orchid-leadership-team/,12,https://rocketreach.co/orchid-advisors-1-in-ffl-compliance-profile_b5c20062f42e0ebc,unverified,unverified,unverified,unverified,unverified (host blocked),"Bound book + in-house e4473 storage, backed by FFL Law compliance guarantee; 10,000+ users.",search-verified (URL-cited)
114,Gun shops / FFL dealers (compliance & bound book),Rapid Gun Systems,rapidgunsystems.com,https://rapidgunsystems.com/,unverified,unverified,unverified,unverified,unverified,unverified,unverified,unverified,Crunchbase profile exists https://www.crunchbase.com/organization/rapid-gun-systems,unverified,unverified,unverified,unverified (host blocked),ATF-compliant POS for gun stores/ranges; pricing not in results.,search-verified (URL-cited)
115,Liquor stores,Bottle POS (POS Nation),bottlepos.com,https://bottlepos.com/,unverified,unverified,https://bottlepos.com/,Starter $59/mo; Growth $79/mo; Premium $99/mo; no contracts,self-serve public price (figures from search summary; attribution among bottlepos.com and https://www.posnation.com/blog/liquor-store-pos-providers),unverified,unverified,unverified,unverified,unverified,unverified,unverified,unverified (not searched),"Liquor-native POS: age verification, case-break inventory, A-D item ranking.",search-verified (URL-cited)
115,Liquor stores,Cheers POS,cheerspos.com,https://cheerspos.com/,unverified,unverified,unverified,unverified (Uncork and Professional bundles quoted with hardware/install),contact-sales,2012 (Saint Marys KS),unverified,unverified,unverified,unverified,unverified,unverified,unverified (not searched),Built by two Kansas liquor store owners; CB Insights: https://www.cbinsights.com/company/cheers-pos,search-verified (URL-cited)
115,Liquor stores,Heartland LiquorPOS,liquorpos.clearsolutionsip.com,https://liquorpos.clearsolutionsip.com/,unverified,unverified,unverified,unverified,contact-sales,unverified,unverified,unverified,Heartland (Global Payments),unverified,unverified,unverified,unverified (not searched),Legacy liquor POS.,search-verified (URL-cited)
115,Liquor stores,KORONA POS (COMBASE USA),koronapos.com,https://koronapos.com/blog/best-pos-liquor-store/,unverified,https://www.linkedin.com/company/combase-usa-inc-,https://koronapos.com/blog/best-pos-liquor-store/,$59-$99/mo per terminal; no contracts,self-serve public price (vendor blog),COMBASE USA incorporated 2011 (Las Vegas); parent COMBASE AG 1994,51-200 (COMBASE USA),https://www.linkedin.com/company/combase-usa-inc-,privately held subsidiary of COMBASE AG (Germany),https://koronapos.com/about-us/,unverified,unverified,unverified (not searched),Crunchbase: https://www.crunchbase.com/organization/korona,search-verified (URL-cited)
115,Liquor stores,NRS (National Retail Solutions),nrsplus.com,https://nrsplus.com/small-business/pos-system-for-liquor-stores/,unverified,unverified,https://nrsplus.com/small-business/pos-system-for-liquor-stores/,Basic $19.95/mo; Pro $34.95/mo,self-serve public price,unverified,unverified,unverified,unverified,unverified,unverified,unverified,unverified (not searched),Bodega/liquor POS bundle; age verification and case-to-single tracking.,search-verified (URL-cited)
115,Liquor stores,RetailzPOS,retailzpos.com,https://www.retailzpos.com/best-liquor-store-pos-systems/,unverified,unverified,unverified,unverified,unverified,unverified,unverified,unverified,unverified,unverified,unverified,unverified,unverified (not searched),Multi-location liquor POS; vendor roundup page.,search-verified (URL-cited)
115,Liquor stores,mPower Beverage (InfoSolve),mpowerbeverage.com,https://mpowerbeverage.com/liquor-store-pos-software-2/,unverified,unverified,https://mpowerbeverage.com/pricing/,"$1,000 upfront for 1 register + $120/mo; each additional register $250 upfront + $120/mo",self-serve public price (figures from search summary; attribution among mpowerbeverage.com/pricing and cardfellow),unverified,1-10,https://www.crunchbase.com/organization/mpower-beverage-software,unverified,unverified,unverified,unverified,unverified (not searched),Dallas TX; CEO Patrick Mooney; 70+ liquor reports.,search-verified (URL-cited)
116,Independent pharmacies,BestRx,bestrx.com,https://www.bestrx.com/product/bestrx,unverified,https://www.linkedin.com/company/bestrx,https://www.capterra.com/p/106390/BestRxWin/pricing/,unverified,contact-sales (custom quote),"~40 years, family business",U,https://www.bestrx.com/pharmacy-software,family business,https://www.bestrx.com/pharmacy-software,unverified,unverified,unverified (host blocked),Patient engagement module https://www.bestrx.com/features/patient-engagement.,search-verified (URL-cited)
116,Independent pharmacies,Computer-Rx (Outcomes),outcomes.com,https://www.outcomes.com/computer-rx,unverified,unverified,unverified,unverified,contact-sales,unverified,unverified,unverified,unverified,unverified,unverified,unverified,unverified (host blocked),,search-verified (URL-cited)
116,Independent pharmacies,Datascan,datascanpharmacy.com,https://datascanpharmacy.com/,unverified,https://www.linkedin.com/company/datascan-pharmacy-software,https://www.capterra.com/p/120411/Datascan-Pharmacy-Software/pricing/,"from $2,500/mo (Winpharm, Capterra)",third-party listed price; all-inclusive package,1981,U,https://datascanpharmacy.com/about-us/,"second-generation family-owned, independently owned",https://datascanpharmacy.com/about-us/,unverified,unverified,unverified (host blocked),,search-verified (URL-cited)
116,Independent pharmacies,Enliven Health,enlivenhealth.co,https://enlivenhealth.co/pharmacy-solutions/pharmacy-mobile-app/,unverified,unverified,unverified,unverified,unverified,unverified,unverified,unverified,unverified,unverified,unverified,unverified,unverified (host blocked),Omnicell-affiliated (unverified here).,search-verified (URL-cited)
116,Independent pharmacies,Liberty Software,unverified,https://tridentinfo.com/best-pharmacy-management-software-in-2026-complete-comparison-pricing-guide/,unverified,unverified,https://tridentinfo.com/best-pharmacy-management-software-in-2026-complete-comparison-pricing-guide/,$799/mo per location (third-party),third-party estimate,unverified,unverified,unverified,unverified,unverified,unverified,unverified,unverified (host blocked),Named in roundups only; domain unverified.,search-verified (URL-cited)
116,Independent pharmacies,Lumistry,lumistry.com,https://lumistry.com/solutions/platform/,unverified,unverified,unverified,unverified,contact-sales,2012,"112 (Aug 2026, Crustdata); ~92 (other)",https://profiles.crustdata.com/company/lumistry,bootstrapped; $17.6M revenue,https://getlatka.com/companies/Lumistry#team,unverified,unverified,unverified (host blocked),"9,000+ pharmacies (https://lumistry.com/about/company/). Patient engagement/scheduling/messaging.",search-verified (URL-cited)
116,Independent pharmacies,PioneerRx,pioneerrx.com,https://www.pioneerrx.com/,unverified,unverified,https://tridentinfo.com/best-pharmacy-management-software-in-2026-complete-comparison-pricing-guide/,"$595/mo single user to $1,999/mo 10 users (third-party)",contact-sales; third-party estimate,unverified,unverified,unverified,unverified,unverified,unverified,unverified,unverified (host blocked),Widely cited as top new-install choice; G2 pricing page exists (https://www.g2.com/products/pioneerrx/pricing).,search-verified (URL-cited)
116,Independent pharmacies,Refill Assistant,refillassistant.com,https://refillassistant.com/refill-assistant-app/,unverified,unverified,https://refillassistant.com/pricing/,from $129/mo ($99/mo annual); Plus $249/mo; Rx Mobility $349/mo,self-serve public price,unverified,unverified,unverified,spin-off of ProductWorld,https://refillassistant.com/about-us/,unverified,unverified,unverified (host blocked),,search-verified (URL-cited)
116,Independent pharmacies,RevealSite,revealsite.com,https://revealsite.com/blogs/pharmacy-patient-communication-software-guide,unverified,unverified,unverified,unverified,unverified,unverified,unverified,unverified,unverified,unverified,unverified,unverified,unverified (host blocked),Custom branded pharmacy apps.,search-verified (URL-cited)
116,Independent pharmacies,Rx30 (RedSail),redsailtechnologies.com,https://www.redsailtechnologies.com/pharmacy-software,unverified,unverified,unverified,unverified,contact-sales,unverified,unverified,unverified,unverified,unverified,unverified,unverified,unverified (host blocked),,search-verified (URL-cited)
117,Food trucks,Catermonkey,catermonkey.com,https://catermonkey.com/en/for-whom/food-trucks/,unverified,unverified,https://catermonkey.com/en/prices/,"$63-$247/mo (TrustRadius); one tier $85/mo; 14-day free trial, cancel monthly",self-serve public price / free trial,unverified,unverified,unverified,unverified,unverified,unverified,https://www.capterra.com/p/233143/Catermonkey/,not searched (host blocked),"Quotes, menus, orders, invoicing for caterers and food trucks; European origin.",search-verified (URL-cited)
117,Food trucks,Food Truck Lineup,foodtrucklineup.com,https://www.foodtrucklineup.com/software/,unverified,unverified,unverified,unverified,unverified,unverified,unverified,unverified,unverified,unverified,unverified,unverified,not searched (host blocked),"Self-serve scheduling app plus marketing agency (websites, SEO); no pricing in results (https://foodtrucklineup.com/services/).",search-verified (URL-cited)
117,Food trucks,Food Truck OS,foodtruckone.com,https://foodtruckone.com/,unverified,unverified,https://foodtruckone.com/,$29/mo flat; 14-day free trial,self-serve public price / free trial,unverified,unverified,unverified,unverified,unverified,unverified,unverified,not searched (host blocked),"Website, online ordering, QR-to-pay, event bookings, permit vault with AI renewal scheduling, GPS-stamped commissary log; associated with Dr. Hines Inc / Stronghold per terms page (https://foodtruckone.com/terms). Founded/headcount unverified.",search-verified (URL-cited)
117,Food trucks,Homebase (food truck page),joinhomebase.com,https://www.joinhomebase.com/food-truck-catering-event-management,unverified,unverified,https://www.joinhomebase.com/food-truck-catering-event-management,free scheduling/time tracking tier,free tier,unverified,unverified,unverified,unverified,unverified,unverified,unverified,not searched (host blocked),Horizontal team scheduling with dedicated food-truck landing page.,search-verified (URL-cited)
117,Food trucks,HubPlate,hubplate.app,https://www.hubplate.app/blog/best-pos-system-for-food-trucks-in-2026,unverified,unverified,https://www.hubplate.app/blog/best-pos-system-for-food-trucks-in-2026,"$99/mo flat per truck, zero transaction commissions, BYOD",self-serve public price,unverified,unverified,https://www.hubplate.app/about,unverified,unverified,unverified,unverified,not searched (host blocked),Founder Matthew Kobilan; cloud restaurant POS positioning food trucks; headcount unverified.,search-verified (URL-cited)
117,Food trucks,Roaming Hunger (vendor portal),roaminghunger.com,https://vendor.roaminghunger.com/,unverified,unverified,https://roaminghunger.com/catering/questions-and-answers/,vendor fees charged per facilitated booking; amount unverified,unverified,2009 (Ross Resnick; West Hollywood CA),35,https://en.wikipedia.org/wiki/Roaming_Hunger,unverified,unverified,unverified,unverified,not searched (host blocked),"Catering marketplace: 23,000+ trucks bookable (https://roaminghunger.com/); BBB complaints page exists.",search-verified (URL-cited)
117,Food trucks,Square for Restaurants (food truck page),squareup.com,https://squareup.com/us/en/restaurants/food-truck,unverified,unverified,https://www.guideflow.com/blog/food-truck-pos-system,free software; 2.6% + 10c per transaction; reader ~$59 (https://www.guideflow.com/blog/food-truck-pos-system),self-serve public price,unverified,unverified,unverified,unverified,unverified,unverified,unverified,not searched (host blocked),Horizontal POS with dedicated food-truck landing page; default incumbent.,search-verified (URL-cited)
117,Food trucks,Truckster (vendor platform),gotruckster.com,https://gotruckster.com/truck-owner,unverified,https://www.linkedin.com/company/gotruckster,https://medium.com/@bigfatwriter/7-cool-food-truck-friendly-tools-c42b381cb1e1,$25/mo vendor membership (third-party; $15-$40 tiers cited),self-serve public price (third-party figure),2017 (Denver; Connor Hollowell and Molly McMahon Hollowell),10 (May 31 2026),https://tracxn.com/d/companies/truckster/__EuPirfcxsVSbfGvfQn7My08qDAnMUnqloEH5rNOsxg0,no funding raised,https://tracxn.com/d/companies/truckster/__EuPirfcxsVSbfGvfQn7My08qDAnMUnqloEH5rNOsxg0,unverified,unverified,not searched (host blocked),"Vendor app (profile, calendar sync, mobile orders, catering leads); 1,500+ food truck caterers.",search-verified (URL-cited)
118,Caterers,Better Cater,unverified,https://www.softwareadvice.com/catering/better-cater-profile/,unverified,unverified,https://www.softwareadvice.com/catering/better-cater-profile/,"$59/mo per user, free trial (softwareadvice); $57/mo per another listing",self-serve public price (third-party reported),2011,unverified,unverified,unverified,unverified,unverified,unverified,not searched (budget reserved for tool discovery),"Small-business catering tool (founder Steve Franco, Brea CA per https://tracxn.com/d/companies/better-cater/__d3f4IAgXIU_LtAREbAoTIhXmHWruxiTG9rtWbu23KyA). Domain not seen in a result URL.",search-verified (URL-cited)
118,Caterers,CaterZen,caterzen.com,https://www.caterzen.com/catering-management-software,unverified,unverified,https://www.caterzen.com/pricing,Pro $179/mo; Pro Plus $199/mo; Marketing Pro Plus $229/mo; Enterprise; free trial,self-serve public price,unverified,unverified,unverified,unverified,unverified,unverified,unverified,not searched (budget reserved for tool discovery),"Drop-off/corporate catering ops + marketing automation (by Restaurant & Catering Systems). Prices from result summary for 'CaterZen pricing per month' (vendor pricing page, g2, capterra in set). Founder/headcount not found.",search-verified (URL-cited)
118,Caterers,Caterease,unverified,https://www.perfectvenue.com/post/total-party-planner-vs-caterease,unverified,unverified,https://www.perfectvenue.com/post/total-party-planner-vs-caterease,"Professional $130/mo + $1,000 setup/licensing, or $1,200/yr (third-party); starts $75/mo per guideflow",self-serve public price (third-party reported),1991,unverified,unverified,unverified,unverified,unverified,unverified,not searched (budget reserved for tool discovery),High-volume event management incumbent; domain not seen in a result URL. Founded year from perfectvenue result.,search-verified (URL-cited)
118,Caterers,Curate,curate.co,https://curate.co/,unverified,unverified,https://curate.co/florist-software/,see niche 111 row (GBP 75/location snippet; 30-day trial),free trial,2013 / 2018 (conflicting),about 58 (Jul 2026) vs 33/31 (conflicting),https://www.zoominfo.com/c/curate-inc/446854448,$1.25M seed; $4.25M total,https://www.crunchbase.com/organization/curate,unverified,unverified,not searched (budget reserved for tool discovery),Proposals and event production for caterers as well as florists.,search-verified (URL-cited)
118,Caterers,Total Party Planner,totalpartyplanner.com,https://totalpartyplanner.com/,unverified,unverified,https://totalpartyplanner.com/catering-software-pricing/,starts $75/mo (guideflow); $299 one-time setup per tier; Nibble 1 user / Feast 2 / Delicacy 3; +$25/mo per extra user; 10% annual discount,self-serve public price,project began 1994,unverified,unverified,unverified,unverified,unverified,unverified,not searched (budget reserved for tool discovery),"Caterer-native quote-to-payment software (founder John Cohen; Ashland VA https://www.zoominfo.com/c/total-party-planner-llc/54646056). $75 starting figure from https://www.guideflow.com/blog/catering-software; tier structure from result summary (vendor pricing page, pricingnow, g2 in set).",search-verified (URL-cited)
119,Retail bakeries,BakeBoost,bakeboost.com,https://www.bakeboost.com/bakery-management-software/,unverified,unverified,unverified,unverified,unverified,unverified,unverified,unverified,unverified,unverified,unverified,unverified,unverified (host blocked),'Everything app for bakers'; no pricing in results.,search-verified (URL-cited)
119,Retail bakeries,BakeIQ,bakeiq.ai,https://www.bakeiq.ai/blog/best-bakery-management-software-2026,unverified,unverified,unverified,unverified,unverified,unverified,unverified,unverified,unverified,unverified,unverified,unverified,unverified (host blocked),Cloud bakery software; self-published comparisons vs Cybake.,search-verified (URL-cited)
119,Retail bakeries,BakeSmart,bakesmart.com,https://bakesmart.com/,unverified,https://www.linkedin.com/company/bakesmart,https://wholesalehandler.com/articles/bakesmart-pricing,"$99/mo per location (core platform, 1 POS license; another source $199/mo); +$30/station; eCommerce $99/mo; Wholesale portal $49/mo; Cake Matrix $149",self-serve public price,2005,3 employees (Jul 1 2024),https://tracxn.com/d/companies/bakesmart/__73NwDWm_zO0jzerQlT8u8VwXmZcdJlPzqBIwnQJAVSs,unfunded / bootstrapped (owner Mike Clements),https://tracxn.com/d/companies/bakesmart/__73NwDWm_zO0jzerQlT8u8VwXmZcdJlPzqBIwnQJAVSs,unverified,unverified,unverified (host blocked),"Indianapolis. Custom cake orders, wholesale standing orders/routes, POS. Subscription-pricing announcement https://perishablenews.com/bakery/bakesmart-announces-subscription-pricing-for-bakery-software/. Crunchbase https://www.crunchbase.com/organization/bakesmart.",search-verified (URL-cited)
119,Retail bakeries,Bakesy,bakesy.app,https://www.bakesy.app/,unverified,unverified,https://www.bakesy.app/pricing,$9.99/mo; Premium $17.99/mo; first 30 days free; no transaction fees,self-serve public price,unverified,unverified,unverified,unverified,unverified,unverified,unverified,unverified (host blocked),"Home-bakery order intake, website, invoices; iOS app https://apps.apple.com/us/app/bakesy-home-bakery-biz-app/id1515139393.",search-verified (URL-cited)
119,Retail bakeries,CakeBoss,cakeboss.com,https://cakeboss.com/,unverified,unverified,https://www.joinhomebase.com/blog/bakery-management-software,"$149 first year, then $20/yr",self-serve public price,unverified,unverified,unverified,unverified,unverified,unverified,unverified,unverified (host blocked),"Recipe costing, order tracking, invoicing for solo/home bakers.",search-verified (URL-cited)
119,Retail bakeries,Cybake,cybake.com,https://cybake.com/,unverified,unverified,https://cybake.com/bakery-software/production/pricing/,"custom (core package + modules, monthly subscription)",contact-sales,unverified,unverified,unverified,unverified,unverified,unverified,unverified,unverified (host blocked),"400+ bakery businesses, 3,200+ retail stores; ~$30,000 3-yr TCO for a 20-employee bakery per https://www.itqlick.com (via search). Square POS integration https://cybake.com/cybake-bakery-software-announces-integration-with-square-pos/. Capterra https://www.capterra.com/p/99597/CyBake/.",search-verified (URL-cited)
119,Retail bakeries,FlexiBake,flexibake.com,https://theretailexec.com/tools/best-bakery-software/,unverified,unverified,https://theretailexec.com/tools/best-bakery-software/,$125/mo (basic plan),self-serve public price,unverified,unverified,unverified,unverified,unverified,unverified,unverified,unverified (host blocked),"Batch tracking, compliance docs, multi-facility; accounting integrations (QuickBooks, Xero, Sage).",search-verified (URL-cited)
119,Retail bakeries,FoodStorm (custom cakes ordering),foodstorm.com,https://www.foodstorm.com/use-cases/custom-cakes-bakery-ordering,unverified,unverified,unverified,unverified,unverified,unverified,unverified,unverified,unverified,unverified,unverified,unverified,unverified (host blocked),Grocery/catering ordering platform with a custom-cake use-case page.,search-verified (URL-cited)
119,Retail bakeries,Square for Bakeries,squareup.com,https://squareup.com/us/en/restaurants/bakery,unverified,unverified,unverified,unverified,self-serve public price,unverified,unverified,unverified,unverified,unverified,unverified,unverified,unverified (host blocked),"Horizontal POS with dedicated bakery landing page (online ordering, kiosk, loyalty); free to start per https://www.bakingsubs.com/blog/best-point-of-sale-system-for-home-bakery.",search-verified (URL-cited)
120,Vending machine operators,Cantaloupe Seed,cantaloupe.com,https://www.cantaloupe.com/products/telemetry/,unverified,unverified,https://vendbuddy.io/blog/best-vending-machine-card-readers-2026,telemetry + SaaS $8-$12/machine/mo (third-party); OpenVDI $5/mo per device,contact-sales (third-party price),unverified,unverified,unverified,unverified,unverified,unverified,unverified,unverified (host blocked),"Seed devices in 70,000+ machines; payments + telemetry + VMS bundle. OpenVDI price from https://www.vendingmarketwatch.com/technology/product/10342494/cantaloupe-systems-cantaloupe-openvdi-wireless-vending-management-system.",search-verified (URL-cited)
120,Vending machine operators,Gimme,unverified,https://www.linkedin.com/company/gimmevend,unverified,https://www.linkedin.com/company/gimmevend,unverified,unverified,unverified,2014,~11 employees (2026),https://getlatka.com/companies/gimme-1,self-funded ($0 raised per Latka); other databases show $450K-$1.7M,https://www.crunchbase.com/organization/gimmevend,unverified,unverified,unverified (host blocked),"Computer-vision merchandising/VMS for vending and micro-markets; founders Cory Hewett, Evan Jarecki. Domain not shown in results.",search-verified (URL-cited)
120,Vending machine operators,Parlevel Systems,parlevelsystems.com,https://www.parlevelsystems.com/vms/,unverified,https://www.linkedin.com/company/parlevel-systems,https://gitnux.org/best/vending-management-software/,custom subscription ~$15/machine/mo (third-party),contact-sales,2013,unverified,unverified,Series A; acquired by 365 Retail Markets 2022 ('tens of millions'),https://www.crunchbase.com/acquisition/365-retail-markets-acquires-parlevel-systems--17632ab0,unverified,unverified,unverified (host blocked),San Antonio (Geekdom); telemetry + VMS (https://sanantonioreport.org/parlevel-sale-geekdom-startup-san-antonio/).,search-verified (URL-cited)
120,Vending machine operators,VendGO,vendgo.co,https://www.vendgo.co/blog/what-is-a-vending-management-system,unverified,unverified,unverified,unverified,unverified,unverified,unverified,unverified,unverified,unverified,unverified,unverified,unverified (host blocked),Newer VMS; only an explainer page surfaced.,search-verified (URL-cited)
120,Vending machine operators,VendMAX (Crane),unverified,https://sourceforge.net/software/vending-machine-management/for-small-business/,unverified,unverified,unverified,unverified,unverified,unverified,unverified,unverified,unverified,unverified,unverified,unverified,unverified (host blocked),'Over 200 customers in 25 years' per SourceForge listing; enterprise-leaning.,search-verified (URL-cited)
120,Vending machine operators,VendSoft,vendsoft.com,https://www.vendsoft.com/,unverified,unverified,https://www.vendsoft.com/pricing/,Basic $1/machine/mo (min $19/mo); Premium $2/machine/mo (min $49/mo),self-serve public price,2012 (Crunchbase; another source says 2013),~22 employees (2026),https://getlatka.com/companies/vendsoft,unfunded (Crunchbase); $1.4M ARR 2021 per Latka,https://www.crunchbase.com/organization/vendsoft,unverified,unverified,unverified (host blocked),"Slough UK; 2,000+ operators, 48,000+ machines; integrates Cantaloupe, Nayax, Coinco, CPI, Crane telemetry. CEO Christopher Suiter.",search-verified (URL-cited)
120,Vending machine operators,VendSys,vendsys.com,https://www.vendsys.com/,unverified,unverified,unverified,not public,contact-sales,2009,unverified,unverified,"$107.3K revenue, 150 customers per Latka",https://getlatka.com/companies/vendsys,unverified,unverified,unverified (host blocked),"Wellesley Hills MA; software + handhelds + remote monitoring for 5 to 50,000 points of sale (https://www.vendsys.com/about/).",search-verified (URL-cited)
121,Funeral homes,CRaKN (Tribute Management Software),unverified,https://www.capterra.com/p/147808/CRaKN/,unverified,unverified,unverified,$165/user/mo per https://www.softwaresuggest.com/crakn,unverified,unverified,unverified,unverified,"listed under Tribute Technology (PE: Carlyle, Vista, Providence) https://tracxn.com/d/companies/tribute-technology/__AWiXRjSmfp5oQFcDFsVOggzDnCuIGuH7ucAAklVH0p8",unverified,unverified,unverified,unverified (host blocked),Mobile-first case management; domain not shown.,search-verified (URL-cited)
121,Funeral homes,Gather,gather.app,https://gather.app/case-management/,https://www.facebook.com/MyGatherApp/,unverified,https://gather.app/pricing/,unverified (one-time activation + monthly subscription; quote),contact-sales,"2016 (Boise/Meridian, ID; Zach Chatterton)",12 (Nov 2020; planned ~20),https://boisedev.com/news/2020/11/04/gather-funerals-meridian-idaho/,$5.04M total; $4M from Pelion Venture Partners,https://www.crunchbase.com/organization/gather-03c0,unverified,unverified,unverified (host blocked),Headcount evidence is from 2020; bonus granted on that basis with age caveat.,search-verified (URL-cited)
121,Funeral homes,Halcyon Death Care Management Solutions,unverified,https://softwarefinder.com/legal/halcyon-death-care-management-solutions,unverified,unverified,unverified,$295/mo start (third-party),contact-sales,unverified,unverified,unverified,unverified,unverified,unverified,unverified,unverified (host blocked),Domain not shown in results.,search-verified (URL-cited)
121,Funeral homes,Osiris Software,osirissoftware.com,https://osirissoftware.com/,unverified,https://www.linkedin.com/company/osiris-software,https://osirissoftware.com/pricing/,"from $79/mo (by at-need call volume; unlimited users) per https://osirissoftware.com/faq-items/how-much-does-osiris-cost/ ; Capterra lists Basic $100/mo, 30-day trial",self-serve public price,"2009 (Edmond, OK; Kris Gray & Kara Gray Ludlum; parent Funeral Directors Resource 1998)",12,https://www.zoominfo.com/c/osiris-software/356518964,unverified,unverified,unverified,unverified,unverified (host blocked),Built by funeral directors; about page https://osirissoftware.com/about/,search-verified (URL-cited)
121,Funeral homes,Parting Pro (Tribute Technology),partingpro.com,https://partingpro.com/,unverified,unverified,unverified,"unverified (one review cites ~$7,000/yr) https://www.capterra.com/p/179534/Parting-Pro/",contact-sales,unverified,unverified,unverified,integrated into Tribute Technology (acquired by Carlyle & Vista 3 Nov 2020),https://www.tributetech.com/parting-pro,unverified,unverified,unverified (host blocked),Online cremation arrangement/e-commerce for funeral homes; founded by Tyler Yamasaki https://en.wikipedia.org/wiki/Parting.com,search-verified (URL-cited)
121,Funeral homes,Passare,passare.com,https://www.passare.com/,unverified,unverified,unverified,"unverified (no public price; one review cites ~$10,000 implementation) https://www.capterra.com/p/164764/Passare/reviews/",contact-sales,"2012 (Abilene, TX)",63,https://tracxn.com/d/companies/passare/__MI8Gg8LRDqObPuHvVQG6yhCVumte00al-18CWiCT4xo,$6M from Funeral Directors Life; listed as acquired,https://tracxn.com/d/companies/passare/__MI8Gg8LRDqObPuHvVQG6yhCVumte00al-18CWiCT4xo,unverified,unverified,unverified (host blocked),Case management + family collaboration portal; built with FDLIC https://www.upandrunningsoftware.com/portfolio-passare.php,search-verified (URL-cited)
122,Cemeteries & crematories,CemSites,cemsites.com,https://cemsites.com/crematory-software.html,unverified,unverified,https://www.capterra.com/p/176057/CemSites/,unverified (module + subscription; tiers shown only after demo),contact-sales,"2012 (Scott McAfee, Sean Johnson)",unverified,unverified,unverified,unverified,unverified,unverified,unverified (not searched),Implemented in 40+ states claim. Software Advice: https://www.softwareadvice.com/cemetery/cemsites-profile/,search-verified (URL-cited)
122,Cemeteries & crematories,Cemetery Workstation (allfuneral.com),allfuneral.com,https://allfuneral.com/crematory-management/,unverified,unverified,unverified,unverified,unverified,unverified,unverified,unverified,unverified,unverified,unverified,unverified,unverified (not searched),"Cloud cemetery/crematory operations: inventory, sales, work orders, cremation management.",search-verified (URL-cited)
122,Cemeteries & crematories,CemeteryBase,cemeterybase.com,https://cemeterybase.com/blog/best-cemetery-software-compared-2026,unverified,unverified,https://cemeterybase.com/blog/best-cemetery-software-compared-2026,$99/mo flat (self-setup),self-serve public price (vendor blog),unverified,unverified,unverified,unverified,unverified,unverified,unverified,unverified (not searched),Newer entrant; vendor-authored comparison.,search-verified (URL-cited)
122,Cemeteries & crematories,Cemify,cemify.com,https://www.cemify.com/learn/pricing,unverified,unverified,https://www.cemify.com/learn/pricing,"from $599/yr (~$50/mo); alternative model $500 setup + $100/mo + $25 per extra user; size-based setup $500/$1,500/$2,500",self-serve public price (figures from search summary; attribution among cemify.com/learn/pricing and https://www.capterra.com/p/175752/Cemify/),unverified,unverified,unverified,unverified,unverified,unverified,unverified,unverified (not searched),Small-cemetery mapping/records software.,search-verified (URL-cited)
122,Cemeteries & crematories,Halcyon,halcyondcms.com,https://www.halcyondcms.com/crematory-software/,unverified,unverified,unverified,unverified,unverified,unverified,unverified,unverified,unverified,unverified,unverified,unverified,unverified (not searched),Crematory management software.,search-verified (URL-cited)
122,Cemeteries & crematories,PlotBox,plotbox.com,https://plotbox.com/crematory-software,unverified,unverified,https://www.softwareadvice.com/scheduling/plotbox-profile/,"unverified (scalable packages, 3 to unlimited users; no public price)",contact-sales,2011 (or 2012; Sean & Leona McAllister),124 (72 as of Jan 2021),https://pitchbook.com/profiles/company/99282-97,"VC/PE: $13.2M raised (Serent Capital, Guinness Ventures, others)",https://pitchbook.com/profiles/company/99282-97,unverified,unverified,unverified (not searched),"Cloud deathcare platform: mapping, records, work orders, CRM, finance. Crunchbase: https://www.crunchbase.com/organization/plotbox",search-verified (URL-cited)
122,Cemeteries & crematories,Pontem Cemetery Data Manager,unverified,https://www.softwareadvice.com/cemetery/,unverified,unverified,unverified,unverified,unverified,unverified,unverified,unverified,unverified,unverified,unverified,unverified,unverified (not searched),30+ years serving cemetery managers per roundup; also CIMS (Ramaker) named there.,search-verified (URL-cited)
122,Cemeteries & crematories,byondpro (OpusXenta),unverified,https://www.softwareadvice.com/cemetery/byondpro-profile/,unverified,unverified,unverified,unverified,contact-sales,unverified,unverified,unverified,unverified,unverified,unverified,unverified,unverified (not searched),"Business management for cemeteries, crematories, funeral homes.",search-verified (URL-cited)
123,Pet grooming salons & mobile groomers,Animalo,animalo.com,https://www.animalo.com/blog/pet-grooming-software-ultimate-2026-guide-for-salons,unverified,unverified,https://www.animalo.com/blog/pet-grooming-software-ultimate-2026-guide-for-salons,from $50/mo,self-serve public price (vendor blog),unverified,unverified,unverified,unverified,unverified,unverified,unverified,unverified (host blocked),,search-verified (URL-cited)
123,Pet grooming salons & mobile groomers,Anolla,anolla.com,https://anolla.com/en/pet-grooming-software,unverified,unverified,unverified,unverified,unverified,unverified,unverified,unverified,unverified,unverified,unverified,unverified,unverified (host blocked),,search-verified (URL-cited)
123,Pet grooming salons & mobile groomers,DaySmart Pet,daysmart.com,https://www.animalo.com/blog/pet-grooming-software-ultimate-2026-guide-for-salons,unverified,unverified,https://www.animalo.com/blog/pet-grooming-software-ultimate-2026-guide-for-salons,from $29/mo (third-party),third-party listed price,unverified,unverified,unverified,unverified,unverified,unverified,unverified,unverified (host blocked),Domain from general knowledge of DaySmart brand; not shown in result: treat domain as unverified.,search-verified (URL-cited)
123,Pet grooming salons & mobile groomers,GrooMore,groomore.com,https://www.groomore.com/mobile-grooming-software.html,unverified,unverified,https://tryteddy.com/blog/best-mobile-pet-grooming-software-kg76y,$39/mo (third-party),third-party listed price,unverified,unverified,unverified,founder Connor Collett,https://www.crunchbase.com/organization/groomore,unverified,unverified,unverified (host blocked),Capterra https://www.capterra.com/p/212228/GrooMore/.,search-verified (URL-cited)
123,Pet grooming salons & mobile groomers,Groomer.io,groomer.io,https://get.groomer.io/mobile,unverified,https://www.linkedin.com/company/groomer-io,https://get.groomer.io/pricing,$99/mo per facility or van; no contract,self-serve public price,2015,8 (PitchBook),https://pitchbook.com/profiles/company/494755-03,unverified,https://www.crunchbase.com/organization/groomer-io,unverified,unverified,unverified (host blocked),Help center pricing https://help.groomer.io/pricing ; Capterra https://www.capterra.com/p/276684/Groomerio/.,search-verified (URL-cited)
123,Pet grooming salons & mobile groomers,Groomsoft,groomsoft.com,https://www.groomsoft.com/features/mobile-grooming-software/,unverified,unverified,https://www.groomsoft.com/pricing/,$29.95/mo shops; $39.90/mo mobile groomers,self-serve public price,unverified,unverified,unverified,unverified,unverified,unverified,unverified,unverified (host blocked),Price snippet attribution among result set (groomsoft.com / capterra 129785).,search-verified (URL-cited)
123,Pet grooming salons & mobile groomers,Koalendar,koalendar.com,https://koalendar.com/scheduling-software-for/pet-grooming,unverified,unverified,unverified,unverified,free plan,unverified,unverified,unverified,unverified,unverified,unverified,unverified,unverified (host blocked),Horizontal scheduler with pet-grooming landing page.,search-verified (URL-cited)
123,Pet grooming salons & mobile groomers,MoeGo,moego.pet,https://www.moego.pet/mobile-grooming,unverified,unverified,https://www.moego.pet/pricing,$49/mo per van (mobile) to $159; $79/mo per salon location to $239,self-serve public price,"2016 (Ethan Dong, Yi Dong, Emma Chen)",51-200,https://profiles.crustdata.com/company/moego,"raised $31.0M (Base10, Insight Partners, Fifth Wall, 500 Global)",https://tracxn.com/d/companies/moego/__KHSyZaiRnmBVNsN3RhyF0tTjS-VzeHaTbKjHNlzeRWM,unverified,unverified,unverified (host blocked),"10,000+ businesses claimed. Price snippet attribution among result set (moego.pet / groomboard).",search-verified (URL-cited)
123,Pet grooming salons & mobile groomers,ShakeYourTail,shakeyourtail.com,https://www.shakeyourtail.com/,unverified,unverified,unverified,unverified,unverified,unverified,unverified,unverified,unverified,unverified,unverified,unverified,unverified (host blocked),,search-verified (URL-cited)
123,Pet grooming salons & mobile groomers,Vagaro,vagaro.com,https://www.vagaro.com/pro/pet-grooming-software,unverified,unverified,https://tryteddy.com/blog/best-mobile-pet-grooming-software-kg76y,$23.99/mo base (third-party),self-serve public price (third-party cited),unverified,unverified,unverified,unverified,unverified,unverified,unverified,unverified (host blocked),Horizontal salon software with pet-grooming landing.,search-verified (URL-cited)
123,Pet grooming salons & mobile groomers,Vonigo,vonigo.com,https://www.vonigo.com/industry/mobile-pet-grooming-software/,unverified,unverified,unverified,unverified,unverified,unverified,unverified,unverified,unverified,unverified,unverified,unverified,unverified (host blocked),Horizontal mobile-services platform with mobile grooming landing.,search-verified (URL-cited)
124,Pet boarding & daycare,Animalo,animalo.com,https://www.animalo.com/,unverified,unverified,https://www.guideflow.com/blog/dog-boarding-software,"from $50/mo (roundup); boarding from EUR 79/mo, grooming from EUR 9.99/mo (vendor)",self-serve public price,2018,11-50 (parent PetLogic Solutions),https://www.exafol.com/products/animalo,unverified,unverified,unverified,unverified,not searched (host blocked),"EU-focused (EN/FR/DE/NL), 100+ businesses; Austin TX HQ claim and headcount from a single third-party profile - attribution uncertain.",search-verified (URL-cited)
124,Pet boarding & daycare,Book'n (BooknBuddy),booknbuddy.com,https://www.booknbuddy.com/blog/best-pet-boarding-software-2026.html,unverified,unverified,https://www.booknbuddy.com/blog/best-pet-boarding-software-2026.html,$39.99 CAD/mo flat,self-serve public price,unverified,unverified,unverified,unverified,unverified,unverified,unverified,not searched (host blocked),Canadian small-facility tool; details from its own roundup.,search-verified (URL-cited)
124,Pet boarding & daycare,DoggieDashboard,doggiedashboard.com,https://doggiedashboard.com/,unverified,unverified,https://doggiedashboard.com/,free up to 10 client/pet profiles; Premium $40/mo or $400/yr,self-serve public price / free tier,unverified,unverified,unverified,unverified,unverified,unverified,https://www.capterra.com/p/248595/DoggieDashboard/,not searched (host blocked),"Daycare, kennel, groomer, sitter, walker; founded/headcount unverified.",search-verified (URL-cited)
124,Pet boarding & daycare,Gingr (Togetherwork),gingrapp.com,https://www.gingrapp.com/pricing,unverified,unverified,https://www.gingrapp.com/pricing,"Spa (grooming) ~$100-$109/mo; Play (daycare) ~$142-$169/mo; Stay (boarding) ~$154-$209/mo per location; add-ons for payments, SMS, scheduling; no free trial (https://www.animalo.com/blog/gingr-pricing-alternatives-2026-comparison)",self-serve public price (pricing page; amounts via third-party),unverified,25,https://growjo.com/company/Gingr,acquired by Togetherwork (Aquiline Capital-backed) Sep 28 2017,https://www.pehub.com/pe-backed-togetherwork-buys-gingr/,unverified,unverified,not searched (host blocked),"Boulder CO; founders Aaron Nichols, Lee Salminen et al. Bonus reflects 25-employee figure although parent Togetherwork is PE-owned.",search-verified (URL-cited)
124,Pet boarding & daycare,Kennel Connection,kennelconnection.com,https://kennelconnection.com/,https://www.facebook.com/kennelconnection/,https://www.linkedin.com/company/kennelconnection,https://kennelconnection.com/pricing/,Standard/Pro/Platinum monthly plans (amounts not captured); support plan $30/mo on 12-month contract,self-serve public price (pricing page; amounts not captured),1994 (Mark Gorrie; DOS software),unverified,https://www.prnewswire.com/news-releases/celebrating-three-decades-of-pioneering-pet-care-fintech-kennel-connections-legacy-of-innovation-and-excellence-302135724.html,unverified,unverified,unverified,unverified,not searched (host blocked),"5,000+ customers; cloud and on-prem/hybrid (https://www.guideflow.com/blog/dog-boarding-software).",search-verified (URL-cited)
124,Pet boarding & daycare,Paw Partner,pawpartner.com,https://pawpartner.com/boarding,unverified,unverified,https://pawpartner.com/pricing,$44.99/mo grooming- or training-only; $99.99/mo boarding/daycare/multi-service flat; free trial,self-serve public price / free trial,March 2020 (Bellingham WA),unverified,unverified,"privately held, owner-operated by pet-facility owners; no PE or VC",https://pawpartner.com/pricing,unverified,unverified,not searched (host blocked),Built by owners of a 130-dog-a-day facility; headcount unverified but bootstrapped per vendor.,search-verified (URL-cited)
124,Pet boarding & daycare,PetExec (Togetherwork),petexec.net,https://www.petexec.net/,unverified,unverified,https://www.capterra.com/p/92864/PetExec/,from $105/mo (third-party),self-serve public price (third-party figure),unverified,unverified,unverified,acquired by Togetherwork Nov 2024,https://www.prweb.com/releases/togetherwork-acquires-petexec-expanding-its-industry-leading-footprint-in-serving-pet-care-businesses-with-quality-software-and-payments-solutions-302335963.html,unverified,unverified,not searched (host blocked),"Chandler AZ HQ (https://www.zoominfo.com/c/petexec/353762156); boarding, daycare, grooming, training, paperless contracts.",search-verified (URL-cited)
125,Dog training businesses,BusyPaws,busypaws.app,https://www.busypaws.app/landing-pages/dog-training-software,unverified,unverified,https://www.softwareadvice.com/kennel/busypaws-profile/,$79-$199/mo for larger facility tiers (competitor comparison page + softwareadvice),self-serve public price (third-party reported),unverified,unverified,unverified,unverified,unverified,unverified,unverified,not searched (budget reserved for tool discovery),Facility-oriented pet-care platform with dedicated dog-training landing pages; strongest course/homework tools per heeldash roundup. Publishes 'most common software for dog training businesses' (https://www.busypaws.app/post/the-most-common-software-for-dog-training-businesses).,search-verified (URL-cited)
125,Dog training businesses,DigiWoof Clicks!,digiwoof.com,https://digiwoof.com/clicks/,unverified,unverified,https://sourceforge.net/software/product/Digiwoof-Clicks/,from $97/mo (third-party listing),self-serve public price (third-party reported),unverified,unverified,unverified,unverified,unverified,unverified,unverified,not searched (budget reserved for tool discovery),All-in-one CRM/automation for positive-reinforcement trainers; parent DigiWoof also sells social media marketing at $499/mo + ad spend.,search-verified (URL-cited)
125,Dog training businesses,DogBizPro,dogbusinessprogram.com,https://dogbusinessprogram.com/,unverified,unverified,https://heeldash.com/blog/best-dog-trainer-software/,$79/mo starting; $129+/mo tier for most useful features (third-party),self-serve public price (third-party reported),unverified,unverified,unverified,unverified,unverified,unverified,unverified,not searched (budget reserved for tool discovery),"Client records, session notes, invoicing for dog trainers. Capterra listing https://www.capterra.com/p/141295/DogBizPro/.",search-verified (URL-cited)
125,Dog training businesses,HoneyBook,honeybook.com,https://www.honeybook.com/software-for-dog-trainers,unverified,unverified,unverified,unverified,unverified,unverified,unverified,unverified,unverified,unverified,unverified,unverified,not searched (budget reserved for tool discovery),Horizontal clientflow SMB tool with dedicated dog-trainer landing page; no pricing in results.,search-verified (URL-cited)
125,Dog training businesses,PetExec,unverified,https://gitnux.org/best/dog-training-business-software/,unverified,unverified,unverified,unverified,unverified,unverified,unverified,unverified,unverified,unverified,unverified,unverified,not searched (budget reserved for tool discovery),"Pet-care facility software named in roundups (dog profiles, vaccination records, booking); domain not seen.",search-verified (URL-cited)
125,Dog training businesses,PocketSuite (Dog Trainer Edition),pocketsuite.io,https://pocketsuite.io/dog-training-software/,unverified,unverified,https://pocketsuite.io/dog-trainer-pricing/,"free 30-day trial, no card; base/premium/team tiers (amounts not shown in results)",free trial,unverified,unverified,unverified,unverified,unverified,unverified,unverified,not searched (budget reserved for tool discovery),Horizontal solo-pro booking app with a dedicated dog-trainer edition and pricing page.,search-verified (URL-cited)
125,Dog training businesses,PupManager,pupmanager.com,https://pupmanager.com/dog-training-software,unverified,unverified,https://pupmanager.com/compare/busypaws,"core software US$10/week (about US$43/mo), unlimited clients and dogs; extra trainers per seat; 10-day free trial",self-serve public price,unverified,built by 'a trainer and a developer' (tiny team; no count),https://pupmanager.com/dog-training-software,unverified,unverified,unverified,unverified,not searched (budget reserved for tool discovery),"Trainer-specific scheduling, session notes, group classes, packages, branded client app. Ranked best overall in gitnux roundup (https://gitnux.org/best/dog-training-business-software/). Bonus given on the two-person founding statement; treat as weak.",search-verified (URL-cited)
125,Dog training businesses,SchedulingKit,schedulingkit.com,https://schedulingkit.com/scheduling-software/dog-trainers,unverified,unverified,https://schedulingkit.com/crm-for-service-businesses/dog-trainers,free CRM tier implied by page title,unverified,unverified,unverified,unverified,unverified,unverified,unverified,unverified,not searched (budget reserved for tool discovery),Horizontal scheduling with dedicated dog-trainer pages; runner-up in gitnux roundup.,search-verified (URL-cited)
126,Barber shops,Booksy (barbers),booksy.com,https://biz.booksy.com/en-us/who-loves-us/barber,unverified,unverified,https://biz.booksy.com/pricing,$29.99/mo first user; +$20/mo per team member; processing 2.49% + 10c; Boost 30% of new-client first visit,self-serve public price,unverified,unverified,unverified,unverified,unverified,unverified,unverified,unverified (host blocked),Marketplace discovery app; prices via https://glossgenius.com/blog/booksy-price and https://schedulingkit.com/pricing-guides/booksy-pricing.,search-verified (URL-cited)
126,Barber shops,Boulevard,joinblvd.com,https://www.joinblvd.com/blog/best-barbershop-software,unverified,unverified,unverified,unverified,unverified,unverified,unverified,unverified,unverified,unverified,unverified,unverified,unverified (host blocked),Premium salon software; self-published barbershop guide.,search-verified (URL-cited)
126,Barber shops,GlossGenius (barber),glossgenius.com,https://glossgenius.com/customers/barber-software,unverified,unverified,https://www.guideflow.com/blog/barbershop-software,$28/mo starting,self-serve public price,unverified,unverified,unverified,unverified,unverified,unverified,unverified,unverified (host blocked),Flat-rate pricing; horizontal salon/barber tool with barber landing page.,search-verified (URL-cited)
126,Barber shops,Mangomint,mangomint.com,https://www.guideflow.com/blog/barbershop-software,unverified,unverified,https://www.guideflow.com/blog/barbershop-software,$165/mo starting (mid-size team avg $245/mo),self-serve public price,unverified,unverified,unverified,unverified,unverified,unverified,unverified,unverified (host blocked),Automation-heavy salon software for larger teams.,search-verified (URL-cited)
126,Barber shops,SHIFT,goingshift.com,https://www.goingshift.com/compare/squire/,unverified,unverified,unverified,unverified,unverified,unverified,unverified,unverified,unverified,unverified,unverified,unverified,unverified (host blocked),Barbershop software; publishes Squire comparison page.,search-verified (URL-cited)
126,Barber shops,SQUIRE,getsquire.com,https://getsquire.com/pricing,unverified,unverified,https://getsquire.com/pricing,$30/mo (Independent); Executive $150/mo; +$20/staff; new $50/mo full-shop unlimited-barbers offer,self-serve public price,unverified,unverified,unverified,"$108M total raised (Index Ventures, Point72)",https://research.contrary.com/company/squire,unverified,unverified,unverified (host blocked),"Barbershop-only platform (booking, payments, payroll, inventory); 2K businesses / 25K professionals. Lower-price announcement https://getsquire.com/business-edge/squire-offers-new-lower-price. Capterra https://www.capterra.com/p/153899/Squire-Barber-Appointment-App/pricing/.",search-verified (URL-cited)
126,Barber shops,Vagaro (barber),vagaro.com,https://www.vagaro.com/learn/how-much-do-barbershop-owners-make,unverified,unverified,https://www.guideflow.com/blog/barbershop-software,$23.99/mo; +$10 per team member,self-serve public price,unverified,unverified,unverified,unverified,unverified,unverified,unverified,unverified (host blocked),Horizontal salon/spa/fitness tool; marketplace discovery.,search-verified (URL-cited)
126,Barber shops,theCut,thecut.co,https://thecut.co/pricing,unverified,unverified,https://thecut.co/pricing,Free plan; PRO $25/mo; 2.7% fee on in-app payments,self-serve public price,2016,11-50 employees,https://app.dealroom.co/companies/thecut,$5.35M total; $4.5M round Sep 2021 led by Nextgen Venture Partners,https://techcrunch.com/2021/09/03/barbershop-technology-startup-thecut-sharpens-its-platform-with-new-4-5m-round/,unverified,unverified,unverified (host blocked),Founders Obi Omile Jr. and Kush Patel; ~10M users; equity crowdfunding on Republic (https://republic.com/thecut). Crunchbase https://www.crunchbase.com/organization/thecut.,search-verified (URL-cited)
127,Hair salons,Booksy,booksy.com,https://biz.booksy.com/en-us/who-loves-us/hair,unverified,unverified,unverified,unverified,unverified,unverified,unverified,unverified,unverified,unverified,unverified,unverified,unverified (host blocked),Marketplace + booking app popular with independent stylists; pricing not in results.,search-verified (URL-cited)
127,Hair salons,Boulevard,joinblvd.com,https://www.joinblvd.com/blog/salon-trends-industry-statistics,unverified,unverified,https://www.guideflow.com/blog/salon-software,Essentials $176/mo ($158/mo annual),self-serve public price (third-party listing),unverified,unverified,unverified,unverified,unverified,unverified,unverified,unverified (host blocked),Premium salons/spas.,search-verified (URL-cited)
127,Hair salons,Fresha,unverified,https://www.guideflow.com/blog/salon-software,unverified,unverified,https://bookingpro.ai/blog/best-salon-software-2026/,from $19.95/mo; free tier with 20% commission on new marketplace bookings,self-serve public price (third-party listing),unverified,unverified,unverified,unverified,unverified,unverified,unverified,unverified (host blocked),Marketplace-led model; domain not shown in results.,search-verified (URL-cited)
127,Hair salons,GlossGenius,glossgenius.com,https://glossgenius.com/blog/phorest-alternatives,unverified,unverified,https://www.glossystack.com/pricing,Standard $24/mo; Gold $48/mo; Platinum $148/mo (third-party); Guideflow says from $28/mo,self-serve public price (third-party listing),2015,378 employees (May 2026),https://www.crunchbase.com/organization/glossgenuis,$72.2M over 5 rounds; bootstrapped 5 years before $16.4M round; $25M in 2022,https://techcrunch.com/2022/09/27/glossgenius-funding-valuation-beauty-fintech-salon-wellness-owners-smbs/,unverified,unverified,unverified (host blocked),"Solo/small-team stylists; founders Danielle Cohen Shohet, Karim Butt.",search-verified (URL-cited)
127,Hair salons,Mangomint,mangomint.com,https://www.mangomint.com/pricing/,unverified,unverified,https://www.mangomint.com/pricing/,from $120/mo + $10/user (other sources $165/mo); top plan $375/mo,self-serve public price,2017,139 employees (2026-06-30),https://www.crunchbase.com/organization/mangomint,"$48M raised; $35M Series B (Altos Ventures, SaaStr Fund)",https://techcrunch.com/2024/09/06/how-a-cold-email-to-a-vc-helped-salon-software-startup-mangomint-raise-35m/,unverified,unverified,unverified (host blocked),"Los Angeles; founders Sandra Huber, Dan Poineau.",search-verified (URL-cited)
127,Hair salons,Phorest,unverified,https://glossgenius.com/blog/phorest-alternatives,unverified,unverified,unverified,~$99/mo entry; quote-based; $250-$350/location typical (third-party),contact-sales,unverified,unverified,unverified,unverified,unverified,unverified,unverified,unverified (host blocked),Multi-location salon platform; domain not shown.,search-verified (URL-cited)
127,Hair salons,Square Appointments,squareup.com,https://squareup.com/us/en/beauty/salons,unverified,unverified,https://www.salonbookingsystem.com/salon-booking-system-blog/hair-salon-software-free/,free plan for individuals; paid team plans,self-serve public price (free tier),unverified,unverified,unverified,unverified,unverified,unverified,unverified,unverified (host blocked),Horizontal POS with a salons landing page.,search-verified (URL-cited)
127,Hair salons,Vagaro,vagaro.com,https://www.vagaro.com/learn/best-salon-software,unverified,unverified,https://www.vagaro.com/learn/best-salon-software,from $30/mo one calendar; ~$10/mo per extra calendar; add-ons push $150-$200+/mo,self-serve public price,unverified,unverified,unverified,unverified,unverified,unverified,unverified,unverified (host blocked),Beauty/wellness all-in-one with marketplace; pricing details from https://bookingpro.ai/blog/best-salon-software-2026/.,search-verified (URL-cited)
128,Nail salons,Boulevard,joinblvd.com,https://www.joinblvd.com/blog/best-nail-salon-software,unverified,unverified,unverified,unverified,unverified,unverified,unverified,unverified,unverified,unverified,unverified,unverified,unverified (host blocked),Salon/spa platform named via its own nail-salon roundup; pricing not in results.,search-verified (URL-cited)
128,Nail salons,Fresha,unverified,https://www.guideflow.com/blog/nail-salon-software,unverified,unverified,unverified,free core platform (no monthly fee),free,unverified,unverified,unverified,unverified,unverified,unverified,unverified,unverified (host blocked),Domain not shown in results.,search-verified (URL-cited)
128,Nail salons,GlossGenius,glossgenius.com,https://glossgenius.com/customers/nail-salon-software,unverified,unverified,unverified,$24/mo Standard; $48/mo Gold per https://www.glossystack.com/software/glossgenius,self-serve public price,2015 (Danielle Cohen Shohet & Karim Butt),378 (May 26 2026),https://tracxn.com/d/companies/glossgenius/__yqHw6adfzYOyRIfw2XncAVTsD46xwdsHiaajGupxhIM,~$70M total; Series C $28M led by L Catterton at $510M valuation,https://beautymatter.com/articles/glossgenius-closes-28-million-series-c,unverified,unverified,unverified (host blocked),Beauty-vertical booking/POS with dedicated nail-salon landing page.,search-verified (URL-cited)
128,Nail salons,Mangomint,mangomint.com,https://glossgenius.com/blog/vagaro-vs-mangomint,unverified,unverified,unverified,$165/mo Essentials (2-10 providers); $165-$375 tiers per https://pabau.com/blog/mangomint-pricing/,self-serve public price,"2017 (Daniel Lang, Dan Poineau, Sandra Huber)",132,https://pitchbook.com/profiles/company/431644-69,Series A $13M (OpenView); Series B $35M (Altos Ventures),https://www.yahoo.com/news/cold-email-vc-helped-salon-204500362.html,unverified,unverified,unverified (host blocked),Salon/spa software; named as 'best overall' for nail salons in roundups.,search-verified (URL-cited)
128,Nail salons,Vagaro,vagaro.com,https://www.vagaro.com/learn/vagaro-vs-glossgenius-pricing-features-comparison,unverified,unverified,unverified,$23.99/mo base + $10 per additional calendar up to $83.99,self-serve public price,unverified,unverified,unverified,unverified,unverified,unverified,unverified,unverified (host blocked),Beauty-vertical; recommended for 2+ tech nail salons per https://www.guideflow.com/blog/nail-salon-software,search-verified (URL-cited)
128,Nail salons,Zenoti,zenoti.com,https://www.zenoti.com/thecheckin/nail-salon-software-guide,unverified,unverified,unverified,unverified,contact-sales,unverified,unverified,unverified,unverified,unverified,unverified,unverified,unverified (host blocked),Enterprise beauty platform for multi-location nail chains; pricing not in results.,search-verified (URL-cited)
129,Tattoo studios,Apprentice,useapprentice.com,https://useapprentice.com/blog/best-tattoo-shop-management-software-features-reviews-and-top-picks,unverified,unverified,unverified,unverified,unverified,unverified,unverified,unverified,unverified,unverified,unverified,unverified,unverified (not searched),"Tattoo shop management; vendor roundup. Also named without URLs: Linework, InkBook, TattooGenda.",search-verified (URL-cited)
129,Tattoo studios,MyTattoo,mytattoo.software,https://mytattoo.software/tattoo-studio-software/,unverified,unverified,unverified,unverified,unverified,unverified,unverified,unverified,unverified,unverified,unverified,unverified,unverified (not searched),"Booking, client management, consent forms.",search-verified (URL-cited)
129,Tattoo studios,Porter,getporter.io,https://www.getporter.io/for-studios,unverified,https://www.linkedin.com/company/get-porter,https://www.getporter.io/pricing,unverified (plans Artist Essentials / Artist Pro / Studio Pro; no figure in snippet),self-serve plans; price not in snippet,"2022 (Venice CA; Zack Neff, Mathew Lefkofsky)",10 (Jun 2026),https://pitchbook.com/profiles/company/529312-15,VC-backed (Lightbank),https://pitchbook.com/profiles/company/529312-15,unverified,unverified,unverified (not searched),"Booking, payments, POS, consent, CRM for tattoo studios. Tracxn: https://tracxn.com/d/companies/porter/__V3oKIAv747NdoT5JW1I0mQ34uo1YQ3R-y1Dryj2VoeQ",search-verified (URL-cited)
129,Tattoo studios,Salonist (tattoo),salonist.io,https://salonist.io/industries/tattoo-studio-software,unverified,unverified,unverified,unverified,unverified,unverified,unverified,unverified,unverified,unverified,unverified,unverified,unverified (not searched),Horizontal salon software with tattoo landing page.,search-verified (URL-cited)
129,Tattoo studios,Tattoo Studio Pro,tattoostudiopro.com,https://tattoostudiopro.com/,unverified,https://www.linkedin.com/company/tattoostudiopro,https://www.guideflow.com/blog/tattoo-shop-software,"Solo $29/mo (1 user); Crew $69/mo (5); Tribe $119/mo (10) (another roundup: from $39/mo, https://salonist.io/industries/tattoo-studio-software)",self-serve public price (third-party),unverified,2,https://getlatka.com/companies/tattoostudiopro.com/team,bootstrapped ($0 raised),https://getlatka.com/companies/tattoostudiopro.com/team,unverified,unverified,unverified (not searched),"Founder Paul, ex-studio owner; digital consent forms (https://tattoostudiopro.com/tattoo-forms/).",search-verified (URL-cited)
129,Tattoo studios,TattooPro (Punchey),tattoopro.io,https://tattoopro.io/,unverified,unverified,https://tattoopro.io/pricing,$29/mo base (some listings $9/mo),self-serve public price (figure via https://www.capterra.com/p/186802/TattooPro/ and https://tattoobizguide.com/blog/tattoopro-io-review/),unverified,unverified,unverified,unverified,unverified,unverified,unverified,unverified (not searched),"Commission tracking, digital consent, tipping, reviews.",search-verified (URL-cited)
129,Tattoo studios,Twizzlo,twizzlo.com,https://twizzlo.com/articles/tattoo-shop-management-software/,unverified,unverified,https://twizzlo.com/articles/tattoo-shop-management-software/,$29.99 flat-rate booking platform,self-serve public price (vendor article),unverified,unverified,unverified,unverified,unverified,unverified,unverified,unverified (not searched),Flat-rate booking platform.,search-verified (URL-cited)
129,Tattoo studios,Venue Ink,venue.ink,https://www.venue.ink/blog/how-tattoo-scheduling-software-can-transform-your-tattoo-studios-day-to-day,unverified,unverified,unverified,unverified,unverified,unverified,unverified,unverified,unverified,unverified,unverified,unverified,unverified (not searched),Named among 2026 studio-specific leaders (https://www.guideflow.com/blog/tattoo-shop-software).,search-verified (URL-cited)
130,Massage therapy practices,ClinicSense,clinicsense.com,https://clinicsense.com/professions/massage-therapy-software,unverified,https://ca.linkedin.com/company/clinicsense,https://clinicsense.com/blog/the-best-massage-therapy-software-for-your-practice-in-2026,$39/mo Lite; 14-day trial; AMTA/ABMP discounts,self-serve public price,2013 (co-founder Daniel Ruscigno),1-10,https://www.crunchbase.com/organization/clinicsense,bootstrapped,https://www.crunchbase.com/organization/clinicsense,unverified,unverified,unverified (host blocked),"7,500+ professionals served.",search-verified (URL-cited)
130,Massage therapy practices,Koalendar,koalendar.com,https://koalendar.com/blog/best-scheduling-app-for-massage-therapist,unverified,unverified,unverified,unverified,free plan,unverified,unverified,unverified,unverified,unverified,unverified,unverified,unverified (host blocked),Horizontal scheduler.,search-verified (URL-cited)
130,Massage therapy practices,MassageBook,massagebook.com,https://pro.massagebook.com/,unverified,https://www.linkedin.com/company/massagebook,https://www.sprypt.com/blog/best-booking-apps-for-massage-therapists,Transition $15/mo; Practice $44.25; Clinic $74.25 (third-party); vendor blog says from $20/mo,self-serve public price; 30-day trial; free version,"2011 (Mount Pleasant, SC; CEO Mark Volkmann)",2 (Tracxn May 2026); 30 (Growjo),https://tracxn.com/d/companies/massagebook/__j6PUrHPPyVmaKKrYUsmb2TLdgO9yyST81EtywSzW988,no funding raised (bootstrapped),https://www.crunchbase.com/organization/massagebook,unverified,unverified,unverified (host blocked),Vendor blog https://pro.massagebook.com/blog/massage-therapy-software.,search-verified (URL-cited)
130,Massage therapy practices,Noterro,noterro.com,https://www.noterro.com/disciplines/massage-therapy-clinic-management-software,unverified,unverified,https://www.noterro.com/pricing,$33/mo Core; Plus $55; Max $77 per practitioner; annual -15%,self-serve public price; free trial,unverified,unverified,unverified,unverified,unverified,unverified,unverified,unverified (host blocked),Capterra listing as SOAP Vault https://www.capterra.com/p/164994/SOAP-Vault/.,search-verified (URL-cited)
130,Massage therapy practices,Ruana,getruana.com,https://getruana.com/massage-therapy-software/,unverified,unverified,https://getruana.com/massage-therapy-pricing-and-features/,$45.99/mo Solo (30 appts); Professional $65.99/mo; +$19.99 per practitioner,self-serve public price,unverified,unverified,unverified,co-founder Rouzbeh Noroozy (chiropractor),https://getruana.com/choosing-practice-management-software/,unverified,unverified,unverified (host blocked),,search-verified (URL-cited)
130,Massage therapy practices,WellnessLiving,wellnessliving.com,https://www.wellnessliving.com/blog/10-best-massage-therapy-software-solutions-for-2026/,unverified,unverified,unverified,unverified,unverified,unverified,unverified,unverified,unverified,unverified,unverified,unverified,unverified (host blocked),Horizontal wellness platform.,search-verified (URL-cited)
130,Massage therapy practices,Yocale,yocale.com,https://www.yocale.com/en-us/industries/massage-therapy-software,unverified,unverified,unverified,unverified,unverified,unverified,unverified,unverified,unverified,unverified,unverified,unverified,unverified (host blocked),,search-verified (URL-cited)
130,Massage therapy practices,Zanda,zandahealth.com,https://zandahealth.com/us/profession/massage-therapy-software/,unverified,unverified,unverified,unverified,unverified,unverified,unverified,unverified,unverified,unverified,unverified,unverified,unverified (host blocked),AI SOAP notes; multi-discipline.,search-verified (URL-cited)
131,Veterinary clinics (independent),Covetrus AVImark,unverified,https://g2.com/products/covetrus-avimark/competitors/alternatives,unverified,unverified,unverified,unverified,contact-sales,unverified,unverified,unverified,unverified,unverified,unverified,unverified,not searched (host blocked),"Most widely installed server-based PIMS in North America, 11,000+ hospitals (https://vetclinictech.com/best-veterinary-practice-management-software-2026/); distributor-owned incumbent.",search-verified (URL-cited)
131,Veterinary clinics (independent),DaySmart Vet (formerly Vetter),daysmart.com,https://www.daysmart.com/vet/pricing/,unverified,unverified,https://www.daysmart.com/vet/pricing/,from $116/mo flat (6 plans; up to $565/mo for 20 users); free trial,self-serve public price / free trial,unverified,unverified,unverified,unverified,unverified,unverified,unverified,not searched (host blocked),"Part of DaySmart (multi-vertical); add-on charges for boarding, wellness plans, DICOM.",search-verified (URL-cited)
131,Veterinary clinics (independent),Digitail,digitail.com,https://digitail.com/,unverified,unverified,https://digitail.com/plans/,contact vendor,contact-sales,"2016 (Wilmington US; founders Ruxandra Pui, Sebastian Gabor)",99 (May 31 2026),https://tracxn.com/d/companies/digitail/__UkIYZPuBJcEV4pc-LyR7bSbVWA8Rr3-0nbJFQnozsVw,"$36.5M over 5 rounds; Series B Nov 10 2025; Atomico, Five Elms",https://tracxn.com/d/companies/digitail/__UkIYZPuBJcEV4pc-LyR7bSbVWA8Rr3-0nbJFQnozsVw,unverified,unverified,not searched (host blocked),"10,000+ vet professionals claimed.",search-verified (URL-cited)
131,Veterinary clinics (independent),Hippo Manager,unverified,https://www.capterra.com/p/134667/Hippo-Manager/,unverified,unverified,https://www.capterra.com/p/134667/Hippo-Manager/,$119/mo per full-time veterinarian (Core); support staff free; free trial,self-serve public price / free trial,"2012 (Sam Razor, Bart Conrad; Lexington KY)",13,https://pitchbook.com/profiles/company/104062-06,$1.0M raised in one round,https://startupintros.com/orgs/hippo-manager-software,unverified,unverified,not searched (host blocked),'Largest independently owned cloud vet PIMS' claim; domain not shown in results.,search-verified (URL-cited)
131,Veterinary clinics (independent),Provet Cloud,provet.com,https://www.provet.com/pricing,unverified,unverified,https://www.provet.com/pricing,"US Core $99/mo for 1 vet, Pro $129/mo; +$99/mo per additional vet; support staff free (https://www.vetsoftwarehub.com/product/provet/pricing)",self-serve public price,unverified,unverified,unverified,unverified,unverified,unverified,unverified,not searched (host blocked),Finnish-origin cloud PIMS with US pricing page.,search-verified (URL-cited)
131,Veterinary clinics (independent),Shepherd Veterinary Software,shepherd.vet,https://www.shepherd.vet/,unverified,https://www.linkedin.com/company/shepherd-vet,https://costbench.com/software/veterinary-software/shepherd/,$299/mo first veterinarian + $99/mo per additional vet; unlimited staff; free trial,self-serve public price / free trial,unverified,unverified,https://www.shepherd.vet/,unverified,unverified,unverified,unverified,not searched (host blocked),Founder Dr. Cindy Barnes; 'best overall for independent and mid-size clinics' per https://www.raftlabs.com/blog/best-veterinary-practice-management-software. Headcount unverified.,search-verified (URL-cited)
131,Veterinary clinics (independent),Vetspire,vetspire.com,https://vetspire.com/pricing,unverified,unverified,https://vetspire.com/pricing,$349/DVM/mo,self-serve public price,2017,54,https://www.cbinsights.com/company/vetspire,acquired by Thrive Pet Healthcare Aug 13 2026; earlier investor Pear,https://pitchbook.com/profiles/company/185861-44,unverified,unverified,not searched (host blocked),AI-heavy cloud PIMS; now owned by a corporate group.,search-verified (URL-cited)
131,Veterinary clinics (independent),ezyVet (IDEXX),ezyvet.com,https://www.ezyvet.com/pricing/us,unverified,unverified,https://www.ezyvet.com/pricing/us,"$260.50/user/mo (Basic), six-month initial term",self-serve public price,unverified,unverified,unverified,unverified,unverified,unverified,unverified,not searched (host blocked),IDEXX-owned cloud PIMS; per-user pricing criticized as costly (https://www.itqlick.com/ezyvet/pricing).,search-verified (URL-cited)
132,Dental practices (independent),Curve Dental,curvedental.com,https://www.curvedental.com/dental-blog/best-dental-practice-management-software-2026,unverified,unverified,unverified,unverified,contact-sales,2004,"about 184 (2026), up from 152 (2023)",https://growjo.com/company/Curve_Dental,"Battery Ventures (Series Unknown, 2018-02-08); Adventure Capital; $22.4M est. ARR",https://www.crunchbase.com/organization/curve-dental/company_financials,unverified,unverified,not searched (budget reserved for tool discovery),Cloud-native PMS for small practices and groups. Publishes nothing on price per https://www.themolarreport.com/learn/dental-software-real-world-pricing.,search-verified (URL-cited)
132,Dental practices (independent),Dentrix (Henry Schein),unverified,https://bestdentalsoftware.org/best-dental-practice-management-software,unverified,unverified,https://bestdentalsoftware.org/best-dental-practice-management-software,"third-party estimate $500-$1,200/mo",contact-sales,unverified,unverified,unverified,owned by Henry Schein (distributor),https://siotek.net/resources/dental-practice-management-software-comparison,unverified,unverified,not searched (budget reserved for tool discovery),Most widely used server-based PMS; commonly cited share 18-22% is unsourced per https://medixdental.com/dental-pms-market-data/. Domain not seen in a result URL.,search-verified (URL-cited)
132,Dental practices (independent),Dentrix Ascend,unverified,https://www.saasworthy.com/product/dentrix-ascend/pricing,unverified,unverified,https://www.saasworthy.com/product/dentrix-ascend/pricing,"$399/mo single user; $799/mo 10 users; $1,599/mo 100 users (third-party listing)",contact-sales (third-party price),unverified,unverified,unverified,Henry Schein,https://siotek.net/resources/dental-practice-management-software-comparison,unverified,unverified,not searched (budget reserved for tool discovery),Cloud successor from Henry Schein; vendor publishes no price. Domain not seen.,search-verified (URL-cited)
132,Dental practices (independent),Eaglesoft (Patterson),unverified,https://siotek.net/resources/dental-practice-management-software-comparison,unverified,unverified,unverified,unverified,contact-sales,unverified,unverified,unverified,owned by Patterson Dental (distributor),https://siotek.net/resources/dental-practice-management-software-comparison,unverified,unverified,not searched (budget reserved for tool discovery),"Server-based PMS, Dentrix's closest competitor; domain not seen.",search-verified (URL-cited)
132,Dental practices (independent),Open Dental,opendental.com,https://www.opendental.com/site/fees.html,unverified,unverified,https://opendentalsupport.com/switching/understanding-open-dental-pricing-2026,"$179/mo per location for first 12 months, then $129/mo; flat per location regardless of providers (some listings quote $149-$199/mo)",self-serve public price,2003,unverified,unverified,unverified,unverified,unverified,unverified,not searched (budget reserved for tool discovery),"Open-source-licensed PMS, top budget pick for solo/small practices; runs on local server or cloud. Founded year from https://www.softwaresuggest.com/open-dental/pricing. Price lines from result summary (opendental.com fees page, frontdeskreview, opendentalsupport in set).",search-verified (URL-cited)
132,Dental practices (independent),Oryx Dental Software,oryxdental.com,https://www.oryxdental.com/best-dental-practice-management-software/,unverified,unverified,http://www.oryxdental.com/pricing/,"from $650/mo, bundling imaging, billing and clearinghouse",self-serve public price,unverified,unverified,unverified,unverified,unverified,unverified,unverified,not searched (budget reserved for tool discovery),"Cloud PMS that publishes pricing ('$0 to start, no add-ons'); figure from https://www.themolarreport.com/learn/dental-software-real-world-pricing result summary with vendor pricing page in set.",search-verified (URL-cited)
133,Chiropractic offices,CaseRM,caserm.com,https://www.caserm.com/best-chiropractic-practice-management-software-2026/,unverified,unverified,unverified,unverified,unverified,unverified,unverified,unverified,unverified,unverified,unverified,unverified,unverified (host blocked),Self-published roundup.,search-verified (URL-cited)
133,Chiropractic offices,ChiroFusion,chirofusionsoftware.com,https://www.chirofusionsoftware.com/pricing/,unverified,unverified,https://www.chirofusionsoftware.com/pricing/,$149/mo (Essentials; $129 annual); Complete $329/mo; +$49/additional provider; unlimited staff users free,self-serve public price,unverified,unverified,unverified,unverified,unverified,unverified,unverified,unverified (host blocked),"Founder Damon Cozamanis, Boca Raton FL (https://softwarefinder.com/emr-software/chirofusion); 14,000+ users, 1.6M claims/month; 5,000+ mapped clinics (https://www.withorbital.com/data/software/chirofusion/).",search-verified (URL-cited)
133,Chiropractic offices,ChiroTouch,chirotouch.com,https://www.chirotouch.com/pricing,unverified,unverified,https://www.chirotouch.com/pricing,"$159/provider/mo (Core); Advanced $299/provider/mo; Bundle custom; ~$3,000 implementation",self-serve public price,unverified,unverified,unverified,unverified,unverified,unverified,unverified,unverified (host blocked),Prices via https://www.capterra.com/p/48210/ChiroTouch/pricing/; TCO analysis https://www.itqlick.com/chirotouch/pricing. Rheo AI documentation claims 92% time reduction.,search-verified (URL-cited)
133,Chiropractic offices,Genesis Chiropractic Software,genesischiropracticsoftware.com,https://www.caserm.com/best-chiropractic-practice-management-software-2026/,unverified,unverified,unverified,unverified,unverified,unverified,unverified,unverified,unverified,unverified,unverified,unverified,unverified (host blocked),Named in 2026 roundups only.,search-verified (URL-cited)
133,Chiropractic offices,Jane App,jane.app,https://jane.app/pricing,unverified,unverified,https://jane.app/pricing,CA$54/mo (Balance); Practice CA$79/mo + CA$17.50-35 per practitioner; Thrive CA$99/mo + CA$20-40 per practitioner,self-serve public price,unverified,unverified,unverified,"bootstrapped, founder-led, no VC/PE",https://www.ehrsource.com/vendors/jane/,unverified,unverified,unverified (host blocked),"Multi-discipline (chiro, physio, massage); strongest patient self-booking per https://www.sprypt.com/blog/best-chiropractic-practice-management-software-solutions. Pricing guide https://pabau.com/blog/jane-app-pricing/.",search-verified (URL-cited)
133,Chiropractic offices,Noterro,noterro.com,https://www.caserm.com/best-chiropractic-practice-management-software-2026/,unverified,unverified,unverified,unverified,unverified,unverified,unverified,unverified,unverified,unverified,unverified,unverified,unverified (host blocked),Roundup mention.,search-verified (URL-cited)
133,Chiropractic offices,Zanda,unverified,https://www.sprypt.com/blog/best-chiropractic-practice-management-software-solutions,unverified,unverified,unverified,unverified,unverified,unverified,unverified,unverified,unverified,unverified,unverified,unverified,unverified (host blocked),Practice management with optional AI assistant; roundup mention.,search-verified (URL-cited)
133,Chiropractic offices,zHealth EHR,zhealthehr.com,https://www.zhealthehr.com/chiropractors,unverified,unverified,https://www.zhealthehr.com/pricing-policy,$119/provider/mo (Basic); Advanced $179; top tier $349; add-ons from $50,self-serve public price,2015 (one source 2007),conflicting: ~10+ employees vs 201-500,https://www.appsandreports.com/company/-zhealth-inc,unverified,unverified,unverified,unverified,unverified (host blocked),Prices via https://softwarefinder.com/emr-software/zhealth. Headcount conflict means no bonus awarded.,search-verified (URL-cited)
134,Physical therapy clinics (independent),AdvancedMD (Physical Therapy),advancedmd.com,https://www.advancedmd.com/specialties/physical-therapy/ehr-emr-software/,unverified,unverified,https://www.sprypt.com/blog/healthcare-pms-pricing,Physical Medicine configuration from $399/provider/mo (third-party),contact-sales,unverified,unverified,unverified,unverified,unverified,unverified,unverified,unverified (host blocked),Horizontal EHR with PT specialty landing page.,search-verified (URL-cited)
134,Physical therapy clinics (independent),Net Health,ntst.com,https://www.ntst.com/physical-therapy-software,unverified,unverified,unverified,unverified,contact-sales,unverified,unverified,unverified,unverified,unverified,unverified,unverified,unverified (host blocked),Enterprise rehab EMR; Limber MSK product noted; no price in results.,search-verified (URL-cited)
134,Physical therapy clinics (independent),Prompt Health (Prompt EMR),prompthealth.com,https://www.prompthealth.com/,unverified,https://www.linkedin.com/company/promptemr,https://pabau.com/blog/physical-therapy-emr-software/,~$289/mo user-reported (third-party),contact-sales,2017,300-354 employees,https://www.crunchbase.com/organization/prompt-emr,"$213M raised (ICONIQ Capital, Breachway, Amity, SSC)",https://pitchbook.com/profiles/company/454760-20,unverified,unverified,unverified (host blocked),"Paramus NJ; founders Adam Baliatico, Mike Dwyer; CEO Raymond Baliatico.",search-verified (URL-cited)
134,Physical therapy clinics (independent),SPRY,sprypt.com,https://www.sprypt.com/,unverified,https://www.linkedin.com/company/sprypt,https://www.sprypt.com/blog/spry-pricing-physical-therapy-emr-cost,Essentials from $79/provider/mo,self-serve public price,2021,201-500 employees,https://www.linkedin.com/company/sprypt,"$25M raised (Flourish $15M lead; Eight Roads $7M Series A; Together Fund, F-Prime)",https://flourishventures.com/perspectives/why-we-invested-in-spry/,unverified,unverified,unverified (host blocked),"AI-driven PT/OT/SLP practice management; founders Brijraj Bhuptani (ex-Ola CTO), Riyaz Rehman.",search-verified (URL-cited)
134,Physical therapy clinics (independent),TheraPlatform,theraplatform.com,https://www.theraplatform.com/resources/281/physical-therapy-software,unverified,https://www.linkedin.com/company/theraplatform,https://www.theraplatform.com/resources/281/physical-therapy-software,from $39/mo solo provider; no setup fees or contracts,self-serve public price,2011,10 employees (Tracxn); LinkedIn 11-50,https://tracxn.com/d/companies/theraplatform/__dytvRIQiS26BDx3agMK9xq-UBBUzMxwTuUr3zIGXYtc,no funding raised,https://tracxn.com/d/companies/theraplatform/__dytvRIQiS26BDx3agMK9xq-UBBUzMxwTuUr3zIGXYtc,unverified,unverified,unverified (host blocked),Burbank CA; telehealth + EHR + billing for therapy practices.,search-verified (URL-cited)
134,Physical therapy clinics (independent),TurboPT,turbopt.com,https://turbopt.com/,unverified,unverified,https://www.capterra.com/p/141394/TurboPT/pricing/,"yearly, monthly or perpetual license; amounts not public",contact-sales,1991,11-50 employees,https://www.zoominfo.com/c/turbo-pt/356131931,unverified,unverified,unverified,unverified,unverified (host blocked),"Independent-practice EMR/billing with AI scribe; 1,200+ practices (https://turbopt.com/about-turbopt).",search-verified (URL-cited)
134,Physical therapy clinics (independent),Vagaro (Physical Therapy),vagaro.com,https://www.vagaro.com/pro/physical-therapy-software,unverified,unverified,unverified,unverified,unverified,unverified,unverified,unverified,unverified,unverified,unverified,unverified,unverified (host blocked),Horizontal scheduling/POS with a PT landing page; PT-specific pricing not shown.,search-verified (URL-cited)
134,Physical therapy clinics (independent),WebPT,webpt.com,https://www.webpt.com/,unverified,unverified,https://softwarefinder.com/emr-software/webpt,"from $99/mo; per-visit model $3+/visit; billing (Therabill), AI docs and prior auth are add-ons (third-party)",contact-sales (third-party price),unverified,unverified,unverified,unverified,unverified,unverified,unverified,unverified (host blocked),Rehab-therapy EMR market leader; per-visit figure from https://www.sprypt.com/blog/healthcare-pms-pricing.,search-verified (URL-cited)
135,Optometry practices,Compulink Advantage,unverified,https://jeloapp.com/blogs/best-optometry-ehr-software-2026,unverified,unverified,unverified,unverified,contact-sales,unverified,unverified,unverified,unverified,unverified,unverified,unverified,unverified (host blocked),Does not publish pricing; domain not shown.,search-verified (URL-cited)
135,Optometry practices,Crystal PM,crystalpm.com,https://www.crystalpm.com/practice-management/,unverified,https://www.linkedin.com/company/crystal-practice-management,unverified,$79/user/mo start (third-party) per https://www.itqlick.com/compare/crystal-practice-management/revolutionehr,self-serve public price,"2004 (Austin, TX)",15 (rocketreach); 27 and 50 in other sources,https://rocketreach.co/crystal-practice-management-profile_b6a5d461c87e728f,single seed round 2025,https://tracxn.com/d/companies/crystal-practice-management/__se9MA2_UlzYik5CkpAuSH0NLfncZvHJyZGvuLSuhgM0,unverified,unverified,unverified (host blocked),Headcount sources conflict (15/27/50); bonus granted on the sub-50 figures with caveat.,search-verified (URL-cited)
135,Optometry practices,Eyefinity (VSP Vision),eyefinity.com,https://www.eyefinity.com/products/solutions/eyefinity-practice-management.html,unverified,unverified,unverified,unverified,contact-sales,unverified,unverified,unverified,affiliated with VSP Vision,https://us.fitgap.com/products/023462/eyefinity-officemate,unverified,unverified,unverified (host blocked),Encompass / OfficeMate / ExamWRITER; does not publish pricing.,search-verified (URL-cited)
135,Optometry practices,Glasson,glasson.app,https://www.glasson.app/blog/best-optometry-software-in-2026-a-category-by-category-breakdown/,unverified,unverified,unverified,unverified,unverified,unverified,unverified,unverified,unverified,unverified,unverified,unverified,unverified (host blocked),Emerging optometry software named via its own roundup; pricing not in results.,search-verified (URL-cited)
135,Optometry practices,MaximEyes (First Insight),maximeyes.com,https://www.maximeyes.com/about-us/,unverified,unverified,unverified,custom quote only,contact-sales,"1994 (Hillsboro, OR)",~250,https://happierleads.com/companies/first-insight-com,unverified,unverified,unverified,unverified,unverified (host blocked),All-in-one cloud EHR/PM/optical POS.,search-verified (URL-cited)
135,Optometry practices,RevolutionEHR (Rev360),revolutionehr.com,https://www.revolutionehr.com/,unverified,unverified,https://www.revolutionehr.com/pricing,$319/mo Core start (per doctor); Advanced ~$660/mo per https://softwarefinder.com/emr-software/revolutionehr ; saasworthy lists $385,self-serve public price,"2007 (Louisville, CO)",unverified,unverified,"PE-owned (Otter Capital, Peterson Partners); RevolutionEHR acquired by RevOptix per PEAK Technology Partners",https://mergr.com/company/rev360,unverified,unverified,unverified (host blocked),Cloud-native optometry EHR/PM incumbent; publishes 'starting at' price.,search-verified (URL-cited)
135,Optometry practices,Uprise (VisionWeb),unverified,https://softwarefinder.com/emr-software/uprise-ehr,unverified,unverified,unverified,unverified,unverified,unverified,unverified,unverified,unverified,unverified,unverified,unverified,unverified (host blocked),Cloud EHR/PM by VisionWeb; pricing not in results; domain not shown.,search-verified (URL-cited)
136,Mental health private practices,BreezyNotes,unverified,unverified,unverified,unverified,https://www.mentalyc.com/blog/best-ehr-for-private-practice,Essentials $27/mo; Advanced $54; Premier $82,self-serve public price (third-party),unverified,unverified,unverified,unverified,unverified,unverified,unverified,unverified (not searched),Solo/small practice EHR.,search-verified (URL-cited)
136,Mental health private practices,CounSol,unverified,unverified,unverified,unverified,https://www.mentalyc.com/blog/best-ehr-for-private-practice,"$19/mo solo, unlimited notes",self-serve public price (third-party; attribution among mentalyc/supanote),unverified,unverified,unverified,unverified,unverified,unverified,unverified,unverified (not searched),Low-cost solo EHR.,search-verified (URL-cited)
136,Mental health private practices,ICANotes,icanotes.com,https://www.icanotes.com/2025/10/16/best-ehr-for-mental-health-private-practice/,unverified,unverified,unverified,unverified,unverified,unverified,unverified,unverified,unverified,unverified,unverified,unverified,unverified (not searched),Behavioral health EHR; vendor roundup.,search-verified (URL-cited)
136,Mental health private practices,Sessions Health,sessionshealth.com,https://www.sessionshealth.com/pricing/,unverified,unverified,https://www.sessionshealth.com/pricing/,$39/mo first practitioner + $29/mo each additional; free version; 30-day trial,"self-serve public price (figures from search summary; attribution among sessionshealth.com/pricing, ehrsource, capterra https://www.capterra.com/p/10002269/Sessions-Health/)",2018 (Minneapolis),unverified,unverified,privately held; funding not stated,https://www.ehrsource.com/vendors/sessions-health/,unverified,unverified,unverified (not searched),Behavioral-health-only EHR.,search-verified (URL-cited)
136,Mental health private practices,SimplePractice,simplepractice.com,https://www.simplepractice.com/press/strategic-purchase-of-luminello-assets/,unverified,unverified,https://www.mentalyc.com/blog/simplepractice-vs-therapynotes,$49-$99/mo; team accounts need the $99 Plus plan + $74 per additional clinician,self-serve public price (third-party),unverified,617 (other source: 508),https://pitchbook.com/profiles/company/234770-95,PE-backed (Vista Equity Partners); GetLatka lists as bootstrapped; acquired Gentem 2023-10-01,https://www.crunchbase.com/organization/simplepractice,unverified,unverified,unverified (not searched),"Largest solo/small-practice EHR; private pay strength, Monarch directory.",search-verified (URL-cited)
136,Mental health private practices,TheraNest (Ensora Mental Health),unverified,unverified,unverified,unverified,https://www.mentalyc.com/blog/simplepractice-vs-therapynotes,$29/mo entry; managed billing option,self-serve public price (third-party),unverified,unverified,unverified,unverified,unverified,unverified,unverified,unverified (not searched),Rebranded to Ensora 2025; reviewers report support issues (same source).,search-verified (URL-cited)
136,Mental health private practices,TheraPlatform,theraplatform.com,https://www.theraplatform.com/resources/1240/best-ehr-for-a-mental-health-solo-practice,unverified,unverified,unverified,unverified,unverified,unverified,unverified,unverified,unverified,unverified,unverified,unverified,unverified (not searched),EHR + telehealth; vendor comparison content.,search-verified (URL-cited)
136,Mental health private practices,TherapyNotes,therapynotes.com,https://www.therapynotes.com/company/,unverified,unverified,https://www.coralehr.com/blog/ehr-cost-comparison-therapists-2026/,$69/mo solo incl. billing & telehealth (another source: $59/mo solo + $30 per additional clinician),self-serve public price (third-party),"2010 (Brad Pliner, Dr. Debra Pliner)",353 (May 2026; other sources 124-335),https://tracxn.com/d/companies/therapynotescom/___t3uvMRUDZBiOhz2tZzNI_BJi03ADp4egdYKEFLEjy4/founders-and-board-of-directors,no funding rounds (bootstrapped),https://www.crunchbase.com/organization/therapy-notes,unverified,unverified,unverified (not searched),"Insurance-billing strength (claims, ERA). Headcount bonus given on bootstrapped evidence only; headcount exceeds 50.",search-verified (URL-cited)
137,Home health & non-medical home care agencies,AlayaCare,alayacare.com,https://www.alorahealth.com/top-8-best-home-care-software-in-2026/,unverified,unverified,unverified,unverified,mid-market: third parties cite $200-500/month base + $10-25 per caregiver,unverified,unverified,unverified,unverified,unverified,unverified,unverified,unverified,End-to-end platform for mid/large agencies,search-verified (URL-cited)
137,Home health & non-medical home care agencies,Alora Health,alorahealth.com,https://www.alorahealth.com/blog-what-is-the-best-non-medical-home-care-software/,unverified,unverified,unverified,unverified,unverified,unverified,unverified,unverified,unverified,unverified,unverified,unverified,unverified,Home health + non-medical; publishes own rankings,search-verified (URL-cited)
137,Home health & non-medical home care agencies,AxisCare,axiscare.com,https://axiscare.com/,unverified,unverified,https://www.itqlick.com/compare/axiscare-software/caretime,"$79/month (1 user); $495/month (10 users); $2,295/month (100 users) per third-party listing",per user tiers,unverified,101-250 (Crunchbase),https://www.crunchbase.com/organization/axiscare,"1 round, Frontier Growth",https://www.crunchbase.com/organization/axiscare,unverified,unverified,unverified,"Founder Todd Allen; Waco TX; scheduling, EVV, billing for non-medical agencies",search-verified (URL-cited)
137,Home health & non-medical home care agencies,BridgeCare OS,bridgecareos.com,https://bridgecareos.com/,unverified,unverified,https://bridgecareos.com/pricing/,$249-$499/month flat + $12-$14 per caregiver; no setup fees; 14-day trial,flat base plus per caregiver,unverified,unverified,unverified,unverified,unverified,unverified,unverified,unverified,"Founder Kevin Champlin; scheduling, EVV, billing, family portal; funding/headcount not surfaced",search-verified (URL-cited)
137,Home health & non-medical home care agencies,CareSmartz360,caresmartz360.com,https://www.caresmartz360.com/features/home-care-scheduling-software/,unverified,unverified,https://www.selecthub.com/p/home-care-software/caresmartz360/,quote-based; ~$10 per client/month cited by SelectHub,per client tiers (4 tiers),unverified,unverified,unverified,unverified,unverified,unverified,unverified,unverified,AI-powered agency management; 'best for small to growing agencies' (goaudits),search-verified (URL-cited)
137,Home health & non-medical home care agencies,CareTime,caretime domain not confirmed by a result,https://www.itqlick.com/compare/axiscare-software/caretime,unverified,unverified,https://www.itqlick.com/compare/axiscare-software/caretime,"$49/month (1 user); $399/month (10 users); $1,999/month (100 users) per third-party listing",per user tiers,unverified,unverified,unverified,unverified,unverified,unverified,unverified,unverified,Budget home care scheduling/EVV,search-verified (URL-cited)
137,Home health & non-medical home care agencies,HHAeXchange,hhaexchange.com,https://www.hhaexchange.com/blog/everything-homecare-agencies-need-to-know-about-evv,unverified,unverified,unverified,unverified,state-contracted EVV aggregator (free/mandated to providers in ~10 states),unverified,unverified,unverified,unverified,unverified,unverified,unverified,unverified,"Gatekeeper: statewide EVV vendor in NY, IL, NC, GA, IN, KS, AR, MI, TN, TX per https://www.aveecare.com/resources/evv-vendors-by-state",search-verified (URL-cited)
137,Home health & non-medical home care agencies,ShiftCare,shiftcare.com,https://shiftcare.com/us/compare/caresmartz360,unverified,unverified,https://shiftcare.com/pricing,$8/user/month annual; $9/user/month monthly,per user per month,unverified,unverified,unverified,unverified,unverified,unverified,unverified,unverified,"Only tool in set with fully transparent public per-user pricing (Homebase article); Australian-origin, non-medical focus",search-verified (URL-cited)
138,Adult day care centers,Ankota,ankota.com,https://www.ankota.com/adult-day-care-software,unverified,unverified,unverified,unverified,unverified,unverified,unverified,unverified,unverified,unverified,unverified,unverified,unverified (host blocked),Home care platform with adult day module.,search-verified (URL-cited)
138,Adult day care centers,Carecenta,carecenta.com,https://www.carecenta.com/,unverified,unverified,unverified,unverified,unverified,unverified,unverified,unverified,unverified,unverified,unverified,unverified,unverified (host blocked),"Home care + adult day: EVV, billing, payroll.",search-verified (URL-cited)
138,Adult day care centers,ElderSuite,eldersuite.com,https://www.eldersuite.com/,unverified,unverified,https://www.eldersuite.com/what-is-the-price-for-eldersuite-adult-day-care-software,"$299/mo, all features, unlimited users, no long-term contract",self-serve public price,"since 1995 (MicroSolutions, UT Austin founder)",unverified,unverified,unverified,unverified,unverified,unverified,unverified (host blocked),"3,600+ users in 26 states (https://www.eldersuite.com/about-eldersuite-adult-day-care-software).",search-verified (URL-cited)
138,Adult day care centers,MyAdultDayCare,myadultdaycare.com,https://myadultdaycare.com/,unverified,unverified,https://www.capterra.com/p/198759/MyAdultdaycare/,unverified,contact-sales (pricing not published),unverified,unverified,unverified,unverified,unverified,unverified,unverified,unverified (host blocked),EVV + mTransport driver app.,search-verified (URL-cited)
138,Adult day care centers,One Care Portal,onecareportal.com,https://onecareportal.com/adult-day-care-software,unverified,unverified,https://onecareportal.com/pricing,from $149/mo; per-active-participant modules; billing per claim,self-serve public price,unverified,unverified,unverified,unverified,unverified,unverified,unverified,unverified (host blocked),Kentucky-based ADHC/Medicaid waiver platform.,search-verified (URL-cited)
138,Adult day care centers,StoriiCare,storiicare.com,https://www.storiicare.com/who-we-serve/adult-day-care-software,unverified,unverified,https://www.g2.com/products/storiicare/pricing,"$650 (one edition, G2)",third-party listed price; vendor pricing page https://www.storiicare.com/pricing,"2014 (San Mateo, CA)",41,https://pitchbook.com/profiles/company/180082-63,"5 funding rounds, last Jul 1 2019",https://pitchbook.com/profiles/company/180082-63,unverified,unverified,unverified (host blocked),,search-verified (URL-cited)
138,Adult day care centers,WellSky Adult Day,wellsky.com,https://wellsky.com/adult-day-software/,unverified,unverified,unverified,unverified,contact-sales,unverified,unverified,unverified,unverified,unverified,unverified,unverified,unverified (host blocked),Enterprise post-acute vendor.,search-verified (URL-cited)
138,Adult day care centers,myEZcare,myezcare.com,https://www.myezcare.com/adult-day-care-software-healthcare-agencies/,unverified,unverified,unverified,unverified,unverified,unverified,unverified,unverified,unverified,unverified,unverified,unverified,unverified (host blocked),,search-verified (URL-cited)
139,Small assisted living & group homes,AFH Manager,afhapp.com,https://afhapp.com/,unverified,unverified,https://afhapp.com/,"$49/mo (eMAR, care plans, staff scheduling, compliance); 14-day free trial, no card",self-serve public price / free trial,unverified,unverified,unverified,unverified,unverified,unverified,unverified,not searched (host blocked),Adult family home (WA-style 6-bed homes) tool; founded/headcount unverified.,search-verified (URL-cited)
139,Small assisted living & group homes,AL CloudCare (Sushoo LLC),al-cloudcare.com,https://al-cloudcare.com/Group-Homes-EMAR-EHR.html,unverified,unverified,https://al-cloudcare.com/SushooACCPricing.html,$3.99 per bed per month; minimum $50/EIN/mo (EMAR only) or $120/EIN/mo (Premium/Elite),self-serve public price,2009 (Sushoo LLC),unverified,https://www.pioneerrx.com/connected-vendors/sushoo,unverified,unverified,unverified,unverified,not searched (host blocked),"Targets group homes, IDD, middle-market AL; pharmacy interface; headcount unverified.",search-verified (URL-cited)
139,Small assisted living & group homes,ALIS (Medtelligent),medtelligent.com,https://www.medtelligent.com/our-team/,unverified,https://www.linkedin.com/company/alis-for-al,https://softwarefinder.com/emr-software/alis,$8-$15 per resident per month (third-party),self-serve public price (third-party figure),2005 (Chicago; AL focus since 2008),51-200,https://leadiq.com/c/alis-by-medtelligent/5a1d92825400005a00774605,unverified,unverified,unverified,unverified,not searched (host blocked),"Small-to-multi-site AL platform; resident management, billing, scheduling, med tracking.",search-verified (URL-cited)
139,Small assisted living & group homes,ECP (Extended Care Professional),ecp123.com,https://www.ecp123.com/group-homes,unverified,https://www.linkedin.com/company/extended-care-professional,https://www.selecthub.com/p/senior-living-software/ecp-emar/,'$100-$500' range (third-party); pay by current occupancy,contact-sales,2004 (East Troy WI),70 (one source) / 115 (another),https://www.cbinsights.com/company/extended-care-professional,"raised $10M; growth investment from Level Equity (PE) plus Cerralvo, Pacific Lake, BK Growth, Saltoun",https://biztimes.com/east-troy-based-ecp-announces-significant-growth-investment-from-private-equity-firm/,unverified,unverified,not searched (host blocked),"eMAR/EHR/CRM/billing for AL, memory care, IDD/group homes; 8,500+ communities.",search-verified (URL-cited)
139,Small assisted living & group homes,Eldermark,eldermark.com,https://www.eldermark.com/,unverified,https://www.linkedin.com/company/eldermark,https://softwarefinder.com/emr-software/eldermark,'$100-$500' range (third-party),contact-sales,1991 (Minnetonka MN),51-200,https://leadiq.com/c/eldermark/5a1da5b52300005b00989fe4,unverified,unverified,unverified,unverified,not searched (host blocked),"EHR, eMAR, billing, CRM for senior living; listed on Florida Assisted Living Association vendor guide.",search-verified (URL-cited)
139,Small assisted living & group homes,Synkwise,synkwise.com,https://synkwise.com/state-software/washington-afh/,unverified,unverified,unverified,unverified,unverified,unverified,unverified,unverified,unverified,unverified,unverified,unverified,not searched (host blocked),State-specific adult family home software page (Washington); pricing/headcount not captured.,search-verified (URL-cited)
139,Small assisted living & group homes,eResidentCare (Software Solutions Associates),eresidentcare.com,https://eresidentcare.com/,unverified,unverified,https://softwarefinder.com/emr-software/eresidentcare,"from $99/mo (another source $89/mo); ~$500-$1,000/mo for 50 residents",self-serve public price (third-party figure),2009 (Minneapolis MN),unverified,https://softwarefinder.com/emr-software/eresidentcare,unverified,unverified,unverified,unverified,not searched (host blocked),Cloud EMR/eMAR for assisted living and group homes.,search-verified (URL-cited)
140,Durable medical equipment suppliers,Bonafide (WellSky),bonafide.com,https://www.bonafide.com/dme-hme-solutions/,unverified,unverified,https://www.capterra.com/p/154848/Bonafide/,from $95 per active user for small/mid providers (third-party); enterprise custom; not published publicly,contact-sales (third-party price),unverified,unverified,unverified,part of WellSky portfolio,https://www.bonafide.com/,unverified,unverified,not searched (budget reserved for tool discovery),ERP for DME/HME; lighter alternative to Brightree per NikoHealth comparison (https://nikohealth.com/faq/how-does-bonafide-hme-compare-to-brightree-for-mid-size-suppliers/).,search-verified (URL-cited)
140,Durable medical equipment suppliers,Brightree,brightree.com,https://www.brightree.com/,unverified,unverified,https://www.itqlick.com/brightree-dme-hme/pricing,"custom; '$50 per user/mo sticker' (saasworthy) and SMB 1-10 users $500-$2,000/mo plus setup (itqlick) - third-party",contact-sales,unverified,unverified,unverified,"acquired by ResMed for $800M; serves 2,500+ organizations",https://www.prnewswire.com/news-releases/resmed-to-acquire-brightree-for-800-million-300223840.html,unverified,unverified,not searched (budget reserved for tool discovery),"Feature-complete legacy HME/DME platform (billing, intake, inventory, resupply). Sticker price from https://www.saasworthy.com/product/brightree-hme-dme/pricing.",search-verified (URL-cited)
140,Durable medical equipment suppliers,DME Works,unverified,https://nikohealth.com/dme-works-alternative/,unverified,unverified,unverified,unverified,unverified,unverified,unverified,unverified,unverified,unverified,unverified,unverified,not searched (budget reserved for tool discovery),Named only via NikoHealth's alternative page; domain not seen.,search-verified (URL-cited)
140,Durable medical equipment suppliers,NikoHealth,nikohealth.com,https://nikohealth.com/hme-dme-billing-software/,unverified,unverified,https://softwarefinder.com/emr-software/nikohealth,custom quote; flat-rate model claimed; no free trial,contact-sales,2018,"about 18 (getlatka, $2M est. ARR) vs about 53 (Jun 2026, ZoomInfo/LeadIQ) - conflicting",https://getlatka.com/companies/nikohealth.com,"unfunded / no rounds (Crunchbase, Tracxn)",https://www.crunchbase.com/organization/nikohealth,unverified,unverified,not searched (budget reserved for tool discovery),"Cloud HME/DME operating system (founder Michael Kutsak, Middletown). Publishes Brightree/DME Works alternative pages. Bonus awarded on bootstrapped status.",search-verified (URL-cited)
140,Durable medical equipment suppliers,TIMS (Computers Unlimited),cu.net,https://www.capterra.com/p/124728/TIMS-Medical/,unverified,unverified,unverified,unverified,contact-sales,unverified,unverified,unverified,unverified,unverified,unverified,unverified,not searched (budget reserved for tool discovery),20+ year HME/DME revenue-cycle system (Billings MT; cu.net/hme per result). Add-ons carry extra cost; no figures.,search-verified (URL-cited)
141,Child care centers & in-home daycares,Brightwheel,mybrightwheel.com,https://mybrightwheel.com/blog/childcare-management-software-comparison,unverified,unverified,https://mybrightwheel.com/blog/how-much-is-brightwheel-premium,Free plan + Premium (custom quote by enrollment),contact-sales,unverified,512 employees (2026),https://getlatka.com/companies/brightwheel,$88.8M raised over 5 rounds; Series C $55M 2021; valuation $735M (2025),https://www.cbinsights.com/company/brightwheel/financials,"155,000+ reviews, 4.9 stars (Aug 2026)",https://www.procaresoftware.com/blog/best-child-care-management-software-for-2026-the-complete-buyers-guide/,unverified (host blocked),Valuation per https://fueler.io/blog/brightwheel-usage-revenue-valuation-growth-statistics. Category leader for centers and home providers.,search-verified (URL-cited)
141,Child care centers & in-home daycares,CheckInKids,checkinkids.com,https://www.checkinkids.com/blog/dcyf-approved-electronic-attendance-system-washington,unverified,unverified,unverified,unverified,unverified,unverified,unverified,unverified,unverified,unverified,unverified,unverified,unverified (host blocked),Positions as DCYF-approved attendance system in WA.,search-verified (URL-cited)
141,Child care centers & in-home daycares,Kangarootime,kangarootime.com,https://www.capterra.com/p/166487/Kangarootime/,unverified,unverified,https://www.capterra.com/p/166487/Kangarootime/pricing/,not public,contact-sales,unverified,39 employees,https://tracxn.com/d/companies/kangarootime/__rq_HDOQNLEUGrdvsOlH55IOJofGVuXsHUyeyfJP7dqY,$38.2M total over 5 rounds; Series B-II $2.65M Feb 26 2025,https://www.cbinsights.com/company/kangarootime/financials,unverified,unverified,unverified (host blocked),Free trial offering per Playground vendor map (https://www.tryplayground.com/blog/child-care-tech-map).,search-verified (URL-cited)
141,Child care centers & in-home daycares,KidKare,kidkare.com,https://www.capterra.com/p/166858/Kid-Kare/,unverified,unverified,unverified,unverified,unverified,unverified,unverified,unverified,unverified,unverified,unverified,unverified,unverified (host blocked),Food-program (CACFP) + daycare management for home providers.,search-verified (URL-cited)
141,Child care centers & in-home daycares,KinderSystems (KinderTrack / state attendance systems),kindersystems.com,https://kindersystems.com/products/kindertrack/,unverified,unverified,unverified,unverified,contact-sales,unverified,unverified,unverified,unverified,unverified,unverified,unverified,unverified (host blocked),"Vendor of state-mandated subsidy attendance systems (WA DCYF, VA Child Care PASS) - the gatekeeper layer, free to providers in WA (https://dcyf.wa.gov/services/early-learning-providers/electronic-attendance-system).",search-verified (URL-cited)
141,Child care centers & in-home daycares,Lillio (formerly HiMama),lillio.com,https://www.lillio.com/users/home-daycare,unverified,unverified,https://www.lillio.com/features/pricing,quote per center; per-child pricing; ~$100-300+/mo small centers (third-party estimate),contact-sales,unverified,unverified,unverified,unverified,unverified,unverified,unverified,unverified (host blocked),Estimate from https://mykidreports.com/blog/best-childcare-software-for-preschool-childcare-compared; GetApp says pricing not provided (https://www.getapp.com/education-childcare-software/a/himama-preschool-child-care-app/).,search-verified (URL-cited)
141,Child care centers & in-home daycares,MyKidReports,mykidreports.com,https://mykidreports.com/home-based-daycare-software,unverified,unverified,https://mykidreports.com/blog/best-childcare-software-for-preschool-childcare-compared,~$20-30/mo for <30 children,self-serve public price,unverified,unverified,unverified,unverified,unverified,unverified,unverified,unverified (host blocked),Home-based daycare focus; self-published comparison of 18 tools.,search-verified (URL-cited)
141,Child care centers & in-home daycares,Playground,tryplayground.com,https://www.tryplayground.com/,unverified,unverified,https://www.getapp.com/education-childcare-software/a/playground/,not public (custom quote; free trial/demo),contact-sales,unverified,80 employees,https://tracxn.com/d/companies/playground/__dsHWO-cWdI3xPecOOR6jYqah1X1gvMKlusHToX6LN88,"$3.35M raised (Altos, DCM, Bedrock, Browder, Human Capital)",https://www.cbinsights.com/compare/playground-9-vs-tootris,unverified,unverified,unverified (host blocked),"Billing, attendance, enrollment, payroll (https://www.tryplayground.com/solutions/payroll). Crunchbase https://www.crunchbase.com/organization/playground-a06a. Older source listed 10 employees (Jul 2024).",search-verified (URL-cited)
141,Child care centers & in-home daycares,Procare Solutions,procaresoftware.com,https://www.procaresoftware.com/capabilities/child-care-management-software/,unverified,unverified,https://www.procaresoftware.com/blog/how-much-does-procare-cost/,"from ~$25/mo (in-home/very small); ~$85/mo licensed center with parent app; flat subscription, no per-child fee",contact-sales,unverified,unverified,unverified,unverified,unverified,unverified,unverified,unverified (host blocked),Request-pricing page https://www.procaresoftware.com/request-pricing/. Capterra https://www.capterra.com/p/23486/Procare-Child-Care-Management/.,search-verified (URL-cited)
141,Child care centers & in-home daycares,Sandbox Software,unverified,https://zipdo.co/best/home-day-care-software/,unverified,unverified,unverified,unverified,unverified,unverified,unverified,unverified,unverified,unverified,unverified,unverified,unverified (host blocked),"Automated billing, sign-in/out for home providers per roundup.",search-verified (URL-cited)
142,Dance studios,Akada,akadasoftware.com,https://akadasoftware.com/pricing/,unverified,https://www.linkedin.com/company/akada-software-inc.,https://akadasoftware.com/pricing/,"free up to 100 students; $45/mo to 250; $60/500; $75/1,000; $105/2,000; $120/3,000",self-serve public price,1994,7 employees (Jul 2026),https://tracxn.com/d/companies/akadasoftware/__Yh4BTPACq7xqUAjbqAT_UMPWqbynu88X7pmski1fuRc,family-owned (second generation),https://www.akadasoftware.com/about/,unverified,unverified,unverified (host blocked),Dance-only back office for 25+ years.,search-verified (URL-cited)
142,Dance studios,Class Manager,classmanager.com,https://classmanager.com/dance-studio-software,unverified,unverified,https://classmanager.com/,free; percentage fee on online payments only,self-serve public price (free + transaction fee),unverified,unverified,unverified,unverified,unverified,unverified,unverified,unverified (host blocked),Founders Matt and Kamlesh (ex Stage Stubs ticketing). Employee count not in results.,search-verified (URL-cited)
142,Dance studios,Dance Studio Manager,dancestudiomanager.com,https://www.dancestudiomanager.com/,unverified,unverified,unverified,unverified,unverified,unverified,unverified,unverified,unverified,unverified,unverified,unverified,unverified (host blocked),Vertical; only feature pages and comparison posts surfaced.,search-verified (URL-cited)
142,Dance studios,DanceStudio-Pro (Studio Pro),dancestudio-pro.com,https://gostudiopro.com/dance,unverified,unverified,https://info.dancestudio-pro.com/pricing,from $30/mo; Elite $150/mo; unlimited students and classes,self-serve public price,2006,unverified,unverified,unverified,unverified,unverified,unverified,unverified (host blocked),Flat-rate pricing positioning vs Jackrabbit's student-count tiers (https://www.dancestudiomanager.com/dancestudio-pro-vs-jackrabbit-dance/). Capterra: https://www.capterra.com/p/131996/DanceStudio-Pro/.,search-verified (URL-cited)
142,Dance studios,Jackrabbit Dance,jackrabbitdance.com,https://www.jackrabbitdance.com/,unverified,unverified,https://www.classcardapp.com/blog/best-dance-studio-software-7-tools-compared-for-2026,$49/mo up to 50 students; Plus $93/mo + $169 setup; Enterprise $245/mo (third-party),self-serve public price (third-party listing),2004,"128 employees (alt 121, 112)",https://www.crunchbase.com/organization/jackrabbit-technologies,$350K over 1 round; $13.5M revenue per Latka,https://getlatka.com/companies/Jackrabbit_Technologies,unverified,unverified,unverified (host blocked),"Huntersville NC; 7,000+ businesses; also gymnastics/swim (Jackrabbit Class).",search-verified (URL-cited)
142,Dance studios,Sawyer,unverified,https://www.classcardapp.com/blog/best-dance-studio-software-7-tools-compared-for-2026,unverified,unverified,https://www.classcardapp.com/blog/best-dance-studio-software-7-tools-compared-for-2026,from $109/mo (third-party),self-serve public price (third-party listing),unverified,unverified,unverified,unverified,unverified,unverified,unverified,unverified (host blocked),Discovery/marketplace-oriented children's activities platform; domain not shown.,search-verified (URL-cited)
142,Dance studios,The Studio Director,thestudiodirector.com,https://www.thestudiodirector.com/pricing/,unverified,unverified,https://www.thestudiodirector.com/pricing/,from $39/mo flat for 0-100 students; free training and trial,self-serve public price,unverified,unverified,unverified,unverified,unverified,unverified,unverified,unverified (host blocked),Dance/gymnastics/cheer studios; founded/headcount not in results.,search-verified (URL-cited)
142,Dance studios,iClassPro,iclasspro.com,https://www.iclasspro.com/dance-software-features,unverified,unverified,https://www.iclasspro.com/iclasspro-pricing,from $129/mo,self-serve public price,unverified,unverified,unverified,unverified,unverified,unverified,unverified,unverified (host blocked),"Multi-discipline class management (gymnastics, swim, dance).",search-verified (URL-cited)
143,Martial arts schools,Gymdesk,gymdesk.com,https://gymdesk.com/blog/best-martial-arts-management-software,unverified,unverified,unverified,$75/mo Micro Gym; $100/$150/$200 tiers per https://www.wodify.com/blog/gymdesk-pricing,self-serve public price,2016 (as 'Martial Arts on Rails'; founder Eran Galperin),unverified,unverified,"bootstrapped to $3M ARR, then Five Elms Capital partnership 2024",https://gymdesk.com/originals/gymdesk-founder-story-eran-galperin,unverified,unverified,unverified (host blocked),"Bootstrapped until 2024 growth-equity deal; headcount not shown, so bonus withheld.",search-verified (URL-cited)
143,Martial arts schools,Kicksite,kicksite.com,https://kicksite.com/,https://www.facebook.com/kicksite/,unverified,unverified,$49/mo (0-25 students); $99 (26-50); $149 (51-100) per https://www.wodify.com/blog/pricing-guide-martial-arts-software,self-serve public price,"2007 (Overland Park, KS; born out of Taekwondo)",42 (Jun 30 2026),https://tracxn.com/d/companies/kicksite/__U4o3NqAPU8ZYut-X_QmgMTCQVmnFeqOouAaSRXHDM9Q,unfunded,https://tracxn.com/d/companies/kicksite/__U4o3NqAPU8ZYut-X_QmgMTCQVmnFeqOouAaSRXHDM9Q,unverified,unverified,unverified (host blocked),"Martial-arts-only member management (billing, belt promotions, attendance).",search-verified (URL-cited)
143,Martial arts schools,PushPress,pushpress.com,https://www.pushpress.com/blog/best-martial-arts-management-software,unverified,unverified,unverified,unverified,unverified,unverified,unverified,unverified,unverified,unverified,unverified,unverified,unverified (host blocked),Gym platform claiming martial-arts-native features; pricing not in results.,search-verified (URL-cited)
143,Martial arts schools,Spark Membership,sparkmembership.com,https://sparkmembership.com/martial-arts-software/,unverified,unverified,unverified,$249/mo flat ($199/mo promotional lifetime rate) per https://www.dojostack.io/vs/spark-membership-vs-zen-planner,self-serve public price,unverified,unverified,unverified,Crunchbase profile exists https://www.crunchbase.com/organization/spark-membership,unverified,unverified,unverified,unverified (host blocked),"Pompano Beach, FL; co-built with Grand Master Cheong Park (8 schools) https://sparkmembership.com/about/ ; headcount not shown.",search-verified (URL-cited)
143,Martial arts schools,Zen Planner (Daxko),zenplanner.com,https://zenplanner.com/pricing/,unverified,unverified,https://zenplanner.com/pricing/,"$99/mo Studio tier (add-ons: website $99, Engage $249, app $39) per https://1club.ai/blog/best-martial-arts-management-software-2026",self-serve public price,"2006 (Highlands Ranch, CO; Ben Pate)",88 at acquisition (2017),https://www.prnewswire.com/news-releases/daxko-acquires-zen-planner-to-become-preeminent-software-provider-in-member-based-health--wellness-industry-300426349.html,acquired by Daxko 20 Mar 2017,https://www.prnewswire.com/news-releases/daxko-acquires-zen-planner-to-become-preeminent-software-provider-in-member-based-health--wellness-industry-300426349.html,unverified,unverified,unverified (host blocked),"Broad gym/studio platform with belt tracking; 5,500+ gyms/studios at acquisition.",search-verified (URL-cited)
144,Swim schools,Activity Messenger,activitymessenger.com,https://activitymessenger.com/blog/7-best-swim-school-software-in-depth-comparison/,unverified,unverified,unverified,unverified,unverified,unverified,unverified,unverified,unverified,unverified,unverified,unverified,unverified (not searched),Registration + SMS/email + waivers; vendor comparison.,search-verified (URL-cited)
144,Swim schools,Amilia,amilia.com,https://www.amilia.com/industry/swim-school-software,unverified,unverified,unverified,unverified,unverified,unverified,unverified,unverified,unverified,unverified,unverified,unverified,unverified (not searched),Registration platform with swim school landing page.,search-verified (URL-cited)
144,Swim schools,Jackrabbit Swim (Jackrabbit Technologies),jackrabbittech.com,unverified,unverified,https://www.linkedin.com/company/jackrabbit-technologies-inc,https://www.getapp.com/recreation-wellness-software/a/jackrabbit-swim/compare/iclasspro/,"from $49/mo, scales with enrollment (third-party; attribution among schedulingkit/guideflow/activitymessenger roundups)",self-serve public price (third-party),"2004 (Huntersville NC; Mike Carper, Mark Mahoney)",128,https://www.crunchbase.com/organization/jackrabbit-technologies,$350K over 1 round (one source) / no funding (another),https://www.crunchbase.com/organization/jackrabbit-technologies,unverified,unverified,unverified (not searched),"7,000+ programs claim; 15,000+ schools across product line. PitchBook: https://pitchbook.com/profiles/company/222186-43",search-verified (URL-cited)
144,Swim schools,Jumbula,jumbula.com,https://jumbula.com/markets/swim-school-management-software/,unverified,unverified,unverified,unverified,unverified,unverified,unverified,unverified,unverified,unverified,unverified,unverified,unverified (not searched),Class scheduling with swim landing page.,search-verified (URL-cited)
144,Swim schools,Sportimea,sportimea.com,https://www.sportimea.com/solutions/swim,unverified,unverified,https://www.sportimea.com/pricing,"from $49/mo (GetApp) / from $39/mo (other listing); free trial, no card",self-serve public price (third-party figures conflict),unverified,unverified,unverified,unverified,unverified,unverified,unverified,unverified (not searched),Swim-school-specific booking and class management. Capterra: https://www.capterra.com/p/10014811/Sportimea/,search-verified (URL-cited)
144,Swim schools,Swum,swum.ai,https://swum.ai/best-swim-school-software-for-small-schools/,unverified,unverified,unverified,unverified,unverified,unverified,unverified,unverified,unverified,unverified,unverified,unverified,unverified (not searched),"Small-swim-school tool; vendor blog. Others named: Pembee, ClassForKids, Uplifter, MarketBox, WellnessLiving.",search-verified (URL-cited)
144,Swim schools,Vagaro (swim),vagaro.com,https://www.vagaro.com/pro/swim-school-software,unverified,unverified,unverified,unverified,unverified,unverified,unverified,unverified,unverified,unverified,unverified,unverified,unverified (not searched),Horizontal scheduling with swim landing page.,search-verified (URL-cited)
144,Swim schools,iClassPro,iclasspro.com,https://www.iclasspro.com/swim-software-features,unverified,unverified,https://www.iclasspro.com/iclasspro-pricing,$129/mo per location (Signature); $199 (Elite); $299 (Premium),self-serve public price,2008,96 (2024) / 110 (Jun 2026),https://getlatka.com/companies/iClassPro,bootstrapped ($0 raised),https://www.crunchbase.com/organization/iclasspro,unverified,unverified,unverified (not searched),"Class-based youth businesses (swim, gymnastics, martial arts); $5.7M revenue 2024 (GetLatka). Bonus on bootstrapped evidence; headcount >50.",search-verified (URL-cited)
145,Music schools & private music teachers,Bizzly,bizzly.net,https://www.bizzly.net/guides/best-music-school-software,unverified,unverified,unverified,unverified,unverified,unverified,unverified,unverified,unverified,unverified,unverified,unverified,unverified (host blocked),,search-verified (URL-cited)
145,Music schools & private music teachers,Duet (Music Teacher's Helper),duetpartner.com,https://www.duetpartner.com/,unverified,unverified,https://www.duetpartner.com/pricing,$9/mo + 1% on digital payments; 30-day trial; Online Studio add-on $8/mo,self-serve public price,unverified,unverified,unverified,unverified,unverified,unverified,unverified,unverified (host blocked),Rebrand of Music Teacher's Helper (https://musicteachershelper.com/pricing).,search-verified (URL-cited)
145,Music schools & private music teachers,Fons,unverified,https://www.capterra.com/p/171305/Fons/,unverified,unverified,https://www.capterra.com/p/171305/Fons/,$19.95/mo single instructor,self-serve public price (third-party cited),launched Feb 2 2017 (Eric Branner & Jared Wray),unverified,unverified,acquired by MakeMusic 2023,https://tutorbase.com/compare/fons-vs-mymusicstaff,unverified,unverified,unverified (host blocked),"Launch PR https://www.prnewswire.com/news-releases/music-and-tech-veterans-launch-fons-so-instructors-can-focus-on-teaching-instead-of-running-a-business-300401057.html ; 10,000+ users. Domain not shown in results.",search-verified (URL-cited)
145,Music schools & private music teachers,Jackrabbit Music,jackrabbitclass.com,https://www.jackrabbitclass.com/music/,unverified,unverified,unverified,unverified,unverified,unverified,unverified,unverified,unverified,unverified,unverified,unverified,unverified (host blocked),Jackrabbit class-management with music landing page.,search-verified (URL-cited)
145,Music schools & private music teachers,Jumbula,jumbula.com,https://jumbula.com/markets/music-school-software/,unverified,unverified,unverified,unverified,unverified,unverified,unverified,unverified,unverified,unverified,unverified,unverified,unverified (host blocked),Horizontal class registration with music-school landing.,search-verified (URL-cited)
145,Music schools & private music teachers,My Music Staff (Port 443 Inc.),mymusicstaff.com,https://www.mymusicstaff.com/,unverified,https://ca.linkedin.com/company/port443,https://www.musicaltrio.com/compare/best-software-solo-music-teachers,$16.95/mo + $4.95 per additional teacher (third-party),self-serve public price (third-party cited),"Port 443 founded 2004 (Burlington, ON; President Dan Santoni)",unverified,https://www.zoominfo.com/c/port-443-inc/466757043,unverified,unverified,unverified,unverified,unverified (host blocked),Company site https://www.port443.io/ ; Capterra https://www.capterra.ca/software/148451/my-music-staff.,search-verified (URL-cited)
145,Music schools & private music teachers,Noto,withnoto.com,https://www.withnoto.com/blog/best-music-lesson-scheduling-software,unverified,unverified,unverified,unverified,unverified,unverified,unverified,unverified,unverified,unverified,unverified,unverified,unverified (host blocked),"Automated billing: monthly plans, packages, pay-as-you-go.",search-verified (URL-cited)
145,Music schools & private music teachers,Nova Music,trynovamusic.com,https://trynovamusic.com/blog/how-to-choose-the-best-music-studio-management-software-in-2026,unverified,unverified,unverified,unverified,unverified,unverified,unverified,unverified,unverified,unverified,unverified,unverified,unverified (host blocked),,search-verified (URL-cited)
145,Music schools & private music teachers,Opus1.io,opus1.io,https://opus1.io/,unverified,unverified,https://opus1.io/pricing/,$98/mo Starter; Growth $199; Ultimate $325,self-serve public price,2018,22 (GetLatka 2025); 46 (Tracxn Jun 2026),https://getlatka.com/companies/opus1.io,Five Elms Capital Series B Mar 26 2026 (amount undisclosed),https://tracxn.com/d/companies/opus1io/__3pTChxAvqc6EzmAQY02EPBEJF30eFtytsNnAE7Bzbh8,unverified,unverified,unverified (host blocked),Capterra https://www.capterra.com/p/10014058/Opus1/pricing/ ; Crunchbase https://www.crunchbase.com/organization/opus1-io.,search-verified (URL-cited)
145,Music schools & private music teachers,Teach 'n Go,teachngo.com,https://www.teachngo.com/solutions/music-school-software,unverified,unverified,unverified,unverified,unverified,unverified,unverified,unverified,unverified,unverified,unverified,unverified,unverified (host blocked),,search-verified (URL-cited)
145,Music schools & private music teachers,Teachworks,teachworks.com,https://www.teachworks.com/music-school-management-software,unverified,unverified,https://www.teachworks.com/pricing,$16.49/mo + 32¢ per lesson (Starter); Growth $47.99; Premium $187.99; 3-week trial,self-serve public price,unverified,unverified,unverified,unverified,unverified,unverified,unverified,unverified (host blocked),Price snippet attribution among result set (teachworks.com / teachngo / capterra 233485).,search-verified (URL-cited)
146,Driving schools,BookingTimes,bookingtimes.com,https://bookingtimes.com/Complete-Driving-School-Software,unverified,unverified,https://www.softwaresuggest.com/bookingtimes,from $61/mo (Software Suggest); ~$39.95/mo entry and $99/mo usage-based also cited; charged per platform + per calendar,self-serve public price (third-party figures),unverified,unverified,unverified,unverified,unverified,unverified,unverified,not searched (host blocked),Australia-based; serves overseas clients.,search-verified (URL-cited)
146,Driving schools,Drive Scout,drivescout.com,https://drivescout.com/,unverified,unverified,https://drivescout.com/pricing/,"$50/user/mo, 5-user minimum ($250/mo); 10% off semi-annual, 20% off annual ($2,400/yr)",self-serve public price,unverified,unverified,unverified,unverified,https://www.crunchbase.com/organization/drive-scout,unverified,unverified,not searched (host blocked),"Payments, scheduling, DMV records; 'strongest overall pick' per https://gitnux.org/best/driving-school-management-software/. Founded/headcount not in results.",search-verified (URL-cited)
146,Driving schools,Drivers Ed Solutions,driversedsolutions.com,https://www.driversedsolutions.com/pricing.phtml,unverified,unverified,https://www.driversedsolutions.com/pricing.phtml,"$6.25 per student; packages $600 (Registration Link; $150 for 4 months), $750 Standard, $1,200 Preferred",self-serve public price,unverified,unverified,unverified,unverified,unverified,unverified,unverified,not searched (host blocked),Per-student pricing model.,search-verified (URL-cited)
146,Driving schools,DrivingSchoolSoftware.com (DrivingSchool.Software),drivingschoolsoftware.com,https://www.drivingschoolsoftware.com/,unverified,https://www.linkedin.com/company/drivingschool-software,https://www.capterra.com/p/175083/Total-Driving-School-Management/,demo only; not published,contact-sales,unverified ('over 10 years'),~3 (2026),https://getlatka.com/companies/drivingschoolsoftware.com,"self-funded, no outside investment; ~$330K est. ARR",https://getlatka.com/companies/drivingschoolsoftware.com,unverified,unverified,not searched (host blocked),Claims 'largest software provider for driving schools in US and Canada'.,search-verified (URL-cited)
146,Driving schools,GoDribe,unverified,https://www.capterra.ca/software/1025251/godribe,unverified,unverified,https://www.softwareadvice.com/driving-school/,"Basic $49/mo, Professional $99/mo, Enterprise $199/mo (roundup)",self-serve public price (third-party figure),unverified,unverified,unverified,unverified,unverified,unverified,unverified,not searched (host blocked),Domain and company details not in results.,search-verified (URL-cited)
146,Driving schools,MyDriveSchool,mydriveschool.software,https://mydriveschool.software/driving-school-software-features/,unverified,unverified,unverified,unverified,unverified,unverified,unverified,unverified,unverified,unverified,unverified,unverified,not searched (host blocked),"Drag-and-drop calendar for instructors and vehicles, online booking, SMS reminders; pricing not captured.",search-verified (URL-cited)
146,Driving schools,Software for Driving School,unverified,https://www.guideflow.com/blog/driving-school-software,unverified,unverified,https://www.softwareadvice.com/driving-school/,"Solo $49/mo (1 user, 1 location); Team $79/mo (10 users); Growth $399/mo",self-serve public price (roundup figure),unverified,unverified,unverified,unverified,unverified,unverified,unverified,not searched (host blocked),Named only in a roundup; domain unverified.,search-verified (URL-cited)
146,Driving schools,Teachworks (driving school page),teachworks.com,https://www.teachworks.com/driving-school-management-software,unverified,unverified,https://www.teachworks.com/pricing,Starter $16.49/mo + 32.0c per student lesson; Growth $47.99/mo + 18.9c; Premium $187.99/mo + 6.5c; 3-week free trial,self-serve public price / free trial,unverified,unverified,unverified,unverified,unverified,unverified,unverified,not searched (host blocked),Horizontal tutoring/education scheduler with dedicated driving-school page.,search-verified (URL-cited)
147,CDL truck driving schools,BoltCDL,boltcdl.com,https://boltcdl.com/,unverified,unverified,https://www.capterra.com/p/255250/BOLT/pricing/,"from $15/month, usage-based; free trial",usage-based monthly,unverified,unverified,unverified,unverified,unverified,unverified,unverified,unverified,"Student lifecycle, scheduling, billing, audit exports; also sells online ELDT theory",search-verified (URL-cited)
147,CDL truck driving schools,CDL PowerSuite,cdlpowersuite.com,https://www.cdlpowersuite.com/schools,unverified,unverified,https://www.cdlpowersuite.com/pricing,$299/month incl. 20 student seats (plans $100-$300/month),monthly by student seats,unverified,unverified,unverified,unverified,unverified,unverified,unverified,unverified,Spokane WA; direct FMCSA TPR bulk ELDT submission; train-now-pay-later financing,search-verified (URL-cited)
147,CDL truck driving schools,CDL Tracks,cdltracks.com,https://www.cdltracks.com/,unverified,unverified,unverified,unverified,unverified,unverified,unverified,unverified,unverified,unverified,unverified,unverified,unverified,ELDT-compliant student driver management; multi-location; pricing not public,search-verified (URL-cited)
147,CDL truck driving schools,Lumion,lumion.ai,https://www.lumion.ai/cdl,unverified,unverified,unverified,unverified,quote,2020,37 (PitchBook); ~39 (Jun 2026),https://pitchbook.com/profiles/company/495414-82,$10.7M seed led by TTV Capital,https://www.prnewswire.com/news-releases/lumion-closes-10-7m-to-power-the-ultimate-operating-system-for-trade-schools-tackling-the-skilled-labor-gap-302481551.html,unverified,unverified,unverified,"Formerly Mia Share; Sandy UT; ELDT reporting, range/BTW scheduling, in-house payments, placement",search-verified (URL-cited)
147,CDL truck driving schools,Truck School Software,truckschoolsoftware.com,https://www.truckschoolsoftware.com/,unverified,unverified,https://www.capterra.com/p/237587/Truck-School/,$29/user/month; free trial and free version,per user per month,unverified,unverified,unverified,unverified,unverified,unverified,unverified,unverified,"US/Canada ELDT & MELT; scheduling, online booking, billing, SMS reminders",search-verified (URL-cited)
148,Cosmetology & barber schools,Beauty School Boss,beautyschoolboss.com,https://www.beautyschoolboss.com/,https://www.facebook.com/p/Beauty-School-Boss-100090476344858/,unverified,https://www.beautyschoolboss.com/shopping,base tiers not shown in results; Identimetrics finger-scan add-on $20 per student/yr plus $179 per scanner,self-serve public price (partial),unverified,unverified,unverified,unverified,unverified,unverified,unverified,not searched (budget reserved for tool discovery),Designed by a cosmetology teacher; iOS/Android apps. Facebook https://www.facebook.com/p/Beauty-School-Boss-100090476344858/.,search-verified (URL-cited)
148,Cosmetology & barber schools,Discovery Pro (America's Software),americassoftware.com,https://www.americassoftware.com/discovery-pro,unverified,unverified,unverified,unverified,unverified,unverified,unverified,unverified,unverified,unverified,unverified,unverified,not searched (budget reserved for tool discovery),Beauty school software page; no details in results.,search-verified (URL-cited)
148,Cosmetology & barber schools,EnvisionNow,envisionnow.com,https://envisionnow.com/specialty/beauty-school-software/,unverified,unverified,https://envisionnow.com/pricing/,Standard $99/mo; Amplify $299/mo; Ultimate (unlimited users) $449/mo - salon tiers; school edition has dedicated support,self-serve public price,unverified,unverified,unverified,unverified,unverified,unverified,unverified,not searched (budget reserved for tool discovery),"Salon software vendor with dedicated beauty-school edition (student progress, clinic floor bookings).",search-verified (URL-cited)
148,Cosmetology & barber schools,GuestVision,guestvision.net,https://guestvision.net/cosmetology-school-software/,unverified,https://www.linkedin.com/company/guestvision,https://guestvision.net/cosmetology-school-software/,POS for cosmetology schools 'for as little as $170/mo' (result summary; vendor pages in set),self-serve public price,unverified,unverified,unverified,unverified,unverified,unverified,unverified,not searched (budget reserved for tool discovery),Cosmetology school management + clinic-floor POS + payments; LinkedIn https://www.linkedin.com/company/guestvision.,search-verified (URL-cited)
148,Cosmetology & barber schools,Meevo (Millennium Systems),meevo.com,https://www.meevo.com/cosmetology-school-software,unverified,unverified,https://www.meevo.com/pricing,from $169/mo up to 5 users (g2) or from $139/mo (another listing); monthly or annual,self-serve public price,unverified,unverified,unverified,unverified,unverified,unverified,unverified,not searched (budget reserved for tool discovery),"Salon/spa platform with dedicated cosmetology-school landing (student time clock, hours tracking); used by Paul Mitchell school network per review in results.",search-verified (URL-cited)
148,Cosmetology & barber schools,Portico,porticoedu.com,https://porticoedu.com/beauty-and-wellness/,unverified,unverified,unverified,unverified,contact-sales,unverified,104 (Jun 30 2026),https://www.zoominfo.com/c/portico/5000064490,"PSG Equity-backed roll-up of Campus Ivy, CourseKey, Verity IQ and Trajecsys",https://porticoedu.com/about/,unverified,unverified,not searched (budget reserved for tool discovery),"Student lifecycle management for beauty/wellness, nursing, trade schools (enrollment, financial aid, accreditation). Crunchbase https://www.crunchbase.com/organization/portico-a127.",search-verified (URL-cited)
148,Cosmetology & barber schools,Prestige SIS,prestigesis.com,https://www.prestigesis.com/,unverified,unverified,https://www.prestigesis.com/pricing.html,"minimum $200/mo contract (monthly), minimum 15 active students; implementation/data migration/training $5,000-$10,000 per site",self-serve public price,unverified,unverified,unverified,unverified,unverified,unverified,unverified,not searched (budget reserved for tool discovery),School Empowerment System for accredited cosmetology/skincare/nail/massage schools incl. financial aid module (https://prestigesis.com/platform/financial-aid). Price lines from result summary with vendor pricing page in set.,search-verified (URL-cited)
148,Cosmetology & barber schools,SMART School Management,unverified,https://www.capterra.com/p/148494/SMART/,unverified,unverified,unverified,unverified,unverified,unverified,unverified,unverified,unverified,unverified,unverified,unverified,not searched (budget reserved for tool discovery),Capterra listing surfaced in Beauty School Boss query; domain not seen.,search-verified (URL-cited)
149,Flight schools,AerScheduler,aerscheduler.com,https://www.aerscheduler.com/compare/flight-circle,unverified,unverified,unverified,unverified,unverified,unverified,unverified,unverified,unverified,unverified,unverified,unverified,unverified (host blocked),Publishes Flight Circle comparison page.,search-verified (URL-cited)
149,Flight schools,Aviatize,aviatize.com,https://www.aviatize.com/for/part-141-flight-schools,unverified,unverified,https://www.aviatize.com/pricing,$29/aircraft/mo starting; unlimited users; Core/Plus/Premium/Enterprise; 30-day guided trial,self-serve public price,2015,unverified,unverified,unverified,unverified,unverified,unverified,unverified (host blocked),"Mesa, AZ with Belgian engineering roots (https://www.aviatize.com/about); supports 110+ aviation authorities; US landing https://www.aviatize.com/for/flight-schools-in-usa. Capterra https://www.capterra.com/p/10036917/Aviatize/.",search-verified (URL-cited)
149,Flight schools,Flight Circle,flightcircle.com,https://www.flightcircle.com/,unverified,unverified,https://www.flightcircle.com/blog/docs/about-flight-circle/pricing/,$10/mo per aircraft or sim; unlimited users/instructors,self-serve public price,unverified,unverified,unverified,unverified,unverified,unverified,unverified,unverified (host blocked),Cheapest published price in category (https://www.aviatize.com/per-aircraft-vs-per-user-pricing); EAA flying-club benefit (https://www.eaa.org/eaa/pilots/flying-club/benefits-and-discounts/flight-circle); 61/141 training module.,search-verified (URL-cited)
149,Flight schools,Flight Schedule Pro,flightschedulepro.com,https://www.flightschedulepro.com/faa-part-141-compliance-software,unverified,unverified,https://www.flightschedulepro.com/plans-and-pricing,$60/mo flat starting,self-serve public price,2001,11-50 employees,https://tracxn.com/d/companies/flight-schedule-pro/___o1wcd01i8dkBsqB5Y2xo1eH823RtdmEGz_YRcIXKRM,Crunchbase profile exists (rounds not in snippet),https://www.crunchbase.com/organization/flight-schedule-pro,unverified,unverified,unverified (host blocked),Longest US presence; 'many FSDOs have recognized and approved' it for Part 141.101 records. Price via https://www.getapp.com/hr-employee-management-software/a/flight-schedule-pro/. Part 141 implementation guide PDF https://go.flightschedulepro.com/hubfs/141%20Implementation%20Guide.pdf.,search-verified (URL-cited)
149,Flight schools,FlightLogger,flightlogger.net,https://www.flightlogger.net/packages,unverified,unverified,https://www.flightlogger.net/packages,custom quote by training volume,contact-sales,2011,54 employees,https://pitchbook.com/profiles/company/489477-07,PitchBook/Crunchbase profiles exist,https://www.crunchbase.com/organization/flightlogger,unverified,unverified,unverified (host blocked),"Aarhus, Denmark; 45 countries; EASA ATO strength. Comparison vs Flight Circle https://www.flightlogger.net/flightlogger-vs-flight-circle-which-platform-fits-your-flight-school.",search-verified (URL-cited)
149,Flight schools,Pilot Path Pro (Aviator Assistant),aviatorassistant.com,https://www.aviatorassistant.com/products/school-platform,unverified,unverified,unverified,unverified,unverified,unverified,unverified,unverified,unverified,unverified,unverified,unverified,unverified (host blocked),"Scheduling, automated logbooks, maintenance, Part 141 records.",search-verified (URL-cited)
149,Flight schools,Private Radar / Flylogs,unverified,https://www.aviatize.com/blog/best-flight-school-management-software-2026,unverified,unverified,unverified,unverified,unverified,unverified,unverified,unverified,unverified,unverified,unverified,unverified,unverified (host blocked),Roundup mentions only.,search-verified (URL-cited)
149,Flight schools,Sky Schedule,skyschedule.io,https://www.skyschedule.io/,unverified,unverified,unverified,unverified,unverified,unverified,unverified,unverified,unverified,unverified,unverified,unverified,unverified (host blocked),"Scheduling, billing, training records for Part 61/141.",search-verified (URL-cited)
149,Flight schools,Talon Systems (ETA),unverified,https://www.aviatize.com/blog/best-flight-school-management-software-2026,unverified,unverified,unverified,unverified,contact-sales,unverified,unverified,unverified,unverified,unverified,unverified,unverified,unverified (host blocked),"Universities and collegiate Part 141 programs: curriculum, student records, dispatch.",search-verified (URL-cited)
150,Tutoring centers,Dewey,unverified,https://www.g2.com/sellers/dewey-learning-inc,unverified,unverified,unverified,unverified,unverified,unverified,unverified,unverified,unverified,unverified,unverified,unverified,unverified (host blocked),Tutor management for private tutors and centers; only G2 seller page surfaced.,search-verified (URL-cited)
150,Tutoring centers,Oases Online,unverified,https://tutorbase.com/compare/oases-vs-tutorcruncher,unverified,unverified,https://tutorbase.com/compare/oases-vs-tutorcruncher,"$99-$699/mo plus $299 onboarding (alt from $16.95/mo); extra charges for SMS, templates, payments",self-serve public price (third-party listing),unverified,unverified,unverified,unverified,unverified,unverified,unverified,unverified (host blocked),Marketplace storefront + management; domain not shown.,search-verified (URL-cited)
150,Tutoring centers,Pike13,unverified,https://tutorbase.com/blog/best-billing-software-for-tutoring-businesses,unverified,unverified,unverified,not public; sales consultation,contact-sales,unverified,unverified,unverified,unverified,unverified,unverified,unverified,unverified (host blocked),"Class/membership platform (music schools, swim, tutoring agencies); domain not shown.",search-verified (URL-cited)
150,Tutoring centers,Teachworks,teachworks.com,https://www.teachworks.com/tutoring-management-software,unverified,https://www.linkedin.com/company/teachworks,https://www.teachngo.com/blog/best-tutoring-business-software-us,$16-$89/mo base plus per-lesson charge (third-party),self-serve public price (third-party listing),2014,10 employees (May 2026); LinkedIn 2-10,https://tracxn.com/d/companies/teachworks/__vrPpN-x2DqxGrVo3QTYruiUrE3R6tvNvkUABqWk6oes,"acquired July 2024 by Vertus Group (Jonas Software, 'buy-and-hold forever')",https://www.teachngo.com/blog/teachworks-review,unverified,unverified,unverified (host blocked),"Kitchener ON; founder Harrison Jorritsma. Parent is Constellation-affiliated, so bonus is on the unit's headcount only.",search-verified (URL-cited)
150,Tutoring centers,TutorBird (Port 443),tutorbird.com,https://www.tutorbird.com/,unverified,https://ca.linkedin.com/company/port443,https://www.capterra.com/p/181623/TutorBird/,$16.95/mo Basic (1 tutor) + $4.95/mo per additional tutor/admin; 30-day trial,self-serve public price / free trial,2014,'small but mighty team' (no count),https://www.port443.io/,unverified,unverified,unverified,unverified,unverified (host blocked),"Port 443 Inc., Burlington ON (My Music Staff, TutorBird, AthletaDesk); President Dan Santoni. No numeric headcount, so no bonus.",search-verified (URL-cited)
150,Tutoring centers,TutorCruncher,tutorcruncher.com,https://tutorcruncher.com/blog/best-tutoring-software,unverified,unverified,https://www.capterra.com/p/145838/TutorCruncher/,$30-$240/mo tiers plus 1% of revenue (pay-as-you-go) or 0.65% (Startup); enterprise custom,self-serve public price (third-party listing),unverified,unverified,unverified,unverified,unverified,unverified,unverified,unverified (host blocked),Fits agencies managing many freelance tutors (https://www.teachngo.com/blog/best-tutoring-business-software-us).,search-verified (URL-cited)
150,Tutoring centers,Tutorbase,tutorbase.com,https://tutorbase.com/,unverified,unverified,https://tutorbase.com/blog/how-much-does-tutoring-software-cost,free to use; 1% fee on invoices created; no per-user or per-lesson fees,self-serve public price (free + transaction fee),"2014 (per '70,000+ users since 2014')",unverified,unverified,unverified,unverified,unverified,unverified,unverified (host blocked),Publishes many 'best of' roundups that feature itself.,search-verified (URL-cited)
150,Tutoring centers,Wise,wise.live,https://www.wise.live/,unverified,unverified,https://www.wise.live/pricing/,two packages; amounts not shown,unverified,2020,unverified,unverified,"$5M raised (angels incl. founders of Product Hunt, Plaid, Teachable, Rippling)",https://tracxn.com/d/companies/wise/__3UqTczmh8mfcGdUWmVjECrY0QY1HlT0aLPD6xgPrM-M,unverified,unverified,unverified (host blocked),"San Francisco / Bangalore; scheduling, invoicing, attendance, live-session recording.",search-verified (URL-cited)
151,Golf courses (independent / municipal),Club Caddie (Jonas Software),clubcaddie.com,https://clubcaddie.com/,unverified,unverified,unverified,$249/mo start (third-party) per https://softwarefinder.com/retail/club-caddie,self-serve public price,2019 (Detroit; Jason Pearsall & Ian Brigmann),51 (Jul 2026),https://tracxn.com/d/companies/club-caddie/__J9tNXs-9EJh1JwH88RjqfoveY6EpWlgCQCirgQIOPA8,acquired by Jonas Software (Constellation) 2020,https://tracxn.com/d/companies/club-caddie/__J9tNXs-9EJh1JwH88RjqfoveY6EpWlgCQCirgQIOPA8,unverified,unverified,unverified (host blocked),51 employees is at the threshold; no bonus.,search-verified (URL-cited)
151,Golf courses (independent / municipal),Club Prophet,unverified,https://jjkeegan.com/barter-is-the-golf-industry-benefiting-from-barter/,unverified,unverified,unverified,unverified,unverified,unverified,unverified,unverified,unverified,unverified,unverified,unverified,unverified (host blocked),"Named among integrated alternatives '<$10,000'; domain and pricing not shown.",search-verified (URL-cited)
151,Golf courses (independent / municipal),GolfNow / EZLinks (NBC Sports),unverified,https://www.golfcoursetechnologyreviews.org/blog/trading-tee-times-for-tech-a-deep-dive-into-golfnows-barter-model-with-paul-sampliner,unverified,unverified,unverified,"barter: software/marketing in exchange for tee times (~$94,500/yr foregone at rack rate, per source)",barter (not cash),unverified,unverified,unverified,unverified,unverified,unverified,unverified,unverified (host blocked),Controls 90%+ of third-party tee-time market and a majority of public-course POS after EZLinks acquisition (same source). Acts as the niche gatekeeper; domain not shown.,search-verified (URL-cited)
151,Golf courses (independent / municipal),Lightspeed Golf (Chronogolf),lightspeedhq.com,https://www.lightspeedhq.com/golf/,unverified,unverified,https://www.lightspeedhq.com/golf/pricing/,from $325/mo; trade/hybrid (barter) option on every plan,self-serve public price,unverified,unverified,unverified,Chronogolf acquired by Lightspeed (public company),https://golfbusinessnews.com/news/corporate/lightspeed-announces-acquisition-of-chronogolf/,unverified,unverified,unverified (host blocked),"1,200+ courses; integrates GolfNow https://www.lightspeedhq.com/integrations/golfnow/",search-verified (URL-cited)
151,Golf courses (independent / municipal),Teesnap,teesnap.com,https://www.teesnap.com/,unverified,https://www.linkedin.com/company/teesnap,unverified,$60/mo/user start (third-party) per https://www.capterra.com/p/151993/Teesnap/,self-serve public price,"2013 (Las Vegas, NV)",32,https://pitchbook.com/profiles/company/364564-45,private,https://pitchbook.com/profiles/company/364564-45,unverified,unverified,unverified (host blocked),Cloud tee sheet + POS + CRM.,search-verified (URL-cited)
151,Golf courses (independent / municipal),foreUP (Clubessential),foreupgolf.com,https://www.foreupgolf.com/,unverified,unverified,https://www.getapp.com/recreation-wellness-software/a/foreup/pricing/,"$70-$130/mo modular 'starting-at' per https://www.guideflow.com/blog/golf-course-management-software ; GetApp: core software price not disclosed (marketing package $700-$2,100/mo)",contact-sales,"2011 (Pleasant Grove, UT)",unverified,unverified,acquired by VC-backed Clubessential Holdings 22 Feb 2021,https://mergr.com/transaction/clubessential-acquires-foreup-golf,unverified,unverified,unverified (host blocked),Tee sheet + POS + billing + marketing; conflicting pricing evidence recorded verbatim.,search-verified (URL-cited)
152,Bowling centers,Bowl O'Clock,bowloclock.com,https://www.bowloclock.com/en,unverified,unverified,unverified,unverified,unverified,unverified,unverified,unverified,unverified,unverified,unverified,unverified,unverified (not searched),"Smart scheduler with dynamic pricing; CRO Mathieu Morin. Others named: ActiveBooker (https://activebooker.com/industries/bowling/), Anolla (https://anolla.com/en/bowling-software).",search-verified (URL-cited)
152,Bowling centers,Brunswick Sync,brunswickbowling.com,https://brunswickbowling.com/bowling-centers/equipment-parts-supplies/center-operations/sync,unverified,unverified,unverified,unverified ('thousands per month' incl. licensing per https://www.deelo.ai/blog/best-bowling-alley-software-2026),contact-sales,unverified,unverified,unverified,Brunswick Bowling Products,unverified,unverified,unverified,unverified (not searched),Scoring + POS + reservations + marketing; sold as integrated certified package with lane hardware.,search-verified (URL-cited)
152,Bowling centers,CDE Software BLS-2026,cdesoftware.com,https://www.cdesoftware.com/products/league-software/bls-2026-autoscoring/,unverified,unverified,unverified,unverified,unverified,unverified,unverified,unverified,unverified,unverified,unverified,unverified,unverified (not searched),"League secretary software, long-time standard; alternatives LeagueToolbox, LaneTalk.",search-verified (URL-cited)
152,Bowling centers,Clubspeed,clubspeed.com,https://clubspeed.com/bowling-alley-lander/,unverified,unverified,https://clubspeed.com/pricing/,from $399 (billing period not stated in snippet; three tiers),self-serve public price (figure via https://softwarefinder.com/event-management-software/clubspeed),unverified,unverified,unverified,unverified,unverified,unverified,unverified,unverified (not searched),"FEC venue management (karting origin); 1,500+ customers in 70+ countries claim.",search-verified (URL-cited)
152,Bowling centers,QubicaAMF Conqueror X,unverified,unverified,unverified,unverified,unverified,unverified (enterprise pricing),contact-sales,unverified,unverified,unverified,QubicaAMF,unverified,unverified,unverified,unverified (not searched),Named in https://www.benroberts.ai/directory/bowling-center-management/ and https://www.deelo.ai/blog/best-bowling-alley-software-2026; tied to QubicaAMF pinsetters/scorers.,search-named (no URL captured)
152,Bowling centers,Rex Reservations,reservewithrex.com,https://www.reservewithrex.com/blog/why-rex-is-the-go-to-bowling-reservation-system-for-your-center,unverified,unverified,https://www.reservewithrex.com/pricing,unverified (subscription scales with venue size; no transaction fees; no figure in snippet),subscription; price not in snippet,unverified,unverified,unverified,unverified,unverified,unverified,unverified,unverified (not searched),"Reservations for bowling, karaoke, axe throwing. Crunchbase: https://www.crunchbase.com/organization/rex-reservations; ZoomInfo: https://www.zoominfo.com/c/rex-reservations/557223558",search-verified (URL-cited)
152,Bowling centers,Steltronic Focus / FOCUS-NEX,steltronicscoring.com,https://steltronicscoring.com/,unverified,unverified,https://steltronicscoring.com/features/,"unverified (Pay Per Frame: fixed monthly fee per lane incl. hardware, software, warranty; no figure)",subscription per lane; price not in snippet,1980 (independent scoring developer since),unverified,unverified,unverified,unverified,unverified,unverified,unverified (not searched),"POS, inventory, league/tournament management; free support and updates claim.",search-verified (URL-cited)
152,Bowling centers,XEPOS,xe-pos.com,https://xe-pos.com/bowling-alley-management-software/,unverified,unverified,unverified,unverified,unverified,unverified,unverified,unverified,unverified,unverified,unverified,unverified,unverified (not searched),POS + booking for bowling alleys.,search-verified (URL-cited)
153,Campgrounds & RV parks,Bonfire,letsbonfire.com,https://www.letsbonfire.com/,unverified,unverified,https://www.letsbonfire.com/bonfire-pricing,unverified,pricing page exists; amounts not in results,Jan 2014 (Dallas),2,https://gust.com/companies/letsbonfire,unverified,unverified,unverified,unverified,unverified (host blocked),GetApp https://www.getapp.com/hospitality-travel-software/a/bonfire1/.,search-verified (URL-cited)
153,Campgrounds & RV parks,CampLife,software.camplife.com,https://software.camplife.com/,unverified,unverified,https://software.camplife.com/pricing,$3 per reservation; subscription option for large/public parks,self-serve public price,"2006 (Tyler & Jackie Duffy; Mount Juliet, TN)",11-50,https://leadiq.com/c/camplife/5a1dcf0a2300005b00d68dec,unverified,unverified,unverified,unverified,unverified (host blocked),600+ parks. Story page https://software.camplife.com/our-story. Roundups cite $99/mo base + $3.50/reservation (https://www.guideflow.com/blog/campground-management-software).,search-verified (URL-cited)
153,Campgrounds & RV parks,Campground Master,campgroundmaster.com,https://campgroundmaster.com/,unverified,unverified,unverified,unverified,unverified,unverified,unverified,unverified,unverified,unverified,unverified,unverified,unverified (host blocked),Desktop reservation software.,search-verified (URL-cited)
153,Campgrounds & RV parks,Campspot,campspot.com,https://www.guideflow.com/blog/campground-management-software,unverified,unverified,https://keeprstay.com/compare/pricing,$2 per booking; no subscription or setup,self-serve public price (per-booking; third-party cited),2015 (Denver; CEO Michael Scheinman),114 (Apr 2026),https://tracxn.com/d/companies/campspot/__xLqQUy-QmNW1hSGL9TC2UiZCYv7AfKURta3243ZEM_s,"PE-backed: Vertica Capital Partners, PE round Feb 7 2025",https://www.crunchbase.com/organization/campspot,unverified,unverified,unverified (host blocked),Domain not shown verbatim in results; marketplace + software.,search-verified (URL-cited)
153,Campgrounds & RV parks,Firefly Reservations,fireflyreservations.com,https://fireflyreservations.com/,unverified,https://www.linkedin.com/company/fireflyreservations,https://fireflyreservations.com/blog/campground-software-comparison,free to start; $3.50 per unit booked + $3.50/mo per ongoing reservation,self-serve public price (per-booking),"2017 (Bradly Adams, campground owner/developer)",unverified,unverified,unverified,unverified,unverified,unverified,unverified (host blocked),"Founding story https://fireflyreservations.com/blog/how-firefly-reservations-started. One result attributed 501-1,000 employees, inconsistent with a founder-built product; treated as unverified. Capterra https://www.capterra.com/p/190984/Firefly-Reservations/.",search-verified (URL-cited)
153,Campgrounds & RV parks,GraceSoft,gracesoft.com,https://www.gracesoft.com/campground-management-software,unverified,unverified,unverified,unverified,unverified,unverified,unverified,unverified,unverified,unverified,unverified,unverified,unverified (host blocked),,search-verified (URL-cited)
153,Campgrounds & RV parks,Keepr,keeprstay.com,https://keeprstay.com/guides/campground-software,unverified,unverified,unverified,unverified,unverified,unverified,unverified,unverified,unverified,unverified,unverified,unverified,unverified (host blocked),Newer entrant publishing pricing comparisons.,search-verified (URL-cited)
153,Campgrounds & RV parks,Premier Campground Management (PCM),premiercampground.com,https://www.premiercampground.com/,unverified,unverified,unverified,unverified,unverified,unverified,unverified,unverified,unverified,unverified,unverified,unverified,unverified (host blocked),,search-verified (URL-cited)
153,Campgrounds & RV parks,ReservationKey,reservationkey.com,https://www.reservationkey.com/reservation-software/campgrounds,unverified,unverified,unverified,unverified,unverified,unverified,unverified,unverified,unverified,unverified,unverified,unverified,unverified (host blocked),,search-verified (URL-cited)
153,Campgrounds & RV parks,RoverPass,software.roverpass.com,https://software.roverpass.com/campground-reservation-software,unverified,unverified,https://software.roverpass.com/,$99/mo minimum + $1.50 per reservation; free setup,self-serve public price,"2014 (Austin; Paul Cross, Jay Manickam, Ravi Parikh)",31 (May 2026),https://tracxn.com/d/companies/roverpass/__QpiSrUS8oDllHLS_Uu05zzXRbZ4ABeudFSsQirO3XIU,raised $1.97M over 6 rounds,https://www.crunchbase.com/organization/roverpass,unverified,unverified,unverified (host blocked),"2,000+ campgrounds.",search-verified (URL-cited)
154,Bed & breakfasts and small inns,Cloudbeds (B&B page),cloudbeds.com,https://www.cloudbeds.com/bed-breakfasts/,unverified,unverified,https://stayfi.com/vrm-insider/2026/04/16/best-bed-and-breakfast-software/,from $125/mo up to 15 rooms (roundup),self-serve public price (third-party figure),unverified,unverified,unverified,unverified,unverified,unverified,unverified,not searched (host blocked),Horizontal hospitality platform with dedicated B&B landing page.,search-verified (URL-cited)
154,Bed & breakfasts and small inns,GraceSoft Easy InnKeeping,gracesoft.com,https://www.gracesoft.com/bed-breakfast-reservation-software,unverified,unverified,https://www.gracesoft.com/pricing,"from $69/mo; Basic $89, Advanced $149, Premium $199, Platinum $259 (1-20 units, Americas); free tier page exists (https://www.gracesoft.com/free-inns-bnb-software)",self-serve public price,1999 (Stafford TX),34,https://www.softwaresuggest.com/easy-innkeeping,unverified,unverified,unverified,unverified,not searched (host blocked),Long-running B&B PMS.,search-verified (URL-cited)
154,Bed & breakfasts and small inns,Little Hotelier (SiteMinder),littlehotelier.com,https://www.littlehotelier.com/,unverified,unverified,https://www.littlehotelier.com/pricing/,Basics $29/mo + 1% booking fee; Pro and Revenue Optimiser from $109/mo; 30-day free trial,self-serve public price / free trial,unverified,unverified,unverified,unverified,unverified,unverified,unverified,not searched (host blocked),Product of SiteMinder Limited (listed); priced by room count.,search-verified (URL-cited)
154,Bed & breakfasts and small inns,ResNexus,resnexus.com,https://resnexus.com/,unverified,unverified,https://www.resnexus.com/Pricing.html,"Essentials from $30/mo, Premier from $50/mo (https://softwarefinder.com/property-management-software/resnexus); Starter $49/mo up to 5 rooms per https://stayfi.com/vrm-insider/2026/04/16/best-bed-and-breakfast-software/; free trial",self-serve public price / free trial,2003 (Salem UT),11-50,https://www.cbinsights.com/company/resnexus,unverified,unverified,unverified,unverified,not searched (host blocked),"4,200+ properties (B&B, boutique, campground, glamping).",search-verified (URL-cited)
154,Bed & breakfasts and small inns,ReservationKey,reservationkey.com,https://www.reservationkey.com/reservation-software/bed-and-breakfast,unverified,unverified,https://www.reservationkey.com/pricing,"$37/mo up to 4 units; no contracts, no commissions, no per-user fees",self-serve public price,2007,unverified,https://tracxn.com/d/companies/reservationkey/__e9aCz8PiBwL8qQNWJ1jfRk3XNxbSOaNlM6KkQORMPXo,unverified,unverified,unverified,unverified,not searched (host blocked),Small-inn focused; headcount unverified.,search-verified (URL-cited)
154,Bed & breakfasts and small inns,ThinkReservations,thinkreservations.com,https://www.thinkreservations.com/solutions/bed-and-breakfast,unverified,https://www.linkedin.com/company/thinkreservations,https://www.thinkreservations.com/pricing,"from $50/user/mo (Software Finder); small B&Bs commonly $100-$250/mo plus payment fees; onboarding $500-$2,000 (https://www.roommaster.com/blog/thinkreservations-pricing)",self-serve public price (third-party figures; vendor pricing page exists),2012 (Seattle),~45 (Sep 2025),https://leadiq.com/c/thinkreservations/5acdc0d0470000bb00611c34,unverified,unverified,unverified,unverified,not searched (host blocked),PMS + booking engine + channel manager built for inns/B&Bs.,search-verified (URL-cited)
154,Bed & breakfasts and small inns,eviivo Suite,eviivo.com,https://eviivo.com/pricing/,unverified,unverified,https://eviivo.com/pricing/,"from $50/mo single property, $125/mo multi-property; $0.50 fee per confirmed booking; typical small B&B $50-$300/mo (https://www.roommaster.com/blog/eviivo-pricing)",self-serve public price,unverified,unverified,unverified,unverified,unverified,unverified,unverified,not searched (host blocked),"Add-ons for payments, AI guest comms, dynamic pricing.",search-verified (URL-cited)
154,Bed & breakfasts and small inns,innRoad,innroad.com,https://www.innroad.com/property/bnb-inn-management-software/,unverified,unverified,https://www.innroad.com/pricing/,"$10/room/mo, $150/mo minimum, month-to-month, customized quote (https://www.roommaster.com/blog/innroad-pricing)",self-serve public price (third-party figure; quote),2007,unverified,https://www.hotelminder.com/partner=innRoad,unverified,unverified,unverified,unverified,not searched (host blocked),Cloud PMS for small independent and boutique properties; headcount unverified.,search-verified (URL-cited)
155,Hunting & fishing outfitters and guides,FareHarbor,unverified,https://www.pineandmarsh.com/post/booking-software-compared-for-outfitters-in-2026-fareharbor-vs-xola-vs-peek-vs-rezdy,unverified,unverified,https://theclickhatch.com/blog/booking-software-for-fishing-charters-guides-dont-leave-home-without-it/,no monthly fee; 6-8% booking fee passed to customers (third-party),commission (third-party reported),unverified,unverified,unverified,unverified,unverified,unverified,unverified,not searched (budget reserved for tool discovery),Horizontal tour booking recommended for single-day charters; domain not seen in a result URL.,search-verified (URL-cited)
155,Hunting & fishing outfitters and guides,GuideTime,guidetimebooking.com,https://info.guidetimebooking.com/outfitters-guides,unverified,unverified,https://www.crunchbase.com/organization/guide-time,free sign-up; small flat fee collected per booking (amount not disclosed),free / per-booking fee,unverified,unverified,unverified,unverified,unverified,unverified,unverified,not searched (budget reserved for tool discovery),"Outdoor-industry reservation platform + marketplace (Hayden, Idaho) for fishing guides, charters, hunting outfitters, rafting.",search-verified (URL-cited)
155,Hunting & fishing outfitters and guides,Guided Outdoors (GO360),guidedoutdoors.com,https://guidedoutdoors.com/,unverified,unverified,unverified,unverified,contact-sales,unverified,unverified,unverified,unverified,unverified,unverified,unverified,not searched (budget reserved for tool discovery),"'Enterprise operating system' for hunting/fishing outfitters (bookings, CRM, waivers, memberships, lodging). No company data surfaced (results confused with Guidefitter).",search-verified (URL-cited)
155,Hunting & fishing outfitters and guides,Guidesly,guidesly.com,https://guidesly.com/what-is-guidesly,unverified,unverified,unverified,unverified,marketplace (guide tools; pricing not seen),2019,unverified,unverified,"$15M total (Jul 2026): $600K pre-seed (Drive by DraftKings), $4M seed Jan 2022, $9.5M Jan 16 2025",https://www.crunchbase.com/organization/guidesly-c61a,unverified,unverified,not searched (budget reserved for tool discovery),Fishing-guide marketplace + guide business app (St. Petersburg FL). Funding PR: https://guidesly.com/whoweare/news/guidesly-secures-4-million-in-investment.,search-verified (URL-cited)
155,Hunting & fishing outfitters and guides,Hunt Outfitter,huntoutfitter.app,https://www.huntoutfitter.app/blog/best-hunting-outfitter-software,unverified,unverified,https://www.softwareadvice.com/product/556021-Hunt-Outfitter/,unverified,unverified,unverified,unverified,unverified,unverified,unverified,unverified,unverified,not searched (budget reserved for tool discovery),Challenger publishing HuntDocs/Krytter comparisons (https://www.huntoutfitter.app/blog/huntdocs-alternative); no pricing figures in results.,search-verified (URL-cited)
155,Hunting & fishing outfitters and guides,HuntDocs,myhuntdocs.com,https://myhuntdocs.com/,https://www.facebook.com/p/HuntDocs-Outfitter-Management-Software-61576548080388/,unverified,https://www.myhuntdocs.com/pricing/,"$125/mo or $1,250/yr, unlimited hunters and guides (third-party comparison)",self-serve public price (third-party reported),unverified,unverified,unverified,unverified,unverified,unverified,unverified,not searched (budget reserved for tool discovery),"Hunting-specific CRM: booking, waivers, deposits, QuickBooks, lodging, staff pay, NF/BLM operating-plan and harvest reporting. Price from https://www.huntoutfitter.app/blog/best-hunting-outfitter-software. Facebook https://www.facebook.com/p/HuntDocs-Outfitter-Management-Software-61576548080388/.",search-verified (URL-cited)
155,Hunting & fishing outfitters and guides,HuntPay,huntpay.com,https://www.huntpay.com/,unverified,unverified,https://www.huntpay.com/pricing/,Core / Growth / Max tiers; amounts not shown in results,self-serve public price (amounts unverified),unverified,unverified,unverified,unverified,unverified,unverified,unverified,not searched (budget reserved for tool discovery),Booking + payments for guides and outfitters; pricing page exists but figures did not surface.,search-verified (URL-cited)
155,Hunting & fishing outfitters and guides,LodgeRunner,lodgerunner.com,https://www.lodgerunner.com/hunting-outfitter-software.aspx,unverified,unverified,https://www.lodgerunner.com/pricing.aspx,$50/mo for a one-person guide service; hunting outfitters $100-$300/mo by trips booked; lodges $100-$300/mo by rooms; guide-trip operations $100-$250/mo,self-serve public price,1997,unverified,unverified,unverified,unverified,unverified,unverified,not searched (budget reserved for tool discovery),"Cloud booking for fishing/hunting lodges, outfitters and guides (Red Bluff CA; 13 online booking modes). Founded/location from https://www.cbinsights.com/company/lodgerunner. Price lines from result summary with vendor pricing page in set.",search-verified (URL-cited)
155,Hunting & fishing outfitters and guides,Xola,xola.com,https://www.xola.com/fishing-charters,unverified,unverified,https://www.pineandmarsh.com/post/booking-software-compared-for-outfitters-in-2026-fareharbor-vs-xola-vs-peek-vs-rezdy,traveller-paid checkout fee from 2.39% + $0.30 per transaction (third-party),self-serve public price (fee-based; third-party reported),unverified,unverified,unverified,unverified,unverified,unverified,unverified,not searched (budget reserved for tool discovery),Horizontal tour booking with dedicated fishing-charter landing page.,search-verified (URL-cited)
156,Boutique fitness & yoga studios,Arketa,arketa.com,https://www.arketa.com/pricing,unverified,unverified,https://www.arketa.com/pricing,"$49/mo (Individual Basic, annual); Growth $83; Suite $124; Studio tiers custom ($149-699/mo estimates); +3% Arketa fee",self-serve public price,unverified,105 employees,https://pitchbook.com/profiles/company/439508-26,$7.6M seed May 16 2025 (First Round) + $15M Series A Jun 9 2025 (Inspired Capital); ~$22.6M total,https://vibefam.com/arketa-pricing-2026/,unverified,unverified,unverified (host blocked),Tier prices per https://www.stackscored.com/pricing/fitness-studio-management/arketa/. Headcount >50 so no bonus.,search-verified (URL-cited)
156,Boutique fitness & yoga studios,Mindbody,mindbodyonline.com,https://www.mindbodyonline.com/business/education/blog/new-mindbody-pricing-united-states,unverified,unverified,https://www.mindbodyonline.com/business/education/blog/new-mindbody-pricing-united-states,advertised from $99/mo per location (Starter); studios quoted $129-159; staff +$30-50/mo each; branded app ~$199/mo,contact-sales,unverified,unverified,unverified,unverified,unverified,unverified,unverified,unverified (host blocked),"Largest incumbent; exact plan pricing requires sales call (https://vibefam.com/mindbody-pricing/, https://koalendar.com/blog/mindbody-pricing-costs).",search-verified (URL-cited)
156,Boutique fitness & yoga studios,Momence (Clubessential Holdings),momence.com,https://momence.com/pricing,unverified,unverified,https://momence.com/pricing,"not published; reported ~$250/mo to $2,000+/mo; +1% Stripe markup",contact-sales,2020,unverified,unverified,acquired by Clubessential Holdings Jan 2025,https://athletechnews.com/clubessential-holdings-acquires-saas-platform-momence/,unverified,unverified,unverified (host blocked),San Francisco; co-founder/CEO Vojta Drmota. Price range via https://vibefam.com/momence-pricing-2026/. CB Insights https://www.cbinsights.com/company/momence.,search-verified (URL-cited)
156,Boutique fitness & yoga studios,Momoyoga,momoyoga.com,https://www.booknetic.com/blog/yoga-studio-management-software,unverified,unverified,unverified,unverified,unverified,unverified,unverified,unverified,unverified,unverified,unverified,unverified,unverified (host blocked),Affordable option for solo instructors/small studios per roundup.,search-verified (URL-cited)
156,Boutique fitness & yoga studios,StudioBookings,studiobookings.com,https://www.studiobookings.com/blog/best-yoga-studio-management-software,unverified,unverified,unverified,unverified,unverified,unverified,unverified,unverified,unverified,unverified,unverified,unverified,unverified (host blocked),Self-published guide.,search-verified (URL-cited)
156,Boutique fitness & yoga studios,Vagaro (yoga),vagaro.com,https://lunacal.ai/yoga-studio-booking-scheduling-software/best,unverified,unverified,https://www.guideflow.com/blog/barbershop-software,$23.99/mo (see niche 126 row),self-serve public price,unverified,unverified,unverified,unverified,unverified,unverified,unverified,unverified (host blocked),Horizontal; yoga roundups name it.,search-verified (URL-cited)
156,Boutique fitness & yoga studios,Walla,hellowalla.com,https://www.hellowalla.com/made-for/yoga,unverified,unverified,https://www.hellowalla.com/us/pricing,$320/mo flat starting,self-serve public price,2020,nearly 50 employees,https://www.sdbj.com/technology/software/walla-bolsters-financial-fitness-of-fitness-studios/,"$5M strategic Oct 28 2025 (Social Leverage, Ankona); $8M Series A 2022 (Industry Ventures); ~$18M lifetime",https://app.dealroom.co/companies/walla_software,unverified,unverified,unverified (host blocked),"San Diego; founders Doug Hecht, Laura Munkholm, Matthew Ausonio. Yoga/pilates/barre focus. 2022 raise https://www.businesswire.com/news/home/20220714005154/en/5249703/. Price per https://www.softwareadvice.com/fitness/walla-profile/.",search-verified (URL-cited)
156,Boutique fitness & yoga studios,WellnessLiving,wellnessliving.com,https://www.wellnessliving.com/pricing/,unverified,unverified,https://www.wellnessliving.com/pricing/,$69/mo (Starter); Business $199/mo; BusinessPro $349/mo; Enterprise custom,self-serve public price,unverified,unverified,unverified,unverified,unverified,unverified,unverified,unverified (host blocked),Real costs $200-500+/mo after mandatory processor and add-on fees per https://schedulingkit.com/pricing-guides/wellnessliving-pricing. 10+ years in market.,search-verified (URL-cited)
156,Boutique fitness & yoga studios,Zenoti,zenoti.com,https://www.booknetic.com/blog/yoga-studio-management-software,unverified,unverified,unverified,unverified,contact-sales,unverified,unverified,unverified,unverified,unverified,unverified,unverified,unverified (host blocked),Enterprise wellness platform; roundup mention.,search-verified (URL-cited)
157,Horse boarding & riding stables,BarnManager,unverified,https://www.getapp.com/industries-software/a/barnmanager/,unverified,unverified,https://www.getapp.com/industries-software/a/barnmanager/,$10/user/mo (third-party),self-serve public price (third-party listing),unverified,unverified,unverified,unverified,unverified,unverified,unverified,unverified (host blocked),Domain not shown in results; Software Advice profile: https://www.softwareadvice.com/horse/barnmanager-profile/.,search-verified (URL-cited)
157,Horse boarding & riding stables,Equine Simplified,equinesimplified.com,https://equinesimplified.com/,unverified,unverified,https://apps.apple.com/us/app/equine-simplified/id1617988083,from $6.95/mo; free base app; 15-day trial,self-serve public price / free trial,unverified,unverified,unverified,unverified,unverified,unverified,unverified,unverified (host blocked),Barn paperwork/automation app; Crunchbase: https://www.crunchbase.com/organization/equine-simplified.,search-verified (URL-cited)
157,Horse boarding & riding stables,Paddock Pro,unverified,https://www.capterra.com/p/118836/Paddock-Pro/,unverified,unverified,https://www.capterra.com/p/118836/Paddock-Pro/,unverified,unverified,unverified,unverified,unverified,unverified,unverified,unverified,unverified,unverified (host blocked),Capterra listing only.,search-verified (URL-cited)
157,Horse boarding & riding stables,Stable Secretary,stablesecretary.com,https://stablesecretary.com/,unverified,https://www.linkedin.com/company/stable-secretary,https://stablesecretary.com/pricing/,"$49/mo up to 10 horses, scaling to $199+/mo for 50+ horses (Guideflow); TechnologyCounter lists $6.95/user/mo",self-serve public price,2013,2-10 employees,https://www.linkedin.com/company/stable-secretary,unverified,unverified,unverified,unverified,unverified (host blocked),"New London NH; founder Kate Rice Nilan (professional rider). Horse health, billing, team communication. Price sources conflict.",search-verified (URL-cited)
157,Horse boarding & riding stables,Stablebuzz,stablebuzz.com,https://www.stablebuzz.com/,unverified,unverified,https://www.capterra.ca/software/188502/stablebuzz,from US$19.98/mo; alt $1.11 per horse (third-party),self-serve public price (third-party listing),1994,unverified,unverified,unverified,unverified,unverified,unverified,unverified (host blocked),"Abbotsford BC; founder Colin Schmidt (https://www.stablebuzz.com/about-us/); horses, customers, staff, classes.",search-verified (URL-cited)
157,Horse boarding & riding stables,Stables (stables.co),stables.co,https://stables.co/,unverified,unverified,https://stables.co/,free for barns; transaction fee when a boarder pays through Stables,self-serve public price (free + transaction fee),launched June 2026 after closed beta,unverified,unverified,unverified,unverified,unverified,unverified,unverified (host blocked),Care-to-cash workflow for boarding facilities (https://stables.co/blog/stables-horse-boarding-software-launch). Funding not in results.,search-verified (URL-cited)
157,Horse boarding & riding stables,Stables Systems,stablessystems.com,https://stablessystems.com/horse-boarding-software/,unverified,unverified,https://stablessystems.com/,from $75/mo flat,self-serve public price,unverified,unverified,unverified,unverified,unverified,unverified,unverified,unverified (host blocked),"Scheduling, billing, records; separate company from stables.co despite the name. Company data not in results.",search-verified (URL-cited)
157,Horse boarding & riding stables,eSoft Planner,esoftplanner.com,https://www.esoftplanner.com/simplify-boarding-and-leasing-payments-with-a-barn-management-app/,unverified,unverified,unverified,unverified,unverified,unverified,unverified,unverified,unverified,unverified,unverified,unverified,unverified (host blocked),Generic scheduling/billing with a barn-management landing page.,search-verified (URL-cited)
158,Wedding & event venues,Event Temple,eventtemple.com,https://www.eventtemple.com/pricing,unverified,https://ca.linkedin.com/company/event-temple,https://www.eventtemple.com/pricing,$99/mo Basic; $199/mo Professional; Enterprise custom (annual billing) per https://www.softwaresuggest.com/event-temple-venue-management,self-serve public price,2015 (Vancouver),"33 (2025, $3.6M revenue); 38-46 in other sources",https://getlatka.com/companies/eventtemple.com,PitchBook profile https://pitchbook.com/profiles/company/185507-29,unverified,unverified,unverified,unverified (host blocked),"Sales & catering for hotels, clubs, golf courses, event venues.",search-verified (URL-cited)
158,Wedding & event venues,Perfect Venue,perfectvenue.com,https://www.perfectvenue.com/pricing,unverified,unverified,https://www.perfectvenue.com/pricing,"$99/mo entry; unlimited users and locations, no setup fees",self-serve public price,2017 (San Francisco; Luke Hutchison),"26 (PitchBook); 32 (Tracxn, Aug 31 2026)",https://tracxn.com/d/companies/perfect-venue/__0LP8K3Bfqje8ZxOzUNqiXSQ0ehcp6EJYZFQPCLKsz3I,"$5.14M raised (Amity, Context, Defy, Hustle Fund)",https://pitchbook.com/profiles/company/436950-82,unverified,unverified,unverified (host blocked),Venue-specific CRM/booking with AI follow-up.,search-verified (URL-cited)
158,Wedding & event venues,Planning Pod,planningpod.com,https://www.planningpod.com/about.cfm,unverified,https://www.linkedin.com/company/planning-pod,unverified,$199/mo start per https://www.guideflow.com/blog/venue-management-software-tools (a $19.99/mo entry tier is claimed in the search summary without a clear URL: unverified),self-serve public price,"2007 (Highlands Ranch, CO; Jeff Kear & Steven Feingertz)",~16 (Jun 2025),https://tracxn.com/d/companies/planningpod/__GLKXY-IUf9A-flv6xHNNXn5NgMKjA6xbpFUpjLJbq4U,unverified,unverified,unverified,unverified,unverified (host blocked),"All-in-one venue/event management; 6,000+ event pros.",search-verified (URL-cited)
158,Wedding & event venues,Releventful,releventful.com,https://www.releventful.com/industries/event-venue-software,unverified,unverified,https://www.releventful.com/event-venue-software-pricing,quote-based; some tiers from $99/mo per https://softwarefinder.com/facility-management-software/releventful,contact-sales,unverified,unverified,unverified,unverified,unverified,unverified,unverified,unverified (host blocked),"Built by a family-owned venue/catering operator; onboarding estimated $5,000-$15,000 by third party.",search-verified (URL-cited)
158,Wedding & event venues,Tripleseat,tripleseat.com,https://tripleseat.com/packages/,unverified,unverified,https://tripleseat.com/packages/,"unverified (quote-based, scales with volume/locations)",contact-sales,"2008 (Concord, MA; Jonathan Morse)","384 (PitchBook); 330 (Tracxn, May 2026)",https://pitchbook.com/profiles/company/51375-43,"$9.5M raised (General Atlantic, Level Equity, Dundee); listed as acquired",https://tracxn.com/d/companies/tripleseat/__OTrT6Y18HBHD64Sp5xfxkTftVW4VbVDTJlHy_eP3lCk,unverified,unverified,unverified (host blocked),"Event sales/CRM for restaurants, hotels, venues; wedding review https://www.everbridal.com/blogs/tripleseat-for-wedding-venues",search-verified (URL-cited)
159,Photographers & photo booth operators,BoothBook,boothbook.com,https://boothbook.com/,unverified,unverified,https://boothbook.com/pricing,from $29.99/mo; unlimited bookings; 14-day trial,self-serve public price,"unverified (operators since 2013, UK)",unverified,unverified,unverified,unverified,unverified,unverified,unverified (not searched),Photo booth business management; comparison https://www.checkcherry.com/check-cherry-vs-boothbook,search-verified (URL-cited)
159,Photographers & photo booth operators,Check Cherry,checkcherry.com,https://www.checkcherry.com/photo-booth-crm,unverified,unverified,https://www.checkcherry.com/photo-booth-crm,from $39/mo; no per-transaction fees; unlimited staff,self-serve public price,2016 (Redlands CA),4 (May 2026),https://tracxn.com/d/companies/check-cherry/__ju-1JI5C0CR3Qod9sAKiq-X886_iMB2PrusBZHhifFI,unfunded / bootstrapped,https://tracxn.com/d/companies/check-cherry/__ju-1JI5C0CR3Qod9sAKiq-X886_iMB2PrusBZHhifFI,unverified,unverified,unverified (not searched),"Photo booth and wedding-vendor booking: backdrop/template selection, equipment checklists, surge pricing. Co-founder Judd Lillestrand.",search-verified (URL-cited)
159,Photographers & photo booth operators,Dubsado,unverified,unverified,unverified,unverified,https://blog.bloom.io/best-crm-photographers/,$19-$30/mo range (roundup),self-serve public price (third-party),unverified,unverified,unverified,unverified,unverified,unverified,unverified,unverified (not searched),Generalist creative CRM used by photographers.,search-verified (URL-cited)
159,Photographers & photo booth operators,HoneyBook,honeybook.com,unverified,unverified,unverified,https://blog.bloom.io/best-crm-photographers/,$36/mo (another source: $19/mo),self-serve public price (third-party),unverified,320 (May 2026),https://pitchbook.com/profiles/company/91077-49,VC: $498M raised over 8 rounds; $250M Series E 2021; $2.4B valuation 2025,https://pitchbook.com/profiles/company/91077-49,unverified,unverified,unverified (not searched),Horizontal creative-pro CRM that found PMF with wedding photographers (https://sacra.com/c/honeybook/). GetLatka: https://getlatka.com/companies/honeybook.com,search-verified (URL-cited)
159,Photographers & photo booth operators,Sprout Studio,getsproutstudio.com,https://getsproutstudio.com/,unverified,https://ca.linkedin.com/company/getsproutstudio,https://getsproutstudio.com/sprout-studioninja/,Studio $29/mo; Studio Plus $49/mo; Studio Pro $69/mo (billed annually),self-serve public price,2013 (Bryan Caporicci),8,https://www.crunchbase.com/organization/sprout-studio,no outside funding; acquired by Jake McCarthy & Ryan Welch (Freedom Edits),https://www.crunchbase.com/organization/sprout-studio,unverified,unverified,unverified (not searched),Photographer CRM with native galleries. ZoomInfo: https://www.zoominfo.com/c/sprout-studio-inc/368117130,search-verified (URL-cited)
159,Photographers & photo booth operators,Studio Ninja (Captura / ImageQuix),studioninja.co,https://www.studioninja.co/about-us/,unverified,unverified,https://www.capterra.com/p/143855/Studio-Ninja,$21.90/mo,self-serve public price (third-party),"2015 (Melbourne; Chris Garbacz, Yuan Wang)",unverified,unverified,acquired by ImageQuix/Captura 2023-12-06,https://www.studioninja.co/imagequix-acquires-studio-ninja/,unverified,unverified,unverified (not searched),PitchBook: https://pitchbook.com/profiles/company/518113-63,search-verified (URL-cited)
159,Photographers & photo booth operators,Tave Studio Manager (now VSCO Workspace),unverified,unverified,unverified,unverified,https://www.capterra.com/p/92909/Tave-Studio-Manager/pricing/,"Solo $22.49/mo ($270/yr, 2 users); Boutique $31.49/mo (6 users); Studio $44.99/mo (10 users); extra seats $4.99",self-serve public price (third-party),unverified,unverified,unverified,acquired by VSCO May 2025; relaunched as VSCO Workspace Aug 2025,https://www.slrlounge.com/inside-vscos-acquisition-of-tave-a-game-changer-for-creatives/,unverified,unverified,unverified (not searched),Most customizable studio manager per https://shotkit.com/tave-studio-manager-review/,search-verified (URL-cited)
160,Uniform & linen rental services,Booqable,booqable.com,https://booqable.com/industries/linen-rental-software/,unverified,unverified,unverified,unverified,unverified,unverified,unverified,unverified,unverified,unverified,unverified,unverified,unverified (host blocked),Horizontal rental software; event-linen use case.,search-verified (URL-cited)
160,Uniform & linen rental services,Easy RFID Pro,easyrfidpro.com,https://easyrfidpro.com/pages/rfid-tracking-for-uniform-and-industrial-textile-rental-companies,unverified,unverified,unverified,unverified,unverified,unverified,unverified,unverified,unverified,unverified,unverified,unverified,unverified (host blocked),RFID hardware + cloud garment tracking.,search-verified (URL-cited)
160,Uniform & linen rental services,InTempo,intemposoftware.com,https://www.intemposoftware.com/industries/linen-rental-software,unverified,unverified,unverified,unverified,unverified,unverified,unverified,unverified,unverified,unverified,unverified,unverified,unverified (host blocked),Horizontal equipment-rental ERP with linen page.,search-verified (URL-cited)
160,Uniform & linen rental services,LinenMaster,linenmaster.com,https://linenmaster.com/commercial-laundry-software/,unverified,unverified,unverified,unverified,unverified,unverified,unverified,unverified,unverified,unverified,unverified,unverified,unverified (host blocked),,search-verified (URL-cited)
160,Uniform & linen rental services,LinenTech,linentech.net,https://www.linentech.net/linen-rental-software,unverified,https://www.linkedin.com/company/linen-tech,https://www.linentech.net/faqs,unverified,contact-sales (feature-based quote); 1-month free trial; no setup fee,2015 (Adnan Hassan),20 (Apr 2026),https://tracxn.com/d/companies/linentech/__YMDBqXWWz6sUBRAX0loR2FHEvvUezjpw98qZSkPvgbM,unverified,https://www.crunchbase.com/organization/linentech,unverified,unverified,unverified (host blocked),Driver app https://www.linentech.net/route-planning-and-management-app ; uniform tracking https://www.linentech.net/uniform-tracking-software.,search-verified (URL-cited)
160,Uniform & linen rental services,TCS Laundry,unverified,https://gitnux.org/best/commercial-laundry-software/,unverified,unverified,https://gitnux.org/best/commercial-laundry-software/,$250/mo basic (up to 5 users); enterprise $500+ (third-party roundup),third-party roundup only,unverified,unverified,unverified,unverified,unverified,unverified,unverified,unverified (host blocked),Named only in AI-style roundups; domain unverified; treat as low-confidence.,search-verified (URL-cited)
160,Uniform & linen rental services,Textile Technologies (RouteManager),textile-tech.com,https://www.textile-tech.com/uniform-rental-software,https://www.facebook.com/p/Textile-Technologies-LLC-100057630602409/,unverified,unverified,unverified,contact-sales (quote),"1993 (Cleburne, TX; Joe Dulworth)",unverified,https://www.zoominfo.com/c/textile-technologies-llc/116229120,unverified,unverified,unverified,unverified,unverified (host blocked),Works exclusively with independent operators. About https://www.textile-tech.com/about-us/.,search-verified (URL-cited)
